  0
SECTION
  2
HEADER
  9
$ACADVER
  1
AC1027
  9
$ACADMAINTVER
 70
   125
  9
$DWGCODEPAGE
  3
ANSI_1252
  9
$LASTSAVEDBY
  1
HP
  9
$REQUIREDVERSIONS
160
                 0
  9
$INSBASE
 10
0.0
 20
0.0
 30
0.0
  9
$EXTMIN
 10
832.6781600471004
 20
851.7334437055781
 30
-150.0
  9
$EXTMAX
 10
106013.8970182736
 20
56018.17481864217
 30
0.0000000000000142
  9
$LIMMIN
 10
0.0
 20
0.0
  9
$LIMMAX
 10
420.0
 20
297.0
  9
$ORTHOMODE
 70
     1
  9
$REGENMODE
 70
     1
  9
$FILLMODE
 70
     1
  9
$QTEXTMODE
 70
     0
  9
$MIRRTEXT
 70
     0
  9
$LTSCALE
 40
1.0
  9
$ATTMODE
 70
     1
  9
$TEXTSIZE
 40
2.5
  9
$TRACEWID
 40
1.0
  9
$TEXTSTYLE
  7
Standard
  9
$CLAYER
  8
Column Hatch
  9
$CELTYPE
  6
ByLayer
  9
$CECOLOR
 62
   256
  9
$CELTSCALE
 40
1.0
  9
$DISPSILH
 70
     0
  9
$DIMSCALE
 40
1.0
  9
$DIMASZ
 40
2.5
  9
$DIMEXO
 40
0.625
  9
$DIMDLI
 40
3.75
  9
$DIMRND
 40
0.0
  9
$DIMDLE
 40
0.0
  9
$DIMEXE
 40
1.25
  9
$DIMTP
 40
0.0
  9
$DIMTM
 40
0.0
  9
$DIMTXT
 40
2.5
  9
$DIMCEN
 40
2.5
  9
$DIMTSZ
 40
0.0
  9
$DIMTOL
 70
     0
  9
$DIMLIM
 70
     0
  9
$DIMTIH
 70
     0
  9
$DIMTOH
 70
     0
  9
$DIMSE1
 70
     0
  9
$DIMSE2
 70
     0
  9
$DIMTAD
 70
     1
  9
$DIMZIN
 70
     8
  9
$DIMBLK
  1

  9
$DIMASO
 70
     1
  9
$DIMSHO
 70
     1
  9
$DIMPOST
  1

  9
$DIMAPOST
  1

  9
$DIMALT
 70
     0
  9
$DIMALTD
 70
     3
  9
$DIMALTF
 40
0.03937007874016
  9
$DIMLFAC
 40
1.0
  9
$DIMTOFL
 70
     1
  9
$DIMTVP
 40
0.0
  9
$DIMTIX
 70
     0
  9
$DIMSOXD
 70
     0
  9
$DIMSAH
 70
     0
  9
$DIMBLK1
  1

  9
$DIMBLK2
  1

  9
$DIMSTYLE
  2
ISO-25
  9
$DIMCLRD
 70
     0
  9
$DIMCLRE
 70
     0
  9
$DIMCLRT
 70
     0
  9
$DIMTFAC
 40
1.0
  9
$DIMGAP
 40
0.625
  9
$DIMJUST
 70
     0
  9
$DIMSD1
 70
     0
  9
$DIMSD2
 70
     0
  9
$DIMTOLJ
 70
     0
  9
$DIMTZIN
 70
     8
  9
$DIMALTZ
 70
     0
  9
$DIMALTTZ
 70
     0
  9
$DIMUPT
 70
     0
  9
$DIMDEC
 70
     2
  9
$DIMTDEC
 70
     2
  9
$DIMALTU
 70
     2
  9
$DIMALTTD
 70
     3
  9
$DIMTXSTY
  7
Standard
  9
$DIMAUNIT
 70
     0
  9
$DIMADEC
 70
     0
  9
$DIMALTRND
 40
0.0
  9
$DIMAZIN
 70
     0
  9
$DIMDSEP
 70
    44
  9
$DIMATFIT
 70
     3
  9
$DIMFRAC
 70
     0
  9
$DIMLDRBLK
  1

  9
$DIMLUNIT
 70
     2
  9
$DIMLWD
 70
    -2
  9
$DIMLWE
 70
    -2
  9
$DIMTMOVE
 70
     0
  9
$DIMFXL
 40
1.0
  9
$DIMFXLON
 70
     0
  9
$DIMJOGANG
 40
0.7853981633974483
  9
$DIMTFILL
 70
     0
  9
$DIMTFILLCLR
 70
     0
  9
$DIMARCSYM
 70
     0
  9
$DIMLTYPE
  6

  9
$DIMLTEX1
  6

  9
$DIMLTEX2
  6

  9
$DIMTXTDIRECTION
 70
     0
  9
$LUNITS
 70
     2
  9
$LUPREC
 70
     4
  9
$SKETCHINC
 40
1.0
  9
$FILLETRAD
 40
0.0
  9
$AUNITS
 70
     0
  9
$AUPREC
 70
     0
  9
$MENU
  1
.
  9
$ELEVATION
 40
0.0
  9
$PELEVATION
 40
0.0
  9
$THICKNESS
 40
0.0
  9
$LIMCHECK
 70
     0
  9
$CHAMFERA
 40
0.0
  9
$CHAMFERB
 40
0.0
  9
$CHAMFERC
 40
0.0
  9
$CHAMFERD
 40
0.0
  9
$SKPOLY
 70
     0
  9
$TDCREATE
 40
2461292.418715278
  9
$TDUCREATE
 40
2461292.377048611
  9
$TDUPDATE
 40
2461292.484432870
  9
$TDUUPDATE
 40
2461292.442766204
  9
$TDINDWG
 40
0.0657175926
  9
$TDUSRTIMER
 40
0.0657175926
  9
$USRTIMER
 70
     1
  9
$ANGBASE
 50
0.0
  9
$ANGDIR
 70
     0
  9
$PDMODE
 70
     0
  9
$PDSIZE
 40
0.0
  9
$PLINEWID
 40
0.0
  9
$SPLFRAME
 70
     0
  9
$SPLINETYPE
 70
     6
  9
$SPLINESEGS
 70
     8
  9
$HANDSEED
  5
2F36
  9
$SURFTAB1
 70
     6
  9
$SURFTAB2
 70
     6
  9
$SURFTYPE
 70
     6
  9
$SURFU
 70
     6
  9
$SURFV
 70
     6
  9
$UCSBASE
  2

  9
$UCSNAME
  2

  9
$UCSORG
 10
0.0
 20
0.0
 30
0.0
  9
$UCSXDIR
 10
1.0
 20
0.0
 30
0.0
  9
$UCSYDIR
 10
0.0
 20
1.0
 30
0.0
  9
$UCSORTHOREF
  2

  9
$UCSORTHOVIEW
 70
     0
  9
$UCSORGTOP
 10
0.0
 20
0.0
 30
0.0
  9
$UCSORGBOTTOM
 10
0.0
 20
0.0
 30
0.0
  9
$UCSORGLEFT
 10
0.0
 20
0.0
 30
0.0
  9
$UCSORGRIGHT
 10
0.0
 20
0.0
 30
0.0
  9
$UCSORGFRONT
 10
0.0
 20
0.0
 30
0.0
  9
$UCSORGBACK
 10
0.0
 20
0.0
 30
0.0
  9
$PUCSBASE
  2

  9
$PUCSNAME
  2

  9
$PUCSORG
 10
0.0
 20
0.0
 30
0.0
  9
$PUCSXDIR
 10
1.0
 20
0.0
 30
0.0
  9
$PUCSYDIR
 10
0.0
 20
1.0
 30
0.0
  9
$PUCSORTHOREF
  2

  9
$PUCSORTHOVIEW
 70
     0
  9
$PUCSORGTOP
 10
0.0
 20
0.0
 30
0.0
  9
$PUCSORGBOTTOM
 10
0.0
 20
0.0
 30
0.0
  9
$PUCSORGLEFT
 10
0.0
 20
0.0
 30
0.0
  9
$PUCSORGRIGHT
 10
0.0
 20
0.0
 30
0.0
  9
$PUCSORGFRONT
 10
0.0
 20
0.0
 30
0.0
  9
$PUCSORGBACK
 10
0.0
 20
0.0
 30
0.0
  9
$USERI1
 70
     0
  9
$USERI2
 70
     0
  9
$USERI3
 70
     0
  9
$USERI4
 70
     0
  9
$USERI5
 70
     0
  9
$USERR1
 40
0.0
  9
$USERR2
 40
0.0
  9
$USERR3
 40
0.0
  9
$USERR4
 40
0.0
  9
$USERR5
 40
0.0
  9
$WORLDVIEW
 70
     1
  9
$SHADEDGE
 70
     3
  9
$SHADEDIF
 70
    70
  9
$TILEMODE
 70
     1
  9
$MAXACTVP
 70
    64
  9
$PINSBASE
 10
0.0
 20
0.0
 30
0.0
  9
$PLIMCHECK
 70
     0
  9
$PEXTMIN
 10
0.0
 20
0.0
 30
0.0
  9
$PEXTMAX
 10
0.0
 20
0.0
 30
0.0
  9
$PLIMMIN
 10
0.0
 20
0.0
  9
$PLIMMAX
 10
12.0
 20
9.0
  9
$UNITMODE
 70
     0
  9
$VISRETAIN
 70
     1
  9
$PLINEGEN
 70
     0
  9
$PSLTSCALE
 70
     1
  9
$TREEDEPTH
 70
  3020
  9
$CMLSTYLE
  2
Standard
  9
$CMLJUST
 70
     0
  9
$CMLSCALE
 40
20.0
  9
$PROXYGRAPHICS
 70
     1
  9
$MEASUREMENT
 70
     1
  9
$CELWEIGHT
370
    -1
  9
$ENDCAPS
280
     0
  9
$JOINSTYLE
280
     0
  9
$LWDISPLAY
290
     0
  9
$INSUNITS
 70
     4
  9
$HYPERLINKBASE
  1

  9
$STYLESHEET
  1

  9
$XEDIT
290
     1
  9
$CEPSNTYPE
380
     0
  9
$PSTYLEMODE
290
     1
  9
$FINGERPRINTGUID
  2
{77B86E88-C980-2548-A303-B890236C3151}
  9
$VERSIONGUID
  2
{62B87FE5-BB9A-6044-94D5-8083B788C52A}
  9
$EXTNAMES
290
     1
  9
$PSVPSCALE
 40
0.0
  9
$OLESTARTUP
290
     0
  9
$SORTENTS
280
   127
  9
$INDEXCTL
280
     0
  9
$HIDETEXT
280
     1
  9
$XCLIPFRAME
280
     2
  9
$HALOGAP
280
     0
  9
$OBSCOLOR
 70
   257
  9
$OBSLTYPE
280
     0
  9
$INTERSECTIONDISPLAY
280
     0
  9
$INTERSECTIONCOLOR
 70
   257
  9
$DIMASSOC
280
     2
  9
$PROJECTNAME
  1

  9
$CAMERADISPLAY
290
     0
  9
$LENSLENGTH
 40
50.0
  9
$CAMERAHEIGHT
 40
0.0
  9
$STEPSPERSEC
 40
2.0
  9
$STEPSIZE
 40
6.0
  9
$3DDWFPREC
 40
2.0
  9
$PSOLWIDTH
 40
5.0
  9
$PSOLHEIGHT
 40
80.0
  9
$LOFTANG1
 40
1.570796326794896
  9
$LOFTANG2
 40
1.570796326794896
  9
$LOFTMAG1
 40
0.0
  9
$LOFTMAG2
 40
0.0
  9
$LOFTPARAM
 70
     7
  9
$LOFTNORMALS
280
     1
  9
$LATITUDE
 40
37.795
  9
$LONGITUDE
 40
-122.394
  9
$NORTHDIRECTION
 40
0.0
  9
$TIMEZONE
 70
 -8000
  9
$LIGHTGLYPHDISPLAY
280
     1
  9
$TILEMODELIGHTSYNCH
280
     1
  9
$CMATERIAL
347
EC
  9
$SOLIDHIST
280
     0
  9
$SHOWHIST
280
     1
  9
$DWFFRAME
280
     2
  9
$DGNFRAME
280
     0
  9
$REALWORLDSCALE
290
     1
  9
$INTERFERECOLOR
 62
     1
  9
$INTERFEREOBJVS
345
F9
  9
$INTERFEREVPVS
346
F6
  9
$CSHADOW
280
     0
  9
$SHADOWPLANELOCATION
 40
0.0
  0
ENDSEC
  0
SECTION
  2
CLASSES
  0
CLASS
  1
ACDBDICTIONARYWDFLT
  2
AcDbDictionaryWithDefault
  3
ObjectDBX Classes
 90
        0
 91
        1
280
     0
281
     0
  0
CLASS
  1
DICTIONARYVAR
  2
AcDbDictionaryVar
  3
ObjectDBX Classes
 90
        0
 91
       63
280
     0
281
     0
  0
CLASS
  1
TABLESTYLE
  2
AcDbTableStyle
  3
ObjectDBX Classes
 90
     4095
 91
        1
280
     0
281
     0
  0
CLASS
  1
MATERIAL
  2
AcDbMaterial
  3
ObjectDBX Classes
 90
     1153
 91
        3
280
     0
281
     0
  0
CLASS
  1
VISUALSTYLE
  2
AcDbVisualStyle
  3
ObjectDBX Classes
 90
     4095
 91
       24
280
     0
281
     0
  0
CLASS
  1
SCALE
  2
AcDbScale
  3
ObjectDBX Classes
 90
     1153
 91
       17
280
     0
281
     0
  0
CLASS
  1
MLEADERSTYLE
  2
AcDbMLeaderStyle
  3
ACDB_MLEADERSTYLE_CLASS
 90
     4095
 91
        2
280
     0
281
     0
  0
CLASS
  1
CELLSTYLEMAP
  2
AcDbCellStyleMap
  3
ObjectDBX Classes
 90
     1152
 91
        1
280
     0
281
     0
  0
CLASS
  1
EXACXREFPANELOBJECT
  2
ExAcXREFPanelObject
  3
EXAC_ESW
 90
     1025
 91
        0
280
     0
281
     0
  0
CLASS
  1
NPOCOLLECTION
  2
AcDbImpNonPersistentObjectsCollection
  3
ObjectDBX Classes
 90
     1153
 91
        0
280
     0
281
     0
  0
CLASS
  1
LAYER_INDEX
  2
AcDbLayerIndex
  3
ObjectDBX Classes
 90
        0
 91
        0
280
     0
281
     0
  0
CLASS
  1
SPATIAL_INDEX
  2
AcDbSpatialIndex
  3
ObjectDBX Classes
 90
        0
 91
        0
280
     0
281
     0
  0
CLASS
  1
IDBUFFER
  2
AcDbIdBuffer
  3
ObjectDBX Classes
 90
        0
 91
        0
280
     0
281
     0
  0
CLASS
  1
ACDBSECTIONVIEWSTYLE
  2
AcDbSectionViewStyle
  3
ObjectDBX Classes
 90
     1025
 91
        2
280
     0
281
     0
  0
CLASS
  1
ACDBDETAILVIEWSTYLE
  2
AcDbDetailViewStyle
  3
ObjectDBX Classes
 90
     1025
 91
        2
280
     0
281
     0
  0
CLASS
  1
SORTENTSTABLE
  2
AcDbSortentsTable
  3
ObjectDBX Classes
 90
        0
 91
        3
280
     0
281
     0
  0
CLASS
  1
DIMASSOC
  2
AcDbDimAssoc
  3
"AcDbDimAssoc|Product Desc:     AcDim ARX App For Dimension|Company:          Autodesk, Inc.|WEB Address:      www.autodesk.com"
 90
        0
 91
       63
280
     0
281
     0
  0
ENDSEC
  0
SECTION
  2
TABLES
  0
TABLE
  2
VPORT
  5
8
330
0
100
AcDbSymbolTable
 70
     1
1001
ACAD
1000
DbSaveVer
1071
      247
  0
VPORT
  5
EA
330
8
100
AcDbSymbolTableRecord
100
AcDbViewportTableRecord
  2
*Active
 70
     0
 10
0.0
 20
0.0
 11
1.0
 21
1.0
 12
70972.3038275695
 22
44790.15750887828
 13
0.0
 23
0.0
 14
10.0
 24
10.0
 15
10.0
 25
10.0
 16
0.0
 26
0.0
 36
1.0
 17
0.0
 27
0.0
 37
0.0
 40
132199.487402735
 41
2.69047619047619
 42
50.0
 43
0.0
 44
0.0
 50
0.0
 51
0.0
 71
     0
 72
  1000
 73
     1
 74
     3
 75
     0
 76
     1
 77
     0
 78
     0
281
     0
 65
     1
110
0.0
120
0.0
130
0.0
111
1.0
121
0.0
131
0.0
112
0.0
122
1.0
132
0.0
 79
     0
146
0.0
348
F5
 60
     3
 61
     5
292
     1
282
     1
141
0.0
142
0.0
 63
   250
421
  3355443
1001
ACAD_NAV_VCDISPLAY
1070
     3
  0
ENDTAB
  0
TABLE
  2
LTYPE
  5
5
330
0
100
AcDbSymbolTable
 70
     7
  0
LTYPE
  5
14
330
5
100
AcDbSymbolTableRecord
100
AcDbLinetypeTableRecord
  2
ByBlock
 70
     0
  3

 72
    65
 73
     0
 40
0.0
  0
LTYPE
  5
15
330
5
100
AcDbSymbolTableRecord
100
AcDbLinetypeTableRecord
  2
ByLayer
 70
     0
  3

 72
    65
 73
     0
 40
0.0
  0
LTYPE
  5
16
330
5
100
AcDbSymbolTableRecord
100
AcDbLinetypeTableRecord
  2
Continuous
 70
     0
  3
Solid line
 72
    65
 73
     0
 40
0.0
  0
LTYPE
  5
635
330
5
100
AcDbSymbolTableRecord
100
AcDbLinetypeTableRecord
  2
HIDDEN2
 70
     0
  3
Hidden2 _ _ _ _ _ _ _ _ _ _ _ _ _ _ _ _ _ 
 72
    65
 73
     2
 40
0.1875
 49
0.125
 74
     4
 75
     0
340
0
 46
0.0
 50
0.0
 44
0.0
 45
0.0
 49
-0.0625
 74
     4
 75
     0
340
0
 46
0.0
 50
0.0
 44
0.0
 45
0.0
  0
LTYPE
  5
636
330
5
100
AcDbSymbolTableRecord
100
AcDbLinetypeTableRecord
  2
CENTER2
 70
     0
  3
Center2  ___ _ ___ _ ___ _ ___ _ ___ _ ___
 72
    65
 73
     4
 40
1.125
 49
0.75
 74
     4
 75
     0
340
0
 46
0.0
 50
0.0
 44
0.0
 45
0.0
 49
-0.125
 74
     4
 75
     0
340
0
 46
0.0
 50
0.0
 44
0.0
 45
0.0
 49
0.125
 74
     4
 75
     0
340
0
 46
0.0
 50
0.0
 44
0.0
 45
0.0
 49
-0.125
 74
     4
 75
     0
340
0
 46
0.0
 50
0.0
 44
0.0
 45
0.0
  0
LTYPE
  5
637
330
5
100
AcDbSymbolTableRecord
100
AcDbLinetypeTableRecord
  2
Overhead
 70
     0
  3

 72
    65
 73
     2
 40
3.96875
 49
2.38125
 74
     0
 49
-1.587499999999999
 74
     0
  0
LTYPE
  5
638
330
5
100
AcDbSymbolTableRecord
100
AcDbLinetypeTableRecord
  2
HIDDEN
 70
     0
  3
Hidden __ __ __ __ __ __ __ __ __ __ __ __ __ __
 72
    65
 73
     2
 40
0.375
 49
0.25
 74
     4
 75
     0
340
0
 46
0.0
 50
0.0
 44
0.0
 45
0.0
 49
-0.125
 74
     4
 75
     0
340
0
 46
0.0
 50
0.0
 44
0.0
 45
0.0
  0
ENDTAB
  0
TABLE
  2
LAYER
  5
2
102
{ACAD_XDICTIONARY
360
1FF
102
}
330
0
100
AcDbSymbolTable
 70
    32
  0
LAYER
  5
10
102
{ACAD_XDICTIONARY
360
13C
102
}
330
2
100
AcDbSymbolTableRecord
100
AcDbLayerTableRecord
  2
0
 70
     0
 62
     7
  6
Continuous
370
    -3
390
F
347
EE
348
0
  0
LAYER
  5
639
330
2
100
AcDbSymbolTableRecord
100
AcDbLayerTableRecord
  2
Defpoints
 70
     0
 62
     7
  6
Continuous
290
     0
370
    -3
390
F
347
EE
348
0
  0
LAYER
  5
63A
102
{ACAD_XDICTIONARY
360
63B
102
}
330
2
100
AcDbSymbolTableRecord
100
AcDbLayerTableRecord
  2
Dimension Line
 70
     0
 62
     5
  6
Continuous
370
    -3
390
F
347
EE
348
0
1001
LayerCode
1071
       77
1071
       77
1071
       77
1001
AcAecLayerStandard
1000

1000

1001
AcCmTransparency
1071
        0
  0
LAYER
  5
63C
330
2
100
AcDbSymbolTableRecord
100
AcDbLayerTableRecord
  2
G-ANNO-TEXT
 70
     0
 62
   231
  6
Continuous
370
     9
390
F
347
EE
348
0
  0
LAYER
  5
63D
102
{ACAD_XDICTIONARY
360
63E
102
}
330
2
100
AcDbSymbolTableRecord
100
AcDbLayerTableRecord
  2
text
 70
     0
 62
     7
  6
Continuous
370
    -3
390
F
347
EE
348
0
  0
LAYER
  5
63F
330
2
100
AcDbSymbolTableRecord
100
AcDbLayerTableRecord
  2
S-STRS
 70
     0
 62
    31
  6
Continuous
370
     9
390
F
347
EE
348
0
  0
LAYER
  5
640
330
2
100
AcDbSymbolTableRecord
100
AcDbLayerTableRecord
  2
A-FLOR-HRAL
 70
     0
 62
    11
  6
Continuous
370
     9
390
F
347
EE
348
0
  0
LAYER
  5
641
330
2
100
AcDbSymbolTableRecord
100
AcDbLayerTableRecord
  2
S-GRID-IDEN
 70
     0
 62
     1
  6
Continuous
370
     9
390
F
347
EE
348
0
  0
LAYER
  5
642
330
2
100
AcDbSymbolTableRecord
100
AcDbLayerTableRecord
  2
S-STRS-ANNO
 70
     0
 62
    31
  6
Continuous
370
     9
390
F
347
EE
348
0
  0
LAYER
  5
643
102
{ACAD_XDICTIONARY
360
644
102
}
330
2
100
AcDbSymbolTableRecord
100
AcDbLayerTableRecord
  2
Beam Line
 70
     0
 62
     2
  6
HIDDEN2
370
    -3
390
F
347
EE
348
0
1001
LayerCode
1071
       32
  0
LAYER
  5
645
102
{ACAD_XDICTIONARY
360
646
102
}
330
2
100
AcDbSymbolTableRecord
100
AcDbLayerTableRecord
  2
Slab Label
 70
     0
 62
     5
  6
Continuous
370
    -3
390
F
347
EE
348
0
1001
LayerCode
1071
       44
1071
       44
1071
       44
1071
       44
1071
       44
1071
       44
1071
       44
1071
       44
1071
       44
1071
       44
1071
       44
1071
       44
  0
LAYER
  5
647
102
{ACAD_XDICTIONARY
360
648
102
}
330
2
100
AcDbSymbolTableRecord
100
AcDbLayerTableRecord
  2
beam name
 70
     0
 62
     7
  6
Continuous
370
    -3
390
F
347
EE
348
0
1001
AcAecLayerStandard
1000

1000

1001
AcCmTransparency
1071
        0
  0
LAYER
  5
649
330
2
100
AcDbSymbolTableRecord
100
AcDbLayerTableRecord
  2
Axis Line(Dir 1)
 70
     0
 62
     8
  6
CENTER2
370
    -3
390
F
347
EE
348
0
1001
LayerCode
1071
        1
1001
AcAecLayerStandard
1000

1000

1001
AcCmTransparency
1071
        0
  0
LAYER
  5
64A
330
2
100
AcDbSymbolTableRecord
100
AcDbLayerTableRecord
  2
Column Label
 70
     0
 62
   149
420
  3490383
  6
Continuous
370
    -3
390
F
347
EE
348
0
1001
LayerCode
1071
       10
1001
AcAecLayerStandard
1000

1000

1001
AcCmTransparency
1071
        0
  0
LAYER
  5
64B
330
2
100
AcDbSymbolTableRecord
100
AcDbLayerTableRecord
  2
Column Line
 70
     0
 62
     7
  6
Continuous
370
    -3
390
F
347
EE
348
0
1001
LayerCode
1071
        8
1001
AcAecLayerStandard
1000

1000

1001
AcCmTransparency
1071
        0
  0
LAYER
  5
64C
330
2
100
AcDbSymbolTableRecord
100
AcDbLayerTableRecord
  2
Slab Edge Line
 70
     0
 62
     5
  6
Continuous
370
    -3
390
F
347
EE
348
0
1001
LayerCode
1071
       42
1001
AcAecLayerStandard
1000

1000

1001
AcCmTransparency
1071
        0
  0
LAYER
  5
64D
330
2
100
AcDbSymbolTableRecord
100
AcDbLayerTableRecord
  2
CALLOUT TEXT
 70
     0
 62
     7
  6
Continuous
370
    15
390
F
347
EE
348
0
1001
AcAecLayerStandard
1000

1000

1001
AcCmTransparency
1071
        0
  0
LAYER
  5
64E
330
2
100
AcDbSymbolTableRecord
100
AcDbLayerTableRecord
  2
A-ROOF-PATT
 70
     0
 62
     8
  6
Continuous
370
     9
390
F
347
EE
348
0
  0
LAYER
  5
64F
330
2
100
AcDbSymbolTableRecord
100
AcDbLayerTableRecord
  2
A-FLOR
 70
     0
 62
   192
  6
Continuous
370
     9
390
F
347
EE
348
0
  0
LAYER
  5
650
102
{ACAD_XDICTIONARY
360
651
102
}
330
2
100
AcDbSymbolTableRecord
100
AcDbLayerTableRecord
  2
Column Hatch
 70
     0
 62
   254
420
 15258811
  6
Continuous
370
    -3
390
F
347
EE
348
0
1001
LayerCode
1071
        9
1071
        9
1071
        9
1001
AcAecLayerStandard
1000

1000

1001
AcCmTransparency
1071
        0
  0
LAYER
  5
652
330
2
100
AcDbSymbolTableRecord
100
AcDbLayerTableRecord
  2
beam
 70
     0
 62
     2
  6
Continuous
370
     9
390
F
347
EE
348
0
1001
AcAecLayerStandard
1000

1000

1001
AcCmTransparency
1071
        0
  0
LAYER
  5
1D10
330
2
100
AcDbSymbolTableRecord
100
AcDbLayerTableRecord
  2
F.F BEAMS
 70
     2
 62
     7
  6
Continuous
370
    -3
390
F
347
EE
348
0
1001
AcAecLayerStandard
1000

1000

1001
AcCmTransparency
1071
        0
  0
LAYER
  5
1D11
330
2
100
AcDbSymbolTableRecord
100
AcDbLayerTableRecord
  2
S.F BEAMS
 70
     2
 62
     7
  6
Continuous
370
    -3
390
F
347
EE
348
0
1001
AcAecLayerStandard
1000

1000

1001
AcCmTransparency
1071
        0
  0
LAYER
  5
1D12
330
2
100
AcDbSymbolTableRecord
100
AcDbLayerTableRecord
  2
R. BEAMS
 70
     2
 62
     7
  6
Continuous
370
    -3
390
F
347
EE
348
0
1001
AcAecLayerStandard
1000

1000

1001
AcCmTransparency
1071
        0
  0
LAYER
  5
1D13
330
2
100
AcDbSymbolTableRecord
100
AcDbLayerTableRecord
  2
Layer1
 70
     2
 62
     7
  6
Continuous
370
    -3
390
F
347
EE
348
0
1001
AcAecLayerStandard
1000

1000

1001
AcCmTransparency
1071
        0
  0
LAYER
  5
1D15
330
2
100
AcDbSymbolTableRecord
100
AcDbLayerTableRecord
  2
COLUMN 2-R
 70
     2
 62
     2
  6
Continuous
370
     9
390
F
347
EE
348
0
1001
AcAecLayerStandard
1000

1000

1001
AcCmTransparency
1071
        0
  0
LAYER
  5
1D16
330
2
100
AcDbSymbolTableRecord
100
AcDbLayerTableRecord
  2
COLUMN G-1
 70
     2
 62
     2
  6
Continuous
370
     9
390
F
347
EE
348
0
1001
AcAecLayerStandard
1000

1000

1001
AcCmTransparency
1071
        0
  0
LAYER
  5
1D17
330
2
100
AcDbSymbolTableRecord
100
AcDbLayerTableRecord
  2
COLUMN 1-2
 70
     2
 62
     2
  6
Continuous
370
     9
390
F
347
EE
348
0
1001
AcAecLayerStandard
1000

1000

1001
AcCmTransparency
1071
        0
  0
LAYER
  5
2F17
330
2
100
AcDbSymbolTableRecord
100
AcDbLayerTableRecord
  2
GRIDLINES
 70
     2
 62
   254
420
 15258811
  6
Continuous
370
    -3
390
F
347
EE
348
0
1001
AcAecLayerStandard
1000

1000

1001
AcCmTransparency
1071
        0
  0
LAYER
  5
2F18
330
2
100
AcDbSymbolTableRecord
100
AcDbLayerTableRecord
  2
GRID NAME
 70
     2
 62
   254
420
 15258811
  6
Continuous
370
    -3
390
F
347
EE
348
0
1001
AcAecLayerStandard
1000

1000

1001
AcCmTransparency
1071
        0
  0
ENDTAB
  0
TABLE
  2
STYLE
  5
3
330
0
100
AcDbSymbolTable
 70
    14
  0
STYLE
  5
11
330
3
100
AcDbSymbolTableRecord
100
AcDbTextStyleTableRecord
  2
Standard
 70
     0
 40
0.0
 41
1.0
 50
0.0
 71
     0
 42
2.5
  3
arial.ttf
  4

1001
ACAD
1000
Arial
1071
       34
  0
STYLE
  5
132
330
3
100
AcDbSymbolTableRecord
100
AcDbTextStyleTableRecord
  2
Annotative
 70
     0
 40
0.0
 41
1.0
 50
0.0
 71
     0
 42
2.5
  3
arial.ttf
  4

1001
AcadAnnotative
1000
AnnotativeData
1002
{
1070
     1
1070
     1
1002
}
1001
ACAD
1000
Arial
1071
       34
  0
STYLE
  5
653
330
3
100
AcDbSymbolTableRecord
100
AcDbTextStyleTableRecord
  2
Arial
 70
     0
 40
350.0
 41
1.0
 50
0.0
 71
     0
 42
0.2
  3
arial.ttf
  4

1001
ACAD
1000
Arial
1071
       34
  0
STYLE
  5
654
330
3
100
AcDbSymbolTableRecord
100
AcDbTextStyleTableRecord
  2
Dimension Text
 70
     0
 40
100.0
 41
1.0
 50
0.0
 71
     0
 42
2.5
  3
ARIALN.TTF
  4

1001
LayerCode
1071
       78
1071
       78
1071
       78
1001
ACAD
1000
Arial Narrow
1071
        0
  0
STYLE
  5
655
330
3
100
AcDbSymbolTableRecord
100
AcDbTextStyleTableRecord
  2
Axis Label(Dir 1)
 70
     0
 40
250.0
 41
1.0
 50
0.0
 71
     0
 42
2.5
  3
ARIALNB.TTF
  4

1001
LayerCode
1071
        3
1001
ACAD
1000
Arial Narrow
1071
 33554432
  0
STYLE
  5
656
330
3
100
AcDbSymbolTableRecord
100
AcDbTextStyleTableRecord
  2
DIMENSION
 70
     0
 40
125.0
 41
0.6
 50
0.0
 71
     0
 42
2.25
  3
romans.shx
  4

  0
STYLE
  5
657
330
3
100
AcDbSymbolTableRecord
100
AcDbTextStyleTableRecord
  2
dim
 70
     0
 40
0.0
 41
0.8
 50
0.0
 71
     0
 42
2.25
  3
simplex.shx
  4

  0
STYLE
  5
658
330
3
100
AcDbSymbolTableRecord
100
AcDbTextStyleTableRecord
  2
Arial_B
 70
     0
 40
154.7619047619047
 41
1.0
 50
0.0
 71
     0
 42
0.2
  3
arialbd.ttf
  4

1001
ACAD
1000
Arial
1071
 33554466
  0
STYLE
  5
659
330
3
100
AcDbSymbolTableRecord
100
AcDbTextStyleTableRecord
  2
Arial_1
 70
     0
 40
674.999999999999
 41
1.0
 50
0.0
 71
     0
 42
0.2
  3
arial.ttf
  4

1001
ACAD
1000
Arial
1071
       34
  0
STYLE
  5
65A
330
3
100
AcDbSymbolTableRecord
100
AcDbTextStyleTableRecord
  2
Beam Label
 70
     0
 40
100.0
 41
1.0
 50
0.0
 71
     0
 42
2.5
  3
ARIALN.TTF
  4

1001
LayerCode
1071
       34
1001
ACAD
1000
Arial Narrow
1071
        0
  0
STYLE
  5
65B
330
3
100
AcDbSymbolTableRecord
100
AcDbTextStyleTableRecord
  2
Axis Label(Dir 2)
 70
     0
 40
250.0
 41
1.0
 50
0.0
 71
     0
 42
2.5
  3
ARIALNB.TTF
  4

1001
LayerCode
1071
        4
1001
ACAD
1000
Arial Narrow
1071
 33554432
  0
STYLE
  5
65C
330
3
100
AcDbSymbolTableRecord
100
AcDbTextStyleTableRecord
  2
Column Label
 70
     0
 40
100.0
 41
1.0
 50
0.0
 71
     0
 42
2.5
  3
ARIALN.TTF
  4

1001
LayerCode
1071
       10
1001
ACAD
1000
Arial Narrow
1071
        0
  0
STYLE
  5
65D
330
3
100
AcDbSymbolTableRecord
100
AcDbTextStyleTableRecord
  2
TEXT
 70
     0
 40
225.0
 41
1.0
 50
0.0
 71
     0
 42
225.0
  3
bgothl.ttf
  4

1001
ACAD
1000
BankGothic Lt BT
1071
       34
  0
STYLE
  5
65E
330
3
100
AcDbSymbolTableRecord
100
AcDbTextStyleTableRecord
  2
Trebuchet MS_2
 70
     0
 40
225.0
 41
0.8
 50
0.0
 71
     0
 42
0.2
  3
trebuc.ttf
  4

1001
ACAD
1000
Trebuchet MS
1071
       34
  0
ENDTAB
  0
TABLE
  2
VIEW
  5
6
330
0
100
AcDbSymbolTable
 70
     0
  0
ENDTAB
  0
TABLE
  2
UCS
  5
7
330
0
100
AcDbSymbolTable
 70
     0
  0
ENDTAB
  0
TABLE
  2
APPID
  5
9
330
0
100
AcDbSymbolTable
 70
    18
  0
APPID
  5
12
330
9
100
AcDbSymbolTableRecord
100
AcDbRegAppTableRecord
  2
ACAD
 70
     0
  0
APPID
  5
9E
330
9
100
AcDbSymbolTableRecord
100
AcDbRegAppTableRecord
  2
ACAD_PSEXT
 70
     0
  0
APPID
  5
133
330
9
100
AcDbSymbolTableRecord
100
AcDbRegAppTableRecord
  2
AcadAnnoPO
 70
     0
  0
APPID
  5
134
330
9
100
AcDbSymbolTableRecord
100
AcDbRegAppTableRecord
  2
AcadAnnotative
 70
     0
  0
APPID
  5
135
330
9
100
AcDbSymbolTableRecord
100
AcDbRegAppTableRecord
  2
ACAD_DSTYLE_DIMJAG
 70
     0
  0
APPID
  5
136
330
9
100
AcDbSymbolTableRecord
100
AcDbRegAppTableRecord
  2
ACAD_DSTYLE_DIMTALN
 70
     0
  0
APPID
  5
165
330
9
100
AcDbSymbolTableRecord
100
AcDbRegAppTableRecord
  2
ACAD_MLEADERVER
 70
     0
  0
APPID
  5
217
330
9
100
AcDbSymbolTableRecord
100
AcDbRegAppTableRecord
  2
ACAD_NAV_VCDISPLAY
 70
     0
  0
APPID
  5
664
330
9
100
AcDbSymbolTableRecord
100
AcDbRegAppTableRecord
  2
GradientColor1ACI
 70
     0
  0
APPID
  5
665
330
9
100
AcDbSymbolTableRecord
100
AcDbRegAppTableRecord
  2
GradientColor2ACI
 70
     0
  0
APPID
  5
666
330
9
100
AcDbSymbolTableRecord
100
AcDbRegAppTableRecord
  2
LayerCode
 70
     0
  0
APPID
  5
667
330
9
100
AcDbSymbolTableRecord
100
AcDbRegAppTableRecord
  2
AcAecLayerStandard
 70
     0
  0
APPID
  5
668
330
9
100
AcDbSymbolTableRecord
100
AcDbRegAppTableRecord
  2
HATCHBACKGROUNDCOLOR
 70
     0
  0
APPID
  5
669
330
9
100
AcDbSymbolTableRecord
100
AcDbRegAppTableRecord
  2
AcCmTransparency
 70
     0
  0
APPID
  5
66A
330
9
100
AcDbSymbolTableRecord
100
AcDbRegAppTableRecord
  2
ACAD_DSTYLE_DIMBREAK
 70
     0
  0
APPID
  5
66B
330
9
100
AcDbSymbolTableRecord
100
AcDbRegAppTableRecord
  2
REVIT
 70
     0
  0
APPID
  5
66C
330
9
100
AcDbSymbolTableRecord
100
AcDbRegAppTableRecord
  2
Acad_TC
 70
     0
  0
APPID
  5
1E35
330
9
100
AcDbSymbolTableRecord
100
AcDbRegAppTableRecord
  2
ACAD_EXEMPT_FROM_CAD_STANDARDS
 70
     0
  0
ENDTAB
  0
TABLE
  2
DIMSTYLE
  5
A
330
0
100
AcDbSymbolTable
 70
     9
100
AcDbDimStyleTable
 71
     2
340
27
340
137
  0
DIMSTYLE
105
1B0
330
A
100
AcDbSymbolTableRecord
100
AcDbDimStyleTableRecord
  2
Standard
 70
     0
340
11
  0
DIMSTYLE
105
137
330
A
100
AcDbSymbolTableRecord
100
AcDbDimStyleTableRecord
  2
Annotative
 70
     0
 40
0.0
 41
2.5
 42
0.625
 43
3.75
 44
1.25
 73
     0
 74
     0
 77
     1
 78
     8
140
2.5
141
2.5
143
0.03937007874016
147
0.625
171
     3
172
     1
271
     2
272
     2
274
     3
278
    44
283
     0
284
     8
340
11
1001
AcadAnnotative
1000
AnnotativeData
1002
{
1070
     1
1070
     1
1002
}
1001
ACAD_DSTYLE_DIMJAG
1070
   388
1040
1.5
1001
ACAD_DSTYLE_DIMTALN
1070
   392
1070
     0
  0
DIMSTYLE
105
27
330
A
100
AcDbSymbolTableRecord
100
AcDbDimStyleTableRecord
  2
ISO-25
 70
     0
 41
2.5
 42
0.625
 43
3.75
 44
1.25
 73
     0
 74
     0
 77
     1
 78
     8
140
2.5
141
2.5
143
0.03937007874016
147
0.625
171
     3
172
     1
271
     2
272
     2
274
     3
278
    44
283
     0
284
     8
340
11
  0
DIMSTYLE
105
65F
330
A
100
AcDbSymbolTableRecord
100
AcDbDimStyleTableRecord
  2
BEAM
 70
     0
 41
30.0
 42
103.5
 44
48.3
 47
1.0
 48
1.0
 70
     7
 73
     0
 77
     1
 78
     8
140
100.0
147
30.0
173
     1
176
     5
177
     5
178
     5
179
     1
271
     1
340
654
343
2A4
344
2A4
  0
DIMSTYLE
105
660
102
{ACAD_REACTORS
330
962
330
963
330
964
330
965
330
95D
330
95E
330
95F
330
960
330
961
330
966
330
967
330
968
330
969
330
96A
330
96B
330
96C
330
96D
330
96E
330
96F
330
970
330
971
330
97B
330
97E
330
981
330
984
330
972
330
975
330
978
330
987
330
988
330
989
330
98A
330
98B
330
98C
330
98D
330
98E
330
9FF
330
A00
330
A01
330
A02
330
9FA
330
9FB
330
9FC
330
9FD
330
9FE
330
A03
330
A04
330
A05
330
A06
330
A07
330
A08
330
A09
330
A0A
330
A0B
330
A0C
330
A0D
330
A0E
330
A0F
330
A19
330
A1C
330
A1F
330
A22
330
A10
330
A13
330
A16
330
A25
330
A26
330
A27
330
A28
330
A29
330
A2A
330
A2B
102
}
330
A
100
AcDbSymbolTableRecord
100
AcDbDimStyleTableRecord
  2
efe-zzi
 70
     0
 41
75.0
 42
75.0
 44
50.0
 46
50.0
 49
75.0
 73
     0
 74
     0
 77
     1
140
225.0
141
150.0
147
75.0
176
   256
177
   256
178
   256
271
     0
272
     0
279
     1
340
657
341
2AB
342
2AB
1001
ACAD_DSTYLE_DIMBREAK
1070
   391
1040
50.0
1001
ACAD_DSTYLE_DIMJAG
1070
   388
1040
1.5
1001
ACAD_DSTYLE_DIMTALN
1070
   392
1070
     0
  0
DIMSTYLE
105
661
330
A
100
AcDbSymbolTableRecord
100
AcDbDimStyleTableRecord
  2
50a
 70
     0
 41
60.0
 42
50.0
 43
3.75
 44
50.0
 46
50.0
 73
     0
 74
     0
 77
     1
 78
     8
140
125.0
141
2.5
143
0.03937007874016
147
20.0
171
     3
172
     1
176
   256
177
   256
178
     7
271
     0
272
     0
274
     3
278
    44
283
     0
284
     8
340
11
342
2AB
345
15
346
15
347
15
371
    -1
372
    -1
1001
ACAD_DSTYLE_DIMBREAK
1070
   391
1040
3.75
1001
ACAD_DSTYLE_DIMJAG
1070
   388
1040
1.5
1001
ACAD_DSTYLE_DIMTALN
1070
   392
1070
     0
  0
DIMSTYLE
105
662
330
A
100
AcDbSymbolTableRecord
100
AcDbDimStyleTableRecord
  2
D50
 70
     0
  4
'
 41
50.0
 42
50.0
 43
50.0
 44
75.0
 46
75.0
 49
30.0
 73
     0
 74
     0
 77
     1
 78
     8
140
87.5
141
100.0
143
3.280839999999998
147
30.0
172
     1
174
     1
176
   250
177
   250
178
     7
271
     0
272
     0
273
     8
340
656
342
2AB
345
16
346
16
347
16
371
     5
372
     5
1001
ACAD_DSTYLE_DIMBREAK
1070
   391
1040
0.125
1001
ACAD_DSTYLE_DIMJAG
1070
   388
1040
1.5
1001
ACAD_DSTYLE_DIMTALN
1070
   392
1070
     0
  0
DIMSTYLE
105
663
330
A
100
AcDbSymbolTableRecord
100
AcDbDimStyleTableRecord
  2
Linear_-_2_25mm_Trebuchet_MS
 70
     0
  3
<>
 40
304.8
 41
0.3280839895013123
 42
0.4921259842519685
 44
0.4921259842519685
 46
0.3280839895013123
 73
     0
 74
     0
 77
     1
 90
        2
140
231.9639539780046
145
1.0
147
0.0984251968503937
172
     1
173
     1
174
     1
179
     2
271
     0
340
65E
343
2A0
344
2A0
  0
ENDTAB
  0
TABLE
  2
BLOCK_RECORD
  5
1
330
0
100
AcDbSymbolTable
 70
   334
  0
BLOCK_RECORD
  5
1F
102
{ACAD_XDICTIONARY
360
1CE
102
}
330
1
100
AcDbSymbolTableRecord
100
AcDbBlockTableRecord
  2
*Model_Space
340
22
 70
     0
280
     1
281
     0
  0
BLOCK_RECORD
  5
D2
330
1
100
AcDbSymbolTableRecord
100
AcDbBlockTableRecord
  2
*Paper_Space
340
D3
 70
     0
280
     1
281
     0
  0
BLOCK_RECORD
  5
D6
330
1
100
AcDbSymbolTableRecord
100
AcDbBlockTableRecord
  2
*Paper_Space0
340
D7
 70
     0
280
     1
281
     0
  0
BLOCK_RECORD
  5
2A0
330
1
100
AcDbSymbolTableRecord
100
AcDbBlockTableRecord
  2
_Oblique
340
0
 70
     0
280
     1
281
     0
  0
BLOCK_RECORD
  5
2A4
102
{ACAD_XDICTIONARY
360
2A5
102
}
330
1
100
AcDbSymbolTableRecord
100
AcDbBlockTableRecord
  2
PCDIM_TICK
340
0
 70
     0
280
     1
281
     0
  0
BLOCK_RECORD
  5
2AB
330
1
100
AcDbSymbolTableRecord
100
AcDbBlockTableRecord
  2
_ArchTick
340
0
310
2800000020000000200000000100080000000000000400000000000000000000000000000000000000000000000080000080000000808000800000008000800080800000C0C0C000C0DCC000F0CAA6000020400000206000002080000020A0000020C0000020E00000400000004020000040400000406000004080000040A0
310
000040C0000040E00000600000006020000060400000606000006080000060A0000060C0000060E00000800000008020000080400000806000008080000080A0000080C0000080E00000A0000000A0200000A0400000A0600000A0800000A0A00000A0C00000A0E00000C0000000C0200000C0400000C0600000C0800000C0
310
A00000C0C00000C0E00000E0000000E0200000E0400000E0600000E0800000E0A00000E0C00000E0E00040000000400020004000400040006000400080004000A0004000C0004000E00040200000402020004020400040206000402080004020A0004020C0004020E000404000004040200040404000404060004040800040
310
40A0004040C0004040E00040600000406020004060400040606000406080004060A0004060C0004060E00040800000408020004080400040806000408080004080A0004080C0004080E00040A0000040A0200040A0400040A0600040A0800040A0A00040A0C00040A0E00040C0000040C0200040C0400040C0600040C08000
310
40C0A00040C0C00040C0E00040E0000040E0200040E0400040E0600040E0800040E0A00040E0C00040E0E00080000000800020008000400080006000800080008000A0008000C0008000E00080200000802020008020400080206000802080008020A0008020C0008020E00080400000804020008040400080406000804080
310
008040A0008040C0008040E00080600000806020008060400080606000806080008060A0008060C0008060E00080800000808020008080400080806000808080008080A0008080C0008080E00080A0000080A0200080A0400080A0600080A0800080A0A00080A0C00080A0E00080C0000080C0200080C0400080C0600080C0
310
800080C0A00080C0C00080C0E00080E0000080E0200080E0400080E0600080E0800080E0A00080E0C00080E0E000C0000000C0002000C0004000C0006000C0008000C000A000C000C000C000E000C0200000C0202000C0204000C0206000C0208000C020A000C020C000C020E000C0400000C0402000C0404000C0406000C0
310
408000C040A000C040C000C040E000C0600000C0602000C0604000C0606000C0608000C060A000C060C000C060E000C0800000C0802000C0804000C0806000C0808000C080A000C080C000C080E000C0A00000C0A02000C0A04000C0A06000C0A08000C0A0A000C0A0C000C0A0E000C0C00000C0C02000C0C04000C0C06000
310
C0C08000C0C0A000F0FBFF00A4A0A000808080000000FF0000FF000000FFFF00FF000000FF00FF00FFFF0000FFFFFF00FFFFFFFFFFFFFFFFFFFFFFFFFFFFFFFFFFFFFFFFFFFFFFFFFFFFFFFFFFFFFFFFFFFFFFFFFFFFFFFFFFFFFFFFFFFFFFFFFFFFFFFFFFFFFFFFFFFFFFFFFFFFFFFFFFFFFFFFFFFFFFFFFFFFFFFFFFFFFF
310
FFFFFFFFFFFFFFFFFFFFFFFFFFFFFFFFFFFFFFFFFFFFFFFFFFFFFFFFFFFFFFFFFFFFFFFFFFFFFFFFFFFFFFFFFFFFFFFFFFFFFFFFFFFFFFFFFFFFFFFFFFFFFFFFFFFFFFFFFFFFFFFFFFFFFFFFFFFFFFFFFFFFFFFFFFFFFFFFFFFFFFFFFFFFFFFFFFFFFFFFFFFFFFFFFFFFFFFFFFFFFFFFFFFFFFFFFFFFFFFFFFFFFFFFFFFFFF
310
FFFFFFFFFFFFFFFFFFFFFFFFFFFFFFFFFFFFFFFFFFFFFFFFFFFFFFFFFFFFFFFFFFFFFFFFFFFFFFFFFFFFFFFFFFFFFFFFFFFFFFFFFFFFFFFFFFFFFFFFFFFFFFFFFFFFFFFFFFFFFFFFFFFFFFFFFFFFFFFFFFFFFFFFFFFFFFFFFFFFFFFFFFFFFFFFFFFFFFFFFFFFFFFFFFFFFFFFFFFFFFFFFFFFFFFFFFFFFFFFFFFFFFFFFFFFFF
310
FFFFFFFFFFFFFFFFFFFFFFFFFFFFFFFFFFFFFFFFFFFFFFFFFFFFFFFFFFFFFFFFFFFFFFFFFFFFFFFFFFFFFFFFFFFFFFFFFFFFFFFFFFFFFFFFFFFFFFFFFFFFFFFFFFFFFFFFFFFFFFFFFFFFFFFFFFFFFFFFFFFFFFFFFFFFFFFFFFFFFFFFFFFFFFFFFFFFFFFFFFFFFFFFFFFFFFFFFFFFFFFFFFFFFFFFFFFFFFFFFFFFFFFFFFFFFF
310
FFFFFFFFFFFFFFFFFFFFFFFFFFFFFFFFFFFFFFFFFFFFFFFFFFFFFFFFFFFFFFFFFFFFFFFFFFFFFFFFFFFFFFFFFFFFFFFFFFFFFFFFFFFFFFFFFFFFFFFFFFFFFFFFFFFFFFFFFFFFFFFFFFFFFFFFFFFFFFFFFFFFFFFFFFFFFFFFFFFFFFFFFFFFFFFFFFFFFFFFFFFFFFFFFFFFFFFFFFFFFFFFFFFFFFFFFFFFFFFFFFFFFFFFFFFFFF
310
FFFFFFFFFFFFFFFFFFFFFFFFFFFFFFFFFFFFFFFFFFFFFFFFFFFFFFFFFFFFFFFFFFFFFFFFFFFFFFFFFFFFFFFFFFFFFFFFFFFFFFFFFFFFFFFFFFFFFFFFFFFFFFFFFFFFFFFFFFFFFFFFFFFFFFFFFFFFFFFFFFFFFFFFFFFFFFFFFFFFFFFFFFFFFFFFFFFFFFFFFFFFFFFFFFFFFFFFFFFFFFFFFFFFFFFFFFFFFFFFFFFFFFFFFFFFFF
310
FFFFFFFFFFFFFFFFFFFFFFFFFFFFFFFFFFFFFFFFFFFFFFFFFFFFFFFFFFFFFFFFFFFFFFFFFFFFFFFFFFFFFFFFFFFFFFFFFFFFFFFFFFFFFFFFFFFFFFFFFFFFFFFFFFFFFFFFFFFFFFFFFFFFFFFFFFFFFFFFFFFFFFFFFFFFFFFFFFFFFFFFFFFFFFFFFFFF01FFFFFFFFFF01FFFFFFFFFFFFFFFFFFFFFFFFFFFFFFFFFFFFFFFFFFFF
310
FFFFFF010101010101010101FFFFFFFFFFFFFFFFFFFFFFFFFFFFFFFFFFFFFFFFFFFFFF0101010101010101FFFFFFFFFFFFFFFFFFFFFFFFFFFFFFFFFFFFFFFFFFFFFFFF01FFFF01FFFF0101FFFFFFFFFFFFFFFFFFFFFFFFFFFFFFFFFFFFFFFFFFFFFFFF01FFFF01FFFF0101FFFFFFFFFFFFFFFFFFFFFFFFFFFFFFFFFFFFFFFF
310
FFFFFFFF0101010101010101FFFFFFFFFFFFFFFFFFFFFFFFFFFFFFFFFFFFFFFFFFFFFFFF01FFFF01FFFF0101FFFFFFFFFFFFFFFFFFFFFFFF
102
{BLKREFS
331
2CA
331
2CB
331
131A
331
131B
331
1322
331
1323
331
132B
331
132C
331
1334
331
1335
331
18F4
331
18F5
331
18FD
331
18FE
331
1909
331
190A
331
1911
331
1912
331
191A
331
191B
331
1923
331
1924
331
192C
331
192D
331
1935
331
1936
331
193E
331
193F
331
1947
331
1948
331
1950
331
1951
331
1959
331
195A
331
1962
331
1963
331
196B
331
196C
331
1974
331
1975
331
197D
331
197E
331
1986
331
1987
331
198F
331
1990
331
1998
331
1999
331
19A1
331
19A2
331
19AA
331
19AB
331
19B9
331
19BA
331
19C4
331
19C5
331
19D0
331
19D1
331
19DC
331
19DD
331
19E8
331
19E9
331
19F4
331
19F5
331
1A00
331
1A01
331
1A0C
331
1A0D
331
1A14
331
1A15
331
1A1D
331
1A1E
331
1A26
331
1A27
331
1A2F
331
1A30
331
1A38
331
1A39
331
1A41
331
1A42
331
1A4D
331
1A4E
331
2EE4
331
2EE5
331
2EED
331
2EEE
331
2EF6
331
2EF7
331
2EFF
331
2F00
331
2F08
331
2F09
331
2F11
331
2F12
331
2C17
331
2C18
331
2C20
331
2C21
331
2C29
331
2C2A
331
2C32
331
2C33
331
2C3B
331
2C3C
331
2C44
331
2C45
331
2C4D
331
2C4E
331
2C56
331
2C57
331
2C5F
331
2C60
331
2C68
331
2C69
331
2C71
331
2C72
331
2C7A
331
2C7B
331
2C83
331
2C84
331
2BD6
331
2BD7
331
2BDF
331
2BE0
331
2BEB
331
2BEC
331
2BF3
331
2BF4
331
2BFC
331
2BFD
331
2C05
331
2C06
331
2C0E
331
2C0F
331
2C8C
331
2C8D
331
2CEE
331
2CEF
331
2CF6
331
2CF7
331
2CFF
331
2D00
331
2D08
331
2D09
331
2D11
331
2D12
331
2D1A
331
2D1B
331
2D23
331
2D24
331
2D2F
331
2D30
331
2D37
331
2D38
331
2D40
331
2D41
331
2D4C
331
2D4D
331
2D54
331
2D55
331
2D5D
331
2D5E
331
2D66
331
2D67
331
2D6F
331
2D70
331
2D78
331
2D79
331
2D81
331
2D82
331
2D8A
331
2D8B
331
2D93
331
2D94
331
2D9C
331
2D9D
331
2DA5
331
2DA6
331
2DB1
331
2DB2
331
2DB9
331
2DBA
331
2DC2
331
2DC3
331
2DCB
331
2DCC
331
2DD4
331
2DD5
331
2DDD
331
2DDE
331
2DE6
331
2DE7
331
2DEF
331
1EF7
331
1EF8
331
1F03
331
1F04
331
1F0F
331
1F10
331
1F1B
331
1F1C
331
1F27
331
1F28
331
1F33
331
1F34
331
1F42
331
1F43
331
1F4D
331
1F4E
331
1F59
331
1F5A
331
1F65
331
1F66
331
1E7D
331
1E7E
331
1E8C
331
1E8D
331
1E97
331
1E98
331
1EA3
331
1EA4
331
1EAF
331
1EB0
331
1EBB
331
1EBC
331
1EC7
331
1EC8
331
1ED3
331
1ED4
331
1EDF
331
1EE0
331
1EEB
331
1EEC
331
1FE0
331
1FEE
331
1FEF
331
1FF9
331
1FFA
331
2005
331
2006
331
2011
331
2012
331
201D
331
201E
331
2029
331
202A
331
2035
331
2036
331
2044
331
2045
331
204F
331
2050
331
1F71
331
1F72
331
1F7D
331
1F7E
331
1F89
331
1F8A
331
1F95
331
1F96
331
1FA1
331
1FA2
331
1FAD
331
1FAE
331
1FB9
331
1FBA
331
1FC8
331
1FC9
331
1FD3
331
1FD4
331
1FDF
331
205B
331
205C
331
2067
331
2068
331
2073
331
2074
331
207F
331
2080
331
208B
331
208C
331
209A
331
209B
331
20A5
331
20A6
331
20B1
331
20B2
331
20BD
331
20BE
331
20C9
331
20CA
331
20D5
331
20D6
331
20E1
331
20E2
331
20ED
331
20EE
331
20F9
331
20FA
331
2108
331
2109
331
2113
331
2114
331
211F
331
2120
331
212B
331
212C
331
2137
331
2138
331
2143
331
2144
331
1202
331
1203
331
120B
331
120C
331
1217
331
1218
331
121F
331
1220
331
1228
331
1229
331
1231
331
1232
331
123A
331
123B
331
1243
331
1244
331
124C
331
124D
331
1255
331
1256
331
125E
331
125F
331
1267
331
1268
331
1270
331
1271
331
1279
331
127A
331
1282
331
1283
331
128B
331
128C
331
1294
331
1295
331
129D
331
129E
331
12A6
331
12A7
331
12AF
331
12B0
331
12B8
331
12B9
331
2D6
331
2D7
331
2E2
331
2E3
331
2EE
331
2EF
331
2FA
331
2FB
331
306
331
307
331
315
331
316
331
320
331
321
331
32C
331
32D
331
338
331
339
331
344
331
345
331
350
331
351
331
35C
331
35D
331
368
331
369
331
374
331
375
331
380
331
381
331
38C
331
38D
331
398
331
399
331
3A4
331
3A5
331
3B0
331
3B1
331
3BC
331
3BD
331
442
331
443
331
451
331
452
331
45C
331
45D
331
468
331
469
331
477
331
478
331
482
331
483
331
48E
331
48F
331
49A
331
49B
331
4A6
331
4A7
331
3CB
331
3CC
331
3D6
331
3D7
331
3E2
331
3E3
331
3EE
331
3EF
331
3FA
331
3FB
331
406
331
407
331
412
331
413
331
41E
331
41F
331
42A
331
42B
331
436
331
437
331
52E
331
52F
331
53A
331
53B
331
546
331
547
331
552
331
553
331
55E
331
55F
331
56A
331
56B
331
576
331
577
331
582
331
583
331
591
331
592
331
59C
331
59D
331
4B2
331
4B3
331
4BE
331
4BF
331
4CD
331
4CE
331
4D8
331
4D9
331
4E4
331
4E5
331
4F0
331
4F1
331
4FC
331
4FD
331
508
331
509
331
514
331
515
331
523
331
524
331
5A8
331
5A9
331
5B4
331
5B5
331
5C0
331
5C1
331
5CC
331
5CD
331
5D8
331
5D9
331
5E4
331
5E5
331
5F0
331
5F1
331
5FC
331
5FD
331
608
331
609
331
617
331
618
331
622
331
623
331
62E
331
62F
331
133D
331
133E
331
1346
331
1347
331
134F
331
1350
331
135B
331
135C
331
13A7
331
13A8
331
13AF
331
13B0
331
13B8
331
13B9
331
13C1
331
13C2
331
13CA
331
13CB
331
13D3
331
13D4
331
13DC
331
13DD
331
13E5
331
13E6
331
13EE
331
13EF
331
13FA
331
13FB
331
1402
331
1403
331
140B
331
140C
331
1414
331
1415
331
141D
331
141E
331
1426
331
1427
331
142F
331
1430
331
1438
331
1439
331
1441
331
1442
331
144A
331
144B
331
1453
331
1454
331
145F
331
1460
331
1467
331
1468
331
1470
331
1471
331
1479
331
147A
331
1482
331
1483
331
148B
331
148C
331
1494
331
1495
331
149D
331
149E
331
14A6
331
14A7
331
14B2
331
14B3
331
14BA
331
14BB
331
14CC
331
14CD
331
14D5
331
14D6
331
14DE
331
14DF
331
14E7
331
14E8
331
14F3
331
14F4
331
14FB
331
14FC
331
1504
331
1505
331
150D
331
150E
331
1516
331
1517
331
151F
331
1520
331
1528
331
1529
331
1531
331
1532
331
214F
331
2150
331
215B
331
215C
331
2167
331
2168
331
2173
331
2174
331
217F
331
2180
331
218E
331
218F
331
2199
331
219A
331
21A5
331
21A6
331
1E41
331
1E42
331
1E4D
331
1E4E
331
1E59
331
1E5A
331
1E65
331
1E66
331
1E71
331
1E72
331
2DF0
331
2DF8
331
2DF9
331
2E5A
331
2E5B
331
2E62
331
2E63
331
2E6B
331
2E6C
331
2E74
331
2E75
331
2E7D
331
2E7E
331
2E86
331
2E87
331
2E8F
331
2E90
331
2E9B
331
2E9C
331
2EA3
331
2EA4
331
2EAC
331
2EAD
331
2EB5
331
2EB6
331
2EBE
331
2EBF
331
2EC7
331
2EC8
331
2ED0
331
2ED1
331
2EDC
331
2EDD
102
}
 70
     0
280
     1
281
     0
  0
BLOCK_RECORD
  5
2AF
330
1
100
AcDbSymbolTableRecord
100
AcDbBlockTableRecord
  2
Railing - Railing-450105-FIRST FLOOR PLAN
340
0
102
{BLKREFS
102
}
 70
     0
280
     1
281
     0
  0
BLOCK_RECORD
  5
2B7
330
1
100
AcDbSymbolTableRecord
100
AcDbBlockTableRecord
  2
Top Rail Type - Top Rail_Internal_-481543-FIRST FLOOR PLAN
340
0
102
{BLKREFS
102
}
 70
     0
280
     1
281
     0
  0
BLOCK_RECORD
  5
2BD
330
1
100
AcDbSymbolTableRecord
100
AcDbBlockTableRecord
  2
Railing - Railing-516204-FIRST FLOOR PLAN
340
0
102
{BLKREFS
102
}
 70
     0
280
     1
281
     0
  0
BLOCK_RECORD
  5
2C5
330
1
100
AcDbSymbolTableRecord
100
AcDbBlockTableRecord
  2
*D7
340
0
 70
     0
280
     1
281
     0
  0
BLOCK_RECORD
  5
2D1
330
1
100
AcDbSymbolTableRecord
100
AcDbBlockTableRecord
  2
*D8
340
0
 70
     0
280
     1
281
     0
  0
BLOCK_RECORD
  5
2DD
330
1
100
AcDbSymbolTableRecord
100
AcDbBlockTableRecord
  2
*D9
340
0
 70
     0
280
     1
281
     0
  0
BLOCK_RECORD
  5
2E9
330
1
100
AcDbSymbolTableRecord
100
AcDbBlockTableRecord
  2
*D10
340
0
 70
     0
280
     1
281
     0
  0
BLOCK_RECORD
  5
2F5
330
1
100
AcDbSymbolTableRecord
100
AcDbBlockTableRecord
  2
*D11
340
0
 70
     0
280
     1
281
     0
  0
BLOCK_RECORD
  5
301
330
1
100
AcDbSymbolTableRecord
100
AcDbBlockTableRecord
  2
*D12
340
0
 70
     0
280
     1
281
     0
  0
BLOCK_RECORD
  5
30D
330
1
100
AcDbSymbolTableRecord
100
AcDbBlockTableRecord
  2
*D13
340
0
 70
     0
280
     1
281
     0
  0
BLOCK_RECORD
  5
31B
330
1
100
AcDbSymbolTableRecord
100
AcDbBlockTableRecord
  2
*D14
340
0
 70
     0
280
     1
281
     0
  0
BLOCK_RECORD
  5
327
330
1
100
AcDbSymbolTableRecord
100
AcDbBlockTableRecord
  2
*D15
340
0
 70
     0
280
     1
281
     0
  0
BLOCK_RECORD
  5
333
330
1
100
AcDbSymbolTableRecord
100
AcDbBlockTableRecord
  2
*D16
340
0
 70
     0
280
     1
281
     0
  0
BLOCK_RECORD
  5
33F
330
1
100
AcDbSymbolTableRecord
100
AcDbBlockTableRecord
  2
*D17
340
0
 70
     0
280
     1
281
     0
  0
BLOCK_RECORD
  5
34B
330
1
100
AcDbSymbolTableRecord
100
AcDbBlockTableRecord
  2
*D18
340
0
 70
     0
280
     1
281
     0
  0
BLOCK_RECORD
  5
357
330
1
100
AcDbSymbolTableRecord
100
AcDbBlockTableRecord
  2
*D19
340
0
 70
     0
280
     1
281
     0
  0
BLOCK_RECORD
  5
363
330
1
100
AcDbSymbolTableRecord
100
AcDbBlockTableRecord
  2
*D20
340
0
 70
     0
280
     1
281
     0
  0
BLOCK_RECORD
  5
36F
330
1
100
AcDbSymbolTableRecord
100
AcDbBlockTableRecord
  2
*D21
340
0
 70
     0
280
     1
281
     0
  0
BLOCK_RECORD
  5
37B
330
1
100
AcDbSymbolTableRecord
100
AcDbBlockTableRecord
  2
*D22
340
0
 70
     0
280
     1
281
     0
  0
BLOCK_RECORD
  5
387
330
1
100
AcDbSymbolTableRecord
100
AcDbBlockTableRecord
  2
*D23
340
0
 70
     0
280
     1
281
     0
  0
BLOCK_RECORD
  5
393
330
1
100
AcDbSymbolTableRecord
100
AcDbBlockTableRecord
  2
*D24
340
0
 70
     0
280
     1
281
     0
  0
BLOCK_RECORD
  5
39F
330
1
100
AcDbSymbolTableRecord
100
AcDbBlockTableRecord
  2
*D25
340
0
 70
     0
280
     1
281
     0
  0
BLOCK_RECORD
  5
3AB
330
1
100
AcDbSymbolTableRecord
100
AcDbBlockTableRecord
  2
*D26
340
0
 70
     0
280
     1
281
     0
  0
BLOCK_RECORD
  5
3B7
330
1
100
AcDbSymbolTableRecord
100
AcDbBlockTableRecord
  2
*D27
340
0
 70
     0
280
     1
281
     0
  0
BLOCK_RECORD
  5
3C3
330
1
100
AcDbSymbolTableRecord
100
AcDbBlockTableRecord
  2
*D28
340
0
 70
     0
280
     1
281
     0
  0
BLOCK_RECORD
  5
3D1
330
1
100
AcDbSymbolTableRecord
100
AcDbBlockTableRecord
  2
*D29
340
0
 70
     0
280
     1
281
     0
  0
BLOCK_RECORD
  5
3DD
330
1
100
AcDbSymbolTableRecord
100
AcDbBlockTableRecord
  2
*D30
340
0
 70
     0
280
     1
281
     0
  0
BLOCK_RECORD
  5
3E9
330
1
100
AcDbSymbolTableRecord
100
AcDbBlockTableRecord
  2
*D31
340
0
 70
     0
280
     1
281
     0
  0
BLOCK_RECORD
  5
3F5
330
1
100
AcDbSymbolTableRecord
100
AcDbBlockTableRecord
  2
*D32
340
0
 70
     0
280
     1
281
     0
  0
BLOCK_RECORD
  5
401
330
1
100
AcDbSymbolTableRecord
100
AcDbBlockTableRecord
  2
*D33
340
0
 70
     0
280
     1
281
     0
  0
BLOCK_RECORD
  5
40D
330
1
100
AcDbSymbolTableRecord
100
AcDbBlockTableRecord
  2
*D34
340
0
 70
     0
280
     1
281
     0
  0
BLOCK_RECORD
  5
419
330
1
100
AcDbSymbolTableRecord
100
AcDbBlockTableRecord
  2
*D35
340
0
 70
     0
280
     1
281
     0
  0
BLOCK_RECORD
  5
425
330
1
100
AcDbSymbolTableRecord
100
AcDbBlockTableRecord
  2
*D36
340
0
 70
     0
280
     1
281
     0
  0
BLOCK_RECORD
  5
431
330
1
100
AcDbSymbolTableRecord
100
AcDbBlockTableRecord
  2
*D37
340
0
 70
     0
280
     1
281
     0
  0
BLOCK_RECORD
  5
43D
330
1
100
AcDbSymbolTableRecord
100
AcDbBlockTableRecord
  2
*D38
340
0
 70
     0
280
     1
281
     0
  0
BLOCK_RECORD
  5
449
330
1
100
AcDbSymbolTableRecord
100
AcDbBlockTableRecord
  2
*D39
340
0
 70
     0
280
     1
281
     0
  0
BLOCK_RECORD
  5
457
330
1
100
AcDbSymbolTableRecord
100
AcDbBlockTableRecord
  2
*D40
340
0
 70
     0
280
     1
281
     0
  0
BLOCK_RECORD
  5
463
330
1
100
AcDbSymbolTableRecord
100
AcDbBlockTableRecord
  2
*D41
340
0
 70
     0
280
     1
281
     0
  0
BLOCK_RECORD
  5
46F
330
1
100
AcDbSymbolTableRecord
100
AcDbBlockTableRecord
  2
*D42
340
0
 70
     0
280
     1
281
     0
  0
BLOCK_RECORD
  5
47D
330
1
100
AcDbSymbolTableRecord
100
AcDbBlockTableRecord
  2
*D43
340
0
 70
     0
280
     1
281
     0
  0
BLOCK_RECORD
  5
489
330
1
100
AcDbSymbolTableRecord
100
AcDbBlockTableRecord
  2
*D44
340
0
 70
     0
280
     1
281
     0
  0
BLOCK_RECORD
  5
495
330
1
100
AcDbSymbolTableRecord
100
AcDbBlockTableRecord
  2
*D45
340
0
 70
     0
280
     1
281
     0
  0
BLOCK_RECORD
  5
4A1
330
1
100
AcDbSymbolTableRecord
100
AcDbBlockTableRecord
  2
*D46
340
0
 70
     0
280
     1
281
     0
  0
BLOCK_RECORD
  5
4AD
330
1
100
AcDbSymbolTableRecord
100
AcDbBlockTableRecord
  2
*D47
340
0
 70
     0
280
     1
281
     0
  0
BLOCK_RECORD
  5
4B9
330
1
100
AcDbSymbolTableRecord
100
AcDbBlockTableRecord
  2
*D48
340
0
 70
     0
280
     1
281
     0
  0
BLOCK_RECORD
  5
4C5
330
1
100
AcDbSymbolTableRecord
100
AcDbBlockTableRecord
  2
*D49
340
0
 70
     0
280
     1
281
     0
  0
BLOCK_RECORD
  5
4D3
330
1
100
AcDbSymbolTableRecord
100
AcDbBlockTableRecord
  2
*D50
340
0
 70
     0
280
     1
281
     0
  0
BLOCK_RECORD
  5
4DF
330
1
100
AcDbSymbolTableRecord
100
AcDbBlockTableRecord
  2
*D51
340
0
 70
     0
280
     1
281
     0
  0
BLOCK_RECORD
  5
4EB
330
1
100
AcDbSymbolTableRecord
100
AcDbBlockTableRecord
  2
*D52
340
0
 70
     0
280
     1
281
     0
  0
BLOCK_RECORD
  5
4F7
330
1
100
AcDbSymbolTableRecord
100
AcDbBlockTableRecord
  2
*D53
340
0
 70
     0
280
     1
281
     0
  0
BLOCK_RECORD
  5
503
330
1
100
AcDbSymbolTableRecord
100
AcDbBlockTableRecord
  2
*D54
340
0
 70
     0
280
     1
281
     0
  0
BLOCK_RECORD
  5
50F
330
1
100
AcDbSymbolTableRecord
100
AcDbBlockTableRecord
  2
*D55
340
0
 70
     0
280
     1
281
     0
  0
BLOCK_RECORD
  5
51B
330
1
100
AcDbSymbolTableRecord
100
AcDbBlockTableRecord
  2
*D56
340
0
 70
     0
280
     1
281
     0
  0
BLOCK_RECORD
  5
529
330
1
100
AcDbSymbolTableRecord
100
AcDbBlockTableRecord
  2
*D57
340
0
 70
     0
280
     1
281
     0
  0
BLOCK_RECORD
  5
535
330
1
100
AcDbSymbolTableRecord
100
AcDbBlockTableRecord
  2
*D58
340
0
 70
     0
280
     1
281
     0
  0
BLOCK_RECORD
  5
541
330
1
100
AcDbSymbolTableRecord
100
AcDbBlockTableRecord
  2
*D59
340
0
 70
     0
280
     1
281
     0
  0
BLOCK_RECORD
  5
54D
330
1
100
AcDbSymbolTableRecord
100
AcDbBlockTableRecord
  2
*D60
340
0
 70
     0
280
     1
281
     0
  0
BLOCK_RECORD
  5
559
330
1
100
AcDbSymbolTableRecord
100
AcDbBlockTableRecord
  2
*D61
340
0
 70
     0
280
     1
281
     0
  0
BLOCK_RECORD
  5
565
330
1
100
AcDbSymbolTableRecord
100
AcDbBlockTableRecord
  2
*D62
340
0
 70
     0
280
     1
281
     0
  0
BLOCK_RECORD
  5
571
330
1
100
AcDbSymbolTableRecord
100
AcDbBlockTableRecord
  2
*D63
340
0
 70
     0
280
     1
281
     0
  0
BLOCK_RECORD
  5
57D
330
1
100
AcDbSymbolTableRecord
100
AcDbBlockTableRecord
  2
*D64
340
0
 70
     0
280
     1
281
     0
  0
BLOCK_RECORD
  5
589
330
1
100
AcDbSymbolTableRecord
100
AcDbBlockTableRecord
  2
*D65
340
0
 70
     0
280
     1
281
     0
  0
BLOCK_RECORD
  5
597
330
1
100
AcDbSymbolTableRecord
100
AcDbBlockTableRecord
  2
*D66
340
0
 70
     0
280
     1
281
     0
  0
BLOCK_RECORD
  5
5A3
330
1
100
AcDbSymbolTableRecord
100
AcDbBlockTableRecord
  2
*D67
340
0
 70
     0
280
     1
281
     0
  0
BLOCK_RECORD
  5
5AF
330
1
100
AcDbSymbolTableRecord
100
AcDbBlockTableRecord
  2
*D68
340
0
 70
     0
280
     1
281
     0
  0
BLOCK_RECORD
  5
5BB
330
1
100
AcDbSymbolTableRecord
100
AcDbBlockTableRecord
  2
*D69
340
0
 70
     0
280
     1
281
     0
  0
BLOCK_RECORD
  5
5C7
330
1
100
AcDbSymbolTableRecord
100
AcDbBlockTableRecord
  2
*D70
340
0
 70
     0
280
     1
281
     0
  0
BLOCK_RECORD
  5
5D3
330
1
100
AcDbSymbolTableRecord
100
AcDbBlockTableRecord
  2
*D71
340
0
 70
     0
280
     1
281
     0
  0
BLOCK_RECORD
  5
5DF
330
1
100
AcDbSymbolTableRecord
100
AcDbBlockTableRecord
  2
*D72
340
0
 70
     0
280
     1
281
     0
  0
BLOCK_RECORD
  5
5EB
330
1
100
AcDbSymbolTableRecord
100
AcDbBlockTableRecord
  2
*D73
340
0
 70
     0
280
     1
281
     0
  0
BLOCK_RECORD
  5
5F7
330
1
100
AcDbSymbolTableRecord
100
AcDbBlockTableRecord
  2
*D74
340
0
 70
     0
280
     1
281
     0
  0
BLOCK_RECORD
  5
603
330
1
100
AcDbSymbolTableRecord
100
AcDbBlockTableRecord
  2
*D75
340
0
 70
     0
280
     1
281
     0
  0
BLOCK_RECORD
  5
60F
330
1
100
AcDbSymbolTableRecord
100
AcDbBlockTableRecord
  2
*D76
340
0
 70
     0
280
     1
281
     0
  0
BLOCK_RECORD
  5
61D
330
1
100
AcDbSymbolTableRecord
100
AcDbBlockTableRecord
  2
*D77
340
0
 70
     0
280
     1
281
     0
  0
BLOCK_RECORD
  5
629
330
1
100
AcDbSymbolTableRecord
100
AcDbBlockTableRecord
  2
*D78
340
0
 70
     0
280
     1
281
     0
  0
BLOCK_RECORD
  5
DDA
330
1
100
AcDbSymbolTableRecord
100
AcDbBlockTableRecord
  2
*D80
340
0
 70
     0
280
     1
281
     0
  0
BLOCK_RECORD
  5
DE6
330
1
100
AcDbSymbolTableRecord
100
AcDbBlockTableRecord
  2
*D81
340
0
 70
     0
280
     1
281
     0
  0
BLOCK_RECORD
  5
DF2
330
1
100
AcDbSymbolTableRecord
100
AcDbBlockTableRecord
  2
*D82
340
0
 70
     0
280
     1
281
     0
  0
BLOCK_RECORD
  5
E00
330
1
100
AcDbSymbolTableRecord
100
AcDbBlockTableRecord
  2
*D83
340
0
 70
     0
280
     1
281
     0
  0
BLOCK_RECORD
  5
E0C
330
1
100
AcDbSymbolTableRecord
100
AcDbBlockTableRecord
  2
*D84
340
0
 70
     0
280
     1
281
     0
  0
BLOCK_RECORD
  5
E18
330
1
100
AcDbSymbolTableRecord
100
AcDbBlockTableRecord
  2
*D85
340
0
 70
     0
280
     1
281
     0
  0
BLOCK_RECORD
  5
E24
330
1
100
AcDbSymbolTableRecord
100
AcDbBlockTableRecord
  2
*D86
340
0
 70
     0
280
     1
281
     0
  0
BLOCK_RECORD
  5
E30
330
1
100
AcDbSymbolTableRecord
100
AcDbBlockTableRecord
  2
*D87
340
0
 70
     0
280
     1
281
     0
  0
BLOCK_RECORD
  5
E3C
330
1
100
AcDbSymbolTableRecord
100
AcDbBlockTableRecord
  2
*D88
340
0
 70
     0
280
     1
281
     0
  0
BLOCK_RECORD
  5
E48
330
1
100
AcDbSymbolTableRecord
100
AcDbBlockTableRecord
  2
*D89
340
0
 70
     0
280
     1
281
     0
  0
BLOCK_RECORD
  5
E54
330
1
100
AcDbSymbolTableRecord
100
AcDbBlockTableRecord
  2
*D90
340
0
 70
     0
280
     1
281
     0
  0
BLOCK_RECORD
  5
E60
330
1
100
AcDbSymbolTableRecord
100
AcDbBlockTableRecord
  2
*D91
340
0
 70
     0
280
     1
281
     0
  0
BLOCK_RECORD
  5
E6C
330
1
100
AcDbSymbolTableRecord
100
AcDbBlockTableRecord
  2
*D92
340
0
 70
     0
280
     1
281
     0
  0
BLOCK_RECORD
  5
E78
330
1
100
AcDbSymbolTableRecord
100
AcDbBlockTableRecord
  2
*D93
340
0
 70
     0
280
     1
281
     0
  0
BLOCK_RECORD
  5
E86
330
1
100
AcDbSymbolTableRecord
100
AcDbBlockTableRecord
  2
*D94
340
0
 70
     0
280
     1
281
     0
  0
BLOCK_RECORD
  5
E92
330
1
100
AcDbSymbolTableRecord
100
AcDbBlockTableRecord
  2
*D95
340
0
 70
     0
280
     1
281
     0
  0
BLOCK_RECORD
  5
E9E
330
1
100
AcDbSymbolTableRecord
100
AcDbBlockTableRecord
  2
*D96
340
0
 70
     0
280
     1
281
     0
  0
BLOCK_RECORD
  5
EAA
330
1
100
AcDbSymbolTableRecord
100
AcDbBlockTableRecord
  2
*D97
340
0
 70
     0
280
     1
281
     0
  0
BLOCK_RECORD
  5
EB6
330
1
100
AcDbSymbolTableRecord
100
AcDbBlockTableRecord
  2
*D98
340
0
 70
     0
280
     1
281
     0
  0
BLOCK_RECORD
  5
EC2
330
1
100
AcDbSymbolTableRecord
100
AcDbBlockTableRecord
  2
*D99
340
0
 70
     0
280
     1
281
     0
  0
BLOCK_RECORD
  5
ECE
330
1
100
AcDbSymbolTableRecord
100
AcDbBlockTableRecord
  2
*D100
340
0
 70
     0
280
     1
281
     0
  0
BLOCK_RECORD
  5
EDA
330
1
100
AcDbSymbolTableRecord
100
AcDbBlockTableRecord
  2
*D101
340
0
 70
     0
280
     1
281
     0
  0
BLOCK_RECORD
  5
EE6
330
1
100
AcDbSymbolTableRecord
100
AcDbBlockTableRecord
  2
*D102
340
0
 70
     0
280
     1
281
     0
  0
BLOCK_RECORD
  5
EF4
330
1
100
AcDbSymbolTableRecord
100
AcDbBlockTableRecord
  2
*D103
340
0
 70
     0
280
     1
281
     0
  0
BLOCK_RECORD
  5
F00
330
1
100
AcDbSymbolTableRecord
100
AcDbBlockTableRecord
  2
*D104
340
0
 70
     0
280
     1
281
     0
  0
BLOCK_RECORD
  5
F0C
330
1
100
AcDbSymbolTableRecord
100
AcDbBlockTableRecord
  2
*D105
340
0
 70
     0
280
     1
281
     0
  0
BLOCK_RECORD
  5
F18
330
1
100
AcDbSymbolTableRecord
100
AcDbBlockTableRecord
  2
*D106
340
0
 70
     0
280
     1
281
     0
  0
BLOCK_RECORD
  5
F24
330
1
100
AcDbSymbolTableRecord
100
AcDbBlockTableRecord
  2
*D107
340
0
 70
     0
280
     1
281
     0
  0
BLOCK_RECORD
  5
F30
330
1
100
AcDbSymbolTableRecord
100
AcDbBlockTableRecord
  2
*D108
340
0
 70
     0
280
     1
281
     0
  0
BLOCK_RECORD
  5
F3C
330
1
100
AcDbSymbolTableRecord
100
AcDbBlockTableRecord
  2
*D109
340
0
 70
     0
280
     1
281
     0
  0
BLOCK_RECORD
  5
F48
330
1
100
AcDbSymbolTableRecord
100
AcDbBlockTableRecord
  2
*D110
340
0
 70
     0
280
     1
281
     0
  0
BLOCK_RECORD
  5
F54
330
1
100
AcDbSymbolTableRecord
100
AcDbBlockTableRecord
  2
*D111
340
0
 70
     0
280
     1
281
     0
  0
BLOCK_RECORD
  5
F62
330
1
100
AcDbSymbolTableRecord
100
AcDbBlockTableRecord
  2
*D112
340
0
 70
     0
280
     1
281
     0
  0
BLOCK_RECORD
  5
F6E
330
1
100
AcDbSymbolTableRecord
100
AcDbBlockTableRecord
  2
*D113
340
0
 70
     0
280
     1
281
     0
  0
BLOCK_RECORD
  5
F7A
330
1
100
AcDbSymbolTableRecord
100
AcDbBlockTableRecord
  2
*D114
340
0
 70
     0
280
     1
281
     0
  0
BLOCK_RECORD
  5
F86
330
1
100
AcDbSymbolTableRecord
100
AcDbBlockTableRecord
  2
*D115
340
0
 70
     0
280
     1
281
     0
  0
BLOCK_RECORD
  5
F92
330
1
100
AcDbSymbolTableRecord
100
AcDbBlockTableRecord
  2
*D116
340
0
 70
     0
280
     1
281
     0
  0
BLOCK_RECORD
  5
F9E
330
1
100
AcDbSymbolTableRecord
100
AcDbBlockTableRecord
  2
*D117
340
0
 70
     0
280
     1
281
     0
  0
BLOCK_RECORD
  5
FAA
330
1
100
AcDbSymbolTableRecord
100
AcDbBlockTableRecord
  2
*D118
340
0
 70
     0
280
     1
281
     0
  0
BLOCK_RECORD
  5
FB6
330
1
100
AcDbSymbolTableRecord
100
AcDbBlockTableRecord
  2
*D119
340
0
 70
     0
280
     1
281
     0
  0
BLOCK_RECORD
  5
FC2
330
1
100
AcDbSymbolTableRecord
100
AcDbBlockTableRecord
  2
*D120
340
0
 70
     0
280
     1
281
     0
  0
BLOCK_RECORD
  5
FCE
330
1
100
AcDbSymbolTableRecord
100
AcDbBlockTableRecord
  2
*D121
340
0
 70
     0
280
     1
281
     0
  0
BLOCK_RECORD
  5
FDA
330
1
100
AcDbSymbolTableRecord
100
AcDbBlockTableRecord
  2
*D122
340
0
 70
     0
280
     1
281
     0
  0
BLOCK_RECORD
  5
FE6
330
1
100
AcDbSymbolTableRecord
100
AcDbBlockTableRecord
  2
*D123
340
0
 70
     0
280
     1
281
     0
  0
BLOCK_RECORD
  5
FF2
330
1
100
AcDbSymbolTableRecord
100
AcDbBlockTableRecord
  2
*D124
340
0
 70
     0
280
     1
281
     0
  0
BLOCK_RECORD
  5
FFE
330
1
100
AcDbSymbolTableRecord
100
AcDbBlockTableRecord
  2
*D125
340
0
 70
     0
280
     1
281
     0
  0
BLOCK_RECORD
  5
100A
330
1
100
AcDbSymbolTableRecord
100
AcDbBlockTableRecord
  2
*D126
340
0
 70
     0
280
     1
281
     0
  0
BLOCK_RECORD
  5
1016
330
1
100
AcDbSymbolTableRecord
100
AcDbBlockTableRecord
  2
*D127
340
0
 70
     0
280
     1
281
     0
  0
BLOCK_RECORD
  5
1022
330
1
100
AcDbSymbolTableRecord
100
AcDbBlockTableRecord
  2
*D128
340
0
 70
     0
280
     1
281
     0
  0
BLOCK_RECORD
  5
102E
330
1
100
AcDbSymbolTableRecord
100
AcDbBlockTableRecord
  2
*D129
340
0
 70
     0
280
     1
281
     0
  0
BLOCK_RECORD
  5
103A
330
1
100
AcDbSymbolTableRecord
100
AcDbBlockTableRecord
  2
*D130
340
0
 70
     0
280
     1
281
     0
  0
BLOCK_RECORD
  5
1048
330
1
100
AcDbSymbolTableRecord
100
AcDbBlockTableRecord
  2
*D131
340
0
 70
     0
280
     1
281
     0
  0
BLOCK_RECORD
  5
1054
330
1
100
AcDbSymbolTableRecord
100
AcDbBlockTableRecord
  2
*D132
340
0
 70
     0
280
     1
281
     0
  0
BLOCK_RECORD
  5
1060
330
1
100
AcDbSymbolTableRecord
100
AcDbBlockTableRecord
  2
*D133
340
0
 70
     0
280
     1
281
     0
  0
BLOCK_RECORD
  5
106C
330
1
100
AcDbSymbolTableRecord
100
AcDbBlockTableRecord
  2
*D134
340
0
 70
     0
280
     1
281
     0
  0
BLOCK_RECORD
  5
1078
330
1
100
AcDbSymbolTableRecord
100
AcDbBlockTableRecord
  2
*D135
340
0
 70
     0
280
     1
281
     0
  0
BLOCK_RECORD
  5
1084
330
1
100
AcDbSymbolTableRecord
100
AcDbBlockTableRecord
  2
*D136
340
0
 70
     0
280
     1
281
     0
  0
BLOCK_RECORD
  5
1090
330
1
100
AcDbSymbolTableRecord
100
AcDbBlockTableRecord
  2
*D137
340
0
 70
     0
280
     1
281
     0
  0
BLOCK_RECORD
  5
1168
330
1
100
AcDbSymbolTableRecord
100
AcDbBlockTableRecord
  2
*D138
340
0
 70
     0
280
     1
281
     0
  0
BLOCK_RECORD
  5
1176
330
1
100
AcDbSymbolTableRecord
100
AcDbBlockTableRecord
  2
*D139
340
0
 70
     0
280
     1
281
     0
  0
BLOCK_RECORD
  5
1182
330
1
100
AcDbSymbolTableRecord
100
AcDbBlockTableRecord
  2
*D140
340
0
 70
     0
280
     1
281
     0
  0
BLOCK_RECORD
  5
118E
330
1
100
AcDbSymbolTableRecord
100
AcDbBlockTableRecord
  2
*D141
340
0
 70
     0
280
     1
281
     0
  0
BLOCK_RECORD
  5
119A
330
1
100
AcDbSymbolTableRecord
100
AcDbBlockTableRecord
  2
*D142
340
0
 70
     0
280
     1
281
     0
  0
BLOCK_RECORD
  5
11A6
330
1
100
AcDbSymbolTableRecord
100
AcDbBlockTableRecord
  2
*D143
340
0
 70
     0
280
     1
281
     0
  0
BLOCK_RECORD
  5
11B2
330
1
100
AcDbSymbolTableRecord
100
AcDbBlockTableRecord
  2
*D144
340
0
 70
     0
280
     1
281
     0
  0
BLOCK_RECORD
  5
12BE
330
1
100
AcDbSymbolTableRecord
100
AcDbBlockTableRecord
  2
*D145
340
0
 70
     0
280
     1
281
     0
  0
BLOCK_RECORD
  5
12CC
330
1
100
AcDbSymbolTableRecord
100
AcDbBlockTableRecord
  2
*D146
340
0
 70
     0
280
     1
281
     0
  0
BLOCK_RECORD
  5
12D8
330
1
100
AcDbSymbolTableRecord
100
AcDbBlockTableRecord
  2
*D147
340
0
 70
     0
280
     1
281
     0
  0
BLOCK_RECORD
  5
12E4
330
1
100
AcDbSymbolTableRecord
100
AcDbBlockTableRecord
  2
*D148
340
0
 70
     0
280
     1
281
     0
  0
BLOCK_RECORD
  5
12F0
330
1
100
AcDbSymbolTableRecord
100
AcDbBlockTableRecord
  2
*D149
340
0
 70
     0
280
     1
281
     0
  0
BLOCK_RECORD
  5
12FC
330
1
100
AcDbSymbolTableRecord
100
AcDbBlockTableRecord
  2
*D150
340
0
 70
     0
280
     1
281
     0
  0
BLOCK_RECORD
  5
1308
330
1
100
AcDbSymbolTableRecord
100
AcDbBlockTableRecord
  2
*D151
340
0
 70
     0
280
     1
281
     0
  0
BLOCK_RECORD
  5
178F
330
1
100
AcDbSymbolTableRecord
100
AcDbBlockTableRecord
  2
*D152
340
0
 70
     0
280
     1
281
     0
  0
BLOCK_RECORD
  5
179B
330
1
100
AcDbSymbolTableRecord
100
AcDbBlockTableRecord
  2
*D153
340
0
 70
     0
280
     1
281
     0
  0
BLOCK_RECORD
  5
17A7
330
1
100
AcDbSymbolTableRecord
100
AcDbBlockTableRecord
  2
*D154
340
0
 70
     0
280
     1
281
     0
  0
BLOCK_RECORD
  5
17B5
330
1
100
AcDbSymbolTableRecord
100
AcDbBlockTableRecord
  2
*D155
340
0
 70
     0
280
     1
281
     0
  0
BLOCK_RECORD
  5
17C1
330
1
100
AcDbSymbolTableRecord
100
AcDbBlockTableRecord
  2
*D156
340
0
 70
     0
280
     1
281
     0
  0
BLOCK_RECORD
  5
17CD
330
1
100
AcDbSymbolTableRecord
100
AcDbBlockTableRecord
  2
*D157
340
0
 70
     0
280
     1
281
     0
  0
BLOCK_RECORD
  5
17D9
330
1
100
AcDbSymbolTableRecord
100
AcDbBlockTableRecord
  2
*D158
340
0
 70
     0
280
     1
281
     0
  0
BLOCK_RECORD
  5
17E5
330
1
100
AcDbSymbolTableRecord
100
AcDbBlockTableRecord
  2
*D159
340
0
 70
     0
280
     1
281
     0
  0
BLOCK_RECORD
  5
17F1
330
1
100
AcDbSymbolTableRecord
100
AcDbBlockTableRecord
  2
*D160
340
0
 70
     0
280
     1
281
     0
  0
BLOCK_RECORD
  5
17FD
330
1
100
AcDbSymbolTableRecord
100
AcDbBlockTableRecord
  2
*D161
340
0
 70
     0
280
     1
281
     0
  0
BLOCK_RECORD
  5
1809
330
1
100
AcDbSymbolTableRecord
100
AcDbBlockTableRecord
  2
*D162
340
0
 70
     0
280
     1
281
     0
  0
BLOCK_RECORD
  5
1815
330
1
100
AcDbSymbolTableRecord
100
AcDbBlockTableRecord
  2
*D163
340
0
 70
     0
280
     1
281
     0
  0
BLOCK_RECORD
  5
1821
330
1
100
AcDbSymbolTableRecord
100
AcDbBlockTableRecord
  2
*D164
340
0
 70
     0
280
     1
281
     0
  0
BLOCK_RECORD
  5
182D
330
1
100
AcDbSymbolTableRecord
100
AcDbBlockTableRecord
  2
*D165
340
0
 70
     0
280
     1
281
     0
  0
BLOCK_RECORD
  5
1839
330
1
100
AcDbSymbolTableRecord
100
AcDbBlockTableRecord
  2
*D166
340
0
 70
     0
280
     1
281
     0
  0
BLOCK_RECORD
  5
1845
330
1
100
AcDbSymbolTableRecord
100
AcDbBlockTableRecord
  2
*D167
340
0
 70
     0
280
     1
281
     0
  0
BLOCK_RECORD
  5
1851
330
1
100
AcDbSymbolTableRecord
100
AcDbBlockTableRecord
  2
*D168
340
0
 70
     0
280
     1
281
     0
  0
BLOCK_RECORD
  5
185D
330
1
100
AcDbSymbolTableRecord
100
AcDbBlockTableRecord
  2
*D169
340
0
 70
     0
280
     1
281
     0
  0
BLOCK_RECORD
  5
1869
330
1
100
AcDbSymbolTableRecord
100
AcDbBlockTableRecord
  2
*D170
340
0
 70
     0
280
     1
281
     0
  0
BLOCK_RECORD
  5
1875
330
1
100
AcDbSymbolTableRecord
100
AcDbBlockTableRecord
  2
*D171
340
0
 70
     0
280
     1
281
     0
  0
BLOCK_RECORD
  5
1881
330
1
100
AcDbSymbolTableRecord
100
AcDbBlockTableRecord
  2
*D172
340
0
 70
     0
280
     1
281
     0
  0
BLOCK_RECORD
  5
188D
330
1
100
AcDbSymbolTableRecord
100
AcDbBlockTableRecord
  2
*D173
340
0
 70
     0
280
     1
281
     0
  0
BLOCK_RECORD
  5
189B
330
1
100
AcDbSymbolTableRecord
100
AcDbBlockTableRecord
  2
*D174
340
0
 70
     0
280
     1
281
     0
  0
BLOCK_RECORD
  5
18A7
330
1
100
AcDbSymbolTableRecord
100
AcDbBlockTableRecord
  2
*D175
340
0
 70
     0
280
     1
281
     0
  0
BLOCK_RECORD
  5
18B3
330
1
100
AcDbSymbolTableRecord
100
AcDbBlockTableRecord
  2
*D176
340
0
 70
     0
280
     1
281
     0
  0
BLOCK_RECORD
  5
18BF
330
1
100
AcDbSymbolTableRecord
100
AcDbBlockTableRecord
  2
*D177
340
0
 70
     0
280
     1
281
     0
  0
BLOCK_RECORD
  5
18CB
330
1
100
AcDbSymbolTableRecord
100
AcDbBlockTableRecord
  2
*D178
340
0
 70
     0
280
     1
281
     0
  0
BLOCK_RECORD
  5
18D7
330
1
100
AcDbSymbolTableRecord
100
AcDbBlockTableRecord
  2
*D179
340
0
 70
     0
280
     1
281
     0
  0
BLOCK_RECORD
  5
18E3
330
1
100
AcDbSymbolTableRecord
100
AcDbBlockTableRecord
  2
*D180
340
0
 70
     0
280
     1
281
     0
  0
BLOCK_RECORD
  5
19B0
330
1
100
AcDbSymbolTableRecord
100
AcDbBlockTableRecord
  2
*D181
340
0
 70
     0
280
     1
281
     0
  0
BLOCK_RECORD
  5
19BE
330
1
100
AcDbSymbolTableRecord
100
AcDbBlockTableRecord
  2
*D182
340
0
 70
     0
280
     1
281
     0
  0
BLOCK_RECORD
  5
19CA
330
1
100
AcDbSymbolTableRecord
100
AcDbBlockTableRecord
  2
*D183
340
0
 70
     0
280
     1
281
     0
  0
BLOCK_RECORD
  5
19D6
330
1
100
AcDbSymbolTableRecord
100
AcDbBlockTableRecord
  2
*D184
340
0
 70
     0
280
     1
281
     0
  0
BLOCK_RECORD
  5
19E2
330
1
100
AcDbSymbolTableRecord
100
AcDbBlockTableRecord
  2
*D185
340
0
 70
     0
280
     1
281
     0
  0
BLOCK_RECORD
  5
19EE
330
1
100
AcDbSymbolTableRecord
100
AcDbBlockTableRecord
  2
*D186
340
0
 70
     0
280
     1
281
     0
  0
BLOCK_RECORD
  5
19FA
330
1
100
AcDbSymbolTableRecord
100
AcDbBlockTableRecord
  2
*D187
340
0
 70
     0
280
     1
281
     0
  0
BLOCK_RECORD
  5
1E3C
330
1
100
AcDbSymbolTableRecord
100
AcDbBlockTableRecord
  2
*D189
340
0
 70
     0
280
     1
281
     0
  0
BLOCK_RECORD
  5
1E48
330
1
100
AcDbSymbolTableRecord
100
AcDbBlockTableRecord
  2
*D190
340
0
 70
     0
280
     1
281
     0
  0
BLOCK_RECORD
  5
1E54
330
1
100
AcDbSymbolTableRecord
100
AcDbBlockTableRecord
  2
*D191
340
0
 70
     0
280
     1
281
     0
  0
BLOCK_RECORD
  5
1E60
330
1
100
AcDbSymbolTableRecord
100
AcDbBlockTableRecord
  2
*D192
340
0
 70
     0
280
     1
281
     0
  0
BLOCK_RECORD
  5
1E6C
330
1
100
AcDbSymbolTableRecord
100
AcDbBlockTableRecord
  2
*D193
340
0
 70
     0
280
     1
281
     0
  0
BLOCK_RECORD
  5
1E78
330
1
100
AcDbSymbolTableRecord
100
AcDbBlockTableRecord
  2
*D194
340
0
 70
     0
280
     1
281
     0
  0
BLOCK_RECORD
  5
1E84
330
1
100
AcDbSymbolTableRecord
100
AcDbBlockTableRecord
  2
*D195
340
0
 70
     0
280
     1
281
     0
  0
BLOCK_RECORD
  5
1E92
330
1
100
AcDbSymbolTableRecord
100
AcDbBlockTableRecord
  2
*D196
340
0
 70
     0
280
     1
281
     0
  0
BLOCK_RECORD
  5
1E9E
330
1
100
AcDbSymbolTableRecord
100
AcDbBlockTableRecord
  2
*D197
340
0
 70
     0
280
     1
281
     0
  0
BLOCK_RECORD
  5
1EAA
330
1
100
AcDbSymbolTableRecord
100
AcDbBlockTableRecord
  2
*D198
340
0
 70
     0
280
     1
281
     0
  0
BLOCK_RECORD
  5
1EB6
330
1
100
AcDbSymbolTableRecord
100
AcDbBlockTableRecord
  2
*D199
340
0
 70
     0
280
     1
281
     0
  0
BLOCK_RECORD
  5
1EC2
330
1
100
AcDbSymbolTableRecord
100
AcDbBlockTableRecord
  2
*D200
340
0
 70
     0
280
     1
281
     0
  0
BLOCK_RECORD
  5
1ECE
330
1
100
AcDbSymbolTableRecord
100
AcDbBlockTableRecord
  2
*D201
340
0
 70
     0
280
     1
281
     0
  0
BLOCK_RECORD
  5
1EDA
330
1
100
AcDbSymbolTableRecord
100
AcDbBlockTableRecord
  2
*D202
340
0
 70
     0
280
     1
281
     0
  0
BLOCK_RECORD
  5
1EE6
330
1
100
AcDbSymbolTableRecord
100
AcDbBlockTableRecord
  2
*D203
340
0
 70
     0
280
     1
281
     0
  0
BLOCK_RECORD
  5
1EF2
330
1
100
AcDbSymbolTableRecord
100
AcDbBlockTableRecord
  2
*D204
340
0
 70
     0
280
     1
281
     0
  0
BLOCK_RECORD
  5
1EFE
330
1
100
AcDbSymbolTableRecord
100
AcDbBlockTableRecord
  2
*D205
340
0
 70
     0
280
     1
281
     0
  0
BLOCK_RECORD
  5
1F0A
330
1
100
AcDbSymbolTableRecord
100
AcDbBlockTableRecord
  2
*D206
340
0
 70
     0
280
     1
281
     0
  0
BLOCK_RECORD
  5
1F16
330
1
100
AcDbSymbolTableRecord
100
AcDbBlockTableRecord
  2
*D207
340
0
 70
     0
280
     1
281
     0
  0
BLOCK_RECORD
  5
1F22
330
1
100
AcDbSymbolTableRecord
100
AcDbBlockTableRecord
  2
*D208
340
0
 70
     0
280
     1
281
     0
  0
BLOCK_RECORD
  5
1F2E
330
1
100
AcDbSymbolTableRecord
100
AcDbBlockTableRecord
  2
*D209
340
0
 70
     0
280
     1
281
     0
  0
BLOCK_RECORD
  5
1F3A
330
1
100
AcDbSymbolTableRecord
100
AcDbBlockTableRecord
  2
*D210
340
0
 70
     0
280
     1
281
     0
  0
BLOCK_RECORD
  5
1F48
330
1
100
AcDbSymbolTableRecord
100
AcDbBlockTableRecord
  2
*D211
340
0
 70
     0
280
     1
281
     0
  0
BLOCK_RECORD
  5
1F54
330
1
100
AcDbSymbolTableRecord
100
AcDbBlockTableRecord
  2
*D212
340
0
 70
     0
280
     1
281
     0
  0
BLOCK_RECORD
  5
1F60
330
1
100
AcDbSymbolTableRecord
100
AcDbBlockTableRecord
  2
*D213
340
0
 70
     0
280
     1
281
     0
  0
BLOCK_RECORD
  5
1F6C
330
1
100
AcDbSymbolTableRecord
100
AcDbBlockTableRecord
  2
*D214
340
0
 70
     0
280
     1
281
     0
  0
BLOCK_RECORD
  5
1F78
330
1
100
AcDbSymbolTableRecord
100
AcDbBlockTableRecord
  2
*D215
340
0
 70
     0
280
     1
281
     0
  0
BLOCK_RECORD
  5
1F84
330
1
100
AcDbSymbolTableRecord
100
AcDbBlockTableRecord
  2
*D216
340
0
 70
     0
280
     1
281
     0
  0
BLOCK_RECORD
  5
1F90
330
1
100
AcDbSymbolTableRecord
100
AcDbBlockTableRecord
  2
*D217
340
0
 70
     0
280
     1
281
     0
  0
BLOCK_RECORD
  5
1F9C
330
1
100
AcDbSymbolTableRecord
100
AcDbBlockTableRecord
  2
*D218
340
0
 70
     0
280
     1
281
     0
  0
BLOCK_RECORD
  5
1FA8
330
1
100
AcDbSymbolTableRecord
100
AcDbBlockTableRecord
  2
*D219
340
0
 70
     0
280
     1
281
     0
  0
BLOCK_RECORD
  5
1FB4
330
1
100
AcDbSymbolTableRecord
100
AcDbBlockTableRecord
  2
*D220
340
0
 70
     0
280
     1
281
     0
  0
BLOCK_RECORD
  5
1FC0
330
1
100
AcDbSymbolTableRecord
100
AcDbBlockTableRecord
  2
*D221
340
0
 70
     0
280
     1
281
     0
  0
BLOCK_RECORD
  5
1FCE
330
1
100
AcDbSymbolTableRecord
100
AcDbBlockTableRecord
  2
*D222
340
0
 70
     0
280
     1
281
     0
  0
BLOCK_RECORD
  5
1FDA
330
1
100
AcDbSymbolTableRecord
100
AcDbBlockTableRecord
  2
*D223
340
0
 70
     0
280
     1
281
     0
  0
BLOCK_RECORD
  5
1FE6
330
1
100
AcDbSymbolTableRecord
100
AcDbBlockTableRecord
  2
*D224
340
0
 70
     0
280
     1
281
     0
  0
BLOCK_RECORD
  5
1FF4
330
1
100
AcDbSymbolTableRecord
100
AcDbBlockTableRecord
  2
*D225
340
0
 70
     0
280
     1
281
     0
  0
BLOCK_RECORD
  5
2000
330
1
100
AcDbSymbolTableRecord
100
AcDbBlockTableRecord
  2
*D226
340
0
 70
     0
280
     1
281
     0
  0
BLOCK_RECORD
  5
200C
330
1
100
AcDbSymbolTableRecord
100
AcDbBlockTableRecord
  2
*D227
340
0
 70
     0
280
     1
281
     0
  0
BLOCK_RECORD
  5
2018
330
1
100
AcDbSymbolTableRecord
100
AcDbBlockTableRecord
  2
*D228
340
0
 70
     0
280
     1
281
     0
  0
BLOCK_RECORD
  5
2024
330
1
100
AcDbSymbolTableRecord
100
AcDbBlockTableRecord
  2
*D229
340
0
 70
     0
280
     1
281
     0
  0
BLOCK_RECORD
  5
2030
330
1
100
AcDbSymbolTableRecord
100
AcDbBlockTableRecord
  2
*D230
340
0
 70
     0
280
     1
281
     0
  0
BLOCK_RECORD
  5
203C
330
1
100
AcDbSymbolTableRecord
100
AcDbBlockTableRecord
  2
*D231
340
0
 70
     0
280
     1
281
     0
  0
BLOCK_RECORD
  5
204A
330
1
100
AcDbSymbolTableRecord
100
AcDbBlockTableRecord
  2
*D232
340
0
 70
     0
280
     1
281
     0
  0
BLOCK_RECORD
  5
2056
330
1
100
AcDbSymbolTableRecord
100
AcDbBlockTableRecord
  2
*D233
340
0
 70
     0
280
     1
281
     0
  0
BLOCK_RECORD
  5
2062
330
1
100
AcDbSymbolTableRecord
100
AcDbBlockTableRecord
  2
*D234
340
0
 70
     0
280
     1
281
     0
  0
BLOCK_RECORD
  5
206E
330
1
100
AcDbSymbolTableRecord
100
AcDbBlockTableRecord
  2
*D235
340
0
 70
     0
280
     1
281
     0
  0
BLOCK_RECORD
  5
207A
330
1
100
AcDbSymbolTableRecord
100
AcDbBlockTableRecord
  2
*D236
340
0
 70
     0
280
     1
281
     0
  0
BLOCK_RECORD
  5
2086
330
1
100
AcDbSymbolTableRecord
100
AcDbBlockTableRecord
  2
*D237
340
0
 70
     0
280
     1
281
     0
  0
BLOCK_RECORD
  5
2092
330
1
100
AcDbSymbolTableRecord
100
AcDbBlockTableRecord
  2
*D238
340
0
 70
     0
280
     1
281
     0
  0
BLOCK_RECORD
  5
20A0
330
1
100
AcDbSymbolTableRecord
100
AcDbBlockTableRecord
  2
*D239
340
0
 70
     0
280
     1
281
     0
  0
BLOCK_RECORD
  5
20AC
330
1
100
AcDbSymbolTableRecord
100
AcDbBlockTableRecord
  2
*D240
340
0
 70
     0
280
     1
281
     0
  0
BLOCK_RECORD
  5
20B8
330
1
100
AcDbSymbolTableRecord
100
AcDbBlockTableRecord
  2
*D241
340
0
 70
     0
280
     1
281
     0
  0
BLOCK_RECORD
  5
20C4
330
1
100
AcDbSymbolTableRecord
100
AcDbBlockTableRecord
  2
*D242
340
0
 70
     0
280
     1
281
     0
  0
BLOCK_RECORD
  5
20D0
330
1
100
AcDbSymbolTableRecord
100
AcDbBlockTableRecord
  2
*D243
340
0
 70
     0
280
     1
281
     0
  0
BLOCK_RECORD
  5
20DC
330
1
100
AcDbSymbolTableRecord
100
AcDbBlockTableRecord
  2
*D244
340
0
 70
     0
280
     1
281
     0
  0
BLOCK_RECORD
  5
20E8
330
1
100
AcDbSymbolTableRecord
100
AcDbBlockTableRecord
  2
*D245
340
0
 70
     0
280
     1
281
     0
  0
BLOCK_RECORD
  5
20F4
330
1
100
AcDbSymbolTableRecord
100
AcDbBlockTableRecord
  2
*D246
340
0
 70
     0
280
     1
281
     0
  0
BLOCK_RECORD
  5
2100
330
1
100
AcDbSymbolTableRecord
100
AcDbBlockTableRecord
  2
*D247
340
0
 70
     0
280
     1
281
     0
  0
BLOCK_RECORD
  5
210E
330
1
100
AcDbSymbolTableRecord
100
AcDbBlockTableRecord
  2
*D248
340
0
 70
     0
280
     1
281
     0
  0
BLOCK_RECORD
  5
211A
330
1
100
AcDbSymbolTableRecord
100
AcDbBlockTableRecord
  2
*D249
340
0
 70
     0
280
     1
281
     0
  0
BLOCK_RECORD
  5
2126
330
1
100
AcDbSymbolTableRecord
100
AcDbBlockTableRecord
  2
*D250
340
0
 70
     0
280
     1
281
     0
  0
BLOCK_RECORD
  5
2132
330
1
100
AcDbSymbolTableRecord
100
AcDbBlockTableRecord
  2
*D251
340
0
 70
     0
280
     1
281
     0
  0
BLOCK_RECORD
  5
213E
330
1
100
AcDbSymbolTableRecord
100
AcDbBlockTableRecord
  2
*D252
340
0
 70
     0
280
     1
281
     0
  0
BLOCK_RECORD
  5
214A
330
1
100
AcDbSymbolTableRecord
100
AcDbBlockTableRecord
  2
*D253
340
0
 70
     0
280
     1
281
     0
  0
BLOCK_RECORD
  5
2156
330
1
100
AcDbSymbolTableRecord
100
AcDbBlockTableRecord
  2
*D254
340
0
 70
     0
280
     1
281
     0
  0
BLOCK_RECORD
  5
2162
330
1
100
AcDbSymbolTableRecord
100
AcDbBlockTableRecord
  2
*D255
340
0
 70
     0
280
     1
281
     0
  0
BLOCK_RECORD
  5
216E
330
1
100
AcDbSymbolTableRecord
100
AcDbBlockTableRecord
  2
*D256
340
0
 70
     0
280
     1
281
     0
  0
BLOCK_RECORD
  5
217A
330
1
100
AcDbSymbolTableRecord
100
AcDbBlockTableRecord
  2
*D257
340
0
 70
     0
280
     1
281
     0
  0
BLOCK_RECORD
  5
2186
330
1
100
AcDbSymbolTableRecord
100
AcDbBlockTableRecord
  2
*D258
340
0
 70
     0
280
     1
281
     0
  0
BLOCK_RECORD
  5
2194
330
1
100
AcDbSymbolTableRecord
100
AcDbBlockTableRecord
  2
*D259
340
0
 70
     0
280
     1
281
     0
  0
BLOCK_RECORD
  5
21A0
330
1
100
AcDbSymbolTableRecord
100
AcDbBlockTableRecord
  2
*D260
340
0
 70
     0
280
     1
281
     0
  0
BLOCK_RECORD
  5
290F
330
1
100
AcDbSymbolTableRecord
100
AcDbBlockTableRecord
  2
*D262
340
0
 70
     0
280
     1
281
     0
  0
BLOCK_RECORD
  5
291B
330
1
100
AcDbSymbolTableRecord
100
AcDbBlockTableRecord
  2
*D263
340
0
 70
     0
280
     1
281
     0
  0
BLOCK_RECORD
  5
2927
330
1
100
AcDbSymbolTableRecord
100
AcDbBlockTableRecord
  2
*D264
340
0
 70
     0
280
     1
281
     0
  0
BLOCK_RECORD
  5
2935
330
1
100
AcDbSymbolTableRecord
100
AcDbBlockTableRecord
  2
*D265
340
0
 70
     0
280
     1
281
     0
  0
BLOCK_RECORD
  5
2941
330
1
100
AcDbSymbolTableRecord
100
AcDbBlockTableRecord
  2
*D266
340
0
 70
     0
280
     1
281
     0
  0
BLOCK_RECORD
  5
294D
330
1
100
AcDbSymbolTableRecord
100
AcDbBlockTableRecord
  2
*D267
340
0
 70
     0
280
     1
281
     0
  0
BLOCK_RECORD
  5
2959
330
1
100
AcDbSymbolTableRecord
100
AcDbBlockTableRecord
  2
*D268
340
0
 70
     0
280
     1
281
     0
  0
BLOCK_RECORD
  5
2965
330
1
100
AcDbSymbolTableRecord
100
AcDbBlockTableRecord
  2
*D269
340
0
 70
     0
280
     1
281
     0
  0
BLOCK_RECORD
  5
2971
330
1
100
AcDbSymbolTableRecord
100
AcDbBlockTableRecord
  2
*D270
340
0
 70
     0
280
     1
281
     0
  0
BLOCK_RECORD
  5
297D
330
1
100
AcDbSymbolTableRecord
100
AcDbBlockTableRecord
  2
*D271
340
0
 70
     0
280
     1
281
     0
  0
BLOCK_RECORD
  5
2989
330
1
100
AcDbSymbolTableRecord
100
AcDbBlockTableRecord
  2
*D272
340
0
 70
     0
280
     1
281
     0
  0
BLOCK_RECORD
  5
2995
330
1
100
AcDbSymbolTableRecord
100
AcDbBlockTableRecord
  2
*D273
340
0
 70
     0
280
     1
281
     0
  0
BLOCK_RECORD
  5
29A1
330
1
100
AcDbSymbolTableRecord
100
AcDbBlockTableRecord
  2
*D274
340
0
 70
     0
280
     1
281
     0
  0
BLOCK_RECORD
  5
29AD
330
1
100
AcDbSymbolTableRecord
100
AcDbBlockTableRecord
  2
*D275
340
0
 70
     0
280
     1
281
     0
  0
BLOCK_RECORD
  5
29B9
330
1
100
AcDbSymbolTableRecord
100
AcDbBlockTableRecord
  2
*D276
340
0
 70
     0
280
     1
281
     0
  0
BLOCK_RECORD
  5
29C5
330
1
100
AcDbSymbolTableRecord
100
AcDbBlockTableRecord
  2
*D277
340
0
 70
     0
280
     1
281
     0
  0
BLOCK_RECORD
  5
29D1
330
1
100
AcDbSymbolTableRecord
100
AcDbBlockTableRecord
  2
*D278
340
0
 70
     0
280
     1
281
     0
  0
BLOCK_RECORD
  5
29DD
330
1
100
AcDbSymbolTableRecord
100
AcDbBlockTableRecord
  2
*D279
340
0
 70
     0
280
     1
281
     0
  0
BLOCK_RECORD
  5
29E9
330
1
100
AcDbSymbolTableRecord
100
AcDbBlockTableRecord
  2
*D280
340
0
 70
     0
280
     1
281
     0
  0
BLOCK_RECORD
  5
29F5
330
1
100
AcDbSymbolTableRecord
100
AcDbBlockTableRecord
  2
*D281
340
0
 70
     0
280
     1
281
     0
  0
BLOCK_RECORD
  5
2A01
330
1
100
AcDbSymbolTableRecord
100
AcDbBlockTableRecord
  2
*D282
340
0
 70
     0
280
     1
281
     0
  0
BLOCK_RECORD
  5
2A0D
330
1
100
AcDbSymbolTableRecord
100
AcDbBlockTableRecord
  2
*D283
340
0
 70
     0
280
     1
281
     0
  0
BLOCK_RECORD
  5
2A1B
330
1
100
AcDbSymbolTableRecord
100
AcDbBlockTableRecord
  2
*D284
340
0
 70
     0
280
     1
281
     0
  0
BLOCK_RECORD
  5
2A27
330
1
100
AcDbSymbolTableRecord
100
AcDbBlockTableRecord
  2
*D285
340
0
 70
     0
280
     1
281
     0
  0
BLOCK_RECORD
  5
2A33
330
1
100
AcDbSymbolTableRecord
100
AcDbBlockTableRecord
  2
*D286
340
0
 70
     0
280
     1
281
     0
  0
BLOCK_RECORD
  5
2A3F
330
1
100
AcDbSymbolTableRecord
100
AcDbBlockTableRecord
  2
*D287
340
0
 70
     0
280
     1
281
     0
  0
BLOCK_RECORD
  5
2A4B
330
1
100
AcDbSymbolTableRecord
100
AcDbBlockTableRecord
  2
*D288
340
0
 70
     0
280
     1
281
     0
  0
BLOCK_RECORD
  5
2A57
330
1
100
AcDbSymbolTableRecord
100
AcDbBlockTableRecord
  2
*D289
340
0
 70
     0
280
     1
281
     0
  0
BLOCK_RECORD
  5
2A63
330
1
100
AcDbSymbolTableRecord
100
AcDbBlockTableRecord
  2
*D290
340
0
 70
     0
280
     1
281
     0
  0
BLOCK_RECORD
  5
2A71
330
1
100
AcDbSymbolTableRecord
100
AcDbBlockTableRecord
  2
*D291
340
0
 70
     0
280
     1
281
     0
  0
BLOCK_RECORD
  5
2A7D
330
1
100
AcDbSymbolTableRecord
100
AcDbBlockTableRecord
  2
*D292
340
0
 70
     0
280
     1
281
     0
  0
BLOCK_RECORD
  5
2A89
330
1
100
AcDbSymbolTableRecord
100
AcDbBlockTableRecord
  2
*D293
340
0
 70
     0
280
     1
281
     0
  0
BLOCK_RECORD
  5
2A97
330
1
100
AcDbSymbolTableRecord
100
AcDbBlockTableRecord
  2
*D294
340
0
 70
     0
280
     1
281
     0
  0
BLOCK_RECORD
  5
2AA3
330
1
100
AcDbSymbolTableRecord
100
AcDbBlockTableRecord
  2
*D295
340
0
 70
     0
280
     1
281
     0
  0
BLOCK_RECORD
  5
2AAF
330
1
100
AcDbSymbolTableRecord
100
AcDbBlockTableRecord
  2
*D296
340
0
 70
     0
280
     1
281
     0
  0
BLOCK_RECORD
  5
2ABB
330
1
100
AcDbSymbolTableRecord
100
AcDbBlockTableRecord
  2
*D297
340
0
 70
     0
280
     1
281
     0
  0
BLOCK_RECORD
  5
2AC7
330
1
100
AcDbSymbolTableRecord
100
AcDbBlockTableRecord
  2
*D298
340
0
 70
     0
280
     1
281
     0
  0
BLOCK_RECORD
  5
2AD3
330
1
100
AcDbSymbolTableRecord
100
AcDbBlockTableRecord
  2
*D299
340
0
 70
     0
280
     1
281
     0
  0
BLOCK_RECORD
  5
2ADF
330
1
100
AcDbSymbolTableRecord
100
AcDbBlockTableRecord
  2
*D300
340
0
 70
     0
280
     1
281
     0
  0
BLOCK_RECORD
  5
2AEB
330
1
100
AcDbSymbolTableRecord
100
AcDbBlockTableRecord
  2
*D301
340
0
 70
     0
280
     1
281
     0
  0
BLOCK_RECORD
  5
2AF7
330
1
100
AcDbSymbolTableRecord
100
AcDbBlockTableRecord
  2
*D302
340
0
 70
     0
280
     1
281
     0
  0
BLOCK_RECORD
  5
2B03
330
1
100
AcDbSymbolTableRecord
100
AcDbBlockTableRecord
  2
*D303
340
0
 70
     0
280
     1
281
     0
  0
BLOCK_RECORD
  5
2B0F
330
1
100
AcDbSymbolTableRecord
100
AcDbBlockTableRecord
  2
*D304
340
0
 70
     0
280
     1
281
     0
  0
BLOCK_RECORD
  5
2B1D
330
1
100
AcDbSymbolTableRecord
100
AcDbBlockTableRecord
  2
*D305
340
0
 70
     0
280
     1
281
     0
  0
BLOCK_RECORD
  5
2B29
330
1
100
AcDbSymbolTableRecord
100
AcDbBlockTableRecord
  2
*D306
340
0
 70
     0
280
     1
281
     0
  0
BLOCK_RECORD
  5
2B35
330
1
100
AcDbSymbolTableRecord
100
AcDbBlockTableRecord
  2
*D307
340
0
 70
     0
280
     1
281
     0
  0
BLOCK_RECORD
  5
2B41
330
1
100
AcDbSymbolTableRecord
100
AcDbBlockTableRecord
  2
*D308
340
0
 70
     0
280
     1
281
     0
  0
BLOCK_RECORD
  5
2B4D
330
1
100
AcDbSymbolTableRecord
100
AcDbBlockTableRecord
  2
*D309
340
0
 70
     0
280
     1
281
     0
  0
BLOCK_RECORD
  5
2B59
330
1
100
AcDbSymbolTableRecord
100
AcDbBlockTableRecord
  2
*D310
340
0
 70
     0
280
     1
281
     0
  0
BLOCK_RECORD
  5
2B65
330
1
100
AcDbSymbolTableRecord
100
AcDbBlockTableRecord
  2
*D311
340
0
 70
     0
280
     1
281
     0
  0
BLOCK_RECORD
  5
2B71
330
1
100
AcDbSymbolTableRecord
100
AcDbBlockTableRecord
  2
*D312
340
0
 70
     0
280
     1
281
     0
  0
BLOCK_RECORD
  5
2B7D
330
1
100
AcDbSymbolTableRecord
100
AcDbBlockTableRecord
  2
*D313
340
0
 70
     0
280
     1
281
     0
  0
BLOCK_RECORD
  5
2B8B
330
1
100
AcDbSymbolTableRecord
100
AcDbBlockTableRecord
  2
*D314
340
0
 70
     0
280
     1
281
     0
  0
BLOCK_RECORD
  5
2B97
330
1
100
AcDbSymbolTableRecord
100
AcDbBlockTableRecord
  2
*D315
340
0
 70
     0
280
     1
281
     0
  0
BLOCK_RECORD
  5
2BA3
330
1
100
AcDbSymbolTableRecord
100
AcDbBlockTableRecord
  2
*D316
340
0
 70
     0
280
     1
281
     0
  0
BLOCK_RECORD
  5
2BAF
330
1
100
AcDbSymbolTableRecord
100
AcDbBlockTableRecord
  2
*D317
340
0
 70
     0
280
     1
281
     0
  0
BLOCK_RECORD
  5
2BBB
330
1
100
AcDbSymbolTableRecord
100
AcDbBlockTableRecord
  2
*D318
340
0
 70
     0
280
     1
281
     0
  0
BLOCK_RECORD
  5
2BC7
330
1
100
AcDbSymbolTableRecord
100
AcDbBlockTableRecord
  2
*D319
340
0
 70
     0
280
     1
281
     0
  0
BLOCK_RECORD
  5
2C92
330
1
100
AcDbSymbolTableRecord
100
AcDbBlockTableRecord
  2
*D320
340
0
 70
     0
280
     1
281
     0
  0
BLOCK_RECORD
  5
2CA0
330
1
100
AcDbSymbolTableRecord
100
AcDbBlockTableRecord
  2
*D321
340
0
 70
     0
280
     1
281
     0
  0
BLOCK_RECORD
  5
2CAC
330
1
100
AcDbSymbolTableRecord
100
AcDbBlockTableRecord
  2
*D322
340
0
 70
     0
280
     1
281
     0
  0
BLOCK_RECORD
  5
2CB8
330
1
100
AcDbSymbolTableRecord
100
AcDbBlockTableRecord
  2
*D323
340
0
 70
     0
280
     1
281
     0
  0
BLOCK_RECORD
  5
2CC4
330
1
100
AcDbSymbolTableRecord
100
AcDbBlockTableRecord
  2
*D324
340
0
 70
     0
280
     1
281
     0
  0
BLOCK_RECORD
  5
2CD0
330
1
100
AcDbSymbolTableRecord
100
AcDbBlockTableRecord
  2
*D325
340
0
 70
     0
280
     1
281
     0
  0
BLOCK_RECORD
  5
2CDC
330
1
100
AcDbSymbolTableRecord
100
AcDbBlockTableRecord
  2
*D326
340
0
 70
     0
280
     1
281
     0
  0
BLOCK_RECORD
  5
2DFE
330
1
100
AcDbSymbolTableRecord
100
AcDbBlockTableRecord
  2
*D327
340
0
 70
     0
280
     1
281
     0
  0
BLOCK_RECORD
  5
2E0C
330
1
100
AcDbSymbolTableRecord
100
AcDbBlockTableRecord
  2
*D328
340
0
 70
     0
280
     1
281
     0
  0
BLOCK_RECORD
  5
2E18
330
1
100
AcDbSymbolTableRecord
100
AcDbBlockTableRecord
  2
*D329
340
0
 70
     0
280
     1
281
     0
  0
BLOCK_RECORD
  5
2E24
330
1
100
AcDbSymbolTableRecord
100
AcDbBlockTableRecord
  2
*D330
340
0
 70
     0
280
     1
281
     0
  0
BLOCK_RECORD
  5
2E30
330
1
100
AcDbSymbolTableRecord
100
AcDbBlockTableRecord
  2
*D331
340
0
 70
     0
280
     1
281
     0
  0
BLOCK_RECORD
  5
2E3C
330
1
100
AcDbSymbolTableRecord
100
AcDbBlockTableRecord
  2
*D332
340
0
 70
     0
280
     1
281
     0
  0
BLOCK_RECORD
  5
2E48
330
1
100
AcDbSymbolTableRecord
100
AcDbBlockTableRecord
  2
*D333
340
0
 70
     0
280
     1
281
     0
  0
ENDTAB
  0
ENDSEC
  0
SECTION
  2
BLOCKS
  0
BLOCK
  5
20
330
1F
100
AcDbEntity
  8
0
100
AcDbBlockBegin
  2
*Model_Space
 70
     0
 10
0.0
 20
0.0
 30
0.0
  3
*Model_Space
  1

  0
ENDBLK
  5
21
330
1F
100
AcDbEntity
  8
0
100
AcDbBlockEnd
  0
BLOCK
  5
D4
330
D2
100
AcDbEntity
 67
     1
  8
0
100
AcDbBlockBegin
  2
*Paper_Space
 70
     0
 10
0.0
 20
0.0
 30
0.0
  3
*Paper_Space
  1

  0
ENDBLK
  5
D5
330
D2
100
AcDbEntity
 67
     1
  8
0
100
AcDbBlockEnd
  0
BLOCK
  5
D8
330
D6
100
AcDbEntity
 67
     1
  8
0
100
AcDbBlockBegin
  2
*Paper_Space0
 70
     0
 10
0.0
 20
0.0
 30
0.0
  3
*Paper_Space0
  1

  0
ENDBLK
  5
D9
330
D6
100
AcDbEntity
 67
     1
  8
0
100
AcDbBlockEnd
  0
BLOCK
  5
2A1
330
2A0
100
AcDbEntity
  8
0
100
AcDbBlockBegin
  2
_Oblique
 70
     0
 10
0.0
 20
0.0
 30
0.0
  3
_Oblique
  1

  0
LINE
  5
2A2
330
2A0
100
AcDbEntity
  8
0
  6
ByBlock
 62
     0
370
    -2
100
AcDbLine
 10
-0.5
 20
-0.5
 30
0.0
 11
0.5
 21
0.5
 31
0.0
  0
ENDBLK
  5
2A3
330
2A0
100
AcDbEntity
  8
0
100
AcDbBlockEnd
  0
BLOCK
  5
2A7
330
2A4
100
AcDbEntity
  8
0
100
AcDbBlockBegin
  2
PCDIM_TICK
 70
     0
 10
0.0
 20
0.0
 30
0.0
  3
PCDIM_TICK
  1

  0
LINE
  5
2A8
330
2A4
100
AcDbEntity
  8
Dimension Line
 62
     0
440
 33554687
100
AcDbLine
 10
0.5749999880790712
 20
0.5749999880790711
 30
0.0
 11
-0.5749999880790713
 21
-0.5749999880790711
 31
0.0
  0
LINE
  5
2A9
330
2A4
100
AcDbEntity
  8
Dimension Line
 62
     0
440
 33554687
100
AcDbLine
 10
0.8049999833106994
 20
0.0
 30
0.0
 11
0.0
 21
0.0
 31
0.0
  0
ENDBLK
  5
2AA
330
2A4
100
AcDbEntity
  8
0
100
AcDbBlockEnd
  0
BLOCK
  5
2AC
330
2AB
100
AcDbEntity
  8
0
100
AcDbBlockBegin
  2
_ArchTick
 70
     0
 10
0.0
 20
0.0
 30
0.0
  3
_ArchTick
  1

  0
LWPOLYLINE
  5
2AD
330
2AB
100
AcDbEntity
  8
0
  6
ByBlock
 62
     0
100
AcDbPolyline
 90
        2
 70
     0
 43
0.15
 10
-0.5
 20
-0.5
 10
0.5
 20
0.5
  0
ENDBLK
  5
2AE
330
2AB
100
AcDbEntity
  8
0
100
AcDbBlockEnd
  0
BLOCK
  5
2B0
330
2AF
100
AcDbEntity
  8
0
100
AcDbBlockBegin
  2
Railing - Railing-450105-FIRST FLOOR PLAN
 70
     0
 10
0.0
 20
0.0
 30
0.0
  3
Railing - Railing-450105-FIRST FLOOR PLAN
  1

  0
LINE
  5
2B1
330
2AF
100
AcDbEntity
  8
A-FLOR-HRAL
100
AcDbLine
 10
14001.78853449181
 20
2026.529269494429
 30
0.0
 11
14001.78853449181
 21
1376.529269493798
 31
0.0
1001
REVIT
1002
{
1070
     1
1000
450104
1002
}
1002
{
1070
     5
1000
46430
1002
}
1002
{
1070
     3
1000
-2000128
1002
}
  0
LINE
  5
2B2
330
2AF
100
AcDbEntity
  8
A-FLOR-HRAL
100
AcDbLine
 10
13920.9885344918
 20
-673.4707305055673
 30
0.0
 11
13920.98853449181
 21
2026.529269494433
 31
0.0
1001
REVIT
1002
{
1070
     1
1000
450104
1002
}
1002
{
1070
     5
1000
46430
1002
}
1002
{
1070
     3
1000
-2000128
1002
}
  0
LINE
  5
2B3
330
2AF
100
AcDbEntity
  8
A-FLOR-HRAL
100
AcDbLine
 10
13950.98853449181
 20
-673.4707305055673
 30
0.0
 11
13920.9885344918
 21
-673.4707305055673
 31
0.0
1001
REVIT
1002
{
1070
     1
1000
450104
1002
}
1002
{
1070
     5
1000
46430
1002
}
1002
{
1070
     3
1000
-2000128
1002
}
  0
LINE
  5
2B4
330
2AF
100
AcDbEntity
  8
A-FLOR-HRAL
100
AcDbLine
 10
13971.78853449181
 20
2026.529269494429
 30
0.0
 11
13971.78853449181
 21
1376.529269493798
 31
0.0
1001
REVIT
1002
{
1070
     1
1000
450104
1002
}
1002
{
1070
     5
1000
46430
1002
}
1002
{
1070
     3
1000
-2000128
1002
}
  0
LINE
  5
2B5
330
2AF
100
AcDbEntity
  8
A-FLOR-HRAL
100
AcDbLine
 10
13950.98853449181
 20
-673.4707305055673
 30
0.0
 11
13950.98853449181
 21
2026.529269494433
 31
0.0
1001
REVIT
1002
{
1070
     1
1000
450104
1002
}
1002
{
1070
     5
1000
46430
1002
}
1002
{
1070
     3
1000
-2000128
1002
}
  0
ENDBLK
  5
2B6
330
2AF
100
AcDbEntity
  8
0
100
AcDbBlockEnd
  0
BLOCK
  5
2B8
330
2B7
100
AcDbEntity
  8
0
100
AcDbBlockBegin
  2
Top Rail Type - Top Rail_Internal_-481543-FIRST FLOOR PLAN
 70
     0
 10
0.0
 20
0.0
 30
0.0
  3
Top Rail Type - Top Rail_Internal_-481543-FIRST FLOOR PLAN
  1

  0
LINE
  5
2B9
330
2B7
100
AcDbEntity
  8
A-FLOR-HRAL
100
AcDbLine
 10
12761.38853449182
 20
-1033.470730505566
 30
0.0
 11
13961.38853449182
 21
-1033.470730505568
 31
0.0
1001
REVIT
1002
{
1070
     1
1000
481542
1002
}
1002
{
1070
     5
1000
157386
1002
}
  0
LINE
  5
2BA
330
2B7
100
AcDbEntity
  8
A-FLOR-HRAL
100
AcDbLine
 10
13961.38853449182
 20
-993.4707305055685
 30
0.0
 11
12761.38853449182
 21
-993.470730505564
 31
0.0
1001
REVIT
1002
{
1070
     1
1000
481542
1002
}
1002
{
1070
     5
1000
157386
1002
}
  0
LINE
  5
2BB
330
2B7
100
AcDbEntity
  8
A-FLOR-HRAL
100
AcDbLine
 10
13961.38853449181
 20
-1015.807228409705
 30
0.0
 11
13961.38853449181
 21
-1011.134232601429
 31
0.0
1001
REVIT
1002
{
1070
     1
1000
481542
1002
}
1002
{
1070
     5
1000
157386
1002
}
  0
ENDBLK
  5
2BC
330
2B7
100
AcDbEntity
  8
0
100
AcDbBlockEnd
  0
BLOCK
  5
2BE
330
2BD
100
AcDbEntity
  8
0
100
AcDbBlockBegin
  2
Railing - Railing-516204-FIRST FLOOR PLAN
 70
     0
 10
0.0
 20
0.0
 30
0.0
  3
Railing - Railing-516204-FIRST FLOOR PLAN
  1

  0
LINE
  5
2BF
330
2BD
100
AcDbEntity
  8
A-FLOR-HRAL
100
AcDbLine
 10
-2699.011465508175
 20
2026.529269494455
 30
0.0
 11
-2699.011465508176
 21
1376.529269493823
 31
0.0
1001
REVIT
1002
{
1070
     1
1000
516203
1002
}
1002
{
1070
     5
1000
46430
1002
}
1002
{
1070
     3
1000
-2000128
1002
}
  0
LINE
  5
2C0
330
2BD
100
AcDbEntity
  8
A-FLOR-HRAL
100
AcDbLine
 10
-2678.211465508178
 20
-673.4707305055433
 30
0.0
 11
-2678.211465508174
 21
2026.529269494457
 31
0.0
1001
REVIT
1002
{
1070
     1
1000
516203
1002
}
1002
{
1070
     5
1000
46430
1002
}
1002
{
1070
     3
1000
-2000128
1002
}
  0
LINE
  5
2C1
330
2BD
100
AcDbEntity
  8
A-FLOR-HRAL
100
AcDbLine
 10
-2648.211465508178
 20
-673.4707305055433
 30
0.0
 11
-2678.211465508178
 21
-673.4707305055433
 31
0.0
1001
REVIT
1002
{
1070
     1
1000
516203
1002
}
1002
{
1070
     5
1000
46430
1002
}
1002
{
1070
     3
1000
-2000128
1002
}
  0
LINE
  5
2C2
330
2BD
100
AcDbEntity
  8
A-FLOR-HRAL
100
AcDbLine
 10
-2729.011465508174
 20
2026.529269494455
 30
0.0
 11
-2729.011465508175
 21
1376.529269493823
 31
0.0
1001
REVIT
1002
{
1070
     1
1000
516203
1002
}
1002
{
1070
     5
1000
46430
1002
}
1002
{
1070
     3
1000
-2000128
1002
}
  0
LINE
  5
2C3
330
2BD
100
AcDbEntity
  8
A-FLOR-HRAL
100
AcDbLine
 10
-2648.211465508178
 20
-673.4707305055433
 30
0.0
 11
-2648.211465508174
 21
2026.529269494457
 31
0.0
1001
REVIT
1002
{
1070
     1
1000
516203
1002
}
1002
{
1070
     5
1000
46430
1002
}
1002
{
1070
     3
1000
-2000128
1002
}
  0
ENDBLK
  5
2C4
330
2BD
100
AcDbEntity
  8
0
100
AcDbBlockEnd
  0
BLOCK
  5
2C6
330
2C5
100
AcDbEntity
  8
0
 62
     7
420
 16777215
100
AcDbBlockBegin
  2
*D7
 70
     1
 10
0.0
 20
0.0
 30
0.0
  3
*D7
  1

  0
LINE
  5
2C7
330
2C5
100
AcDbEntity
  8
CALLOUT TEXT
440
 16777216
370
    -2
100
AcDbLine
 10
606995.7300769827
 20
176317.6860944195
 30
0.0
 11
606995.7300769827
 21
176292.6860944196
 31
0.0
  0
LINE
  5
2C8
330
2C5
100
AcDbEntity
  8
CALLOUT TEXT
440
 16777216
370
    -2
100
AcDbLine
 10
608595.7295887017
 20
176167.6860944197
 30
0.0
 11
608595.7295887017
 21
176192.6860944195
 31
0.0
  0
LINE
  5
2C9
330
2C5
100
AcDbEntity
  8
CALLOUT TEXT
440
 16777216
370
    -2
100
AcDbLine
 10
606945.7300769826
 20
176242.6860944196
 30
0.0
 11
608645.7295887018
 21
176242.6860944196
 31
0.0
  0
INSERT
  5
2CA
330
2C5
100
AcDbEntity
  8
CALLOUT TEXT
440
 16777216
370
    -2
100
AcDbBlockReference
  2
_ArchTick
 10
606995.7300769827
 20
176242.6860944196
 30
0.0
 41
75.0
 42
75.0
 43
75.0
 50
180.0
  0
INSERT
  5
2CB
330
2C5
100
AcDbEntity
  8
CALLOUT TEXT
440
 16777216
370
    -2
100
AcDbBlockReference
  2
_ArchTick
 10
608595.7295887017
 20
176242.6860944196
 30
0.0
 41
75.0
 42
75.0
 43
75.0
  0
MTEXT
  5
2CC
330
2C5
100
AcDbEntity
  8
CALLOUT TEXT
440
 16777216
100
AcDbMText
 10
607795.7298328422
 20
176430.1860944195
 30
0.0
 40
225.0
 41
0.0
 46
0.0
 71
     5
 72
     1
  1
\A1;1600
  7
dim
 73
     1
 44
1.0
  0
POINT
  5
2CD
330
2C5
100
AcDbEntity
  8
Defpoints
 62
     0
440
 16777216
100
AcDbPoint
 10
606995.7300769827
 20
176242.6860944196
 30
0.0000000000000142
  0
POINT
  5
2CE
330
2C5
100
AcDbEntity
  8
Defpoints
 62
     0
440
 16777216
100
AcDbPoint
 10
608595.7295887017
 20
176242.6860944197
 30
0.0
  0
POINT
  5
2CF
330
2C5
100
AcDbEntity
  8
Defpoints
 62
     0
440
 16777216
100
AcDbPoint
 10
608595.7295887017
 20
176242.6860944196
 30
0.0
  0
ENDBLK
  5
2D0
330
2C5
100
AcDbEntity
  8
0
 62
     7
420
 16777215
100
AcDbBlockEnd
  0
BLOCK
  5
2D2
330
2D1
100
AcDbEntity
  8
0
 62
     7
420
 16777215
100
AcDbBlockBegin
  2
*D8
 70
     1
 10
0.0
 20
0.0
 30
0.0
  3
*D8
  1

  0
LINE
  5
2D3
330
2D1
100
AcDbEntity
  8
CALLOUT TEXT
440
 16777216
370
    -2
100
AcDbLine
 10
608595.7295887017
 20
176167.6860944197
 30
0.0
 11
608595.7295887017
 21
176192.6860944195
 31
0.0
  0
LINE
  5
2D4
330
2D1
100
AcDbEntity
  8
CALLOUT TEXT
440
 16777216
370
    -2
100
AcDbLine
 10
609270.7295887014
 20
176317.6860944195
 30
0.0
 11
609270.7295887014
 21
176292.6860944196
 31
0.0
  0
LINE
  5
2D5
330
2D1
100
AcDbEntity
  8
CALLOUT TEXT
440
 16777216
370
    -2
100
AcDbLine
 10
608545.7295887017
 20
176242.6860944196
 30
0.0
 11
609320.7295887014
 21
176242.6860944196
 31
0.0
  0
INSERT
  5
2D6
330
2D1
100
AcDbEntity
  8
CALLOUT TEXT
440
 16777216
370
    -2
100
AcDbBlockReference
  2
_ArchTick
 10
608595.7295887017
 20
176242.6860944196
 30
0.0
 41
75.0
 42
75.0
 43
75.0
 50
180.0
  0
INSERT
  5
2D7
330
2D1
100
AcDbEntity
  8
CALLOUT TEXT
440
 16777216
370
    -2
100
AcDbBlockReference
  2
_ArchTick
 10
609270.7295887014
 20
176242.6860944196
 30
0.0
 41
75.0
 42
75.0
 43
75.0
  0
MTEXT
  5
2D8
330
2D1
100
AcDbEntity
  8
CALLOUT TEXT
440
 16777216
100
AcDbMText
 10
608933.2295887016
 20
176430.1860944195
 30
0.0
 40
225.0
 41
0.0
 46
0.0
 71
     5
 72
     1
  1
\A1;675
  7
dim
 73
     1
 44
1.0
  0
POINT
  5
2D9
330
2D1
100
AcDbEntity
  8
Defpoints
 62
     0
440
 16777216
100
AcDbPoint
 10
608595.7295887017
 20
176242.6860944197
 30
0.0
  0
POINT
  5
2DA
330
2D1
100
AcDbEntity
  8
Defpoints
 62
     0
440
 16777216
100
AcDbPoint
 10
609270.7295887014
 20
176242.6860944196
 30
0.0
  0
POINT
  5
2DB
330
2D1
100
AcDbEntity
  8
Defpoints
 62
     0
440
 16777216
100
AcDbPoint
 10
609270.7295887014
 20
176242.6860944196
 30
0.0
  0
ENDBLK
  5
2DC
330
2D1
100
AcDbEntity
  8
0
 62
     7
420
 16777215
100
AcDbBlockEnd
  0
BLOCK
  5
2DE
330
2DD
100
AcDbEntity
  8
0
 62
     7
420
 16777215
100
AcDbBlockBegin
  2
*D9
 70
     1
 10
0.0
 20
0.0
 30
0.0
  3
*D9
  1

  0
LINE
  5
2DF
330
2DD
100
AcDbEntity
  8
CALLOUT TEXT
440
 16777216
370
    -2
100
AcDbLine
 10
609270.7295887014
 20
176317.6860944195
 30
0.0
 11
609270.7295887014
 21
176292.6860944196
 31
0.0
  0
LINE
  5
2E0
330
2DD
100
AcDbEntity
  8
CALLOUT TEXT
440
 16777216
370
    -2
100
AcDbLine
 10
611670.7300769826
 20
176317.6860944195
 30
0.0
 11
611670.7300769826
 21
176292.6860944196
 31
0.0
  0
LINE
  5
2E1
330
2DD
100
AcDbEntity
  8
CALLOUT TEXT
440
 16777216
370
    -2
100
AcDbLine
 10
609220.7295887014
 20
176242.6860944196
 30
0.0
 11
611720.7300769827
 21
176242.6860944196
 31
0.0
  0
INSERT
  5
2E2
330
2DD
100
AcDbEntity
  8
CALLOUT TEXT
440
 16777216
370
    -2
100
AcDbBlockReference
  2
_ArchTick
 10
609270.7295887014
 20
176242.6860944196
 30
0.0
 41
75.0
 42
75.0
 43
75.0
 50
180.0
  0
INSERT
  5
2E3
330
2DD
100
AcDbEntity
  8
CALLOUT TEXT
440
 16777216
370
    -2
100
AcDbBlockReference
  2
_ArchTick
 10
611670.7300769826
 20
176242.6860944196
 30
0.0
 41
75.0
 42
75.0
 43
75.0
  0
MTEXT
  5
2E4
330
2DD
100
AcDbEntity
  8
CALLOUT TEXT
440
 16777216
100
AcDbMText
 10
610470.729832842
 20
176430.1860944195
 30
0.0
 40
225.0
 41
0.0
 46
0.0
 71
     5
 72
     1
  1
\A1;2400
  7
dim
 73
     1
 44
1.0
  0
POINT
  5
2E5
330
2DD
100
AcDbEntity
  8
Defpoints
 62
     0
440
 16777216
100
AcDbPoint
 10
609270.7295887014
 20
176242.6860944196
 30
0.0
  0
POINT
  5
2E6
330
2DD
100
AcDbEntity
  8
Defpoints
 62
     0
440
 16777216
100
AcDbPoint
 10
611670.7300769826
 20
176242.6860944196
 30
0.0000000000000142
  0
POINT
  5
2E7
330
2DD
100
AcDbEntity
  8
Defpoints
 62
     0
440
 16777216
100
AcDbPoint
 10
611670.7300769826
 20
176242.6860944196
 30
0.0
  0
ENDBLK
  5
2E8
330
2DD
100
AcDbEntity
  8
0
 62
     7
420
 16777215
100
AcDbBlockEnd
  0
BLOCK
  5
2EA
330
2E9
100
AcDbEntity
  8
0
 62
     7
420
 16777215
100
AcDbBlockBegin
  2
*D10
 70
     1
 10
0.0
 20
0.0
 30
0.0
  3
*D10
  1

  0
LINE
  5
2EB
330
2E9
100
AcDbEntity
  8
CALLOUT TEXT
440
 16777216
370
    -2
100
AcDbLine
 10
611670.7300769826
 20
176317.6860944195
 30
0.0
 11
611670.7300769826
 21
176292.6860944196
 31
0.0
  0
LINE
  5
2EC
330
2E9
100
AcDbEntity
  8
CALLOUT TEXT
440
 16777216
370
    -2
100
AcDbLine
 10
614295.7288562795
 20
176317.6860944195
 30
0.0
 11
614295.7288562795
 21
176292.6860944196
 31
0.0
  0
LINE
  5
2ED
330
2E9
100
AcDbEntity
  8
CALLOUT TEXT
440
 16777216
370
    -2
100
AcDbLine
 10
611620.7300769826
 20
176242.6860944196
 30
0.0
 11
614345.7288562796
 21
176242.6860944196
 31
0.0
  0
INSERT
  5
2EE
330
2E9
100
AcDbEntity
  8
CALLOUT TEXT
440
 16777216
370
    -2
100
AcDbBlockReference
  2
_ArchTick
 10
611670.7300769826
 20
176242.6860944196
 30
0.0
 41
75.0
 42
75.0
 43
75.0
 50
180.0
  0
INSERT
  5
2EF
330
2E9
100
AcDbEntity
  8
CALLOUT TEXT
440
 16777216
370
    -2
100
AcDbBlockReference
  2
_ArchTick
 10
614295.7288562795
 20
176242.6860944196
 30
0.0
 41
75.0
 42
75.0
 43
75.0
  0
MTEXT
  5
2F0
330
2E9
100
AcDbEntity
  8
CALLOUT TEXT
440
 16777216
100
AcDbMText
 10
612983.2294666311
 20
176430.1860944195
 30
0.0
 40
225.0
 41
0.0
 46
0.0
 71
     5
 72
     1
  1
\A1;2625
  7
dim
 73
     1
 44
1.0
  0
POINT
  5
2F1
330
2E9
100
AcDbEntity
  8
Defpoints
 62
     0
440
 16777216
100
AcDbPoint
 10
611670.7300769826
 20
176242.6860944196
 30
0.0000000000000142
  0
POINT
  5
2F2
330
2E9
100
AcDbEntity
  8
Defpoints
 62
     0
440
 16777216
100
AcDbPoint
 10
614295.7288562795
 20
176242.6860944196
 30
0.0
  0
POINT
  5
2F3
330
2E9
100
AcDbEntity
  8
Defpoints
 62
     0
440
 16777216
100
AcDbPoint
 10
614295.7288562795
 20
176242.6860944196
 30
0.0
  0
ENDBLK
  5
2F4
330
2E9
100
AcDbEntity
  8
0
 62
     7
420
 16777215
100
AcDbBlockEnd
  0
BLOCK
  5
2F6
330
2F5
100
AcDbEntity
  8
0
 62
     7
420
 16777215
100
AcDbBlockBegin
  2
*D11
 70
     1
 10
0.0
 20
0.0
 30
0.0
  3
*D11
  1

  0
LINE
  5
2F7
330
2F5
100
AcDbEntity
  8
CALLOUT TEXT
440
 16777216
370
    -2
100
AcDbLine
 10
595020.7291614553
 20
176317.6860944195
 30
0.0
 11
595020.7291614553
 21
176292.6860944196
 31
0.0
  0
LINE
  5
2F8
330
2F5
100
AcDbEntity
  8
CALLOUT TEXT
440
 16777216
370
    -2
100
AcDbLine
 10
597645.7291614553
 20
176317.6860944195
 30
0.0
 11
597645.7291614553
 21
176292.6860944196
 31
0.0
  0
LINE
  5
2F9
330
2F5
100
AcDbEntity
  8
CALLOUT TEXT
440
 16777216
370
    -2
100
AcDbLine
 10
594970.7291614553
 20
176242.6860944196
 30
0.0
 11
597695.7291614553
 21
176242.6860944196
 31
0.0
  0
INSERT
  5
2FA
330
2F5
100
AcDbEntity
  8
CALLOUT TEXT
440
 16777216
370
    -2
100
AcDbBlockReference
  2
_ArchTick
 10
595020.7291614553
 20
176242.6860944196
 30
0.0
 41
75.0
 42
75.0
 43
75.0
 50
180.0
  0
INSERT
  5
2FB
330
2F5
100
AcDbEntity
  8
CALLOUT TEXT
440
 16777216
370
    -2
100
AcDbBlockReference
  2
_ArchTick
 10
597645.7291614553
 20
176242.6860944196
 30
0.0
 41
75.0
 42
75.0
 43
75.0
  0
MTEXT
  5
2FC
330
2F5
100
AcDbEntity
  8
CALLOUT TEXT
440
 16777216
100
AcDbMText
 10
596333.2291614553
 20
176430.1860944195
 30
0.0
 40
225.0
 41
0.0
 46
0.0
 71
     5
 72
     1
  1
\A1;2625
  7
dim
 73
     1
 44
1.0
  0
POINT
  5
2FD
330
2F5
100
AcDbEntity
  8
Defpoints
 62
     0
440
 16777216
100
AcDbPoint
 10
595020.7291614553
 20
176242.6860944196
 30
0.0
  0
POINT
  5
2FE
330
2F5
100
AcDbEntity
  8
Defpoints
 62
     0
440
 16777216
100
AcDbPoint
 10
597645.7291614553
 20
176242.6860944196
 30
0.0
  0
POINT
  5
2FF
330
2F5
100
AcDbEntity
  8
Defpoints
 62
     0
440
 16777216
100
AcDbPoint
 10
597645.7291614553
 20
176242.6860944196
 30
0.0
  0
ENDBLK
  5
300
330
2F5
100
AcDbEntity
  8
0
 62
     7
420
 16777215
100
AcDbBlockEnd
  0
BLOCK
  5
302
330
301
100
AcDbEntity
  8
0
 62
     7
420
 16777215
100
AcDbBlockBegin
  2
*D12
 70
     1
 10
0.0
 20
0.0
 30
0.0
  3
*D12
  1

  0
LINE
  5
303
330
301
100
AcDbEntity
  8
CALLOUT TEXT
440
 16777216
370
    -2
100
AcDbLine
 10
597645.7291614553
 20
176317.6860944195
 30
0.0
 11
597645.7291614553
 21
176292.6860944196
 31
0.0
  0
LINE
  5
304
330
301
100
AcDbEntity
  8
CALLOUT TEXT
440
 16777216
370
    -2
100
AcDbLine
 10
602327.2865332686
 20
176316.3452226301
 30
0.0
 11
602327.2865332686
 21
176292.6860944196
 31
0.0
  0
LINE
  5
305
330
301
100
AcDbEntity
  8
CALLOUT TEXT
440
 16777216
370
    -2
100
AcDbLine
 10
597595.7291614553
 20
176242.6860944196
 30
0.0
 11
602377.2865332687
 21
176242.6860944196
 31
0.0
  0
INSERT
  5
306
330
301
100
AcDbEntity
  8
CALLOUT TEXT
440
 16777216
370
    -2
100
AcDbBlockReference
  2
_ArchTick
 10
597645.7291614553
 20
176242.6860944196
 30
0.0
 41
75.0
 42
75.0
 43
75.0
 50
180.0
  0
INSERT
  5
307
330
301
100
AcDbEntity
  8
CALLOUT TEXT
440
 16777216
370
    -2
100
AcDbBlockReference
  2
_ArchTick
 10
602327.2865332686
 20
176242.6860944196
 30
0.0
 41
75.0
 42
75.0
 43
75.0
  0
MTEXT
  5
308
330
301
100
AcDbEntity
  8
CALLOUT TEXT
440
 16777216
100
AcDbMText
 10
599986.507847362
 20
176430.1860944195
 30
0.0
 40
225.0
 41
0.0
 46
0.0
 71
     5
 72
     1
  1
\A1;4682
  7
dim
 73
     1
 44
1.0
  0
POINT
  5
309
330
301
100
AcDbEntity
  8
Defpoints
 62
     0
440
 16777216
100
AcDbPoint
 10
597645.7291614553
 20
176242.6860944196
 30
0.0
  0
POINT
  5
30A
330
301
100
AcDbEntity
  8
Defpoints
 62
     0
440
 16777216
100
AcDbPoint
 10
602327.2865332686
 20
176241.3452226301
 30
0.0000000000000142
  0
POINT
  5
30B
330
301
100
AcDbEntity
  8
Defpoints
 62
     0
440
 16777216
100
AcDbPoint
 10
602327.2865332686
 20
176242.6860944196
 30
0.0
  0
ENDBLK
  5
30C
330
301
100
AcDbEntity
  8
0
 62
     7
420
 16777215
100
AcDbBlockEnd
  0
BLOCK
  5
30E
330
30D
100
AcDbEntity
  8
0
 62
     7
420
 16777215
100
AcDbBlockBegin
  2
*D13
 70
     1
 10
0.0
 20
0.0
 30
0.0
  3
*D13
  1

  0
LINE
  5
30F
330
30D
100
AcDbEntity
  8
CALLOUT TEXT
440
 16777216
370
    -2
100
AcDbLine
 10
602327.2865332686
 20
176316.3452226301
 30
0.0
 11
602327.2865332686
 21
176292.6860944196
 31
0.0
  0
LINE
  5
310
330
30D
100
AcDbEntity
  8
CALLOUT TEXT
440
 16777216
370
    -2
100
AcDbLine
 10
602895.8292865047
 20
176168.3239963926
 30
0.0
 11
602895.8292865047
 21
176192.6860944195
 31
0.0
  0
LINE
  5
311
330
30D
100
AcDbEntity
  8
CALLOUT TEXT
440
 16777216
370
    -2
100
AcDbLine
 10
602277.2865332687
 20
176242.6860944196
 30
0.0
 11
602945.8292865047
 21
176242.6860944196
 31
0.0
  0
LINE
  5
312
330
30D
100
AcDbEntity
  8
CALLOUT TEXT
440
 16777216
370
    -2
100
AcDbLine
 10
602611.5579098866
 20
176242.6860944196
 30
0.0
 11
602402.3665696303
 21
176520.7864202739
 31
0.0
  0
LINE
  5
313
330
30D
100
AcDbEntity
  8
CALLOUT TEXT
440
 16777216
370
    -2
100
AcDbLine
 10
602402.3665696303
 20
176520.7864202739
 30
0.0
 11
601798.0808553446
 21
176520.7864202739
 31
0.0
  0
MTEXT
  5
314
330
30D
100
AcDbEntity
  8
CALLOUT TEXT
440
 16777216
100
AcDbMText
 10
602100.2237124874
 20
176708.286420274
 30
0.0
 40
225.0
 41
0.0
 46
0.0
 71
     5
 72
     1
  1
\A1;569
  7
dim
 73
     1
 44
1.0
  0
INSERT
  5
315
330
30D
100
AcDbEntity
  8
CALLOUT TEXT
440
 16777216
370
    -2
100
AcDbBlockReference
  2
_ArchTick
 10
602327.2865332686
 20
176242.6860944196
 30
0.0
 41
75.0
 42
75.0
 43
75.0
 50
180.0
  0
INSERT
  5
316
330
30D
100
AcDbEntity
  8
CALLOUT TEXT
440
 16777216
370
    -2
100
AcDbBlockReference
  2
_ArchTick
 10
602895.8292865047
 20
176242.6860944196
 30
0.0
 41
75.0
 42
75.0
 43
75.0
  0
POINT
  5
317
330
30D
100
AcDbEntity
  8
Defpoints
 62
     0
440
 16777216
100
AcDbPoint
 10
602327.2865332686
 20
176241.3452226301
 30
0.0000000000000142
  0
POINT
  5
318
330
30D
100
AcDbEntity
  8
Defpoints
 62
     0
440
 16777216
100
AcDbPoint
 10
602895.8292865047
 20
176243.3239963926
 30
0.0
  0
POINT
  5
319
330
30D
100
AcDbEntity
  8
Defpoints
 62
     0
440
 16777216
100
AcDbPoint
 10
602895.8292865047
 20
176242.6860944196
 30
0.0
  0
ENDBLK
  5
31A
330
30D
100
AcDbEntity
  8
0
 62
     7
420
 16777215
100
AcDbBlockEnd
  0
BLOCK
  5
31C
330
31B
100
AcDbEntity
  8
0
 62
     7
420
 16777215
100
AcDbBlockBegin
  2
*D14
 70
     1
 10
0.0
 20
0.0
 30
0.0
  3
*D14
  1

  0
LINE
  5
31D
330
31B
100
AcDbEntity
  8
CALLOUT TEXT
440
 16777216
370
    -2
100
AcDbLine
 10
602895.8292865047
 20
176168.3239963926
 30
0.0
 11
602895.8292865047
 21
176192.6860944195
 31
0.0
  0
LINE
  5
31E
330
31B
100
AcDbEntity
  8
CALLOUT TEXT
440
 16777216
370
    -2
100
AcDbLine
 10
603570.7295959577
 20
176317.6860401917
 30
0.0
 11
603570.7295959577
 21
176292.6860944196
 31
0.0
  0
LINE
  5
31F
330
31B
100
AcDbEntity
  8
CALLOUT TEXT
440
 16777216
370
    -2
100
AcDbLine
 10
602845.8292865046
 20
176242.6860944196
 30
0.0
 11
603620.7295959577
 21
176242.6860944196
 31
0.0
  0
INSERT
  5
320
330
31B
100
AcDbEntity
  8
CALLOUT TEXT
440
 16777216
370
    -2
100
AcDbBlockReference
  2
_ArchTick
 10
602895.8292865047
 20
176242.6860944196
 30
0.0
 41
75.0
 42
75.0
 43
75.0
 50
180.0
  0
INSERT
  5
321
330
31B
100
AcDbEntity
  8
CALLOUT TEXT
440
 16777216
370
    -2
100
AcDbBlockReference
  2
_ArchTick
 10
603570.7295959577
 20
176242.6860944196
 30
0.0
 41
75.0
 42
75.0
 43
75.0
  0
MTEXT
  5
322
330
31B
100
AcDbEntity
  8
CALLOUT TEXT
440
 16777216
100
AcDbMText
 10
603233.2794412312
 20
176430.1860944195
 30
0.0
 40
225.0
 41
0.0
 46
0.0
 71
     5
 72
     1
  1
\A1;675
  7
dim
 73
     1
 44
1.0
  0
POINT
  5
323
330
31B
100
AcDbEntity
  8
Defpoints
 62
     0
440
 16777216
100
AcDbPoint
 10
602895.8292865047
 20
176243.3239963926
 30
0.0
  0
POINT
  5
324
330
31B
100
AcDbEntity
  8
Defpoints
 62
     0
440
 16777216
100
AcDbPoint
 10
603570.7295959577
 20
176242.6860401917
 30
0.0
  0
POINT
  5
325
330
31B
100
AcDbEntity
  8
Defpoints
 62
     0
440
 16777216
100
AcDbPoint
 10
603570.7295959577
 20
176242.6860944196
 30
0.0
  0
ENDBLK
  5
326
330
31B
100
AcDbEntity
  8
0
 62
     7
420
 16777215
100
AcDbBlockEnd
  0
BLOCK
  5
328
330
327
100
AcDbEntity
  8
0
 62
     7
420
 16777215
100
AcDbBlockBegin
  2
*D15
 70
     1
 10
0.0
 20
0.0
 30
0.0
  3
*D15
  1

  0
LINE
  5
329
330
327
100
AcDbEntity
  8
CALLOUT TEXT
440
 16777216
370
    -2
100
AcDbLine
 10
603570.7295959577
 20
176317.6860401917
 30
0.0
 11
603570.7295959577
 21
176292.6860944196
 31
0.0
  0
LINE
  5
32A
330
327
100
AcDbEntity
  8
CALLOUT TEXT
440
 16777216
370
    -2
100
AcDbLine
 10
606995.7300769827
 20
176317.6860944195
 30
0.0
 11
606995.7300769827
 21
176292.6860944196
 31
0.0
  0
LINE
  5
32B
330
327
100
AcDbEntity
  8
CALLOUT TEXT
440
 16777216
370
    -2
100
AcDbLine
 10
603520.7295959577
 20
176242.6860944196
 30
0.0
 11
607045.7300769827
 21
176242.6860944196
 31
0.0
  0
INSERT
  5
32C
330
327
100
AcDbEntity
  8
CALLOUT TEXT
440
 16777216
370
    -2
100
AcDbBlockReference
  2
_ArchTick
 10
603570.7295959577
 20
176242.6860944196
 30
0.0
 41
75.0
 42
75.0
 43
75.0
 50
180.0
  0
INSERT
  5
32D
330
327
100
AcDbEntity
  8
CALLOUT TEXT
440
 16777216
370
    -2
100
AcDbBlockReference
  2
_ArchTick
 10
606995.7300769827
 20
176242.6860944196
 30
0.0
 41
75.0
 42
75.0
 43
75.0
  0
MTEXT
  5
32E
330
327
100
AcDbEntity
  8
CALLOUT TEXT
440
 16777216
100
AcDbMText
 10
605283.2298364702
 20
176430.1860944195
 30
0.0
 40
225.0
 41
0.0
 46
0.0
 71
     5
 72
     1
  1
\A1;3425
  7
dim
 73
     1
 44
1.0
  0
POINT
  5
32F
330
327
100
AcDbEntity
  8
Defpoints
 62
     0
440
 16777216
100
AcDbPoint
 10
603570.7295959577
 20
176242.6860401917
 30
0.0
  0
POINT
  5
330
330
327
100
AcDbEntity
  8
Defpoints
 62
     0
440
 16777216
100
AcDbPoint
 10
606995.7300769827
 20
176242.6860944196
 30
0.0000000000000142
  0
POINT
  5
331
330
327
100
AcDbEntity
  8
Defpoints
 62
     0
440
 16777216
100
AcDbPoint
 10
606995.7300769827
 20
176242.6860944196
 30
0.0
  0
ENDBLK
  5
332
330
327
100
AcDbEntity
  8
0
 62
     7
420
 16777215
100
AcDbBlockEnd
  0
BLOCK
  5
334
330
333
100
AcDbEntity
  8
0
 62
     7
420
 16777215
100
AcDbBlockBegin
  2
*D16
 70
     1
 10
0.0
 20
0.0
 30
0.0
  3
*D16
  1

  0
LINE
  5
335
330
333
100
AcDbEntity
  8
CALLOUT TEXT
440
 16777216
370
    -2
100
AcDbLine
 10
614295.7288562795
 20
176317.6860944195
 30
0.0
 11
614295.7288562795
 21
176292.6860944196
 31
0.0
  0
LINE
  5
336
330
333
100
AcDbEntity
  8
CALLOUT TEXT
440
 16777216
370
    -2
100
AcDbLine
 10
615720.7288562795
 20
176317.3060944195
 30
0.0
 11
615720.7288562795
 21
176292.6860944196
 31
0.0
  0
LINE
  5
337
330
333
100
AcDbEntity
  8
CALLOUT TEXT
440
 16777216
370
    -2
100
AcDbLine
 10
614245.7288562795
 20
176242.6860944196
 30
0.0
 11
615770.7288562796
 21
176242.6860944196
 31
0.0
  0
INSERT
  5
338
330
333
100
AcDbEntity
  8
CALLOUT TEXT
440
 16777216
370
    -2
100
AcDbBlockReference
  2
_ArchTick
 10
614295.7288562795
 20
176242.6860944196
 30
0.0
 41
75.0
 42
75.0
 43
75.0
 50
180.0
  0
INSERT
  5
339
330
333
100
AcDbEntity
  8
CALLOUT TEXT
440
 16777216
370
    -2
100
AcDbBlockReference
  2
_ArchTick
 10
615720.7288562795
 20
176242.6860944196
 30
0.0
 41
75.0
 42
75.0
 43
75.0
  0
MTEXT
  5
33A
330
333
100
AcDbEntity
  8
CALLOUT TEXT
440
 16777216
100
AcDbMText
 10
615008.2288562796
 20
176430.1860944195
 30
0.0
 40
225.0
 41
0.0
 46
0.0
 71
     5
 72
     1
  1
\A1;1425
  7
dim
 73
     1
 44
1.0
  0
POINT
  5
33B
330
333
100
AcDbEntity
  8
Defpoints
 62
     0
440
 16777216
100
AcDbPoint
 10
614295.7288562795
 20
176242.6860944196
 30
0.0
  0
POINT
  5
33C
330
333
100
AcDbEntity
  8
Defpoints
 62
     0
440
 16777216
100
AcDbPoint
 10
615720.7288562795
 20
176242.3060944195
 30
0.0
  0
POINT
  5
33D
330
333
100
AcDbEntity
  8
Defpoints
 62
     0
440
 16777216
100
AcDbPoint
 10
615720.7288562795
 20
176242.6860944196
 30
0.0
  0
ENDBLK
  5
33E
330
333
100
AcDbEntity
  8
0
 62
     7
420
 16777215
100
AcDbBlockEnd
  0
BLOCK
  5
340
330
33F
100
AcDbEntity
  8
0
 62
     7
420
 16777215
100
AcDbBlockBegin
  2
*D17
 70
     1
 10
0.0
 20
0.0
 30
0.0
  3
*D17
  1

  0
LINE
  5
341
330
33F
100
AcDbEntity
  8
CALLOUT TEXT
440
 16777216
370
    -2
100
AcDbLine
 10
615720.7288562795
 20
176317.3060944195
 30
0.0
 11
615720.7288562795
 21
176292.6860944196
 31
0.0
  0
LINE
  5
342
330
33F
100
AcDbEntity
  8
CALLOUT TEXT
440
 16777216
370
    -2
100
AcDbLine
 10
619320.7288562796
 20
176317.3060944195
 30
0.0
 11
619320.7288562796
 21
176292.6860944196
 31
0.0
  0
LINE
  5
343
330
33F
100
AcDbEntity
  8
CALLOUT TEXT
440
 16777216
370
    -2
100
AcDbLine
 10
615670.7288562795
 20
176242.6860944196
 30
0.0
 11
619370.7288562795
 21
176242.6860944196
 31
0.0
  0
INSERT
  5
344
330
33F
100
AcDbEntity
  8
CALLOUT TEXT
440
 16777216
370
    -2
100
AcDbBlockReference
  2
_ArchTick
 10
615720.7288562795
 20
176242.6860944196
 30
0.0
 41
75.0
 42
75.0
 43
75.0
 50
180.0
  0
INSERT
  5
345
330
33F
100
AcDbEntity
  8
CALLOUT TEXT
440
 16777216
370
    -2
100
AcDbBlockReference
  2
_ArchTick
 10
619320.7288562796
 20
176242.6860944196
 30
0.0
 41
75.0
 42
75.0
 43
75.0
  0
MTEXT
  5
346
330
33F
100
AcDbEntity
  8
CALLOUT TEXT
440
 16777216
100
AcDbMText
 10
617520.7288562795
 20
176430.1860944195
 30
0.0
 40
225.0
 41
0.0
 46
0.0
 71
     5
 72
     1
  1
\A1;3600
  7
dim
 73
     1
 44
1.0
  0
POINT
  5
347
330
33F
100
AcDbEntity
  8
Defpoints
 62
     0
440
 16777216
100
AcDbPoint
 10
615720.7288562795
 20
176242.3060944195
 30
0.0
  0
POINT
  5
348
330
33F
100
AcDbEntity
  8
Defpoints
 62
     0
440
 16777216
100
AcDbPoint
 10
619320.7288562796
 20
176242.3060944195
 30
0.0
  0
POINT
  5
349
330
33F
100
AcDbEntity
  8
Defpoints
 62
     0
440
 16777216
100
AcDbPoint
 10
619320.7288562796
 20
176242.6860944196
 30
0.0
  0
ENDBLK
  5
34A
330
33F
100
AcDbEntity
  8
0
 62
     7
420
 16777215
100
AcDbBlockEnd
  0
BLOCK
  5
34C
330
34B
100
AcDbEntity
  8
0
 62
     7
420
 16777215
100
AcDbBlockBegin
  2
*D18
 70
     1
 10
0.0
 20
0.0
 30
0.0
  3
*D18
  1

  0
LINE
  5
34D
330
34B
100
AcDbEntity
  8
CALLOUT TEXT
440
 16777216
370
    -2
100
AcDbLine
 10
595020.7291614553
 20
161150.4470295696
 30
0.0
 11
595020.7291614553
 21
161125.4470295697
 31
0.0
  0
LINE
  5
34E
330
34B
100
AcDbEntity
  8
CALLOUT TEXT
440
 16777216
370
    -2
100
AcDbLine
 10
597645.7291614553
 20
161150.4470295696
 30
0.0
 11
597645.7291614553
 21
161125.4470295697
 31
0.0
  0
LINE
  5
34F
330
34B
100
AcDbEntity
  8
CALLOUT TEXT
440
 16777216
370
    -2
100
AcDbLine
 10
594970.7291614553
 20
161075.4470295696
 30
0.0
 11
597695.7291614553
 21
161075.4470295696
 31
0.0
  0
INSERT
  5
350
330
34B
100
AcDbEntity
  8
CALLOUT TEXT
440
 16777216
370
    -2
100
AcDbBlockReference
  2
_ArchTick
 10
595020.7291614553
 20
161075.4470295696
 30
0.0
 41
75.0
 42
75.0
 43
75.0
 50
180.0
  0
INSERT
  5
351
330
34B
100
AcDbEntity
  8
CALLOUT TEXT
440
 16777216
370
    -2
100
AcDbBlockReference
  2
_ArchTick
 10
597645.7291614553
 20
161075.4470295696
 30
0.0
 41
75.0
 42
75.0
 43
75.0
  0
MTEXT
  5
352
330
34B
100
AcDbEntity
  8
CALLOUT TEXT
440
 16777216
100
AcDbMText
 10
596333.2291614553
 20
161262.9470295696
 30
0.0
 40
225.0
 41
0.0
 46
0.0
 71
     5
 72
     1
  1
\A1;2625
  7
dim
 73
     1
 44
1.0
  0
POINT
  5
353
330
34B
100
AcDbEntity
  8
Defpoints
 62
     0
440
 16777216
100
AcDbPoint
 10
595020.7291614553
 20
161075.4470295696
 30
0.0
  0
POINT
  5
354
330
34B
100
AcDbEntity
  8
Defpoints
 62
     0
440
 16777216
100
AcDbPoint
 10
597645.7291614553
 20
161075.4470295696
 30
0.0
  0
POINT
  5
355
330
34B
100
AcDbEntity
  8
Defpoints
 62
     0
440
 16777216
100
AcDbPoint
 10
597645.7291614553
 20
161075.4470295696
 30
0.0
  0
ENDBLK
  5
356
330
34B
100
AcDbEntity
  8
0
 62
     7
420
 16777215
100
AcDbBlockEnd
  0
BLOCK
  5
358
330
357
100
AcDbEntity
  8
0
 62
     7
420
 16777215
100
AcDbBlockBegin
  2
*D19
 70
     1
 10
0.0
 20
0.0
 30
0.0
  3
*D19
  1

  0
LINE
  5
359
330
357
100
AcDbEntity
  8
CALLOUT TEXT
440
 16777216
370
    -2
100
AcDbLine
 10
597645.7291614553
 20
161150.4470295696
 30
0.0
 11
597645.7291614553
 21
161125.4470295697
 31
0.0
  0
LINE
  5
35A
330
357
100
AcDbEntity
  8
CALLOUT TEXT
440
 16777216
370
    -2
100
AcDbLine
 10
602327.2865332686
 20
161149.1061577801
 30
0.0
 11
602327.2865332686
 21
161125.4470295697
 31
0.0
  0
LINE
  5
35B
330
357
100
AcDbEntity
  8
CALLOUT TEXT
440
 16777216
370
    -2
100
AcDbLine
 10
597595.7291614553
 20
161075.4470295696
 30
0.0
 11
602377.2865332687
 21
161075.4470295696
 31
0.0
  0
INSERT
  5
35C
330
357
100
AcDbEntity
  8
CALLOUT TEXT
440
 16777216
370
    -2
100
AcDbBlockReference
  2
_ArchTick
 10
597645.7291614553
 20
161075.4470295696
 30
0.0
 41
75.0
 42
75.0
 43
75.0
 50
180.0
  0
INSERT
  5
35D
330
357
100
AcDbEntity
  8
CALLOUT TEXT
440
 16777216
370
    -2
100
AcDbBlockReference
  2
_ArchTick
 10
602327.2865332686
 20
161075.4470295696
 30
0.0
 41
75.0
 42
75.0
 43
75.0
  0
MTEXT
  5
35E
330
357
100
AcDbEntity
  8
CALLOUT TEXT
440
 16777216
100
AcDbMText
 10
599986.507847362
 20
161262.9470295696
 30
0.0
 40
225.0
 41
0.0
 46
0.0
 71
     5
 72
     1
  1
\A1;4682
  7
dim
 73
     1
 44
1.0
  0
POINT
  5
35F
330
357
100
AcDbEntity
  8
Defpoints
 62
     0
440
 16777216
100
AcDbPoint
 10
597645.7291614553
 20
161075.4470295696
 30
0.0
  0
POINT
  5
360
330
357
100
AcDbEntity
  8
Defpoints
 62
     0
440
 16777216
100
AcDbPoint
 10
602327.2865332686
 20
161074.1061577801
 30
0.0000000000000142
  0
POINT
  5
361
330
357
100
AcDbEntity
  8
Defpoints
 62
     0
440
 16777216
100
AcDbPoint
 10
602327.2865332686
 20
161075.4470295696
 30
0.0
  0
ENDBLK
  5
362
330
357
100
AcDbEntity
  8
0
 62
     7
420
 16777215
100
AcDbBlockEnd
  0
BLOCK
  5
364
330
363
100
AcDbEntity
  8
0
 62
     7
420
 16777215
100
AcDbBlockBegin
  2
*D20
 70
     1
 10
0.0
 20
0.0
 30
0.0
  3
*D20
  1

  0
LINE
  5
365
330
363
100
AcDbEntity
  8
CALLOUT TEXT
440
 16777216
370
    -2
100
AcDbLine
 10
602895.8292865047
 20
161001.0849315427
 30
0.0
 11
602895.8292865047
 21
161025.4470295696
 31
0.0
  0
LINE
  5
366
330
363
100
AcDbEntity
  8
CALLOUT TEXT
440
 16777216
370
    -2
100
AcDbLine
 10
603570.7295959577
 20
161150.4469753417
 30
0.0
 11
603570.7295959577
 21
161125.4470295697
 31
0.0
  0
LINE
  5
367
330
363
100
AcDbEntity
  8
CALLOUT TEXT
440
 16777216
370
    -2
100
AcDbLine
 10
602845.8292865046
 20
161075.4470295696
 30
0.0
 11
603620.7295959577
 21
161075.4470295696
 31
0.0
  0
INSERT
  5
368
330
363
100
AcDbEntity
  8
CALLOUT TEXT
440
 16777216
370
    -2
100
AcDbBlockReference
  2
_ArchTick
 10
602895.8292865047
 20
161075.4470295696
 30
0.0
 41
75.0
 42
75.0
 43
75.0
 50
180.0
  0
INSERT
  5
369
330
363
100
AcDbEntity
  8
CALLOUT TEXT
440
 16777216
370
    -2
100
AcDbBlockReference
  2
_ArchTick
 10
603570.7295959577
 20
161075.4470295696
 30
0.0
 41
75.0
 42
75.0
 43
75.0
  0
MTEXT
  5
36A
330
363
100
AcDbEntity
  8
CALLOUT TEXT
440
 16777216
100
AcDbMText
 10
603233.2794412312
 20
161262.9470295696
 30
0.0
 40
225.0
 41
0.0
 46
0.0
 71
     5
 72
     1
  1
\A1;675
  7
dim
 73
     1
 44
1.0
  0
POINT
  5
36B
330
363
100
AcDbEntity
  8
Defpoints
 62
     0
440
 16777216
100
AcDbPoint
 10
602895.8292865047
 20
161076.0849315427
 30
0.0
  0
POINT
  5
36C
330
363
100
AcDbEntity
  8
Defpoints
 62
     0
440
 16777216
100
AcDbPoint
 10
603570.7295959577
 20
161075.4469753417
 30
0.0
  0
POINT
  5
36D
330
363
100
AcDbEntity
  8
Defpoints
 62
     0
440
 16777216
100
AcDbPoint
 10
603570.7295959577
 20
161075.4470295696
 30
0.0
  0
ENDBLK
  5
36E
330
363
100
AcDbEntity
  8
0
 62
     7
420
 16777215
100
AcDbBlockEnd
  0
BLOCK
  5
370
330
36F
100
AcDbEntity
  8
0
 62
     7
420
 16777215
100
AcDbBlockBegin
  2
*D21
 70
     1
 10
0.0
 20
0.0
 30
0.0
  3
*D21
  1

  0
LINE
  5
371
330
36F
100
AcDbEntity
  8
CALLOUT TEXT
440
 16777216
370
    -2
100
AcDbLine
 10
603570.7295959577
 20
161150.4469753417
 30
0.0
 11
603570.7295959577
 21
161125.4470295697
 31
0.0
  0
LINE
  5
372
330
36F
100
AcDbEntity
  8
CALLOUT TEXT
440
 16777216
370
    -2
100
AcDbLine
 10
606995.7300769827
 20
161150.4470295696
 30
0.0
 11
606995.7300769827
 21
161125.4470295697
 31
0.0
  0
LINE
  5
373
330
36F
100
AcDbEntity
  8
CALLOUT TEXT
440
 16777216
370
    -2
100
AcDbLine
 10
603520.7295959577
 20
161075.4470295696
 30
0.0
 11
607045.7300769827
 21
161075.4470295696
 31
0.0
  0
INSERT
  5
374
330
36F
100
AcDbEntity
  8
CALLOUT TEXT
440
 16777216
370
    -2
100
AcDbBlockReference
  2
_ArchTick
 10
603570.7295959577
 20
161075.4470295696
 30
0.0
 41
75.0
 42
75.0
 43
75.0
 50
180.0
  0
INSERT
  5
375
330
36F
100
AcDbEntity
  8
CALLOUT TEXT
440
 16777216
370
    -2
100
AcDbBlockReference
  2
_ArchTick
 10
606995.7300769827
 20
161075.4470295696
 30
0.0
 41
75.0
 42
75.0
 43
75.0
  0
MTEXT
  5
376
330
36F
100
AcDbEntity
  8
CALLOUT TEXT
440
 16777216
100
AcDbMText
 10
605283.2298364702
 20
161262.9470295696
 30
0.0
 40
225.0
 41
0.0
 46
0.0
 71
     5
 72
     1
  1
\A1;3425
  7
dim
 73
     1
 44
1.0
  0
POINT
  5
377
330
36F
100
AcDbEntity
  8
Defpoints
 62
     0
440
 16777216
100
AcDbPoint
 10
603570.7295959577
 20
161075.4469753417
 30
0.0
  0
POINT
  5
378
330
36F
100
AcDbEntity
  8
Defpoints
 62
     0
440
 16777216
100
AcDbPoint
 10
606995.7300769827
 20
161075.4470295696
 30
0.0000000000000142
  0
POINT
  5
379
330
36F
100
AcDbEntity
  8
Defpoints
 62
     0
440
 16777216
100
AcDbPoint
 10
606995.7300769827
 20
161075.4470295696
 30
0.0
  0
ENDBLK
  5
37A
330
36F
100
AcDbEntity
  8
0
 62
     7
420
 16777215
100
AcDbBlockEnd
  0
BLOCK
  5
37C
330
37B
100
AcDbEntity
  8
0
 62
     7
420
 16777215
100
AcDbBlockBegin
  2
*D22
 70
     1
 10
0.0
 20
0.0
 30
0.0
  3
*D22
  1

  0
LINE
  5
37D
330
37B
100
AcDbEntity
  8
CALLOUT TEXT
440
 16777216
370
    -2
100
AcDbLine
 10
606995.7300769827
 20
161150.4470295696
 30
0.0
 11
606995.7300769827
 21
161125.4470295697
 31
0.0
  0
LINE
  5
37E
330
37B
100
AcDbEntity
  8
CALLOUT TEXT
440
 16777216
370
    -2
100
AcDbLine
 10
608595.7295887017
 20
161000.4470295698
 30
0.0
 11
608595.7295887017
 21
161025.4470295696
 31
0.0
  0
LINE
  5
37F
330
37B
100
AcDbEntity
  8
CALLOUT TEXT
440
 16777216
370
    -2
100
AcDbLine
 10
606945.7300769826
 20
161075.4470295696
 30
0.0
 11
608645.7295887018
 21
161075.4470295696
 31
0.0
  0
INSERT
  5
380
330
37B
100
AcDbEntity
  8
CALLOUT TEXT
440
 16777216
370
    -2
100
AcDbBlockReference
  2
_ArchTick
 10
606995.7300769827
 20
161075.4470295696
 30
0.0
 41
75.0
 42
75.0
 43
75.0
 50
180.0
  0
INSERT
  5
381
330
37B
100
AcDbEntity
  8
CALLOUT TEXT
440
 16777216
370
    -2
100
AcDbBlockReference
  2
_ArchTick
 10
608595.7295887017
 20
161075.4470295696
 30
0.0
 41
75.0
 42
75.0
 43
75.0
  0
MTEXT
  5
382
330
37B
100
AcDbEntity
  8
CALLOUT TEXT
440
 16777216
100
AcDbMText
 10
607795.7298328422
 20
161262.9470295696
 30
0.0
 40
225.0
 41
0.0
 46
0.0
 71
     5
 72
     1
  1
\A1;1600
  7
dim
 73
     1
 44
1.0
  0
POINT
  5
383
330
37B
100
AcDbEntity
  8
Defpoints
 62
     0
440
 16777216
100
AcDbPoint
 10
606995.7300769827
 20
161075.4470295696
 30
0.0000000000000142
  0
POINT
  5
384
330
37B
100
AcDbEntity
  8
Defpoints
 62
     0
440
 16777216
100
AcDbPoint
 10
608595.7295887017
 20
161075.4470295698
 30
0.0
  0
POINT
  5
385
330
37B
100
AcDbEntity
  8
Defpoints
 62
     0
440
 16777216
100
AcDbPoint
 10
608595.7295887017
 20
161075.4470295696
 30
0.0
  0
ENDBLK
  5
386
330
37B
100
AcDbEntity
  8
0
 62
     7
420
 16777215
100
AcDbBlockEnd
  0
BLOCK
  5
388
330
387
100
AcDbEntity
  8
0
 62
     7
420
 16777215
100
AcDbBlockBegin
  2
*D23
 70
     1
 10
0.0
 20
0.0
 30
0.0
  3
*D23
  1

  0
LINE
  5
389
330
387
100
AcDbEntity
  8
CALLOUT TEXT
440
 16777216
370
    -2
100
AcDbLine
 10
608595.7295887017
 20
161000.4470295698
 30
0.0
 11
608595.7295887017
 21
161025.4470295696
 31
0.0
  0
LINE
  5
38A
330
387
100
AcDbEntity
  8
CALLOUT TEXT
440
 16777216
370
    -2
100
AcDbLine
 10
609270.7295887014
 20
161150.4470295696
 30
0.0
 11
609270.7295887014
 21
161125.4470295697
 31
0.0
  0
LINE
  5
38B
330
387
100
AcDbEntity
  8
CALLOUT TEXT
440
 16777216
370
    -2
100
AcDbLine
 10
608545.7295887017
 20
161075.4470295696
 30
0.0
 11
609320.7295887014
 21
161075.4470295696
 31
0.0
  0
INSERT
  5
38C
330
387
100
AcDbEntity
  8
CALLOUT TEXT
440
 16777216
370
    -2
100
AcDbBlockReference
  2
_ArchTick
 10
608595.7295887017
 20
161075.4470295696
 30
0.0
 41
75.0
 42
75.0
 43
75.0
 50
180.0
  0
INSERT
  5
38D
330
387
100
AcDbEntity
  8
CALLOUT TEXT
440
 16777216
370
    -2
100
AcDbBlockReference
  2
_ArchTick
 10
609270.7295887014
 20
161075.4470295696
 30
0.0
 41
75.0
 42
75.0
 43
75.0
  0
MTEXT
  5
38E
330
387
100
AcDbEntity
  8
CALLOUT TEXT
440
 16777216
100
AcDbMText
 10
608933.2295887016
 20
161262.9470295696
 30
0.0
 40
225.0
 41
0.0
 46
0.0
 71
     5
 72
     1
  1
\A1;675
  7
dim
 73
     1
 44
1.0
  0
POINT
  5
38F
330
387
100
AcDbEntity
  8
Defpoints
 62
     0
440
 16777216
100
AcDbPoint
 10
608595.7295887017
 20
161075.4470295698
 30
0.0
  0
POINT
  5
390
330
387
100
AcDbEntity
  8
Defpoints
 62
     0
440
 16777216
100
AcDbPoint
 10
609270.7295887014
 20
161075.4470295696
 30
0.0
  0
POINT
  5
391
330
387
100
AcDbEntity
  8
Defpoints
 62
     0
440
 16777216
100
AcDbPoint
 10
609270.7295887014
 20
161075.4470295696
 30
0.0
  0
ENDBLK
  5
392
330
387
100
AcDbEntity
  8
0
 62
     7
420
 16777215
100
AcDbBlockEnd
  0
BLOCK
  5
394
330
393
100
AcDbEntity
  8
0
 62
     7
420
 16777215
100
AcDbBlockBegin
  2
*D24
 70
     1
 10
0.0
 20
0.0
 30
0.0
  3
*D24
  1

  0
LINE
  5
395
330
393
100
AcDbEntity
  8
CALLOUT TEXT
440
 16777216
370
    -2
100
AcDbLine
 10
609270.7295887014
 20
161150.4470295696
 30
0.0
 11
609270.7295887014
 21
161125.4470295697
 31
0.0
  0
LINE
  5
396
330
393
100
AcDbEntity
  8
CALLOUT TEXT
440
 16777216
370
    -2
100
AcDbLine
 10
611670.7300769826
 20
161150.4470295696
 30
0.0
 11
611670.7300769826
 21
161125.4470295697
 31
0.0
  0
LINE
  5
397
330
393
100
AcDbEntity
  8
CALLOUT TEXT
440
 16777216
370
    -2
100
AcDbLine
 10
609220.7295887014
 20
161075.4470295696
 30
0.0
 11
611720.7300769827
 21
161075.4470295696
 31
0.0
  0
INSERT
  5
398
330
393
100
AcDbEntity
  8
CALLOUT TEXT
440
 16777216
370
    -2
100
AcDbBlockReference
  2
_ArchTick
 10
609270.7295887014
 20
161075.4470295696
 30
0.0
 41
75.0
 42
75.0
 43
75.0
 50
180.0
  0
INSERT
  5
399
330
393
100
AcDbEntity
  8
CALLOUT TEXT
440
 16777216
370
    -2
100
AcDbBlockReference
  2
_ArchTick
 10
611670.7300769826
 20
161075.4470295696
 30
0.0
 41
75.0
 42
75.0
 43
75.0
  0
MTEXT
  5
39A
330
393
100
AcDbEntity
  8
CALLOUT TEXT
440
 16777216
100
AcDbMText
 10
610470.729832842
 20
161262.9470295696
 30
0.0
 40
225.0
 41
0.0
 46
0.0
 71
     5
 72
     1
  1
\A1;2400
  7
dim
 73
     1
 44
1.0
  0
POINT
  5
39B
330
393
100
AcDbEntity
  8
Defpoints
 62
     0
440
 16777216
100
AcDbPoint
 10
609270.7295887014
 20
161075.4470295696
 30
0.0
  0
POINT
  5
39C
330
393
100
AcDbEntity
  8
Defpoints
 62
     0
440
 16777216
100
AcDbPoint
 10
611670.7300769826
 20
161075.4470295696
 30
0.0000000000000142
  0
POINT
  5
39D
330
393
100
AcDbEntity
  8
Defpoints
 62
     0
440
 16777216
100
AcDbPoint
 10
611670.7300769826
 20
161075.4470295696
 30
0.0
  0
ENDBLK
  5
39E
330
393
100
AcDbEntity
  8
0
 62
     7
420
 16777215
100
AcDbBlockEnd
  0
BLOCK
  5
3A0
330
39F
100
AcDbEntity
  8
0
 62
     7
420
 16777215
100
AcDbBlockBegin
  2
*D25
 70
     1
 10
0.0
 20
0.0
 30
0.0
  3
*D25
  1

  0
LINE
  5
3A1
330
39F
100
AcDbEntity
  8
CALLOUT TEXT
440
 16777216
370
    -2
100
AcDbLine
 10
611670.7300769826
 20
161150.4470295696
 30
0.0
 11
611670.7300769826
 21
161125.4470295697
 31
0.0
  0
LINE
  5
3A2
330
39F
100
AcDbEntity
  8
CALLOUT TEXT
440
 16777216
370
    -2
100
AcDbLine
 10
614295.7288562795
 20
161150.4470295696
 30
0.0
 11
614295.7288562795
 21
161125.4470295697
 31
0.0
  0
LINE
  5
3A3
330
39F
100
AcDbEntity
  8
CALLOUT TEXT
440
 16777216
370
    -2
100
AcDbLine
 10
611620.7300769826
 20
161075.4470295696
 30
0.0
 11
614345.7288562796
 21
161075.4470295696
 31
0.0
  0
INSERT
  5
3A4
330
39F
100
AcDbEntity
  8
CALLOUT TEXT
440
 16777216
370
    -2
100
AcDbBlockReference
  2
_ArchTick
 10
611670.7300769826
 20
161075.4470295696
 30
0.0
 41
75.0
 42
75.0
 43
75.0
 50
180.0
  0
INSERT
  5
3A5
330
39F
100
AcDbEntity
  8
CALLOUT TEXT
440
 16777216
370
    -2
100
AcDbBlockReference
  2
_ArchTick
 10
614295.7288562795
 20
161075.4470295696
 30
0.0
 41
75.0
 42
75.0
 43
75.0
  0
MTEXT
  5
3A6
330
39F
100
AcDbEntity
  8
CALLOUT TEXT
440
 16777216
100
AcDbMText
 10
612983.2294666311
 20
161262.9470295696
 30
0.0
 40
225.0
 41
0.0
 46
0.0
 71
     5
 72
     1
  1
\A1;2625
  7
dim
 73
     1
 44
1.0
  0
POINT
  5
3A7
330
39F
100
AcDbEntity
  8
Defpoints
 62
     0
440
 16777216
100
AcDbPoint
 10
611670.7300769826
 20
161075.4470295696
 30
0.0000000000000142
  0
POINT
  5
3A8
330
39F
100
AcDbEntity
  8
Defpoints
 62
     0
440
 16777216
100
AcDbPoint
 10
614295.7288562795
 20
161075.4470295696
 30
0.0
  0
POINT
  5
3A9
330
39F
100
AcDbEntity
  8
Defpoints
 62
     0
440
 16777216
100
AcDbPoint
 10
614295.7288562795
 20
161075.4470295696
 30
0.0
  0
ENDBLK
  5
3AA
330
39F
100
AcDbEntity
  8
0
 62
     7
420
 16777215
100
AcDbBlockEnd
  0
BLOCK
  5
3AC
330
3AB
100
AcDbEntity
  8
0
 62
     7
420
 16777215
100
AcDbBlockBegin
  2
*D26
 70
     1
 10
0.0
 20
0.0
 30
0.0
  3
*D26
  1

  0
LINE
  5
3AD
330
3AB
100
AcDbEntity
  8
CALLOUT TEXT
440
 16777216
370
    -2
100
AcDbLine
 10
614295.7288562795
 20
161150.4470295696
 30
0.0
 11
614295.7288562795
 21
161125.4470295697
 31
0.0
  0
LINE
  5
3AE
330
3AB
100
AcDbEntity
  8
CALLOUT TEXT
440
 16777216
370
    -2
100
AcDbLine
 10
615720.7288562795
 20
161150.0670295696
 30
0.0
 11
615720.7288562795
 21
161125.4470295697
 31
0.0
  0
LINE
  5
3AF
330
3AB
100
AcDbEntity
  8
CALLOUT TEXT
440
 16777216
370
    -2
100
AcDbLine
 10
614245.7288562795
 20
161075.4470295696
 30
0.0
 11
615770.7288562796
 21
161075.4470295696
 31
0.0
  0
INSERT
  5
3B0
330
3AB
100
AcDbEntity
  8
CALLOUT TEXT
440
 16777216
370
    -2
100
AcDbBlockReference
  2
_ArchTick
 10
614295.7288562795
 20
161075.4470295696
 30
0.0
 41
75.0
 42
75.0
 43
75.0
 50
180.0
  0
INSERT
  5
3B1
330
3AB
100
AcDbEntity
  8
CALLOUT TEXT
440
 16777216
370
    -2
100
AcDbBlockReference
  2
_ArchTick
 10
615720.7288562795
 20
161075.4470295696
 30
0.0
 41
75.0
 42
75.0
 43
75.0
  0
MTEXT
  5
3B2
330
3AB
100
AcDbEntity
  8
CALLOUT TEXT
440
 16777216
100
AcDbMText
 10
615008.2288562796
 20
161262.9470295696
 30
0.0
 40
225.0
 41
0.0
 46
0.0
 71
     5
 72
     1
  1
\A1;1425
  7
dim
 73
     1
 44
1.0
  0
POINT
  5
3B3
330
3AB
100
AcDbEntity
  8
Defpoints
 62
     0
440
 16777216
100
AcDbPoint
 10
614295.7288562795
 20
161075.4470295696
 30
0.0
  0
POINT
  5
3B4
330
3AB
100
AcDbEntity
  8
Defpoints
 62
     0
440
 16777216
100
AcDbPoint
 10
615720.7288562795
 20
161075.0670295696
 30
0.0
  0
POINT
  5
3B5
330
3AB
100
AcDbEntity
  8
Defpoints
 62
     0
440
 16777216
100
AcDbPoint
 10
615720.7288562795
 20
161075.4470295696
 30
0.0
  0
ENDBLK
  5
3B6
330
3AB
100
AcDbEntity
  8
0
 62
     7
420
 16777215
100
AcDbBlockEnd
  0
BLOCK
  5
3B8
330
3B7
100
AcDbEntity
  8
0
 62
     7
420
 16777215
100
AcDbBlockBegin
  2
*D27
 70
     1
 10
0.0
 20
0.0
 30
0.0
  3
*D27
  1

  0
LINE
  5
3B9
330
3B7
100
AcDbEntity
  8
CALLOUT TEXT
440
 16777216
370
    -2
100
AcDbLine
 10
615720.7288562795
 20
161150.0670295696
 30
0.0
 11
615720.7288562795
 21
161125.4470295697
 31
0.0
  0
LINE
  5
3BA
330
3B7
100
AcDbEntity
  8
CALLOUT TEXT
440
 16777216
370
    -2
100
AcDbLine
 10
619320.7288562796
 20
161150.0670295696
 30
0.0
 11
619320.7288562796
 21
161125.4470295697
 31
0.0
  0
LINE
  5
3BB
330
3B7
100
AcDbEntity
  8
CALLOUT TEXT
440
 16777216
370
    -2
100
AcDbLine
 10
615670.7288562795
 20
161075.4470295696
 30
0.0
 11
619370.7288562795
 21
161075.4470295696
 31
0.0
  0
INSERT
  5
3BC
330
3B7
100
AcDbEntity
  8
CALLOUT TEXT
440
 16777216
370
    -2
100
AcDbBlockReference
  2
_ArchTick
 10
615720.7288562795
 20
161075.4470295696
 30
0.0
 41
75.0
 42
75.0
 43
75.0
 50
180.0
  0
INSERT
  5
3BD
330
3B7
100
AcDbEntity
  8
CALLOUT TEXT
440
 16777216
370
    -2
100
AcDbBlockReference
  2
_ArchTick
 10
619320.7288562796
 20
161075.4470295696
 30
0.0
 41
75.0
 42
75.0
 43
75.0
  0
MTEXT
  5
3BE
330
3B7
100
AcDbEntity
  8
CALLOUT TEXT
440
 16777216
100
AcDbMText
 10
617520.7288562795
 20
161262.9470295696
 30
0.0
 40
225.0
 41
0.0
 46
0.0
 71
     5
 72
     1
  1
\A1;3600
  7
dim
 73
     1
 44
1.0
  0
POINT
  5
3BF
330
3B7
100
AcDbEntity
  8
Defpoints
 62
     0
440
 16777216
100
AcDbPoint
 10
615720.7288562795
 20
161075.0670295696
 30
0.0
  0
POINT
  5
3C0
330
3B7
100
AcDbEntity
  8
Defpoints
 62
     0
440
 16777216
100
AcDbPoint
 10
619320.7288562796
 20
161075.0670295696
 30
0.0
  0
POINT
  5
3C1
330
3B7
100
AcDbEntity
  8
Defpoints
 62
     0
440
 16777216
100
AcDbPoint
 10
619320.7288562796
 20
161075.4470295696
 30
0.0
  0
ENDBLK
  5
3C2
330
3B7
100
AcDbEntity
  8
0
 62
     7
420
 16777215
100
AcDbBlockEnd
  0
BLOCK
  5
3C4
330
3C3
100
AcDbEntity
  8
0
 62
     7
420
 16777215
100
AcDbBlockBegin
  2
*D28
 70
     1
 10
0.0
 20
0.0
 30
0.0
  3
*D28
  1

  0
LINE
  5
3C5
330
3C3
100
AcDbEntity
  8
CALLOUT TEXT
440
 16777216
370
    -2
100
AcDbLine
 10
620851.2326162085
 20
174591.1114458479
 30
0.0
 11
620826.2326162112
 21
174591.1114458479
 31
0.0
  0
LINE
  5
3C6
330
3C3
100
AcDbEntity
  8
CALLOUT TEXT
440
 16777216
370
    -2
100
AcDbLine
 10
620851.2326162085
 20
173991.4422563948
 30
0.0
 11
620826.2326162112
 21
173991.4422563948
 31
0.0
  0
LINE
  5
3C7
330
3C3
100
AcDbEntity
  8
CALLOUT TEXT
440
 16777216
370
    -2
100
AcDbLine
 10
620776.2326162112
 20
174641.111445848
 30
0.0
 11
620776.2326162112
 21
173941.4422563948
 31
0.0
  0
LINE
  5
3C8
330
3C3
100
AcDbEntity
  8
CALLOUT TEXT
440
 16777216
370
    -2
100
AcDbLine
 10
620776.2326162112
 20
174291.2768511214
 30
0.0
 11
620479.5364471747
 21
174441.2768511215
 31
0.0
  0
LINE
  5
3C9
330
3C3
100
AcDbEntity
  8
CALLOUT TEXT
440
 16777216
370
    -2
100
AcDbLine
 10
620479.5364471747
 20
174441.2768511215
 30
0.0
 11
620479.5364471747
 21
175054.1339939786
 31
0.0
  0
MTEXT
  5
3CA
330
3C3
100
AcDbEntity
  8
CALLOUT TEXT
440
 16777216
100
AcDbMText
 10
620292.0364471746
 20
174747.7054225498
 30
0.0
 40
225.0
 41
0.0
 46
0.0
 71
     5
 72
     1
  1
\A1;600
  7
dim
 11
0.0000000000000001
 21
1.0
 31
0.0
 73
     1
 44
1.0
  0
INSERT
  5
3CB
330
3C3
100
AcDbEntity
  8
CALLOUT TEXT
440
 16777216
370
    -2
100
AcDbBlockReference
  2
_ArchTick
 10
620776.2326162112
 20
174591.1114458479
 30
0.0
 41
75.0
 42
75.0
 43
75.0
 50
90.0
  0
INSERT
  5
3CC
330
3C3
100
AcDbEntity
  8
CALLOUT TEXT
440
 16777216
370
    -2
100
AcDbBlockReference
  2
_ArchTick
 10
620776.2326162112
 20
173991.4422563948
 30
0.0
 41
75.0
 42
75.0
 43
75.0
 50
270.0
  0
POINT
  5
3CD
330
3C3
100
AcDbEntity
  8
Defpoints
 62
     0
440
 16777216
100
AcDbPoint
 10
620776.2326162085
 20
174591.1114458479
 30
0.0
  0
POINT
  5
3CE
330
3C3
100
AcDbEntity
  8
Defpoints
 62
     0
440
 16777216
100
AcDbPoint
 10
620776.2326162085
 20
173991.4422563948
 30
0.0
  0
POINT
  5
3CF
330
3C3
100
AcDbEntity
  8
Defpoints
 62
     0
440
 16777216
100
AcDbPoint
 10
620776.2326162112
 20
173991.4422563948
 30
0.0
  0
ENDBLK
  5
3D0
330
3C3
100
AcDbEntity
  8
0
 62
     7
420
 16777215
100
AcDbBlockEnd
  0
BLOCK
  5
3D2
330
3D1
100
AcDbEntity
  8
0
 62
     7
420
 16777215
100
AcDbBlockBegin
  2
*D29
 70
     1
 10
0.0
 20
0.0
 30
0.0
  3
*D29
  1

  0
LINE
  5
3D3
330
3D1
100
AcDbEntity
  8
CALLOUT TEXT
440
 16777216
370
    -2
100
AcDbLine
 10
620851.2326162085
 20
173991.4422563948
 30
0.0
 11
620826.2326162113
 21
173991.4422563948
 31
0.0
  0
LINE
  5
3D4
330
3D1
100
AcDbEntity
  8
CALLOUT TEXT
440
 16777216
370
    -2
100
AcDbLine
 10
620838.3371975049
 20
173016.111445848
 30
0.0
 11
620826.2326162113
 21
173016.111445848
 31
0.0
  0
LINE
  5
3D5
330
3D1
100
AcDbEntity
  8
CALLOUT TEXT
440
 16777216
370
    -2
100
AcDbLine
 10
620776.2326162113
 20
174041.4422563948
 30
0.0
 11
620776.2326162113
 21
172966.111445848
 31
0.0
  0
INSERT
  5
3D6
330
3D1
100
AcDbEntity
  8
CALLOUT TEXT
440
 16777216
370
    -2
100
AcDbBlockReference
  2
_ArchTick
 10
620776.2326162113
 20
173991.4422563948
 30
0.0
 41
75.0
 42
75.0
 43
75.0
 50
90.0
  0
INSERT
  5
3D7
330
3D1
100
AcDbEntity
  8
CALLOUT TEXT
440
 16777216
370
    -2
100
AcDbBlockReference
  2
_ArchTick
 10
620776.2326162113
 20
173016.111445848
 30
0.0
 41
75.0
 42
75.0
 43
75.0
 50
270.0
  0
MTEXT
  5
3D8
330
3D1
100
AcDbEntity
  8
CALLOUT TEXT
440
 16777216
100
AcDbMText
 10
620588.7326162113
 20
173503.7768511212
 30
0.0
 40
225.0
 41
0.0
 46
0.0
 71
     5
 72
     1
  1
\A1;975
  7
dim
 11
0.0000000000000001
 21
1.0
 31
0.0
 73
     1
 44
1.0
  0
POINT
  5
3D9
330
3D1
100
AcDbEntity
  8
Defpoints
 62
     0
440
 16777216
100
AcDbPoint
 10
620776.2326162085
 20
173991.4422563948
 30
0.0
  0
POINT
  5
3DA
330
3D1
100
AcDbEntity
  8
Defpoints
 62
     0
440
 16777216
100
AcDbPoint
 10
620763.3371975049
 20
173016.111445848
 30
0.0
  0
POINT
  5
3DB
330
3D1
100
AcDbEntity
  8
Defpoints
 62
     0
440
 16777216
100
AcDbPoint
 10
620776.2326162113
 20
173016.111445848
 30
0.0
  0
ENDBLK
  5
3DC
330
3D1
100
AcDbEntity
  8
0
 62
     7
420
 16777215
100
AcDbBlockEnd
  0
BLOCK
  5
3DE
330
3DD
100
AcDbEntity
  8
0
 62
     7
420
 16777215
100
AcDbBlockBegin
  2
*D30
 70
     1
 10
0.0
 20
0.0
 30
0.0
  3
*D30
  1

  0
LINE
  5
3DF
330
3DD
100
AcDbEntity
  8
CALLOUT TEXT
440
 16777216
370
    -2
100
AcDbLine
 10
620838.3371975049
 20
173016.111445848
 30
0.0
 11
620826.2326162116
 21
173016.111445848
 31
0.0
  0
LINE
  5
3E0
330
3DD
100
AcDbEntity
  8
CALLOUT TEXT
440
 16777216
370
    -2
100
AcDbLine
 10
620709.7618695274
 20
170312.3480181136
 30
0.0
 11
620726.2326162116
 21
170312.3480181136
 31
0.0
  0
LINE
  5
3E1
330
3DD
100
AcDbEntity
  8
CALLOUT TEXT
440
 16777216
370
    -2
100
AcDbLine
 10
620776.2326162115
 20
173066.1114458479
 30
0.0
 11
620776.2326162115
 21
170262.3480181136
 31
0.0
  0
INSERT
  5
3E2
330
3DD
100
AcDbEntity
  8
CALLOUT TEXT
440
 16777216
370
    -2
100
AcDbBlockReference
  2
_ArchTick
 10
620776.2326162115
 20
173016.111445848
 30
0.0
 41
75.0
 42
75.0
 43
75.0
 50
90.0
  0
INSERT
  5
3E3
330
3DD
100
AcDbEntity
  8
CALLOUT TEXT
440
 16777216
370
    -2
100
AcDbBlockReference
  2
_ArchTick
 10
620776.2326162115
 20
170312.3480181136
 30
0.0
 41
75.0
 42
75.0
 43
75.0
 50
270.0
  0
MTEXT
  5
3E4
330
3DD
100
AcDbEntity
  8
CALLOUT TEXT
440
 16777216
100
AcDbMText
 10
620588.7326162114
 20
171664.2297319805
 30
0.0
 40
225.0
 41
0.0
 46
0.0
 71
     5
 72
     1
  1
\A1;2704
  7
dim
 11
0.0000000000000001
 21
1.0
 31
0.0
 73
     1
 44
1.0
  0
POINT
  5
3E5
330
3DD
100
AcDbEntity
  8
Defpoints
 62
     0
440
 16777216
100
AcDbPoint
 10
620763.3371975049
 20
173016.111445848
 30
0.0
  0
POINT
  5
3E6
330
3DD
100
AcDbEntity
  8
Defpoints
 62
     0
440
 16777216
100
AcDbPoint
 10
620784.7618695274
 20
170312.3480181136
 30
0.0
  0
POINT
  5
3E7
330
3DD
100
AcDbEntity
  8
Defpoints
 62
     0
440
 16777216
100
AcDbPoint
 10
620776.2326162115
 20
170312.3480181136
 30
0.0
  0
ENDBLK
  5
3E8
330
3DD
100
AcDbEntity
  8
0
 62
     7
420
 16777215
100
AcDbBlockEnd
  0
BLOCK
  5
3EA
330
3E9
100
AcDbEntity
  8
0
 62
     7
420
 16777215
100
AcDbBlockBegin
  2
*D31
 70
     1
 10
0.0
 20
0.0
 30
0.0
  3
*D31
  1

  0
LINE
  5
3EB
330
3E9
100
AcDbEntity
  8
CALLOUT TEXT
440
 16777216
370
    -2
100
AcDbLine
 10
620709.7618695274
 20
170312.3480181136
 30
0.0
 11
620726.2326162118
 21
170312.3480181136
 31
0.0
  0
LINE
  5
3EC
330
3E9
100
AcDbEntity
  8
CALLOUT TEXT
440
 16777216
370
    -2
100
AcDbLine
 10
620849.9126127139
 20
169191.111445848
 30
0.0
 11
620826.2326162118
 21
169191.111445848
 31
0.0
  0
LINE
  5
3ED
330
3E9
100
AcDbEntity
  8
CALLOUT TEXT
440
 16777216
370
    -2
100
AcDbLine
 10
620776.2326162118
 20
170362.3480181136
 30
0.0
 11
620776.2326162118
 21
169141.111445848
 31
0.0
  0
INSERT
  5
3EE
330
3E9
100
AcDbEntity
  8
CALLOUT TEXT
440
 16777216
370
    -2
100
AcDbBlockReference
  2
_ArchTick
 10
620776.2326162118
 20
170312.3480181136
 30
0.0
 41
75.0
 42
75.0
 43
75.0
 50
90.0
  0
INSERT
  5
3EF
330
3E9
100
AcDbEntity
  8
CALLOUT TEXT
440
 16777216
370
    -2
100
AcDbBlockReference
  2
_ArchTick
 10
620776.2326162118
 20
169191.111445848
 30
0.0
 41
75.0
 42
75.0
 43
75.0
 50
270.0
  0
MTEXT
  5
3F0
330
3E9
100
AcDbEntity
  8
CALLOUT TEXT
440
 16777216
100
AcDbMText
 10
620588.7326162116
 20
169751.7297319805
 30
0.0
 40
225.0
 41
0.0
 46
0.0
 71
     5
 72
     1
  1
\A1;1121
  7
dim
 11
0.0000000000000001
 21
1.0
 31
0.0
 73
     1
 44
1.0
  0
POINT
  5
3F1
330
3E9
100
AcDbEntity
  8
Defpoints
 62
     0
440
 16777216
100
AcDbPoint
 10
620784.7618695274
 20
170312.3480181136
 30
0.0
  0
POINT
  5
3F2
330
3E9
100
AcDbEntity
  8
Defpoints
 62
     0
440
 16777216
100
AcDbPoint
 10
620774.9126127139
 20
169191.111445848
 30
0.0
  0
POINT
  5
3F3
330
3E9
100
AcDbEntity
  8
Defpoints
 62
     0
440
 16777216
100
AcDbPoint
 10
620776.2326162118
 20
169191.111445848
 30
0.0
  0
ENDBLK
  5
3F4
330
3E9
100
AcDbEntity
  8
0
 62
     7
420
 16777215
100
AcDbBlockEnd
  0
BLOCK
  5
3F6
330
3F5
100
AcDbEntity
  8
0
 62
     7
420
 16777215
100
AcDbBlockBegin
  2
*D32
 70
     1
 10
0.0
 20
0.0
 30
0.0
  3
*D32
  1

  0
LINE
  5
3F7
330
3F5
100
AcDbEntity
  8
CALLOUT TEXT
440
 16777216
370
    -2
100
AcDbLine
 10
620849.9126127139
 20
169191.111445848
 30
0.0
 11
620826.232616212
 21
169191.111445848
 31
0.0
  0
LINE
  5
3F8
330
3F5
100
AcDbEntity
  8
CALLOUT TEXT
440
 16777216
370
    -2
100
AcDbLine
 10
620713.823418729
 20
166341.111445848
 30
0.0
 11
620726.232616212
 21
166341.111445848
 31
0.0
  0
LINE
  5
3F9
330
3F5
100
AcDbEntity
  8
CALLOUT TEXT
440
 16777216
370
    -2
100
AcDbLine
 10
620776.232616212
 20
169241.1114458479
 30
0.0
 11
620776.232616212
 21
166291.111445848
 31
0.0
  0
INSERT
  5
3FA
330
3F5
100
AcDbEntity
  8
CALLOUT TEXT
440
 16777216
370
    -2
100
AcDbBlockReference
  2
_ArchTick
 10
620776.232616212
 20
169191.111445848
 30
0.0
 41
75.0
 42
75.0
 43
75.0
 50
90.0
  0
INSERT
  5
3FB
330
3F5
100
AcDbEntity
  8
CALLOUT TEXT
440
 16777216
370
    -2
100
AcDbBlockReference
  2
_ArchTick
 10
620776.232616212
 20
166341.111445848
 30
0.0
 41
75.0
 42
75.0
 43
75.0
 50
270.0
  0
MTEXT
  5
3FC
330
3F5
100
AcDbEntity
  8
CALLOUT TEXT
440
 16777216
100
AcDbMText
 10
620588.7326162119
 20
167766.1114458478
 30
0.0
 40
225.0
 41
0.0
 46
0.0
 71
     5
 72
     1
  1
\A1;2850
  7
dim
 11
0.0000000000000001
 21
1.0
 31
0.0
 73
     1
 44
1.0
  0
POINT
  5
3FD
330
3F5
100
AcDbEntity
  8
Defpoints
 62
     0
440
 16777216
100
AcDbPoint
 10
620774.9126127139
 20
169191.111445848
 30
0.0
  0
POINT
  5
3FE
330
3F5
100
AcDbEntity
  8
Defpoints
 62
     0
440
 16777216
100
AcDbPoint
 10
620788.823418729
 20
166341.111445848
 30
0.0
  0
POINT
  5
3FF
330
3F5
100
AcDbEntity
  8
Defpoints
 62
     0
440
 16777216
100
AcDbPoint
 10
620776.232616212
 20
166341.111445848
 30
0.0
  0
ENDBLK
  5
400
330
3F5
100
AcDbEntity
  8
0
 62
     7
420
 16777215
100
AcDbBlockEnd
  0
BLOCK
  5
402
330
401
100
AcDbEntity
  8
0
 62
     7
420
 16777215
100
AcDbBlockBegin
  2
*D33
 70
     1
 10
0.0
 20
0.0
 30
0.0
  3
*D33
  1

  0
LINE
  5
403
330
401
100
AcDbEntity
  8
CALLOUT TEXT
440
 16777216
370
    -2
100
AcDbLine
 10
620713.823418729
 20
166341.111445848
 30
0.0
 11
620726.2326162123
 21
166341.111445848
 31
0.0
  0
LINE
  5
404
330
401
100
AcDbEntity
  8
CALLOUT TEXT
440
 16777216
370
    -2
100
AcDbLine
 10
620703.2633908167
 20
164466.111445848
 30
0.0
 11
620726.2326162123
 21
164466.111445848
 31
0.0
  0
LINE
  5
405
330
401
100
AcDbEntity
  8
CALLOUT TEXT
440
 16777216
370
    -2
100
AcDbLine
 10
620776.2326162122
 20
166391.1114458479
 30
0.0
 11
620776.2326162122
 21
164416.111445848
 31
0.0
  0
INSERT
  5
406
330
401
100
AcDbEntity
  8
CALLOUT TEXT
440
 16777216
370
    -2
100
AcDbBlockReference
  2
_ArchTick
 10
620776.2326162122
 20
166341.111445848
 30
0.0
 41
75.0
 42
75.0
 43
75.0
 50
90.0
  0
INSERT
  5
407
330
401
100
AcDbEntity
  8
CALLOUT TEXT
440
 16777216
370
    -2
100
AcDbBlockReference
  2
_ArchTick
 10
620776.2326162122
 20
164466.111445848
 30
0.0
 41
75.0
 42
75.0
 43
75.0
 50
270.0
  0
MTEXT
  5
408
330
401
100
AcDbEntity
  8
CALLOUT TEXT
440
 16777216
100
AcDbMText
 10
620588.7326162121
 20
165403.6114458477
 30
0.0
 40
225.0
 41
0.0
 46
0.0
 71
     5
 72
     1
  1
\A1;1875
  7
dim
 11
0.0000000000000001
 21
1.0
 31
0.0
 73
     1
 44
1.0
  0
POINT
  5
409
330
401
100
AcDbEntity
  8
Defpoints
 62
     0
440
 16777216
100
AcDbPoint
 10
620788.823418729
 20
166341.111445848
 30
0.0
  0
POINT
  5
40A
330
401
100
AcDbEntity
  8
Defpoints
 62
     0
440
 16777216
100
AcDbPoint
 10
620778.2633908167
 20
164466.111445848
 30
0.0
  0
POINT
  5
40B
330
401
100
AcDbEntity
  8
Defpoints
 62
     0
440
 16777216
100
AcDbPoint
 10
620776.2326162122
 20
164466.111445848
 30
0.0
  0
ENDBLK
  5
40C
330
401
100
AcDbEntity
  8
0
 62
     7
420
 16777215
100
AcDbBlockEnd
  0
BLOCK
  5
40E
330
40D
100
AcDbEntity
  8
0
 62
     7
420
 16777215
100
AcDbBlockBegin
  2
*D34
 70
     1
 10
0.0
 20
0.0
 30
0.0
  3
*D34
  1

  0
LINE
  5
40F
330
40D
100
AcDbEntity
  8
CALLOUT TEXT
440
 16777216
370
    -2
100
AcDbLine
 10
620703.2633908167
 20
164466.111445848
 30
0.0
 11
620726.2326162124
 21
164466.111445848
 31
0.0
  0
LINE
  5
410
330
40D
100
AcDbEntity
  8
CALLOUT TEXT
440
 16777216
370
    -2
100
AcDbLine
 10
620712.0972603187
 20
162666.1117510237
 30
0.0
 11
620726.2326162124
 21
162666.1117510237
 31
0.0
  0
LINE
  5
411
330
40D
100
AcDbEntity
  8
CALLOUT TEXT
440
 16777216
370
    -2
100
AcDbLine
 10
620776.2326162125
 20
164516.1114458479
 30
0.0
 11
620776.2326162125
 21
162616.1117510237
 31
0.0
  0
INSERT
  5
412
330
40D
100
AcDbEntity
  8
CALLOUT TEXT
440
 16777216
370
    -2
100
AcDbBlockReference
  2
_ArchTick
 10
620776.2326162125
 20
164466.111445848
 30
0.0
 41
75.0
 42
75.0
 43
75.0
 50
90.0
  0
INSERT
  5
413
330
40D
100
AcDbEntity
  8
CALLOUT TEXT
440
 16777216
370
    -2
100
AcDbBlockReference
  2
_ArchTick
 10
620776.2326162125
 20
162666.1117510237
 30
0.0
 41
75.0
 42
75.0
 43
75.0
 50
270.0
  0
MTEXT
  5
414
330
40D
100
AcDbEntity
  8
CALLOUT TEXT
440
 16777216
100
AcDbMText
 10
620588.7326162123
 20
163566.1115984357
 30
0.0
 40
225.0
 41
0.0
 46
0.0
 71
     5
 72
     1
  1
\A1;1800
  7
dim
 11
0.0000000000000001
 21
1.0
 31
0.0
 73
     1
 44
1.0
  0
POINT
  5
415
330
40D
100
AcDbEntity
  8
Defpoints
 62
     0
440
 16777216
100
AcDbPoint
 10
620778.2633908167
 20
164466.111445848
 30
0.0
  0
POINT
  5
416
330
40D
100
AcDbEntity
  8
Defpoints
 62
     0
440
 16777216
100
AcDbPoint
 10
620787.0972603187
 20
162666.1117510237
 30
0.0
  0
POINT
  5
417
330
40D
100
AcDbEntity
  8
Defpoints
 62
     0
440
 16777216
100
AcDbPoint
 10
620776.2326162125
 20
162666.1117510237
 30
0.0
  0
ENDBLK
  5
418
330
40D
100
AcDbEntity
  8
0
 62
     7
420
 16777215
100
AcDbBlockEnd
  0
BLOCK
  5
41A
330
419
100
AcDbEntity
  8
0
 62
     7
420
 16777215
100
AcDbBlockBegin
  2
*D35
 70
     1
 10
0.0
 20
0.0
 30
0.0
  3
*D35
  1

  0
LINE
  5
41B
330
419
100
AcDbEntity
  8
CALLOUT TEXT
440
 16777216
370
    -2
100
AcDbLine
 10
593578.1688107041
 20
170312.3480181136
 30
0.0
 11
593594.9717841066
 21
170312.3480181136
 31
0.0
  0
LINE
  5
41C
330
419
100
AcDbEntity
  8
CALLOUT TEXT
440
 16777216
370
    -2
100
AcDbLine
 10
593718.651780609
 20
169191.111445848
 30
0.0
 11
593694.9717841066
 21
169191.111445848
 31
0.0
  0
LINE
  5
41D
330
419
100
AcDbEntity
  8
CALLOUT TEXT
440
 16777216
370
    -2
100
AcDbLine
 10
593644.9717841066
 20
170362.3480181136
 30
0.0
 11
593644.9717841066
 21
169141.111445848
 31
0.0
  0
INSERT
  5
41E
330
419
100
AcDbEntity
  8
CALLOUT TEXT
440
 16777216
370
    -2
100
AcDbBlockReference
  2
_ArchTick
 10
593644.9717841066
 20
170312.3480181136
 30
0.0
 41
75.0
 42
75.0
 43
75.0
 50
90.0
  0
INSERT
  5
41F
330
419
100
AcDbEntity
  8
CALLOUT TEXT
440
 16777216
370
    -2
100
AcDbBlockReference
  2
_ArchTick
 10
593644.9717841066
 20
169191.111445848
 30
0.0
 41
75.0
 42
75.0
 43
75.0
 50
270.0
  0
MTEXT
  5
420
330
419
100
AcDbEntity
  8
CALLOUT TEXT
440
 16777216
100
AcDbMText
 10
593457.4717841065
 20
169751.7297319806
 30
0.0
 40
225.0
 41
0.0
 46
0.0
 71
     5
 72
     1
  1
\A1;1121
  7
dim
 11
0.0000000000000001
 21
1.0
 31
0.0
 73
     1
 44
1.0
  0
POINT
  5
421
330
419
100
AcDbEntity
  8
Defpoints
 62
     0
440
 16777216
100
AcDbPoint
 10
593653.1688107041
 20
170312.3480181136
 30
0.0
  0
POINT
  5
422
330
419
100
AcDbEntity
  8
Defpoints
 62
     0
440
 16777216
100
AcDbPoint
 10
593643.651780609
 20
169191.111445848
 30
0.0
  0
POINT
  5
423
330
419
100
AcDbEntity
  8
Defpoints
 62
     0
440
 16777216
100
AcDbPoint
 10
593644.9717841066
 20
169191.111445848
 30
0.0
  0
ENDBLK
  5
424
330
419
100
AcDbEntity
  8
0
 62
     7
420
 16777215
100
AcDbBlockEnd
  0
BLOCK
  5
426
330
425
100
AcDbEntity
  8
0
 62
     7
420
 16777215
100
AcDbBlockBegin
  2
*D36
 70
     1
 10
0.0
 20
0.0
 30
0.0
  3
*D36
  1

  0
LINE
  5
427
330
425
100
AcDbEntity
  8
CALLOUT TEXT
440
 16777216
370
    -2
100
AcDbLine
 10
593718.651780609
 20
169191.111445848
 30
0.0
 11
593694.9717841068
 21
169191.111445848
 31
0.0
  0
LINE
  5
428
330
425
100
AcDbEntity
  8
CALLOUT TEXT
440
 16777216
370
    -2
100
AcDbLine
 10
593582.093359197
 20
166341.111445848
 30
0.0
 11
593594.9717841069
 21
166341.111445848
 31
0.0
  0
LINE
  5
429
330
425
100
AcDbEntity
  8
CALLOUT TEXT
440
 16777216
370
    -2
100
AcDbLine
 10
593644.9717841068
 20
169241.111445848
 30
0.0
 11
593644.9717841068
 21
166291.111445848
 31
0.0
  0
INSERT
  5
42A
330
425
100
AcDbEntity
  8
CALLOUT TEXT
440
 16777216
370
    -2
100
AcDbBlockReference
  2
_ArchTick
 10
593644.9717841068
 20
169191.111445848
 30
0.0
 41
75.0
 42
75.0
 43
75.0
 50
90.0
  0
INSERT
  5
42B
330
425
100
AcDbEntity
  8
CALLOUT TEXT
440
 16777216
370
    -2
100
AcDbBlockReference
  2
_ArchTick
 10
593644.9717841068
 20
166341.111445848
 30
0.0
 41
75.0
 42
75.0
 43
75.0
 50
270.0
  0
MTEXT
  5
42C
330
425
100
AcDbEntity
  8
CALLOUT TEXT
440
 16777216
100
AcDbMText
 10
593457.4717841067
 20
167766.1114458478
 30
0.0
 40
225.0
 41
0.0
 46
0.0
 71
     5
 72
     1
  1
\A1;2850
  7
dim
 11
0.0000000000000001
 21
1.0
 31
0.0
 73
     1
 44
1.0
  0
POINT
  5
42D
330
425
100
AcDbEntity
  8
Defpoints
 62
     0
440
 16777216
100
AcDbPoint
 10
593643.651780609
 20
169191.111445848
 30
0.0
  0
POINT
  5
42E
330
425
100
AcDbEntity
  8
Defpoints
 62
     0
440
 16777216
100
AcDbPoint
 10
593657.093359197
 20
166341.111445848
 30
0.0
  0
POINT
  5
42F
330
425
100
AcDbEntity
  8
Defpoints
 62
     0
440
 16777216
100
AcDbPoint
 10
593644.9717841068
 20
166341.111445848
 30
0.0
  0
ENDBLK
  5
430
330
425
100
AcDbEntity
  8
0
 62
     7
420
 16777215
100
AcDbBlockEnd
  0
BLOCK
  5
432
330
431
100
AcDbEntity
  8
0
 62
     7
420
 16777215
100
AcDbBlockBegin
  2
*D37
 70
     1
 10
0.0
 20
0.0
 30
0.0
  3
*D37
  1

  0
LINE
  5
433
330
431
100
AcDbEntity
  8
CALLOUT TEXT
440
 16777216
370
    -2
100
AcDbLine
 10
593582.093359197
 20
166341.111445848
 30
0.0
 11
593594.8587585221
 21
166341.111445848
 31
0.0
  0
LINE
  5
434
330
431
100
AcDbEntity
  8
CALLOUT TEXT
440
 16777216
370
    -2
100
AcDbLine
 10
593571.8895331269
 20
164466.111445848
 30
0.0
 11
593594.8587585221
 21
164466.111445848
 31
0.0
  0
LINE
  5
435
330
431
100
AcDbEntity
  8
CALLOUT TEXT
440
 16777216
370
    -2
100
AcDbLine
 10
593644.8587585221
 20
166391.111445848
 30
0.0
 11
593644.8587585221
 21
164416.111445848
 31
0.0
  0
INSERT
  5
436
330
431
100
AcDbEntity
  8
CALLOUT TEXT
440
 16777216
370
    -2
100
AcDbBlockReference
  2
_ArchTick
 10
593644.8587585221
 20
166341.111445848
 30
0.0
 41
75.0
 42
75.0
 43
75.0
 50
90.0
  0
INSERT
  5
437
330
431
100
AcDbEntity
  8
CALLOUT TEXT
440
 16777216
370
    -2
100
AcDbBlockReference
  2
_ArchTick
 10
593644.8587585221
 20
164466.111445848
 30
0.0
 41
75.0
 42
75.0
 43
75.0
 50
270.0
  0
MTEXT
  5
438
330
431
100
AcDbEntity
  8
CALLOUT TEXT
440
 16777216
100
AcDbMText
 10
593457.3587585219
 20
165403.6114458478
 30
0.0
 40
225.0
 41
0.0
 46
0.0
 71
     5
 72
     1
  1
\A1;1875
  7
dim
 11
0.0000000000000001
 21
1.0
 31
0.0
 73
     1
 44
1.0
  0
POINT
  5
439
330
431
100
AcDbEntity
  8
Defpoints
 62
     0
440
 16777216
100
AcDbPoint
 10
593657.093359197
 20
166341.111445848
 30
0.0
  0
POINT
  5
43A
330
431
100
AcDbEntity
  8
Defpoints
 62
     0
440
 16777216
100
AcDbPoint
 10
593646.8895331269
 20
164466.111445848
 30
0.0
  0
POINT
  5
43B
330
431
100
AcDbEntity
  8
Defpoints
 62
     0
440
 16777216
100
AcDbPoint
 10
593644.8587585221
 20
164466.111445848
 30
0.0
  0
ENDBLK
  5
43C
330
431
100
AcDbEntity
  8
0
 62
     7
420
 16777215
100
AcDbBlockEnd
  0
BLOCK
  5
43E
330
43D
100
AcDbEntity
  8
0
 62
     7
420
 16777215
100
AcDbBlockBegin
  2
*D38
 70
     1
 10
0.0
 20
0.0
 30
0.0
  3
*D38
  1

  0
LINE
  5
43F
330
43D
100
AcDbEntity
  8
CALLOUT TEXT
440
 16777216
370
    -2
100
AcDbLine
 10
593571.8895331269
 20
164466.111445848
 30
0.0
 11
593594.8587585223
 21
164466.111445848
 31
0.0
  0
LINE
  5
440
330
43D
100
AcDbEntity
  8
CALLOUT TEXT
440
 16777216
370
    -2
100
AcDbLine
 10
593580.4254260879
 20
162666.1117510238
 30
0.0
 11
593594.8587585223
 21
162666.1117510238
 31
0.0
  0
LINE
  5
441
330
43D
100
AcDbEntity
  8
CALLOUT TEXT
440
 16777216
370
    -2
100
AcDbLine
 10
593644.8587585223
 20
164516.111445848
 30
0.0
 11
593644.8587585223
 21
162616.1117510238
 31
0.0
  0
INSERT
  5
442
330
43D
100
AcDbEntity
  8
CALLOUT TEXT
440
 16777216
370
    -2
100
AcDbBlockReference
  2
_ArchTick
 10
593644.8587585223
 20
164466.111445848
 30
0.0
 41
75.0
 42
75.0
 43
75.0
 50
90.0
  0
INSERT
  5
443
330
43D
100
AcDbEntity
  8
CALLOUT TEXT
440
 16777216
370
    -2
100
AcDbBlockReference
  2
_ArchTick
 10
593644.8587585223
 20
162666.1117510238
 30
0.0
 41
75.0
 42
75.0
 43
75.0
 50
270.0
  0
MTEXT
  5
444
330
43D
100
AcDbEntity
  8
CALLOUT TEXT
440
 16777216
100
AcDbMText
 10
593457.3587585222
 20
163566.1115984357
 30
0.0
 40
225.0
 41
0.0
 46
0.0
 71
     5
 72
     1
  1
\A1;1800
  7
dim
 11
0.0000000000000001
 21
1.0
 31
0.0
 73
     1
 44
1.0
  0
POINT
  5
445
330
43D
100
AcDbEntity
  8
Defpoints
 62
     0
440
 16777216
100
AcDbPoint
 10
593646.8895331269
 20
164466.111445848
 30
0.0
  0
POINT
  5
446
330
43D
100
AcDbEntity
  8
Defpoints
 62
     0
440
 16777216
100
AcDbPoint
 10
593655.425426088
 20
162666.1117510238
 30
0.0
  0
POINT
  5
447
330
43D
100
AcDbEntity
  8
Defpoints
 62
     0
440
 16777216
100
AcDbPoint
 10
593644.8587585223
 20
162666.1117510238
 30
0.0
  0
ENDBLK
  5
448
330
43D
100
AcDbEntity
  8
0
 62
     7
420
 16777215
100
AcDbBlockEnd
  0
BLOCK
  5
44A
330
449
100
AcDbEntity
  8
0
 62
     7
420
 16777215
100
AcDbBlockBegin
  2
*D39
 70
     1
 10
0.0
 20
0.0
 30
0.0
  3
*D39
  1

  0
LINE
  5
44B
330
449
100
AcDbEntity
  8
CALLOUT TEXT
440
 16777216
370
    -2
100
AcDbLine
 10
593719.9272588731
 20
174591.111445848
 30
0.0
 11
593694.9272588756
 21
174591.111445848
 31
0.0
  0
LINE
  5
44C
330
449
100
AcDbEntity
  8
CALLOUT TEXT
440
 16777216
370
    -2
100
AcDbLine
 10
593719.9272588731
 20
173991.4422563949
 30
0.0
 11
593694.9272588756
 21
173991.4422563949
 31
0.0
  0
LINE
  5
44D
330
449
100
AcDbEntity
  8
CALLOUT TEXT
440
 16777216
370
    -2
100
AcDbLine
 10
593644.9272588756
 20
174641.111445848
 30
0.0
 11
593644.9272588756
 21
173941.4422563949
 31
0.0
  0
LINE
  5
44E
330
449
100
AcDbEntity
  8
CALLOUT TEXT
440
 16777216
370
    -2
100
AcDbLine
 10
593644.9272588756
 20
174291.2768511214
 30
0.0
 11
593348.2310898394
 21
174441.2768511215
 31
0.0
  0
LINE
  5
44F
330
449
100
AcDbEntity
  8
CALLOUT TEXT
440
 16777216
370
    -2
100
AcDbLine
 10
593348.2310898394
 20
174441.2768511215
 30
0.0
 11
593348.2310898394
 21
175054.1339939786
 31
0.0
  0
MTEXT
  5
450
330
449
100
AcDbEntity
  8
CALLOUT TEXT
440
 16777216
100
AcDbMText
 10
593160.7310898392
 20
174747.7054225499
 30
0.0
 40
225.0
 41
0.0
 46
0.0
 71
     5
 72
     1
  1
\A1;600
  7
dim
 11
0.0000000000000001
 21
1.0
 31
0.0
 73
     1
 44
1.0
  0
INSERT
  5
451
330
449
100
AcDbEntity
  8
CALLOUT TEXT
440
 16777216
370
    -2
100
AcDbBlockReference
  2
_ArchTick
 10
593644.9272588756
 20
174591.111445848
 30
0.0
 41
75.0
 42
75.0
 43
75.0
 50
90.0
  0
INSERT
  5
452
330
449
100
AcDbEntity
  8
CALLOUT TEXT
440
 16777216
370
    -2
100
AcDbBlockReference
  2
_ArchTick
 10
593644.9272588756
 20
173991.4422563949
 30
0.0
 41
75.0
 42
75.0
 43
75.0
 50
270.0
  0
POINT
  5
453
330
449
100
AcDbEntity
  8
Defpoints
 62
     0
440
 16777216
100
AcDbPoint
 10
593644.9272588731
 20
174591.111445848
 30
0.0
  0
POINT
  5
454
330
449
100
AcDbEntity
  8
Defpoints
 62
     0
440
 16777216
100
AcDbPoint
 10
593644.9272588731
 20
173991.4422563949
 30
0.0
  0
POINT
  5
455
330
449
100
AcDbEntity
  8
Defpoints
 62
     0
440
 16777216
100
AcDbPoint
 10
593644.9272588756
 20
173991.4422563949
 30
0.0
  0
ENDBLK
  5
456
330
449
100
AcDbEntity
  8
0
 62
     7
420
 16777215
100
AcDbBlockEnd
  0
BLOCK
  5
458
330
457
100
AcDbEntity
  8
0
 62
     7
420
 16777215
100
AcDbBlockBegin
  2
*D40
 70
     1
 10
0.0
 20
0.0
 30
0.0
  3
*D40
  1

  0
LINE
  5
459
330
457
100
AcDbEntity
  8
CALLOUT TEXT
440
 16777216
370
    -2
100
AcDbLine
 10
593719.9272588731
 20
173991.4422563949
 30
0.0
 11
593694.9272588757
 21
173991.4422563949
 31
0.0
  0
LINE
  5
45A
330
457
100
AcDbEntity
  8
CALLOUT TEXT
440
 16777216
370
    -2
100
AcDbLine
 10
593707.4668174192
 20
173016.111445848
 30
0.0
 11
593694.9272588757
 21
173016.111445848
 31
0.0
  0
LINE
  5
45B
330
457
100
AcDbEntity
  8
CALLOUT TEXT
440
 16777216
370
    -2
100
AcDbLine
 10
593644.9272588757
 20
174041.4422563949
 30
0.0
 11
593644.9272588757
 21
172966.111445848
 31
0.0
  0
INSERT
  5
45C
330
457
100
AcDbEntity
  8
CALLOUT TEXT
440
 16777216
370
    -2
100
AcDbBlockReference
  2
_ArchTick
 10
593644.9272588757
 20
173991.4422563949
 30
0.0
 41
75.0
 42
75.0
 43
75.0
 50
90.0
  0
INSERT
  5
45D
330
457
100
AcDbEntity
  8
CALLOUT TEXT
440
 16777216
370
    -2
100
AcDbBlockReference
  2
_ArchTick
 10
593644.9272588757
 20
173016.111445848
 30
0.0
 41
75.0
 42
75.0
 43
75.0
 50
270.0
  0
MTEXT
  5
45E
330
457
100
AcDbEntity
  8
CALLOUT TEXT
440
 16777216
100
AcDbMText
 10
593457.4272588756
 20
173503.7768511212
 30
0.0
 40
225.0
 41
0.0
 46
0.0
 71
     5
 72
     1
  1
\A1;975
  7
dim
 11
0.0000000000000001
 21
1.0
 31
0.0
 73
     1
 44
1.0
  0
POINT
  5
45F
330
457
100
AcDbEntity
  8
Defpoints
 62
     0
440
 16777216
100
AcDbPoint
 10
593644.9272588731
 20
173991.4422563949
 30
0.0
  0
POINT
  5
460
330
457
100
AcDbEntity
  8
Defpoints
 62
     0
440
 16777216
100
AcDbPoint
 10
593632.4668174192
 20
173016.111445848
 30
0.0
  0
POINT
  5
461
330
457
100
AcDbEntity
  8
Defpoints
 62
     0
440
 16777216
100
AcDbPoint
 10
593644.9272588757
 20
173016.111445848
 30
0.0
  0
ENDBLK
  5
462
330
457
100
AcDbEntity
  8
0
 62
     7
420
 16777215
100
AcDbBlockEnd
  0
BLOCK
  5
464
330
463
100
AcDbEntity
  8
0
 62
     7
420
 16777215
100
AcDbBlockBegin
  2
*D41
 70
     1
 10
0.0
 20
0.0
 30
0.0
  3
*D41
  1

  0
LINE
  5
465
330
463
100
AcDbEntity
  8
CALLOUT TEXT
440
 16777216
370
    -2
100
AcDbLine
 10
593707.4668174192
 20
173016.111445848
 30
0.0
 11
593694.639557388
 21
173016.111445848
 31
0.0
  0
LINE
  5
466
330
463
100
AcDbEntity
  8
CALLOUT TEXT
440
 16777216
370
    -2
100
AcDbLine
 10
593578.1688107041
 20
170312.3480181136
 30
0.0
 11
593594.6395573879
 21
170312.3480181136
 31
0.0
  0
LINE
  5
467
330
463
100
AcDbEntity
  8
CALLOUT TEXT
440
 16777216
370
    -2
100
AcDbLine
 10
593644.6395573879
 20
173066.111445848
 30
0.0
 11
593644.6395573879
 21
170262.3480181136
 31
0.0
  0
INSERT
  5
468
330
463
100
AcDbEntity
  8
CALLOUT TEXT
440
 16777216
370
    -2
100
AcDbBlockReference
  2
_ArchTick
 10
593644.6395573879
 20
173016.111445848
 30
0.0
 41
75.0
 42
75.0
 43
75.0
 50
90.0
  0
INSERT
  5
469
330
463
100
AcDbEntity
  8
CALLOUT TEXT
440
 16777216
370
    -2
100
AcDbBlockReference
  2
_ArchTick
 10
593644.6395573879
 20
170312.3480181136
 30
0.0
 41
75.0
 42
75.0
 43
75.0
 50
270.0
  0
MTEXT
  5
46A
330
463
100
AcDbEntity
  8
CALLOUT TEXT
440
 16777216
100
AcDbMText
 10
593457.1395573878
 20
171664.2297319806
 30
0.0
 40
225.0
 41
0.0
 46
0.0
 71
     5
 72
     1
  1
\A1;2704
  7
dim
 11
0.0000000000000001
 21
1.0
 31
0.0
 73
     1
 44
1.0
  0
POINT
  5
46B
330
463
100
AcDbEntity
  8
Defpoints
 62
     0
440
 16777216
100
AcDbPoint
 10
593632.4668174192
 20
173016.111445848
 30
0.0
  0
POINT
  5
46C
330
463
100
AcDbEntity
  8
Defpoints
 62
     0
440
 16777216
100
AcDbPoint
 10
593653.1688107041
 20
170312.3480181136
 30
0.0
  0
POINT
  5
46D
330
463
100
AcDbEntity
  8
Defpoints
 62
     0
440
 16777216
100
AcDbPoint
 10
593644.6395573879
 20
170312.3480181136
 30
0.0
  0
ENDBLK
  5
46E
330
463
100
AcDbEntity
  8
0
 62
     7
420
 16777215
100
AcDbBlockEnd
  0
BLOCK
  5
470
330
46F
100
AcDbEntity
  8
0
 62
     7
420
 16777215
100
AcDbBlockBegin
  2
*D42
 70
     1
 10
0.0
 20
0.0
 30
0.0
  3
*D42
  1

  0
LINE
  5
471
330
46F
100
AcDbEntity
  8
CALLOUT TEXT
440
 16777216
370
    -2
100
AcDbLine
 10
602327.2865332686
 20
161149.1061577801
 30
0.0
 11
602327.2865332686
 21
161125.4470295697
 31
0.0
  0
LINE
  5
472
330
46F
100
AcDbEntity
  8
CALLOUT TEXT
440
 16777216
370
    -2
100
AcDbLine
 10
602895.8292865045
 20
161001.0849315427
 30
0.0
 11
602895.8292865045
 21
161025.4470295696
 31
0.0
  0
LINE
  5
473
330
46F
100
AcDbEntity
  8
CALLOUT TEXT
440
 16777216
370
    -2
100
AcDbLine
 10
602277.2865332687
 20
161075.4470295696
 30
0.0
 11
602945.8292865045
 21
161075.4470295696
 31
0.0
  0
LINE
  5
474
330
46F
100
AcDbEntity
  8
CALLOUT TEXT
440
 16777216
370
    -2
100
AcDbLine
 10
602611.5579098866
 20
161075.4470295696
 30
0.0
 11
602402.3665696301
 21
161353.5473554241
 31
0.0
  0
LINE
  5
475
330
46F
100
AcDbEntity
  8
CALLOUT TEXT
440
 16777216
370
    -2
100
AcDbLine
 10
602402.3665696301
 20
161353.5473554241
 30
0.0
 11
601798.0808553445
 21
161353.5473554241
 31
0.0
  0
MTEXT
  5
476
330
46F
100
AcDbEntity
  8
CALLOUT TEXT
440
 16777216
100
AcDbMText
 10
602100.2237124872
 20
161541.0473554241
 30
0.0
 40
225.0
 41
0.0
 46
0.0
 71
     5
 72
     1
  1
\A1;569
  7
dim
 73
     1
 44
1.0
  0
INSERT
  5
477
330
46F
100
AcDbEntity
  8
CALLOUT TEXT
440
 16777216
370
    -2
100
AcDbBlockReference
  2
_ArchTick
 10
602327.2865332686
 20
161075.4470295696
 30
0.0
 41
75.0
 42
75.0
 43
75.0
 50
180.0
  0
INSERT
  5
478
330
46F
100
AcDbEntity
  8
CALLOUT TEXT
440
 16777216
370
    -2
100
AcDbBlockReference
  2
_ArchTick
 10
602895.8292865045
 20
161075.4470295696
 30
0.0
 41
75.0
 42
75.0
 43
75.0
  0
POINT
  5
479
330
46F
100
AcDbEntity
  8
Defpoints
 62
     0
440
 16777216
100
AcDbPoint
 10
602327.2865332686
 20
161074.1061577801
 30
0.0000000000000142
  0
POINT
  5
47A
330
46F
100
AcDbEntity
  8
Defpoints
 62
     0
440
 16777216
100
AcDbPoint
 10
602895.8292865045
 20
161076.0849315427
 30
0.0
  0
POINT
  5
47B
330
46F
100
AcDbEntity
  8
Defpoints
 62
     0
440
 16777216
100
AcDbPoint
 10
602895.8292865045
 20
161075.4470295696
 30
0.0
  0
ENDBLK
  5
47C
330
46F
100
AcDbEntity
  8
0
 62
     7
420
 16777215
100
AcDbBlockEnd
  0
BLOCK
  5
47E
330
47D
100
AcDbEntity
  8
0
 62
     7
420
 16777215
100
AcDbBlockBegin
  2
*D43
 70
     1
 10
0.0
 20
0.0
 30
0.0
  3
*D43
  1

  0
LINE
  5
47F
330
47D
100
AcDbEntity
  8
CALLOUT TEXT
440
 16777216
370
    -2
100
AcDbLine
 10
643981.7308216935
 20
176317.6860944195
 30
0.0
 11
643981.7308216935
 21
176292.6860944196
 31
0.0
  0
LINE
  5
480
330
47D
100
AcDbEntity
  8
CALLOUT TEXT
440
 16777216
370
    -2
100
AcDbLine
 10
645581.7303334126
 20
176167.6860944197
 30
0.0
 11
645581.7303334126
 21
176192.6860944195
 31
0.0
  0
LINE
  5
481
330
47D
100
AcDbEntity
  8
CALLOUT TEXT
440
 16777216
370
    -2
100
AcDbLine
 10
643931.7308216934
 20
176242.6860944196
 30
0.0
 11
645631.7303334126
 21
176242.6860944196
 31
0.0
  0
INSERT
  5
482
330
47D
100
AcDbEntity
  8
CALLOUT TEXT
440
 16777216
370
    -2
100
AcDbBlockReference
  2
_ArchTick
 10
643981.7308216935
 20
176242.6860944196
 30
0.0
 41
75.0
 42
75.0
 43
75.0
 50
180.0
  0
INSERT
  5
483
330
47D
100
AcDbEntity
  8
CALLOUT TEXT
440
 16777216
370
    -2
100
AcDbBlockReference
  2
_ArchTick
 10
645581.7303334126
 20
176242.6860944196
 30
0.0
 41
75.0
 42
75.0
 43
75.0
  0
MTEXT
  5
484
330
47D
100
AcDbEntity
  8
CALLOUT TEXT
440
 16777216
100
AcDbMText
 10
644781.7305775529
 20
176430.1860944195
 30
0.0
 40
225.0
 41
0.0
 46
0.0
 71
     5
 72
     1
  1
\A1;1600
  7
dim
 73
     1
 44
1.0
  0
POINT
  5
485
330
47D
100
AcDbEntity
  8
Defpoints
 62
     0
440
 16777216
100
AcDbPoint
 10
643981.7308216935
 20
176242.6860944196
 30
0.0000000000000142
  0
POINT
  5
486
330
47D
100
AcDbEntity
  8
Defpoints
 62
     0
440
 16777216
100
AcDbPoint
 10
645581.7303334126
 20
176242.6860944197
 30
0.0
  0
POINT
  5
487
330
47D
100
AcDbEntity
  8
Defpoints
 62
     0
440
 16777216
100
AcDbPoint
 10
645581.7303334126
 20
176242.6860944196
 30
0.0
  0
ENDBLK
  5
488
330
47D
100
AcDbEntity
  8
0
 62
     7
420
 16777215
100
AcDbBlockEnd
  0
BLOCK
  5
48A
330
489
100
AcDbEntity
  8
0
 62
     7
420
 16777215
100
AcDbBlockBegin
  2
*D44
 70
     1
 10
0.0
 20
0.0
 30
0.0
  3
*D44
  1

  0
LINE
  5
48B
330
489
100
AcDbEntity
  8
CALLOUT TEXT
440
 16777216
370
    -2
100
AcDbLine
 10
645581.7303334126
 20
176167.6860944197
 30
0.0
 11
645581.7303334126
 21
176192.6860944195
 31
0.0
  0
LINE
  5
48C
330
489
100
AcDbEntity
  8
CALLOUT TEXT
440
 16777216
370
    -2
100
AcDbLine
 10
646256.7303334122
 20
176317.6860944195
 30
0.0
 11
646256.7303334122
 21
176292.6860944196
 31
0.0
  0
LINE
  5
48D
330
489
100
AcDbEntity
  8
CALLOUT TEXT
440
 16777216
370
    -2
100
AcDbLine
 10
645531.7303334125
 20
176242.6860944196
 30
0.0
 11
646306.7303334122
 21
176242.6860944196
 31
0.0
  0
INSERT
  5
48E
330
489
100
AcDbEntity
  8
CALLOUT TEXT
440
 16777216
370
    -2
100
AcDbBlockReference
  2
_ArchTick
 10
645581.7303334126
 20
176242.6860944196
 30
0.0
 41
75.0
 42
75.0
 43
75.0
 50
180.0
  0
INSERT
  5
48F
330
489
100
AcDbEntity
  8
CALLOUT TEXT
440
 16777216
370
    -2
100
AcDbBlockReference
  2
_ArchTick
 10
646256.7303334122
 20
176242.6860944196
 30
0.0
 41
75.0
 42
75.0
 43
75.0
  0
MTEXT
  5
490
330
489
100
AcDbEntity
  8
CALLOUT TEXT
440
 16777216
100
AcDbMText
 10
645919.2303334123
 20
176430.1860944195
 30
0.0
 40
225.0
 41
0.0
 46
0.0
 71
     5
 72
     1
  1
\A1;675
  7
dim
 73
     1
 44
1.0
  0
POINT
  5
491
330
489
100
AcDbEntity
  8
Defpoints
 62
     0
440
 16777216
100
AcDbPoint
 10
645581.7303334126
 20
176242.6860944197
 30
0.0
  0
POINT
  5
492
330
489
100
AcDbEntity
  8
Defpoints
 62
     0
440
 16777216
100
AcDbPoint
 10
646256.7303334122
 20
176242.6860944196
 30
0.0
  0
POINT
  5
493
330
489
100
AcDbEntity
  8
Defpoints
 62
     0
440
 16777216
100
AcDbPoint
 10
646256.7303334122
 20
176242.6860944196
 30
0.0
  0
ENDBLK
  5
494
330
489
100
AcDbEntity
  8
0
 62
     7
420
 16777215
100
AcDbBlockEnd
  0
BLOCK
  5
496
330
495
100
AcDbEntity
  8
0
 62
     7
420
 16777215
100
AcDbBlockBegin
  2
*D45
 70
     1
 10
0.0
 20
0.0
 30
0.0
  3
*D45
  1

  0
LINE
  5
497
330
495
100
AcDbEntity
  8
CALLOUT TEXT
440
 16777216
370
    -2
100
AcDbLine
 10
646256.7303334122
 20
176317.6860944195
 30
0.0
 11
646256.7303334122
 21
176292.6860944196
 31
0.0
  0
LINE
  5
498
330
495
100
AcDbEntity
  8
CALLOUT TEXT
440
 16777216
370
    -2
100
AcDbLine
 10
648656.7308216935
 20
176317.6860944195
 30
0.0
 11
648656.7308216935
 21
176292.6860944196
 31
0.0
  0
LINE
  5
499
330
495
100
AcDbEntity
  8
CALLOUT TEXT
440
 16777216
370
    -2
100
AcDbLine
 10
646206.7303334122
 20
176242.6860944196
 30
0.0
 11
648706.7308216935
 21
176242.6860944196
 31
0.0
  0
INSERT
  5
49A
330
495
100
AcDbEntity
  8
CALLOUT TEXT
440
 16777216
370
    -2
100
AcDbBlockReference
  2
_ArchTick
 10
646256.7303334122
 20
176242.6860944196
 30
0.0
 41
75.0
 42
75.0
 43
75.0
 50
180.0
  0
INSERT
  5
49B
330
495
100
AcDbEntity
  8
CALLOUT TEXT
440
 16777216
370
    -2
100
AcDbBlockReference
  2
_ArchTick
 10
648656.7308216935
 20
176242.6860944196
 30
0.0
 41
75.0
 42
75.0
 43
75.0
  0
MTEXT
  5
49C
330
495
100
AcDbEntity
  8
CALLOUT TEXT
440
 16777216
100
AcDbMText
 10
647456.7305775528
 20
176430.1860944195
 30
0.0
 40
225.0
 41
0.0
 46
0.0
 71
     5
 72
     1
  1
\A1;2400
  7
dim
 73
     1
 44
1.0
  0
POINT
  5
49D
330
495
100
AcDbEntity
  8
Defpoints
 62
     0
440
 16777216
100
AcDbPoint
 10
646256.7303334122
 20
176242.6860944196
 30
0.0
  0
POINT
  5
49E
330
495
100
AcDbEntity
  8
Defpoints
 62
     0
440
 16777216
100
AcDbPoint
 10
648656.7308216935
 20
176242.6860944196
 30
0.0000000000000142
  0
POINT
  5
49F
330
495
100
AcDbEntity
  8
Defpoints
 62
     0
440
 16777216
100
AcDbPoint
 10
648656.7308216935
 20
176242.6860944196
 30
0.0
  0
ENDBLK
  5
4A0
330
495
100
AcDbEntity
  8
0
 62
     7
420
 16777215
100
AcDbBlockEnd
  0
BLOCK
  5
4A2
330
4A1
100
AcDbEntity
  8
0
 62
     7
420
 16777215
100
AcDbBlockBegin
  2
*D46
 70
     1
 10
0.0
 20
0.0
 30
0.0
  3
*D46
  1

  0
LINE
  5
4A3
330
4A1
100
AcDbEntity
  8
CALLOUT TEXT
440
 16777216
370
    -2
100
AcDbLine
 10
648656.7308216935
 20
176317.6860944195
 30
0.0
 11
648656.7308216935
 21
176292.6860944196
 31
0.0
  0
LINE
  5
4A4
330
4A1
100
AcDbEntity
  8
CALLOUT TEXT
440
 16777216
370
    -2
100
AcDbLine
 10
651281.7296009903
 20
176317.6860944195
 30
0.0
 11
651281.7296009903
 21
176292.6860944196
 31
0.0
  0
LINE
  5
4A5
330
4A1
100
AcDbEntity
  8
CALLOUT TEXT
440
 16777216
370
    -2
100
AcDbLine
 10
648606.7308216934
 20
176242.6860944196
 30
0.0
 11
651331.7296009903
 21
176242.6860944196
 31
0.0
  0
INSERT
  5
4A6
330
4A1
100
AcDbEntity
  8
CALLOUT TEXT
440
 16777216
370
    -2
100
AcDbBlockReference
  2
_ArchTick
 10
648656.7308216935
 20
176242.6860944196
 30
0.0
 41
75.0
 42
75.0
 43
75.0
 50
180.0
  0
INSERT
  5
4A7
330
4A1
100
AcDbEntity
  8
CALLOUT TEXT
440
 16777216
370
    -2
100
AcDbBlockReference
  2
_ArchTick
 10
651281.7296009903
 20
176242.6860944196
 30
0.0
 41
75.0
 42
75.0
 43
75.0
  0
MTEXT
  5
4A8
330
4A1
100
AcDbEntity
  8
CALLOUT TEXT
440
 16777216
100
AcDbMText
 10
649969.230211342
 20
176430.1860944195
 30
0.0
 40
225.0
 41
0.0
 46
0.0
 71
     5
 72
     1
  1
\A1;2625
  7
dim
 73
     1
 44
1.0
  0
POINT
  5
4A9
330
4A1
100
AcDbEntity
  8
Defpoints
 62
     0
440
 16777216
100
AcDbPoint
 10
648656.7308216935
 20
176242.6860944196
 30
0.0000000000000142
  0
POINT
  5
4AA
330
4A1
100
AcDbEntity
  8
Defpoints
 62
     0
440
 16777216
100
AcDbPoint
 10
651281.7296009903
 20
176242.6860944196
 30
0.0
  0
POINT
  5
4AB
330
4A1
100
AcDbEntity
  8
Defpoints
 62
     0
440
 16777216
100
AcDbPoint
 10
651281.7296009903
 20
176242.6860944196
 30
0.0
  0
ENDBLK
  5
4AC
330
4A1
100
AcDbEntity
  8
0
 62
     7
420
 16777215
100
AcDbBlockEnd
  0
BLOCK
  5
4AE
330
4AD
100
AcDbEntity
  8
0
 62
     7
420
 16777215
100
AcDbBlockBegin
  2
*D47
 70
     1
 10
0.0
 20
0.0
 30
0.0
  3
*D47
  1

  0
LINE
  5
4AF
330
4AD
100
AcDbEntity
  8
CALLOUT TEXT
440
 16777216
370
    -2
100
AcDbLine
 10
632006.7299061661
 20
176317.6860944195
 30
0.0
 11
632006.7299061661
 21
176292.6860944196
 31
0.0
  0
LINE
  5
4B0
330
4AD
100
AcDbEntity
  8
CALLOUT TEXT
440
 16777216
370
    -2
100
AcDbLine
 10
634631.7299061661
 20
176317.6860944195
 30
0.0
 11
634631.7299061661
 21
176292.6860944196
 31
0.0
  0
LINE
  5
4B1
330
4AD
100
AcDbEntity
  8
CALLOUT TEXT
440
 16777216
370
    -2
100
AcDbLine
 10
631956.7299061661
 20
176242.6860944196
 30
0.0
 11
634681.7299061662
 21
176242.6860944196
 31
0.0
  0
INSERT
  5
4B2
330
4AD
100
AcDbEntity
  8
CALLOUT TEXT
440
 16777216
370
    -2
100
AcDbBlockReference
  2
_ArchTick
 10
632006.7299061661
 20
176242.6860944196
 30
0.0
 41
75.0
 42
75.0
 43
75.0
 50
180.0
  0
INSERT
  5
4B3
330
4AD
100
AcDbEntity
  8
CALLOUT TEXT
440
 16777216
370
    -2
100
AcDbBlockReference
  2
_ArchTick
 10
634631.7299061661
 20
176242.6860944196
 30
0.0
 41
75.0
 42
75.0
 43
75.0
  0
MTEXT
  5
4B4
330
4AD
100
AcDbEntity
  8
CALLOUT TEXT
440
 16777216
100
AcDbMText
 10
633319.2299061661
 20
176430.1860944195
 30
0.0
 40
225.0
 41
0.0
 46
0.0
 71
     5
 72
     1
  1
\A1;2625
  7
dim
 73
     1
 44
1.0
  0
POINT
  5
4B5
330
4AD
100
AcDbEntity
  8
Defpoints
 62
     0
440
 16777216
100
AcDbPoint
 10
632006.7299061661
 20
176242.6860944196
 30
0.0
  0
POINT
  5
4B6
330
4AD
100
AcDbEntity
  8
Defpoints
 62
     0
440
 16777216
100
AcDbPoint
 10
634631.7299061661
 20
176242.6860944196
 30
0.0
  0
POINT
  5
4B7
330
4AD
100
AcDbEntity
  8
Defpoints
 62
     0
440
 16777216
100
AcDbPoint
 10
634631.7299061661
 20
176242.6860944196
 30
0.0
  0
ENDBLK
  5
4B8
330
4AD
100
AcDbEntity
  8
0
 62
     7
420
 16777215
100
AcDbBlockEnd
  0
BLOCK
  5
4BA
330
4B9
100
AcDbEntity
  8
0
 62
     7
420
 16777215
100
AcDbBlockBegin
  2
*D48
 70
     1
 10
0.0
 20
0.0
 30
0.0
  3
*D48
  1

  0
LINE
  5
4BB
330
4B9
100
AcDbEntity
  8
CALLOUT TEXT
440
 16777216
370
    -2
100
AcDbLine
 10
634631.7299061661
 20
176317.6860944195
 30
0.0
 11
634631.7299061661
 21
176292.6860944196
 31
0.0
  0
LINE
  5
4BC
330
4B9
100
AcDbEntity
  8
CALLOUT TEXT
440
 16777216
370
    -2
100
AcDbLine
 10
639313.2872779794
 20
176316.3452226301
 30
0.0
 11
639313.2872779794
 21
176292.6860944196
 31
0.0
  0
LINE
  5
4BD
330
4B9
100
AcDbEntity
  8
CALLOUT TEXT
440
 16777216
370
    -2
100
AcDbLine
 10
634581.7299061661
 20
176242.6860944196
 30
0.0
 11
639363.2872779794
 21
176242.6860944196
 31
0.0
  0
INSERT
  5
4BE
330
4B9
100
AcDbEntity
  8
CALLOUT TEXT
440
 16777216
370
    -2
100
AcDbBlockReference
  2
_ArchTick
 10
634631.7299061661
 20
176242.6860944196
 30
0.0
 41
75.0
 42
75.0
 43
75.0
 50
180.0
  0
INSERT
  5
4BF
330
4B9
100
AcDbEntity
  8
CALLOUT TEXT
440
 16777216
370
    -2
100
AcDbBlockReference
  2
_ArchTick
 10
639313.2872779794
 20
176242.6860944196
 30
0.0
 41
75.0
 42
75.0
 43
75.0
  0
MTEXT
  5
4C0
330
4B9
100
AcDbEntity
  8
CALLOUT TEXT
440
 16777216
100
AcDbMText
 10
636972.5085920728
 20
176430.1860944195
 30
0.0
 40
225.0
 41
0.0
 46
0.0
 71
     5
 72
     1
  1
\A1;4682
  7
dim
 73
     1
 44
1.0
  0
POINT
  5
4C1
330
4B9
100
AcDbEntity
  8
Defpoints
 62
     0
440
 16777216
100
AcDbPoint
 10
634631.7299061661
 20
176242.6860944196
 30
0.0
  0
POINT
  5
4C2
330
4B9
100
AcDbEntity
  8
Defpoints
 62
     0
440
 16777216
100
AcDbPoint
 10
639313.2872779794
 20
176241.3452226301
 30
0.0000000000000142
  0
POINT
  5
4C3
330
4B9
100
AcDbEntity
  8
Defpoints
 62
     0
440
 16777216
100
AcDbPoint
 10
639313.2872779794
 20
176242.6860944196
 30
0.0
  0
ENDBLK
  5
4C4
330
4B9
100
AcDbEntity
  8
0
 62
     7
420
 16777215
100
AcDbBlockEnd
  0
BLOCK
  5
4C6
330
4C5
100
AcDbEntity
  8
0
 62
     7
420
 16777215
100
AcDbBlockBegin
  2
*D49
 70
     1
 10
0.0
 20
0.0
 30
0.0
  3
*D49
  1

  0
LINE
  5
4C7
330
4C5
100
AcDbEntity
  8
CALLOUT TEXT
440
 16777216
370
    -2
100
AcDbLine
 10
639313.2872779794
 20
176316.3452226301
 30
0.0
 11
639313.2872779794
 21
176292.6860944196
 31
0.0
  0
LINE
  5
4C8
330
4C5
100
AcDbEntity
  8
CALLOUT TEXT
440
 16777216
370
    -2
100
AcDbLine
 10
639881.8300312155
 20
176168.3239963926
 30
0.0
 11
639881.8300312155
 21
176192.6860944195
 31
0.0
  0
LINE
  5
4C9
330
4C5
100
AcDbEntity
  8
CALLOUT TEXT
440
 16777216
370
    -2
100
AcDbLine
 10
639263.2872779794
 20
176242.6860944196
 30
0.0
 11
639931.8300312155
 21
176242.6860944196
 31
0.0
  0
LINE
  5
4CA
330
4C5
100
AcDbEntity
  8
CALLOUT TEXT
440
 16777216
370
    -2
100
AcDbLine
 10
639597.5586545976
 20
176242.6860944196
 30
0.0
 11
639388.367314341
 21
176520.7864202739
 31
0.0
  0
LINE
  5
4CB
330
4C5
100
AcDbEntity
  8
CALLOUT TEXT
440
 16777216
370
    -2
100
AcDbLine
 10
639388.367314341
 20
176520.7864202739
 30
0.0
 11
638784.0816000553
 21
176520.7864202739
 31
0.0
  0
MTEXT
  5
4CC
330
4C5
100
AcDbEntity
  8
CALLOUT TEXT
440
 16777216
100
AcDbMText
 10
639086.2244571982
 20
176708.286420274
 30
0.0
 40
225.0
 41
0.0
 46
0.0
 71
     5
 72
     1
  1
\A1;569
  7
dim
 73
     1
 44
1.0
  0
INSERT
  5
4CD
330
4C5
100
AcDbEntity
  8
CALLOUT TEXT
440
 16777216
370
    -2
100
AcDbBlockReference
  2
_ArchTick
 10
639313.2872779794
 20
176242.6860944196
 30
0.0
 41
75.0
 42
75.0
 43
75.0
 50
180.0
  0
INSERT
  5
4CE
330
4C5
100
AcDbEntity
  8
CALLOUT TEXT
440
 16777216
370
    -2
100
AcDbBlockReference
  2
_ArchTick
 10
639881.8300312155
 20
176242.6860944196
 30
0.0
 41
75.0
 42
75.0
 43
75.0
  0
POINT
  5
4CF
330
4C5
100
AcDbEntity
  8
Defpoints
 62
     0
440
 16777216
100
AcDbPoint
 10
639313.2872779794
 20
176241.3452226301
 30
0.0000000000000142
  0
POINT
  5
4D0
330
4C5
100
AcDbEntity
  8
Defpoints
 62
     0
440
 16777216
100
AcDbPoint
 10
639881.8300312155
 20
176243.3239963926
 30
0.0
  0
POINT
  5
4D1
330
4C5
100
AcDbEntity
  8
Defpoints
 62
     0
440
 16777216
100
AcDbPoint
 10
639881.8300312155
 20
176242.6860944196
 30
0.0
  0
ENDBLK
  5
4D2
330
4C5
100
AcDbEntity
  8
0
 62
     7
420
 16777215
100
AcDbBlockEnd
  0
BLOCK
  5
4D4
330
4D3
100
AcDbEntity
  8
0
 62
     7
420
 16777215
100
AcDbBlockBegin
  2
*D50
 70
     1
 10
0.0
 20
0.0
 30
0.0
  3
*D50
  1

  0
LINE
  5
4D5
330
4D3
100
AcDbEntity
  8
CALLOUT TEXT
440
 16777216
370
    -2
100
AcDbLine
 10
639881.8300312155
 20
176168.3239963926
 30
0.0
 11
639881.8300312155
 21
176192.6860944195
 31
0.0
  0
LINE
  5
4D6
330
4D3
100
AcDbEntity
  8
CALLOUT TEXT
440
 16777216
370
    -2
100
AcDbLine
 10
640556.7303406686
 20
176317.6860401917
 30
0.0
 11
640556.7303406686
 21
176292.6860944196
 31
0.0
  0
LINE
  5
4D7
330
4D3
100
AcDbEntity
  8
CALLOUT TEXT
440
 16777216
370
    -2
100
AcDbLine
 10
639831.8300312155
 20
176242.6860944196
 30
0.0
 11
640606.7303406685
 21
176242.6860944196
 31
0.0
  0
INSERT
  5
4D8
330
4D3
100
AcDbEntity
  8
CALLOUT TEXT
440
 16777216
370
    -2
100
AcDbBlockReference
  2
_ArchTick
 10
639881.8300312155
 20
176242.6860944196
 30
0.0
 41
75.0
 42
75.0
 43
75.0
 50
180.0
  0
INSERT
  5
4D9
330
4D3
100
AcDbEntity
  8
CALLOUT TEXT
440
 16777216
370
    -2
100
AcDbBlockReference
  2
_ArchTick
 10
640556.7303406686
 20
176242.6860944196
 30
0.0
 41
75.0
 42
75.0
 43
75.0
  0
MTEXT
  5
4DA
330
4D3
100
AcDbEntity
  8
CALLOUT TEXT
440
 16777216
100
AcDbMText
 10
640219.280185942
 20
176430.1860944195
 30
0.0
 40
225.0
 41
0.0
 46
0.0
 71
     5
 72
     1
  1
\A1;675
  7
dim
 73
     1
 44
1.0
  0
POINT
  5
4DB
330
4D3
100
AcDbEntity
  8
Defpoints
 62
     0
440
 16777216
100
AcDbPoint
 10
639881.8300312155
 20
176243.3239963926
 30
0.0
  0
POINT
  5
4DC
330
4D3
100
AcDbEntity
  8
Defpoints
 62
     0
440
 16777216
100
AcDbPoint
 10
640556.7303406686
 20
176242.6860401917
 30
0.0
  0
POINT
  5
4DD
330
4D3
100
AcDbEntity
  8
Defpoints
 62
     0
440
 16777216
100
AcDbPoint
 10
640556.7303406686
 20
176242.6860944196
 30
0.0
  0
ENDBLK
  5
4DE
330
4D3
100
AcDbEntity
  8
0
 62
     7
420
 16777215
100
AcDbBlockEnd
  0
BLOCK
  5
4E0
330
4DF
100
AcDbEntity
  8
0
 62
     7
420
 16777215
100
AcDbBlockBegin
  2
*D51
 70
     1
 10
0.0
 20
0.0
 30
0.0
  3
*D51
  1

  0
LINE
  5
4E1
330
4DF
100
AcDbEntity
  8
CALLOUT TEXT
440
 16777216
370
    -2
100
AcDbLine
 10
640556.7303406686
 20
176317.6860401917
 30
0.0
 11
640556.7303406686
 21
176292.6860944196
 31
0.0
  0
LINE
  5
4E2
330
4DF
100
AcDbEntity
  8
CALLOUT TEXT
440
 16777216
370
    -2
100
AcDbLine
 10
643981.7308216935
 20
176317.6860944195
 30
0.0
 11
643981.7308216935
 21
176292.6860944196
 31
0.0
  0
LINE
  5
4E3
330
4DF
100
AcDbEntity
  8
CALLOUT TEXT
440
 16777216
370
    -2
100
AcDbLine
 10
640506.7303406685
 20
176242.6860944196
 30
0.0
 11
644031.7308216934
 21
176242.6860944196
 31
0.0
  0
INSERT
  5
4E4
330
4DF
100
AcDbEntity
  8
CALLOUT TEXT
440
 16777216
370
    -2
100
AcDbBlockReference
  2
_ArchTick
 10
640556.7303406686
 20
176242.6860944196
 30
0.0
 41
75.0
 42
75.0
 43
75.0
 50
180.0
  0
INSERT
  5
4E5
330
4DF
100
AcDbEntity
  8
CALLOUT TEXT
440
 16777216
370
    -2
100
AcDbBlockReference
  2
_ArchTick
 10
643981.7308216935
 20
176242.6860944196
 30
0.0
 41
75.0
 42
75.0
 43
75.0
  0
MTEXT
  5
4E6
330
4DF
100
AcDbEntity
  8
CALLOUT TEXT
440
 16777216
100
AcDbMText
 10
642269.2305811809
 20
176430.1860944195
 30
0.0
 40
225.0
 41
0.0
 46
0.0
 71
     5
 72
     1
  1
\A1;3425
  7
dim
 73
     1
 44
1.0
  0
POINT
  5
4E7
330
4DF
100
AcDbEntity
  8
Defpoints
 62
     0
440
 16777216
100
AcDbPoint
 10
640556.7303406686
 20
176242.6860401917
 30
0.0
  0
POINT
  5
4E8
330
4DF
100
AcDbEntity
  8
Defpoints
 62
     0
440
 16777216
100
AcDbPoint
 10
643981.7308216935
 20
176242.6860944196
 30
0.0000000000000142
  0
POINT
  5
4E9
330
4DF
100
AcDbEntity
  8
Defpoints
 62
     0
440
 16777216
100
AcDbPoint
 10
643981.7308216935
 20
176242.6860944196
 30
0.0
  0
ENDBLK
  5
4EA
330
4DF
100
AcDbEntity
  8
0
 62
     7
420
 16777215
100
AcDbBlockEnd
  0
BLOCK
  5
4EC
330
4EB
100
AcDbEntity
  8
0
 62
     7
420
 16777215
100
AcDbBlockBegin
  2
*D52
 70
     1
 10
0.0
 20
0.0
 30
0.0
  3
*D52
  1

  0
LINE
  5
4ED
330
4EB
100
AcDbEntity
  8
CALLOUT TEXT
440
 16777216
370
    -2
100
AcDbLine
 10
651281.7296009903
 20
176317.6860944195
 30
0.0
 11
651281.7296009903
 21
176292.6860944196
 31
0.0
  0
LINE
  5
4EE
330
4EB
100
AcDbEntity
  8
CALLOUT TEXT
440
 16777216
370
    -2
100
AcDbLine
 10
652706.7296009903
 20
176317.3060944195
 30
0.0
 11
652706.7296009903
 21
176292.6860944196
 31
0.0
  0
LINE
  5
4EF
330
4EB
100
AcDbEntity
  8
CALLOUT TEXT
440
 16777216
370
    -2
100
AcDbLine
 10
651231.7296009904
 20
176242.6860944196
 30
0.0
 11
652756.7296009903
 21
176242.6860944196
 31
0.0
  0
INSERT
  5
4F0
330
4EB
100
AcDbEntity
  8
CALLOUT TEXT
440
 16777216
370
    -2
100
AcDbBlockReference
  2
_ArchTick
 10
651281.7296009903
 20
176242.6860944196
 30
0.0
 41
75.0
 42
75.0
 43
75.0
 50
180.0
  0
INSERT
  5
4F1
330
4EB
100
AcDbEntity
  8
CALLOUT TEXT
440
 16777216
370
    -2
100
AcDbBlockReference
  2
_ArchTick
 10
652706.7296009903
 20
176242.6860944196
 30
0.0
 41
75.0
 42
75.0
 43
75.0
  0
MTEXT
  5
4F2
330
4EB
100
AcDbEntity
  8
CALLOUT TEXT
440
 16777216
100
AcDbMText
 10
651994.2296009903
 20
176430.1860944195
 30
0.0
 40
225.0
 41
0.0
 46
0.0
 71
     5
 72
     1
  1
\A1;1425
  7
dim
 73
     1
 44
1.0
  0
POINT
  5
4F3
330
4EB
100
AcDbEntity
  8
Defpoints
 62
     0
440
 16777216
100
AcDbPoint
 10
651281.7296009903
 20
176242.6860944196
 30
0.0
  0
POINT
  5
4F4
330
4EB
100
AcDbEntity
  8
Defpoints
 62
     0
440
 16777216
100
AcDbPoint
 10
652706.7296009903
 20
176242.3060944195
 30
0.0
  0
POINT
  5
4F5
330
4EB
100
AcDbEntity
  8
Defpoints
 62
     0
440
 16777216
100
AcDbPoint
 10
652706.7296009903
 20
176242.6860944196
 30
0.0
  0
ENDBLK
  5
4F6
330
4EB
100
AcDbEntity
  8
0
 62
     7
420
 16777215
100
AcDbBlockEnd
  0
BLOCK
  5
4F8
330
4F7
100
AcDbEntity
  8
0
 62
     7
420
 16777215
100
AcDbBlockBegin
  2
*D53
 70
     1
 10
0.0
 20
0.0
 30
0.0
  3
*D53
  1

  0
LINE
  5
4F9
330
4F7
100
AcDbEntity
  8
CALLOUT TEXT
440
 16777216
370
    -2
100
AcDbLine
 10
652706.7296009903
 20
176317.3060944195
 30
0.0
 11
652706.7296009903
 21
176292.6860944196
 31
0.0
  0
LINE
  5
4FA
330
4F7
100
AcDbEntity
  8
CALLOUT TEXT
440
 16777216
370
    -2
100
AcDbLine
 10
656306.7296009903
 20
176317.3060944195
 30
0.0
 11
656306.7296009903
 21
176292.6860944196
 31
0.0
  0
LINE
  5
4FB
330
4F7
100
AcDbEntity
  8
CALLOUT TEXT
440
 16777216
370
    -2
100
AcDbLine
 10
652656.7296009904
 20
176242.6860944196
 30
0.0
 11
656356.7296009903
 21
176242.6860944196
 31
0.0
  0
INSERT
  5
4FC
330
4F7
100
AcDbEntity
  8
CALLOUT TEXT
440
 16777216
370
    -2
100
AcDbBlockReference
  2
_ArchTick
 10
652706.7296009903
 20
176242.6860944196
 30
0.0
 41
75.0
 42
75.0
 43
75.0
 50
180.0
  0
INSERT
  5
4FD
330
4F7
100
AcDbEntity
  8
CALLOUT TEXT
440
 16777216
370
    -2
100
AcDbBlockReference
  2
_ArchTick
 10
656306.7296009903
 20
176242.6860944196
 30
0.0
 41
75.0
 42
75.0
 43
75.0
  0
MTEXT
  5
4FE
330
4F7
100
AcDbEntity
  8
CALLOUT TEXT
440
 16777216
100
AcDbMText
 10
654506.7296009903
 20
176430.1860944195
 30
0.0
 40
225.0
 41
0.0
 46
0.0
 71
     5
 72
     1
  1
\A1;3600
  7
dim
 73
     1
 44
1.0
  0
POINT
  5
4FF
330
4F7
100
AcDbEntity
  8
Defpoints
 62
     0
440
 16777216
100
AcDbPoint
 10
652706.7296009903
 20
176242.3060944195
 30
0.0
  0
POINT
  5
500
330
4F7
100
AcDbEntity
  8
Defpoints
 62
     0
440
 16777216
100
AcDbPoint
 10
656306.7296009903
 20
176242.3060944195
 30
0.0
  0
POINT
  5
501
330
4F7
100
AcDbEntity
  8
Defpoints
 62
     0
440
 16777216
100
AcDbPoint
 10
656306.7296009903
 20
176242.6860944196
 30
0.0
  0
ENDBLK
  5
502
330
4F7
100
AcDbEntity
  8
0
 62
     7
420
 16777215
100
AcDbBlockEnd
  0
BLOCK
  5
504
330
503
100
AcDbEntity
  8
0
 62
     7
420
 16777215
100
AcDbBlockBegin
  2
*D54
 70
     1
 10
0.0
 20
0.0
 30
0.0
  3
*D54
  1

  0
LINE
  5
505
330
503
100
AcDbEntity
  8
CALLOUT TEXT
440
 16777216
370
    -2
100
AcDbLine
 10
632006.7299061661
 20
161150.4470295696
 30
0.0
 11
632006.7299061661
 21
161125.4470295697
 31
0.0
  0
LINE
  5
506
330
503
100
AcDbEntity
  8
CALLOUT TEXT
440
 16777216
370
    -2
100
AcDbLine
 10
634631.7299061661
 20
161150.4470295696
 30
0.0
 11
634631.7299061661
 21
161125.4470295697
 31
0.0
  0
LINE
  5
507
330
503
100
AcDbEntity
  8
CALLOUT TEXT
440
 16777216
370
    -2
100
AcDbLine
 10
631956.7299061661
 20
161075.4470295696
 30
0.0
 11
634681.7299061662
 21
161075.4470295696
 31
0.0
  0
INSERT
  5
508
330
503
100
AcDbEntity
  8
CALLOUT TEXT
440
 16777216
370
    -2
100
AcDbBlockReference
  2
_ArchTick
 10
632006.7299061661
 20
161075.4470295696
 30
0.0
 41
75.0
 42
75.0
 43
75.0
 50
180.0
  0
INSERT
  5
509
330
503
100
AcDbEntity
  8
CALLOUT TEXT
440
 16777216
370
    -2
100
AcDbBlockReference
  2
_ArchTick
 10
634631.7299061661
 20
161075.4470295696
 30
0.0
 41
75.0
 42
75.0
 43
75.0
  0
MTEXT
  5
50A
330
503
100
AcDbEntity
  8
CALLOUT TEXT
440
 16777216
100
AcDbMText
 10
633319.2299061661
 20
161262.9470295696
 30
0.0
 40
225.0
 41
0.0
 46
0.0
 71
     5
 72
     1
  1
\A1;2625
  7
dim
 73
     1
 44
1.0
  0
POINT
  5
50B
330
503
100
AcDbEntity
  8
Defpoints
 62
     0
440
 16777216
100
AcDbPoint
 10
632006.7299061661
 20
161075.4470295696
 30
0.0
  0
POINT
  5
50C
330
503
100
AcDbEntity
  8
Defpoints
 62
     0
440
 16777216
100
AcDbPoint
 10
634631.7299061661
 20
161075.4470295696
 30
0.0
  0
POINT
  5
50D
330
503
100
AcDbEntity
  8
Defpoints
 62
     0
440
 16777216
100
AcDbPoint
 10
634631.7299061661
 20
161075.4470295696
 30
0.0
  0
ENDBLK
  5
50E
330
503
100
AcDbEntity
  8
0
 62
     7
420
 16777215
100
AcDbBlockEnd
  0
BLOCK
  5
510
330
50F
100
AcDbEntity
  8
0
 62
     7
420
 16777215
100
AcDbBlockBegin
  2
*D55
 70
     1
 10
0.0
 20
0.0
 30
0.0
  3
*D55
  1

  0
LINE
  5
511
330
50F
100
AcDbEntity
  8
CALLOUT TEXT
440
 16777216
370
    -2
100
AcDbLine
 10
634631.7299061661
 20
161150.4470295696
 30
0.0
 11
634631.7299061661
 21
161125.4470295697
 31
0.0
  0
LINE
  5
512
330
50F
100
AcDbEntity
  8
CALLOUT TEXT
440
 16777216
370
    -2
100
AcDbLine
 10
639313.2872779794
 20
161149.1061577801
 30
0.0
 11
639313.2872779794
 21
161125.4470295697
 31
0.0
  0
LINE
  5
513
330
50F
100
AcDbEntity
  8
CALLOUT TEXT
440
 16777216
370
    -2
100
AcDbLine
 10
634581.7299061661
 20
161075.4470295696
 30
0.0
 11
639363.2872779794
 21
161075.4470295696
 31
0.0
  0
INSERT
  5
514
330
50F
100
AcDbEntity
  8
CALLOUT TEXT
440
 16777216
370
    -2
100
AcDbBlockReference
  2
_ArchTick
 10
634631.7299061661
 20
161075.4470295696
 30
0.0
 41
75.0
 42
75.0
 43
75.0
 50
180.0
  0
INSERT
  5
515
330
50F
100
AcDbEntity
  8
CALLOUT TEXT
440
 16777216
370
    -2
100
AcDbBlockReference
  2
_ArchTick
 10
639313.2872779794
 20
161075.4470295696
 30
0.0
 41
75.0
 42
75.0
 43
75.0
  0
MTEXT
  5
516
330
50F
100
AcDbEntity
  8
CALLOUT TEXT
440
 16777216
100
AcDbMText
 10
636972.5085920728
 20
161262.9470295696
 30
0.0
 40
225.0
 41
0.0
 46
0.0
 71
     5
 72
     1
  1
\A1;4682
  7
dim
 73
     1
 44
1.0
  0
POINT
  5
517
330
50F
100
AcDbEntity
  8
Defpoints
 62
     0
440
 16777216
100
AcDbPoint
 10
634631.7299061661
 20
161075.4470295696
 30
0.0
  0
POINT
  5
518
330
50F
100
AcDbEntity
  8
Defpoints
 62
     0
440
 16777216
100
AcDbPoint
 10
639313.2872779794
 20
161074.1061577801
 30
0.0000000000000142
  0
POINT
  5
519
330
50F
100
AcDbEntity
  8
Defpoints
 62
     0
440
 16777216
100
AcDbPoint
 10
639313.2872779794
 20
161075.4470295696
 30
0.0
  0
ENDBLK
  5
51A
330
50F
100
AcDbEntity
  8
0
 62
     7
420
 16777215
100
AcDbBlockEnd
  0
BLOCK
  5
51C
330
51B
100
AcDbEntity
  8
0
 62
     7
420
 16777215
100
AcDbBlockBegin
  2
*D56
 70
     1
 10
0.0
 20
0.0
 30
0.0
  3
*D56
  1

  0
LINE
  5
51D
330
51B
100
AcDbEntity
  8
CALLOUT TEXT
440
 16777216
370
    -2
100
AcDbLine
 10
639313.2872779794
 20
161149.1061577801
 30
0.0
 11
639313.2872779794
 21
161125.4470295697
 31
0.0
  0
LINE
  5
51E
330
51B
100
AcDbEntity
  8
CALLOUT TEXT
440
 16777216
370
    -2
100
AcDbLine
 10
639881.8300312155
 20
161001.0849315427
 30
0.0
 11
639881.8300312155
 21
161025.4470295696
 31
0.0
  0
LINE
  5
51F
330
51B
100
AcDbEntity
  8
CALLOUT TEXT
440
 16777216
370
    -2
100
AcDbLine
 10
639263.2872779794
 20
161075.4470295696
 30
0.0
 11
639931.8300312155
 21
161075.4470295696
 31
0.0
  0
LINE
  5
520
330
51B
100
AcDbEntity
  8
CALLOUT TEXT
440
 16777216
370
    -2
100
AcDbLine
 10
639597.5586545976
 20
161075.4470295696
 30
0.0
 11
639388.367314341
 21
161353.5473554241
 31
0.0
  0
LINE
  5
521
330
51B
100
AcDbEntity
  8
CALLOUT TEXT
440
 16777216
370
    -2
100
AcDbLine
 10
639388.367314341
 20
161353.5473554241
 30
0.0
 11
638784.0816000553
 21
161353.5473554241
 31
0.0
  0
MTEXT
  5
522
330
51B
100
AcDbEntity
  8
CALLOUT TEXT
440
 16777216
100
AcDbMText
 10
639086.2244571982
 20
161541.0473554241
 30
0.0
 40
225.0
 41
0.0
 46
0.0
 71
     5
 72
     1
  1
\A1;569
  7
dim
 73
     1
 44
1.0
  0
INSERT
  5
523
330
51B
100
AcDbEntity
  8
CALLOUT TEXT
440
 16777216
370
    -2
100
AcDbBlockReference
  2
_ArchTick
 10
639313.2872779794
 20
161075.4470295696
 30
0.0
 41
75.0
 42
75.0
 43
75.0
 50
180.0
  0
INSERT
  5
524
330
51B
100
AcDbEntity
  8
CALLOUT TEXT
440
 16777216
370
    -2
100
AcDbBlockReference
  2
_ArchTick
 10
639881.8300312155
 20
161075.4470295696
 30
0.0
 41
75.0
 42
75.0
 43
75.0
  0
POINT
  5
525
330
51B
100
AcDbEntity
  8
Defpoints
 62
     0
440
 16777216
100
AcDbPoint
 10
639313.2872779794
 20
161074.1061577801
 30
0.0000000000000142
  0
POINT
  5
526
330
51B
100
AcDbEntity
  8
Defpoints
 62
     0
440
 16777216
100
AcDbPoint
 10
639881.8300312155
 20
161076.0849315427
 30
0.0
  0
POINT
  5
527
330
51B
100
AcDbEntity
  8
Defpoints
 62
     0
440
 16777216
100
AcDbPoint
 10
639881.8300312155
 20
161075.4470295696
 30
0.0
  0
ENDBLK
  5
528
330
51B
100
AcDbEntity
  8
0
 62
     7
420
 16777215
100
AcDbBlockEnd
  0
BLOCK
  5
52A
330
529
100
AcDbEntity
  8
0
 62
     7
420
 16777215
100
AcDbBlockBegin
  2
*D57
 70
     1
 10
0.0
 20
0.0
 30
0.0
  3
*D57
  1

  0
LINE
  5
52B
330
529
100
AcDbEntity
  8
CALLOUT TEXT
440
 16777216
370
    -2
100
AcDbLine
 10
639881.8300312155
 20
161001.0849315427
 30
0.0
 11
639881.8300312155
 21
161025.4470295696
 31
0.0
  0
LINE
  5
52C
330
529
100
AcDbEntity
  8
CALLOUT TEXT
440
 16777216
370
    -2
100
AcDbLine
 10
640556.7303406686
 20
161150.4469753417
 30
0.0
 11
640556.7303406686
 21
161125.4470295697
 31
0.0
  0
LINE
  5
52D
330
529
100
AcDbEntity
  8
CALLOUT TEXT
440
 16777216
370
    -2
100
AcDbLine
 10
639831.8300312155
 20
161075.4470295696
 30
0.0
 11
640606.7303406685
 21
161075.4470295696
 31
0.0
  0
INSERT
  5
52E
330
529
100
AcDbEntity
  8
CALLOUT TEXT
440
 16777216
370
    -2
100
AcDbBlockReference
  2
_ArchTick
 10
639881.8300312155
 20
161075.4470295696
 30
0.0
 41
75.0
 42
75.0
 43
75.0
 50
180.0
  0
INSERT
  5
52F
330
529
100
AcDbEntity
  8
CALLOUT TEXT
440
 16777216
370
    -2
100
AcDbBlockReference
  2
_ArchTick
 10
640556.7303406686
 20
161075.4470295696
 30
0.0
 41
75.0
 42
75.0
 43
75.0
  0
MTEXT
  5
530
330
529
100
AcDbEntity
  8
CALLOUT TEXT
440
 16777216
100
AcDbMText
 10
640219.280185942
 20
161262.9470295696
 30
0.0
 40
225.0
 41
0.0
 46
0.0
 71
     5
 72
     1
  1
\A1;675
  7
dim
 73
     1
 44
1.0
  0
POINT
  5
531
330
529
100
AcDbEntity
  8
Defpoints
 62
     0
440
 16777216
100
AcDbPoint
 10
639881.8300312155
 20
161076.0849315427
 30
0.0
  0
POINT
  5
532
330
529
100
AcDbEntity
  8
Defpoints
 62
     0
440
 16777216
100
AcDbPoint
 10
640556.7303406686
 20
161075.4469753417
 30
0.0
  0
POINT
  5
533
330
529
100
AcDbEntity
  8
Defpoints
 62
     0
440
 16777216
100
AcDbPoint
 10
640556.7303406686
 20
161075.4470295696
 30
0.0
  0
ENDBLK
  5
534
330
529
100
AcDbEntity
  8
0
 62
     7
420
 16777215
100
AcDbBlockEnd
  0
BLOCK
  5
536
330
535
100
AcDbEntity
  8
0
 62
     7
420
 16777215
100
AcDbBlockBegin
  2
*D58
 70
     1
 10
0.0
 20
0.0
 30
0.0
  3
*D58
  1

  0
LINE
  5
537
330
535
100
AcDbEntity
  8
CALLOUT TEXT
440
 16777216
370
    -2
100
AcDbLine
 10
640556.7303406686
 20
161150.4469753417
 30
0.0
 11
640556.7303406686
 21
161125.4470295697
 31
0.0
  0
LINE
  5
538
330
535
100
AcDbEntity
  8
CALLOUT TEXT
440
 16777216
370
    -2
100
AcDbLine
 10
643981.7308216935
 20
161150.4470295696
 30
0.0
 11
643981.7308216935
 21
161125.4470295697
 31
0.0
  0
LINE
  5
539
330
535
100
AcDbEntity
  8
CALLOUT TEXT
440
 16777216
370
    -2
100
AcDbLine
 10
640506.7303406685
 20
161075.4470295696
 30
0.0
 11
644031.7308216934
 21
161075.4470295696
 31
0.0
  0
INSERT
  5
53A
330
535
100
AcDbEntity
  8
CALLOUT TEXT
440
 16777216
370
    -2
100
AcDbBlockReference
  2
_ArchTick
 10
640556.7303406686
 20
161075.4470295696
 30
0.0
 41
75.0
 42
75.0
 43
75.0
 50
180.0
  0
INSERT
  5
53B
330
535
100
AcDbEntity
  8
CALLOUT TEXT
440
 16777216
370
    -2
100
AcDbBlockReference
  2
_ArchTick
 10
643981.7308216935
 20
161075.4470295696
 30
0.0
 41
75.0
 42
75.0
 43
75.0
  0
MTEXT
  5
53C
330
535
100
AcDbEntity
  8
CALLOUT TEXT
440
 16777216
100
AcDbMText
 10
642269.2305811809
 20
161262.9470295696
 30
0.0
 40
225.0
 41
0.0
 46
0.0
 71
     5
 72
     1
  1
\A1;3425
  7
dim
 73
     1
 44
1.0
  0
POINT
  5
53D
330
535
100
AcDbEntity
  8
Defpoints
 62
     0
440
 16777216
100
AcDbPoint
 10
640556.7303406686
 20
161075.4469753417
 30
0.0
  0
POINT
  5
53E
330
535
100
AcDbEntity
  8
Defpoints
 62
     0
440
 16777216
100
AcDbPoint
 10
643981.7308216935
 20
161075.4470295696
 30
0.0000000000000142
  0
POINT
  5
53F
330
535
100
AcDbEntity
  8
Defpoints
 62
     0
440
 16777216
100
AcDbPoint
 10
643981.7308216935
 20
161075.4470295696
 30
0.0
  0
ENDBLK
  5
540
330
535
100
AcDbEntity
  8
0
 62
     7
420
 16777215
100
AcDbBlockEnd
  0
BLOCK
  5
542
330
541
100
AcDbEntity
  8
0
 62
     7
420
 16777215
100
AcDbBlockBegin
  2
*D59
 70
     1
 10
0.0
 20
0.0
 30
0.0
  3
*D59
  1

  0
LINE
  5
543
330
541
100
AcDbEntity
  8
CALLOUT TEXT
440
 16777216
370
    -2
100
AcDbLine
 10
643981.7308216935
 20
161150.4470295696
 30
0.0
 11
643981.7308216935
 21
161125.4470295697
 31
0.0
  0
LINE
  5
544
330
541
100
AcDbEntity
  8
CALLOUT TEXT
440
 16777216
370
    -2
100
AcDbLine
 10
645581.7303334126
 20
161000.4470295698
 30
0.0
 11
645581.7303334126
 21
161025.4470295696
 31
0.0
  0
LINE
  5
545
330
541
100
AcDbEntity
  8
CALLOUT TEXT
440
 16777216
370
    -2
100
AcDbLine
 10
643931.7308216934
 20
161075.4470295696
 30
0.0
 11
645631.7303334126
 21
161075.4470295696
 31
0.0
  0
INSERT
  5
546
330
541
100
AcDbEntity
  8
CALLOUT TEXT
440
 16777216
370
    -2
100
AcDbBlockReference
  2
_ArchTick
 10
643981.7308216935
 20
161075.4470295696
 30
0.0
 41
75.0
 42
75.0
 43
75.0
 50
180.0
  0
INSERT
  5
547
330
541
100
AcDbEntity
  8
CALLOUT TEXT
440
 16777216
370
    -2
100
AcDbBlockReference
  2
_ArchTick
 10
645581.7303334126
 20
161075.4470295696
 30
0.0
 41
75.0
 42
75.0
 43
75.0
  0
MTEXT
  5
548
330
541
100
AcDbEntity
  8
CALLOUT TEXT
440
 16777216
100
AcDbMText
 10
644781.7305775529
 20
161262.9470295696
 30
0.0
 40
225.0
 41
0.0
 46
0.0
 71
     5
 72
     1
  1
\A1;1600
  7
dim
 73
     1
 44
1.0
  0
POINT
  5
549
330
541
100
AcDbEntity
  8
Defpoints
 62
     0
440
 16777216
100
AcDbPoint
 10
643981.7308216935
 20
161075.4470295696
 30
0.0000000000000142
  0
POINT
  5
54A
330
541
100
AcDbEntity
  8
Defpoints
 62
     0
440
 16777216
100
AcDbPoint
 10
645581.7303334126
 20
161075.4470295698
 30
0.0
  0
POINT
  5
54B
330
541
100
AcDbEntity
  8
Defpoints
 62
     0
440
 16777216
100
AcDbPoint
 10
645581.7303334126
 20
161075.4470295696
 30
0.0
  0
ENDBLK
  5
54C
330
541
100
AcDbEntity
  8
0
 62
     7
420
 16777215
100
AcDbBlockEnd
  0
BLOCK
  5
54E
330
54D
100
AcDbEntity
  8
0
 62
     7
420
 16777215
100
AcDbBlockBegin
  2
*D60
 70
     1
 10
0.0
 20
0.0
 30
0.0
  3
*D60
  1

  0
LINE
  5
54F
330
54D
100
AcDbEntity
  8
CALLOUT TEXT
440
 16777216
370
    -2
100
AcDbLine
 10
645581.7303334126
 20
161000.4470295698
 30
0.0
 11
645581.7303334126
 21
161025.4470295696
 31
0.0
  0
LINE
  5
550
330
54D
100
AcDbEntity
  8
CALLOUT TEXT
440
 16777216
370
    -2
100
AcDbLine
 10
646256.7303334122
 20
161150.4470295696
 30
0.0
 11
646256.7303334122
 21
161125.4470295697
 31
0.0
  0
LINE
  5
551
330
54D
100
AcDbEntity
  8
CALLOUT TEXT
440
 16777216
370
    -2
100
AcDbLine
 10
645531.7303334125
 20
161075.4470295696
 30
0.0
 11
646306.7303334122
 21
161075.4470295696
 31
0.0
  0
INSERT
  5
552
330
54D
100
AcDbEntity
  8
CALLOUT TEXT
440
 16777216
370
    -2
100
AcDbBlockReference
  2
_ArchTick
 10
645581.7303334126
 20
161075.4470295696
 30
0.0
 41
75.0
 42
75.0
 43
75.0
 50
180.0
  0
INSERT
  5
553
330
54D
100
AcDbEntity
  8
CALLOUT TEXT
440
 16777216
370
    -2
100
AcDbBlockReference
  2
_ArchTick
 10
646256.7303334122
 20
161075.4470295696
 30
0.0
 41
75.0
 42
75.0
 43
75.0
  0
MTEXT
  5
554
330
54D
100
AcDbEntity
  8
CALLOUT TEXT
440
 16777216
100
AcDbMText
 10
645919.2303334123
 20
161262.9470295696
 30
0.0
 40
225.0
 41
0.0
 46
0.0
 71
     5
 72
     1
  1
\A1;675
  7
dim
 73
     1
 44
1.0
  0
POINT
  5
555
330
54D
100
AcDbEntity
  8
Defpoints
 62
     0
440
 16777216
100
AcDbPoint
 10
645581.7303334126
 20
161075.4470295698
 30
0.0
  0
POINT
  5
556
330
54D
100
AcDbEntity
  8
Defpoints
 62
     0
440
 16777216
100
AcDbPoint
 10
646256.7303334122
 20
161075.4470295696
 30
0.0
  0
POINT
  5
557
330
54D
100
AcDbEntity
  8
Defpoints
 62
     0
440
 16777216
100
AcDbPoint
 10
646256.7303334122
 20
161075.4470295696
 30
0.0
  0
ENDBLK
  5
558
330
54D
100
AcDbEntity
  8
0
 62
     7
420
 16777215
100
AcDbBlockEnd
  0
BLOCK
  5
55A
330
559
100
AcDbEntity
  8
0
 62
     7
420
 16777215
100
AcDbBlockBegin
  2
*D61
 70
     1
 10
0.0
 20
0.0
 30
0.0
  3
*D61
  1

  0
LINE
  5
55B
330
559
100
AcDbEntity
  8
CALLOUT TEXT
440
 16777216
370
    -2
100
AcDbLine
 10
646256.7303334122
 20
161150.4470295696
 30
0.0
 11
646256.7303334122
 21
161125.4470295697
 31
0.0
  0
LINE
  5
55C
330
559
100
AcDbEntity
  8
CALLOUT TEXT
440
 16777216
370
    -2
100
AcDbLine
 10
648656.7308216935
 20
161150.4470295696
 30
0.0
 11
648656.7308216935
 21
161125.4470295697
 31
0.0
  0
LINE
  5
55D
330
559
100
AcDbEntity
  8
CALLOUT TEXT
440
 16777216
370
    -2
100
AcDbLine
 10
646206.7303334122
 20
161075.4470295696
 30
0.0
 11
648706.7308216935
 21
161075.4470295696
 31
0.0
  0
INSERT
  5
55E
330
559
100
AcDbEntity
  8
CALLOUT TEXT
440
 16777216
370
    -2
100
AcDbBlockReference
  2
_ArchTick
 10
646256.7303334122
 20
161075.4470295696
 30
0.0
 41
75.0
 42
75.0
 43
75.0
 50
180.0
  0
INSERT
  5
55F
330
559
100
AcDbEntity
  8
CALLOUT TEXT
440
 16777216
370
    -2
100
AcDbBlockReference
  2
_ArchTick
 10
648656.7308216935
 20
161075.4470295696
 30
0.0
 41
75.0
 42
75.0
 43
75.0
  0
MTEXT
  5
560
330
559
100
AcDbEntity
  8
CALLOUT TEXT
440
 16777216
100
AcDbMText
 10
647456.7305775528
 20
161262.9470295696
 30
0.0
 40
225.0
 41
0.0
 46
0.0
 71
     5
 72
     1
  1
\A1;2400
  7
dim
 73
     1
 44
1.0
  0
POINT
  5
561
330
559
100
AcDbEntity
  8
Defpoints
 62
     0
440
 16777216
100
AcDbPoint
 10
646256.7303334122
 20
161075.4470295696
 30
0.0
  0
POINT
  5
562
330
559
100
AcDbEntity
  8
Defpoints
 62
     0
440
 16777216
100
AcDbPoint
 10
648656.7308216935
 20
161075.4470295696
 30
0.0000000000000142
  0
POINT
  5
563
330
559
100
AcDbEntity
  8
Defpoints
 62
     0
440
 16777216
100
AcDbPoint
 10
648656.7308216935
 20
161075.4470295696
 30
0.0
  0
ENDBLK
  5
564
330
559
100
AcDbEntity
  8
0
 62
     7
420
 16777215
100
AcDbBlockEnd
  0
BLOCK
  5
566
330
565
100
AcDbEntity
  8
0
 62
     7
420
 16777215
100
AcDbBlockBegin
  2
*D62
 70
     1
 10
0.0
 20
0.0
 30
0.0
  3
*D62
  1

  0
LINE
  5
567
330
565
100
AcDbEntity
  8
CALLOUT TEXT
440
 16777216
370
    -2
100
AcDbLine
 10
648656.7308216935
 20
161150.4470295696
 30
0.0
 11
648656.7308216935
 21
161125.4470295697
 31
0.0
  0
LINE
  5
568
330
565
100
AcDbEntity
  8
CALLOUT TEXT
440
 16777216
370
    -2
100
AcDbLine
 10
651281.7296009903
 20
161150.4470295696
 30
0.0
 11
651281.7296009903
 21
161125.4470295697
 31
0.0
  0
LINE
  5
569
330
565
100
AcDbEntity
  8
CALLOUT TEXT
440
 16777216
370
    -2
100
AcDbLine
 10
648606.7308216934
 20
161075.4470295696
 30
0.0
 11
651331.7296009903
 21
161075.4470295696
 31
0.0
  0
INSERT
  5
56A
330
565
100
AcDbEntity
  8
CALLOUT TEXT
440
 16777216
370
    -2
100
AcDbBlockReference
  2
_ArchTick
 10
648656.7308216935
 20
161075.4470295696
 30
0.0
 41
75.0
 42
75.0
 43
75.0
 50
180.0
  0
INSERT
  5
56B
330
565
100
AcDbEntity
  8
CALLOUT TEXT
440
 16777216
370
    -2
100
AcDbBlockReference
  2
_ArchTick
 10
651281.7296009903
 20
161075.4470295696
 30
0.0
 41
75.0
 42
75.0
 43
75.0
  0
MTEXT
  5
56C
330
565
100
AcDbEntity
  8
CALLOUT TEXT
440
 16777216
100
AcDbMText
 10
649969.230211342
 20
161262.9470295696
 30
0.0
 40
225.0
 41
0.0
 46
0.0
 71
     5
 72
     1
  1
\A1;2625
  7
dim
 73
     1
 44
1.0
  0
POINT
  5
56D
330
565
100
AcDbEntity
  8
Defpoints
 62
     0
440
 16777216
100
AcDbPoint
 10
648656.7308216935
 20
161075.4470295696
 30
0.0000000000000142
  0
POINT
  5
56E
330
565
100
AcDbEntity
  8
Defpoints
 62
     0
440
 16777216
100
AcDbPoint
 10
651281.7296009903
 20
161075.4470295696
 30
0.0
  0
POINT
  5
56F
330
565
100
AcDbEntity
  8
Defpoints
 62
     0
440
 16777216
100
AcDbPoint
 10
651281.7296009903
 20
161075.4470295696
 30
0.0
  0
ENDBLK
  5
570
330
565
100
AcDbEntity
  8
0
 62
     7
420
 16777215
100
AcDbBlockEnd
  0
BLOCK
  5
572
330
571
100
AcDbEntity
  8
0
 62
     7
420
 16777215
100
AcDbBlockBegin
  2
*D63
 70
     1
 10
0.0
 20
0.0
 30
0.0
  3
*D63
  1

  0
LINE
  5
573
330
571
100
AcDbEntity
  8
CALLOUT TEXT
440
 16777216
370
    -2
100
AcDbLine
 10
651281.7296009903
 20
161150.4470295696
 30
0.0
 11
651281.7296009903
 21
161125.4470295697
 31
0.0
  0
LINE
  5
574
330
571
100
AcDbEntity
  8
CALLOUT TEXT
440
 16777216
370
    -2
100
AcDbLine
 10
652706.7296009903
 20
161150.0670295696
 30
0.0
 11
652706.7296009903
 21
161125.4470295697
 31
0.0
  0
LINE
  5
575
330
571
100
AcDbEntity
  8
CALLOUT TEXT
440
 16777216
370
    -2
100
AcDbLine
 10
651231.7296009904
 20
161075.4470295696
 30
0.0
 11
652756.7296009903
 21
161075.4470295696
 31
0.0
  0
INSERT
  5
576
330
571
100
AcDbEntity
  8
CALLOUT TEXT
440
 16777216
370
    -2
100
AcDbBlockReference
  2
_ArchTick
 10
651281.7296009903
 20
161075.4470295696
 30
0.0
 41
75.0
 42
75.0
 43
75.0
 50
180.0
  0
INSERT
  5
577
330
571
100
AcDbEntity
  8
CALLOUT TEXT
440
 16777216
370
    -2
100
AcDbBlockReference
  2
_ArchTick
 10
652706.7296009903
 20
161075.4470295696
 30
0.0
 41
75.0
 42
75.0
 43
75.0
  0
MTEXT
  5
578
330
571
100
AcDbEntity
  8
CALLOUT TEXT
440
 16777216
100
AcDbMText
 10
651994.2296009903
 20
161262.9470295696
 30
0.0
 40
225.0
 41
0.0
 46
0.0
 71
     5
 72
     1
  1
\A1;1425
  7
dim
 73
     1
 44
1.0
  0
POINT
  5
579
330
571
100
AcDbEntity
  8
Defpoints
 62
     0
440
 16777216
100
AcDbPoint
 10
651281.7296009903
 20
161075.4470295696
 30
0.0
  0
POINT
  5
57A
330
571
100
AcDbEntity
  8
Defpoints
 62
     0
440
 16777216
100
AcDbPoint
 10
652706.7296009903
 20
161075.0670295696
 30
0.0
  0
POINT
  5
57B
330
571
100
AcDbEntity
  8
Defpoints
 62
     0
440
 16777216
100
AcDbPoint
 10
652706.7296009903
 20
161075.4470295696
 30
0.0
  0
ENDBLK
  5
57C
330
571
100
AcDbEntity
  8
0
 62
     7
420
 16777215
100
AcDbBlockEnd
  0
BLOCK
  5
57E
330
57D
100
AcDbEntity
  8
0
 62
     7
420
 16777215
100
AcDbBlockBegin
  2
*D64
 70
     1
 10
0.0
 20
0.0
 30
0.0
  3
*D64
  1

  0
LINE
  5
57F
330
57D
100
AcDbEntity
  8
CALLOUT TEXT
440
 16777216
370
    -2
100
AcDbLine
 10
652706.7296009903
 20
161150.0670295696
 30
0.0
 11
652706.7296009903
 21
161125.4470295697
 31
0.0
  0
LINE
  5
580
330
57D
100
AcDbEntity
  8
CALLOUT TEXT
440
 16777216
370
    -2
100
AcDbLine
 10
656306.7296009903
 20
161150.0670295696
 30
0.0
 11
656306.7296009903
 21
161125.4470295697
 31
0.0
  0
LINE
  5
581
330
57D
100
AcDbEntity
  8
CALLOUT TEXT
440
 16777216
370
    -2
100
AcDbLine
 10
652656.7296009904
 20
161075.4470295696
 30
0.0
 11
656356.7296009903
 21
161075.4470295696
 31
0.0
  0
INSERT
  5
582
330
57D
100
AcDbEntity
  8
CALLOUT TEXT
440
 16777216
370
    -2
100
AcDbBlockReference
  2
_ArchTick
 10
652706.7296009903
 20
161075.4470295696
 30
0.0
 41
75.0
 42
75.0
 43
75.0
 50
180.0
  0
INSERT
  5
583
330
57D
100
AcDbEntity
  8
CALLOUT TEXT
440
 16777216
370
    -2
100
AcDbBlockReference
  2
_ArchTick
 10
656306.7296009903
 20
161075.4470295696
 30
0.0
 41
75.0
 42
75.0
 43
75.0
  0
MTEXT
  5
584
330
57D
100
AcDbEntity
  8
CALLOUT TEXT
440
 16777216
100
AcDbMText
 10
654506.7296009903
 20
161262.9470295696
 30
0.0
 40
225.0
 41
0.0
 46
0.0
 71
     5
 72
     1
  1
\A1;3600
  7
dim
 73
     1
 44
1.0
  0
POINT
  5
585
330
57D
100
AcDbEntity
  8
Defpoints
 62
     0
440
 16777216
100
AcDbPoint
 10
652706.7296009903
 20
161075.0670295696
 30
0.0
  0
POINT
  5
586
330
57D
100
AcDbEntity
  8
Defpoints
 62
     0
440
 16777216
100
AcDbPoint
 10
656306.7296009903
 20
161075.0670295696
 30
0.0
  0
POINT
  5
587
330
57D
100
AcDbEntity
  8
Defpoints
 62
     0
440
 16777216
100
AcDbPoint
 10
656306.7296009903
 20
161075.4470295696
 30
0.0
  0
ENDBLK
  5
588
330
57D
100
AcDbEntity
  8
0
 62
     7
420
 16777215
100
AcDbBlockEnd
  0
BLOCK
  5
58A
330
589
100
AcDbEntity
  8
0
 62
     7
420
 16777215
100
AcDbBlockBegin
  2
*D65
 70
     1
 10
0.0
 20
0.0
 30
0.0
  3
*D65
  1

  0
LINE
  5
58B
330
589
100
AcDbEntity
  8
CALLOUT TEXT
440
 16777216
370
    -2
100
AcDbLine
 10
658122.96334711
 20
174591.1114458479
 30
0.0
 11
658097.9633471125
 21
174591.1114458479
 31
0.0
  0
LINE
  5
58C
330
589
100
AcDbEntity
  8
CALLOUT TEXT
440
 16777216
370
    -2
100
AcDbLine
 10
658122.96334711
 20
173991.4422563948
 30
0.0
 11
658097.9633471125
 21
173991.4422563948
 31
0.0
  0
LINE
  5
58D
330
589
100
AcDbEntity
  8
CALLOUT TEXT
440
 16777216
370
    -2
100
AcDbLine
 10
658047.9633471125
 20
174641.111445848
 30
0.0
 11
658047.9633471125
 21
173941.4422563948
 31
0.0
  0
LINE
  5
58E
330
589
100
AcDbEntity
  8
CALLOUT TEXT
440
 16777216
370
    -2
100
AcDbLine
 10
658047.9633471125
 20
174291.2768511214
 30
0.0
 11
657751.2671780763
 21
174441.2768511215
 31
0.0
  0
LINE
  5
58F
330
589
100
AcDbEntity
  8
CALLOUT TEXT
440
 16777216
370
    -2
100
AcDbLine
 10
657751.2671780763
 20
174441.2768511215
 30
0.0
 11
657751.2671780763
 21
175054.1339939786
 31
0.0
  0
MTEXT
  5
590
330
589
100
AcDbEntity
  8
CALLOUT TEXT
440
 16777216
100
AcDbMText
 10
657563.7671780762
 20
174747.7054225498
 30
0.0
 40
225.0
 41
0.0
 46
0.0
 71
     5
 72
     1
  1
\A1;600
  7
dim
 11
0.0000000000000001
 21
1.0
 31
0.0
 73
     1
 44
1.0
  0
INSERT
  5
591
330
589
100
AcDbEntity
  8
CALLOUT TEXT
440
 16777216
370
    -2
100
AcDbBlockReference
  2
_ArchTick
 10
658047.9633471125
 20
174591.1114458479
 30
0.0
 41
75.0
 42
75.0
 43
75.0
 50
90.0
  0
INSERT
  5
592
330
589
100
AcDbEntity
  8
CALLOUT TEXT
440
 16777216
370
    -2
100
AcDbBlockReference
  2
_ArchTick
 10
658047.9633471125
 20
173991.4422563948
 30
0.0
 41
75.0
 42
75.0
 43
75.0
 50
270.0
  0
POINT
  5
593
330
589
100
AcDbEntity
  8
Defpoints
 62
     0
440
 16777216
100
AcDbPoint
 10
658047.9633471101
 20
174591.1114458479
 30
0.0
  0
POINT
  5
594
330
589
100
AcDbEntity
  8
Defpoints
 62
     0
440
 16777216
100
AcDbPoint
 10
658047.9633471101
 20
173991.4422563948
 30
0.0
  0
POINT
  5
595
330
589
100
AcDbEntity
  8
Defpoints
 62
     0
440
 16777216
100
AcDbPoint
 10
658047.9633471125
 20
173991.4422563948
 30
0.0
  0
ENDBLK
  5
596
330
589
100
AcDbEntity
  8
0
 62
     7
420
 16777215
100
AcDbBlockEnd
  0
BLOCK
  5
598
330
597
100
AcDbEntity
  8
0
 62
     7
420
 16777215
100
AcDbBlockBegin
  2
*D66
 70
     1
 10
0.0
 20
0.0
 30
0.0
  3
*D66
  1

  0
LINE
  5
599
330
597
100
AcDbEntity
  8
CALLOUT TEXT
440
 16777216
370
    -2
100
AcDbLine
 10
658122.96334711
 20
173991.4422563948
 30
0.0
 11
658097.9633471127
 21
173991.4422563948
 31
0.0
  0
LINE
  5
59A
330
597
100
AcDbEntity
  8
CALLOUT TEXT
440
 16777216
370
    -2
100
AcDbLine
 10
658110.0679284066
 20
173016.111445848
 30
0.0
 11
658097.9633471127
 21
173016.111445848
 31
0.0
  0
LINE
  5
59B
330
597
100
AcDbEntity
  8
CALLOUT TEXT
440
 16777216
370
    -2
100
AcDbLine
 10
658047.9633471127
 20
174041.4422563948
 30
0.0
 11
658047.9633471127
 21
172966.111445848
 31
0.0
  0
INSERT
  5
59C
330
597
100
AcDbEntity
  8
CALLOUT TEXT
440
 16777216
370
    -2
100
AcDbBlockReference
  2
_ArchTick
 10
658047.9633471127
 20
173991.4422563948
 30
0.0
 41
75.0
 42
75.0
 43
75.0
 50
90.0
  0
INSERT
  5
59D
330
597
100
AcDbEntity
  8
CALLOUT TEXT
440
 16777216
370
    -2
100
AcDbBlockReference
  2
_ArchTick
 10
658047.9633471127
 20
173016.111445848
 30
0.0
 41
75.0
 42
75.0
 43
75.0
 50
270.0
  0
MTEXT
  5
59E
330
597
100
AcDbEntity
  8
CALLOUT TEXT
440
 16777216
100
AcDbMText
 10
657860.4633471126
 20
173503.7768511212
 30
0.0
 40
225.0
 41
0.0
 46
0.0
 71
     5
 72
     1
  1
\A1;975
  7
dim
 11
0.0000000000000001
 21
1.0
 31
0.0
 73
     1
 44
1.0
  0
POINT
  5
59F
330
597
100
AcDbEntity
  8
Defpoints
 62
     0
440
 16777216
100
AcDbPoint
 10
658047.9633471101
 20
173991.4422563948
 30
0.0
  0
POINT
  5
5A0
330
597
100
AcDbEntity
  8
Defpoints
 62
     0
440
 16777216
100
AcDbPoint
 10
658035.0679284065
 20
173016.111445848
 30
0.0
  0
POINT
  5
5A1
330
597
100
AcDbEntity
  8
Defpoints
 62
     0
440
 16777216
100
AcDbPoint
 10
658047.9633471127
 20
173016.111445848
 30
0.0
  0
ENDBLK
  5
5A2
330
597
100
AcDbEntity
  8
0
 62
     7
420
 16777215
100
AcDbBlockEnd
  0
BLOCK
  5
5A4
330
5A3
100
AcDbEntity
  8
0
 62
     7
420
 16777215
100
AcDbBlockBegin
  2
*D67
 70
     1
 10
0.0
 20
0.0
 30
0.0
  3
*D67
  1

  0
LINE
  5
5A5
330
5A3
100
AcDbEntity
  8
CALLOUT TEXT
440
 16777216
370
    -2
100
AcDbLine
 10
658110.0679284066
 20
173016.111445848
 30
0.0
 11
658097.9633471129
 21
173016.111445848
 31
0.0
  0
LINE
  5
5A6
330
5A3
100
AcDbEntity
  8
CALLOUT TEXT
440
 16777216
370
    -2
100
AcDbLine
 10
657981.492600429
 20
170312.3480181136
 30
0.0
 11
657997.9633471129
 21
170312.3480181136
 31
0.0
  0
LINE
  5
5A7
330
5A3
100
AcDbEntity
  8
CALLOUT TEXT
440
 16777216
370
    -2
100
AcDbLine
 10
658047.9633471128
 20
173066.1114458479
 30
0.0
 11
658047.9633471128
 21
170262.3480181136
 31
0.0
  0
INSERT
  5
5A8
330
5A3
100
AcDbEntity
  8
CALLOUT TEXT
440
 16777216
370
    -2
100
AcDbBlockReference
  2
_ArchTick
 10
658047.9633471128
 20
173016.111445848
 30
0.0
 41
75.0
 42
75.0
 43
75.0
 50
90.0
  0
INSERT
  5
5A9
330
5A3
100
AcDbEntity
  8
CALLOUT TEXT
440
 16777216
370
    -2
100
AcDbBlockReference
  2
_ArchTick
 10
658047.9633471128
 20
170312.3480181136
 30
0.0
 41
75.0
 42
75.0
 43
75.0
 50
270.0
  0
MTEXT
  5
5AA
330
5A3
100
AcDbEntity
  8
CALLOUT TEXT
440
 16777216
100
AcDbMText
 10
657860.4633471127
 20
171664.2297319805
 30
0.0
 40
225.0
 41
0.0
 46
0.0
 71
     5
 72
     1
  1
\A1;2704
  7
dim
 11
0.0000000000000001
 21
1.0
 31
0.0
 73
     1
 44
1.0
  0
POINT
  5
5AB
330
5A3
100
AcDbEntity
  8
Defpoints
 62
     0
440
 16777216
100
AcDbPoint
 10
658035.0679284065
 20
173016.111445848
 30
0.0
  0
POINT
  5
5AC
330
5A3
100
AcDbEntity
  8
Defpoints
 62
     0
440
 16777216
100
AcDbPoint
 10
658056.4926004289
 20
170312.3480181136
 30
0.0
  0
POINT
  5
5AD
330
5A3
100
AcDbEntity
  8
Defpoints
 62
     0
440
 16777216
100
AcDbPoint
 10
658047.9633471128
 20
170312.3480181136
 30
0.0
  0
ENDBLK
  5
5AE
330
5A3
100
AcDbEntity
  8
0
 62
     7
420
 16777215
100
AcDbBlockEnd
  0
BLOCK
  5
5B0
330
5AF
100
AcDbEntity
  8
0
 62
     7
420
 16777215
100
AcDbBlockBegin
  2
*D68
 70
     1
 10
0.0
 20
0.0
 30
0.0
  3
*D68
  1

  0
LINE
  5
5B1
330
5AF
100
AcDbEntity
  8
CALLOUT TEXT
440
 16777216
370
    -2
100
AcDbLine
 10
657981.492600429
 20
170312.3480181136
 30
0.0
 11
657997.9633471132
 21
170312.3480181136
 31
0.0
  0
LINE
  5
5B2
330
5AF
100
AcDbEntity
  8
CALLOUT TEXT
440
 16777216
370
    -2
100
AcDbLine
 10
658121.6433436155
 20
169191.111445848
 30
0.0
 11
658097.963347113
 21
169191.111445848
 31
0.0
  0
LINE
  5
5B3
330
5AF
100
AcDbEntity
  8
CALLOUT TEXT
440
 16777216
370
    -2
100
AcDbLine
 10
658047.9633471131
 20
170362.3480181136
 30
0.0
 11
658047.9633471131
 21
169141.111445848
 31
0.0
  0
INSERT
  5
5B4
330
5AF
100
AcDbEntity
  8
CALLOUT TEXT
440
 16777216
370
    -2
100
AcDbBlockReference
  2
_ArchTick
 10
658047.9633471131
 20
170312.3480181136
 30
0.0
 41
75.0
 42
75.0
 43
75.0
 50
90.0
  0
INSERT
  5
5B5
330
5AF
100
AcDbEntity
  8
CALLOUT TEXT
440
 16777216
370
    -2
100
AcDbBlockReference
  2
_ArchTick
 10
658047.9633471131
 20
169191.111445848
 30
0.0
 41
75.0
 42
75.0
 43
75.0
 50
270.0
  0
MTEXT
  5
5B6
330
5AF
100
AcDbEntity
  8
CALLOUT TEXT
440
 16777216
100
AcDbMText
 10
657860.463347113
 20
169751.7297319805
 30
0.0
 40
225.0
 41
0.0
 46
0.0
 71
     5
 72
     1
  1
\A1;1121
  7
dim
 11
0.0000000000000001
 21
1.0
 31
0.0
 73
     1
 44
1.0
  0
POINT
  5
5B7
330
5AF
100
AcDbEntity
  8
Defpoints
 62
     0
440
 16777216
100
AcDbPoint
 10
658056.4926004289
 20
170312.3480181136
 30
0.0
  0
POINT
  5
5B8
330
5AF
100
AcDbEntity
  8
Defpoints
 62
     0
440
 16777216
100
AcDbPoint
 10
658046.6433436154
 20
169191.111445848
 30
0.0
  0
POINT
  5
5B9
330
5AF
100
AcDbEntity
  8
Defpoints
 62
     0
440
 16777216
100
AcDbPoint
 10
658047.9633471131
 20
169191.111445848
 30
0.0
  0
ENDBLK
  5
5BA
330
5AF
100
AcDbEntity
  8
0
 62
     7
420
 16777215
100
AcDbBlockEnd
  0
BLOCK
  5
5BC
330
5BB
100
AcDbEntity
  8
0
 62
     7
420
 16777215
100
AcDbBlockBegin
  2
*D69
 70
     1
 10
0.0
 20
0.0
 30
0.0
  3
*D69
  1

  0
LINE
  5
5BD
330
5BB
100
AcDbEntity
  8
CALLOUT TEXT
440
 16777216
370
    -2
100
AcDbLine
 10
658121.6433436155
 20
169191.111445848
 30
0.0
 11
658097.9633471134
 21
169191.111445848
 31
0.0
  0
LINE
  5
5BE
330
5BB
100
AcDbEntity
  8
CALLOUT TEXT
440
 16777216
370
    -2
100
AcDbLine
 10
657985.5541496306
 20
166341.111445848
 30
0.0
 11
657997.9633471133
 21
166341.111445848
 31
0.0
  0
LINE
  5
5BF
330
5BB
100
AcDbEntity
  8
CALLOUT TEXT
440
 16777216
370
    -2
100
AcDbLine
 10
658047.9633471134
 20
169241.1114458479
 30
0.0
 11
658047.9633471134
 21
166291.111445848
 31
0.0
  0
INSERT
  5
5C0
330
5BB
100
AcDbEntity
  8
CALLOUT TEXT
440
 16777216
370
    -2
100
AcDbBlockReference
  2
_ArchTick
 10
658047.9633471134
 20
169191.111445848
 30
0.0
 41
75.0
 42
75.0
 43
75.0
 50
90.0
  0
INSERT
  5
5C1
330
5BB
100
AcDbEntity
  8
CALLOUT TEXT
440
 16777216
370
    -2
100
AcDbBlockReference
  2
_ArchTick
 10
658047.9633471134
 20
166341.111445848
 30
0.0
 41
75.0
 42
75.0
 43
75.0
 50
270.0
  0
MTEXT
  5
5C2
330
5BB
100
AcDbEntity
  8
CALLOUT TEXT
440
 16777216
100
AcDbMText
 10
657860.4633471133
 20
167766.1114458478
 30
0.0
 40
225.0
 41
0.0
 46
0.0
 71
     5
 72
     1
  1
\A1;2850
  7
dim
 11
0.0000000000000001
 21
1.0
 31
0.0
 73
     1
 44
1.0
  0
POINT
  5
5C3
330
5BB
100
AcDbEntity
  8
Defpoints
 62
     0
440
 16777216
100
AcDbPoint
 10
658046.6433436154
 20
169191.111445848
 30
0.0
  0
POINT
  5
5C4
330
5BB
100
AcDbEntity
  8
Defpoints
 62
     0
440
 16777216
100
AcDbPoint
 10
658060.5541496307
 20
166341.111445848
 30
0.0
  0
POINT
  5
5C5
330
5BB
100
AcDbEntity
  8
Defpoints
 62
     0
440
 16777216
100
AcDbPoint
 10
658047.9633471134
 20
166341.111445848
 30
0.0
  0
ENDBLK
  5
5C6
330
5BB
100
AcDbEntity
  8
0
 62
     7
420
 16777215
100
AcDbBlockEnd
  0
BLOCK
  5
5C8
330
5C7
100
AcDbEntity
  8
0
 62
     7
420
 16777215
100
AcDbBlockBegin
  2
*D70
 70
     1
 10
0.0
 20
0.0
 30
0.0
  3
*D70
  1

  0
LINE
  5
5C9
330
5C7
100
AcDbEntity
  8
CALLOUT TEXT
440
 16777216
370
    -2
100
AcDbLine
 10
657985.5541496306
 20
166341.111445848
 30
0.0
 11
657997.9633471136
 21
166341.111445848
 31
0.0
  0
LINE
  5
5CA
330
5C7
100
AcDbEntity
  8
CALLOUT TEXT
440
 16777216
370
    -2
100
AcDbLine
 10
657974.9941217183
 20
164466.111445848
 30
0.0
 11
657997.9633471136
 21
164466.111445848
 31
0.0
  0
LINE
  5
5CB
330
5C7
100
AcDbEntity
  8
CALLOUT TEXT
440
 16777216
370
    -2
100
AcDbLine
 10
658047.9633471135
 20
166391.1114458479
 30
0.0
 11
658047.9633471135
 21
164416.111445848
 31
0.0
  0
INSERT
  5
5CC
330
5C7
100
AcDbEntity
  8
CALLOUT TEXT
440
 16777216
370
    -2
100
AcDbBlockReference
  2
_ArchTick
 10
658047.9633471135
 20
166341.111445848
 30
0.0
 41
75.0
 42
75.0
 43
75.0
 50
90.0
  0
INSERT
  5
5CD
330
5C7
100
AcDbEntity
  8
CALLOUT TEXT
440
 16777216
370
    -2
100
AcDbBlockReference
  2
_ArchTick
 10
658047.9633471135
 20
164466.111445848
 30
0.0
 41
75.0
 42
75.0
 43
75.0
 50
270.0
  0
MTEXT
  5
5CE
330
5C7
100
AcDbEntity
  8
CALLOUT TEXT
440
 16777216
100
AcDbMText
 10
657860.4633471134
 20
165403.6114458477
 30
0.0
 40
225.0
 41
0.0
 46
0.0
 71
     5
 72
     1
  1
\A1;1875
  7
dim
 11
0.0000000000000001
 21
1.0
 31
0.0
 73
     1
 44
1.0
  0
POINT
  5
5CF
330
5C7
100
AcDbEntity
  8
Defpoints
 62
     0
440
 16777216
100
AcDbPoint
 10
658060.5541496307
 20
166341.111445848
 30
0.0
  0
POINT
  5
5D0
330
5C7
100
AcDbEntity
  8
Defpoints
 62
     0
440
 16777216
100
AcDbPoint
 10
658049.9941217183
 20
164466.111445848
 30
0.0
  0
POINT
  5
5D1
330
5C7
100
AcDbEntity
  8
Defpoints
 62
     0
440
 16777216
100
AcDbPoint
 10
658047.9633471135
 20
164466.111445848
 30
0.0
  0
ENDBLK
  5
5D2
330
5C7
100
AcDbEntity
  8
0
 62
     7
420
 16777215
100
AcDbBlockEnd
  0
BLOCK
  5
5D4
330
5D3
100
AcDbEntity
  8
0
 62
     7
420
 16777215
100
AcDbBlockBegin
  2
*D71
 70
     1
 10
0.0
 20
0.0
 30
0.0
  3
*D71
  1

  0
LINE
  5
5D5
330
5D3
100
AcDbEntity
  8
CALLOUT TEXT
440
 16777216
370
    -2
100
AcDbLine
 10
657974.9941217183
 20
164466.111445848
 30
0.0
 11
657997.9633471139
 21
164466.111445848
 31
0.0
  0
LINE
  5
5D6
330
5D3
100
AcDbEntity
  8
CALLOUT TEXT
440
 16777216
370
    -2
100
AcDbLine
 10
657983.8279912204
 20
162666.1117510237
 30
0.0
 11
657997.9633471139
 21
162666.1117510237
 31
0.0
  0
LINE
  5
5D7
330
5D3
100
AcDbEntity
  8
CALLOUT TEXT
440
 16777216
370
    -2
100
AcDbLine
 10
658047.9633471139
 20
164516.1114458479
 30
0.0
 11
658047.9633471139
 21
162616.1117510237
 31
0.0
  0
INSERT
  5
5D8
330
5D3
100
AcDbEntity
  8
CALLOUT TEXT
440
 16777216
370
    -2
100
AcDbBlockReference
  2
_ArchTick
 10
658047.9633471139
 20
164466.111445848
 30
0.0
 41
75.0
 42
75.0
 43
75.0
 50
90.0
  0
INSERT
  5
5D9
330
5D3
100
AcDbEntity
  8
CALLOUT TEXT
440
 16777216
370
    -2
100
AcDbBlockReference
  2
_ArchTick
 10
658047.9633471139
 20
162666.1117510237
 30
0.0
 41
75.0
 42
75.0
 43
75.0
 50
270.0
  0
MTEXT
  5
5DA
330
5D3
100
AcDbEntity
  8
CALLOUT TEXT
440
 16777216
100
AcDbMText
 10
657860.4633471137
 20
163566.1115984357
 30
0.0
 40
225.0
 41
0.0
 46
0.0
 71
     5
 72
     1
  1
\A1;1800
  7
dim
 11
0.0000000000000001
 21
1.0
 31
0.0
 73
     1
 44
1.0
  0
POINT
  5
5DB
330
5D3
100
AcDbEntity
  8
Defpoints
 62
     0
440
 16777216
100
AcDbPoint
 10
658049.9941217183
 20
164466.111445848
 30
0.0
  0
POINT
  5
5DC
330
5D3
100
AcDbEntity
  8
Defpoints
 62
     0
440
 16777216
100
AcDbPoint
 10
658058.8279912203
 20
162666.1117510237
 30
0.0
  0
POINT
  5
5DD
330
5D3
100
AcDbEntity
  8
Defpoints
 62
     0
440
 16777216
100
AcDbPoint
 10
658047.9633471139
 20
162666.1117510237
 30
0.0
  0
ENDBLK
  5
5DE
330
5D3
100
AcDbEntity
  8
0
 62
     7
420
 16777215
100
AcDbBlockEnd
  0
BLOCK
  5
5E0
330
5DF
100
AcDbEntity
  8
0
 62
     7
420
 16777215
100
AcDbBlockBegin
  2
*D72
 70
     1
 10
0.0
 20
0.0
 30
0.0
  3
*D72
  1

  0
LINE
  5
5E1
330
5DF
100
AcDbEntity
  8
CALLOUT TEXT
440
 16777216
370
    -2
100
AcDbLine
 10
630571.0011018097
 20
170312.3480181136
 30
0.0
 11
630587.7082975268
 21
170312.3480181136
 31
0.0
  0
LINE
  5
5E2
330
5DF
100
AcDbEntity
  8
CALLOUT TEXT
440
 16777216
370
    -2
100
AcDbLine
 10
630711.3882940292
 20
169191.111445848
 30
0.0
 11
630687.7082975269
 21
169191.111445848
 31
0.0
  0
LINE
  5
5E3
330
5DF
100
AcDbEntity
  8
CALLOUT TEXT
440
 16777216
370
    -2
100
AcDbLine
 10
630637.7082975268
 20
170362.3480181136
 30
0.0
 11
630637.7082975268
 21
169141.111445848
 31
0.0
  0
INSERT
  5
5E4
330
5DF
100
AcDbEntity
  8
CALLOUT TEXT
440
 16777216
370
    -2
100
AcDbBlockReference
  2
_ArchTick
 10
630637.7082975268
 20
170312.3480181136
 30
0.0
 41
75.0
 42
75.0
 43
75.0
 50
90.0
  0
INSERT
  5
5E5
330
5DF
100
AcDbEntity
  8
CALLOUT TEXT
440
 16777216
370
    -2
100
AcDbBlockReference
  2
_ArchTick
 10
630637.7082975268
 20
169191.111445848
 30
0.0
 41
75.0
 42
75.0
 43
75.0
 50
270.0
  0
MTEXT
  5
5E6
330
5DF
100
AcDbEntity
  8
CALLOUT TEXT
440
 16777216
100
AcDbMText
 10
630450.2082975267
 20
169751.7297319806
 30
0.0
 40
225.0
 41
0.0
 46
0.0
 71
     5
 72
     1
  1
\A1;1121
  7
dim
 11
0.0000000000000001
 21
1.0
 31
0.0
 73
     1
 44
1.0
  0
POINT
  5
5E7
330
5DF
100
AcDbEntity
  8
Defpoints
 62
     0
440
 16777216
100
AcDbPoint
 10
630646.0011018097
 20
170312.3480181136
 30
0.0
  0
POINT
  5
5E8
330
5DF
100
AcDbEntity
  8
Defpoints
 62
     0
440
 16777216
100
AcDbPoint
 10
630636.3882940292
 20
169191.111445848
 30
0.0
  0
POINT
  5
5E9
330
5DF
100
AcDbEntity
  8
Defpoints
 62
     0
440
 16777216
100
AcDbPoint
 10
630637.7082975268
 20
169191.111445848
 30
0.0
  0
ENDBLK
  5
5EA
330
5DF
100
AcDbEntity
  8
0
 62
     7
420
 16777215
100
AcDbBlockEnd
  0
BLOCK
  5
5EC
330
5EB
100
AcDbEntity
  8
0
 62
     7
420
 16777215
100
AcDbBlockBegin
  2
*D73
 70
     1
 10
0.0
 20
0.0
 30
0.0
  3
*D73
  1

  0
LINE
  5
5ED
330
5EB
100
AcDbEntity
  8
CALLOUT TEXT
440
 16777216
370
    -2
100
AcDbLine
 10
630711.3882940294
 20
169191.111445848
 30
0.0
 11
630687.7082975272
 21
169191.111445848
 31
0.0
  0
LINE
  5
5EE
330
5EB
100
AcDbEntity
  8
CALLOUT TEXT
440
 16777216
370
    -2
100
AcDbLine
 10
630574.9651462555
 20
166341.111445848
 30
0.0
 11
630587.7082975273
 21
166341.111445848
 31
0.0
  0
LINE
  5
5EF
330
5EB
100
AcDbEntity
  8
CALLOUT TEXT
440
 16777216
370
    -2
100
AcDbLine
 10
630637.7082975274
 20
169241.111445848
 30
0.0
 11
630637.7082975274
 21
166291.111445848
 31
0.0
  0
INSERT
  5
5F0
330
5EB
100
AcDbEntity
  8
CALLOUT TEXT
440
 16777216
370
    -2
100
AcDbBlockReference
  2
_ArchTick
 10
630637.7082975274
 20
169191.111445848
 30
0.0
 41
75.0
 42
75.0
 43
75.0
 50
90.0
  0
INSERT
  5
5F1
330
5EB
100
AcDbEntity
  8
CALLOUT TEXT
440
 16777216
370
    -2
100
AcDbBlockReference
  2
_ArchTick
 10
630637.7082975274
 20
166341.111445848
 30
0.0
 41
75.0
 42
75.0
 43
75.0
 50
270.0
  0
MTEXT
  5
5F2
330
5EB
100
AcDbEntity
  8
CALLOUT TEXT
440
 16777216
100
AcDbMText
 10
630450.2082975272
 20
167766.1114458478
 30
0.0
 40
225.0
 41
0.0
 46
0.0
 71
     5
 72
     1
  1
\A1;2850
  7
dim
 11
0.0000000000000001
 21
1.0
 31
0.0
 73
     1
 44
1.0
  0
POINT
  5
5F3
330
5EB
100
AcDbEntity
  8
Defpoints
 62
     0
440
 16777216
100
AcDbPoint
 10
630636.3882940294
 20
169191.111445848
 30
0.0
  0
POINT
  5
5F4
330
5EB
100
AcDbEntity
  8
Defpoints
 62
     0
440
 16777216
100
AcDbPoint
 10
630649.9651462555
 20
166341.111445848
 30
0.0
  0
POINT
  5
5F5
330
5EB
100
AcDbEntity
  8
Defpoints
 62
     0
440
 16777216
100
AcDbPoint
 10
630637.7082975274
 20
166341.111445848
 30
0.0
  0
ENDBLK
  5
5F6
330
5EB
100
AcDbEntity
  8
0
 62
     7
420
 16777215
100
AcDbBlockEnd
  0
BLOCK
  5
5F8
330
5F7
100
AcDbEntity
  8
0
 62
     7
420
 16777215
100
AcDbBlockBegin
  2
*D74
 70
     1
 10
0.0
 20
0.0
 30
0.0
  3
*D74
  1

  0
LINE
  5
5F9
330
5F7
100
AcDbEntity
  8
CALLOUT TEXT
440
 16777216
370
    -2
100
AcDbLine
 10
630574.9651462553
 20
166341.111445848
 30
0.0
 11
630587.6278561033
 21
166341.111445848
 31
0.0
  0
LINE
  5
5FA
330
5F7
100
AcDbEntity
  8
CALLOUT TEXT
440
 16777216
370
    -2
100
AcDbLine
 10
630564.6586307083
 20
164466.111445848
 30
0.0
 11
630587.6278561033
 21
164466.111445848
 31
0.0
  0
LINE
  5
5FB
330
5F7
100
AcDbEntity
  8
CALLOUT TEXT
440
 16777216
370
    -2
100
AcDbLine
 10
630637.6278561033
 20
166391.111445848
 30
0.0
 11
630637.6278561033
 21
164416.111445848
 31
0.0
  0
INSERT
  5
5FC
330
5F7
100
AcDbEntity
  8
CALLOUT TEXT
440
 16777216
370
    -2
100
AcDbBlockReference
  2
_ArchTick
 10
630637.6278561033
 20
166341.111445848
 30
0.0
 41
75.0
 42
75.0
 43
75.0
 50
90.0
  0
INSERT
  5
5FD
330
5F7
100
AcDbEntity
  8
CALLOUT TEXT
440
 16777216
370
    -2
100
AcDbBlockReference
  2
_ArchTick
 10
630637.6278561033
 20
164466.111445848
 30
0.0
 41
75.0
 42
75.0
 43
75.0
 50
270.0
  0
MTEXT
  5
5FE
330
5F7
100
AcDbEntity
  8
CALLOUT TEXT
440
 16777216
100
AcDbMText
 10
630450.1278561032
 20
165403.6114458478
 30
0.0
 40
225.0
 41
0.0
 46
0.0
 71
     5
 72
     1
  1
\A1;1875
  7
dim
 11
0.0000000000000001
 21
1.0
 31
0.0
 73
     1
 44
1.0
  0
POINT
  5
5FF
330
5F7
100
AcDbEntity
  8
Defpoints
 62
     0
440
 16777216
100
AcDbPoint
 10
630649.9651462553
 20
166341.111445848
 30
0.0
  0
POINT
  5
600
330
5F7
100
AcDbEntity
  8
Defpoints
 62
     0
440
 16777216
100
AcDbPoint
 10
630639.6586307083
 20
164466.111445848
 30
0.0
  0
POINT
  5
601
330
5F7
100
AcDbEntity
  8
Defpoints
 62
     0
440
 16777216
100
AcDbPoint
 10
630637.6278561033
 20
164466.111445848
 30
0.0
  0
ENDBLK
  5
602
330
5F7
100
AcDbEntity
  8
0
 62
     7
420
 16777215
100
AcDbBlockEnd
  0
BLOCK
  5
604
330
603
100
AcDbEntity
  8
0
 62
     7
420
 16777215
100
AcDbBlockBegin
  2
*D75
 70
     1
 10
0.0
 20
0.0
 30
0.0
  3
*D75
  1

  0
LINE
  5
605
330
603
100
AcDbEntity
  8
CALLOUT TEXT
440
 16777216
370
    -2
100
AcDbLine
 10
630564.6586307083
 20
164466.111445848
 30
0.0
 11
630587.6278561035
 21
164466.111445848
 31
0.0
  0
LINE
  5
606
330
603
100
AcDbEntity
  8
CALLOUT TEXT
440
 16777216
370
    -2
100
AcDbLine
 10
630573.2804273663
 20
162666.1117510238
 30
0.0
 11
630587.6278561035
 21
162666.1117510238
 31
0.0
  0
LINE
  5
607
330
603
100
AcDbEntity
  8
CALLOUT TEXT
440
 16777216
370
    -2
100
AcDbLine
 10
630637.6278561035
 20
164516.111445848
 30
0.0
 11
630637.6278561035
 21
162616.1117510238
 31
0.0
  0
INSERT
  5
608
330
603
100
AcDbEntity
  8
CALLOUT TEXT
440
 16777216
370
    -2
100
AcDbBlockReference
  2
_ArchTick
 10
630637.6278561035
 20
164466.111445848
 30
0.0
 41
75.0
 42
75.0
 43
75.0
 50
90.0
  0
INSERT
  5
609
330
603
100
AcDbEntity
  8
CALLOUT TEXT
440
 16777216
370
    -2
100
AcDbBlockReference
  2
_ArchTick
 10
630637.6278561035
 20
162666.1117510238
 30
0.0
 41
75.0
 42
75.0
 43
75.0
 50
270.0
  0
MTEXT
  5
60A
330
603
100
AcDbEntity
  8
CALLOUT TEXT
440
 16777216
100
AcDbMText
 10
630450.1278561033
 20
163566.1115984357
 30
0.0
 40
225.0
 41
0.0
 46
0.0
 71
     5
 72
     1
  1
\A1;1800
  7
dim
 11
0.0000000000000001
 21
1.0
 31
0.0
 73
     1
 44
1.0
  0
POINT
  5
60B
330
603
100
AcDbEntity
  8
Defpoints
 62
     0
440
 16777216
100
AcDbPoint
 10
630639.6586307083
 20
164466.111445848
 30
0.0
  0
POINT
  5
60C
330
603
100
AcDbEntity
  8
Defpoints
 62
     0
440
 16777216
100
AcDbPoint
 10
630648.2804273663
 20
162666.1117510238
 30
0.0
  0
POINT
  5
60D
330
603
100
AcDbEntity
  8
Defpoints
 62
     0
440
 16777216
100
AcDbPoint
 10
630637.6278561035
 20
162666.1117510238
 30
0.0
  0
ENDBLK
  5
60E
330
603
100
AcDbEntity
  8
0
 62
     7
420
 16777215
100
AcDbBlockEnd
  0
BLOCK
  5
610
330
60F
100
AcDbEntity
  8
0
 62
     7
420
 16777215
100
AcDbBlockBegin
  2
*D76
 70
     1
 10
0.0
 20
0.0
 30
0.0
  3
*D76
  1

  0
LINE
  5
611
330
60F
100
AcDbEntity
  8
CALLOUT TEXT
440
 16777216
370
    -2
100
AcDbLine
 10
630712.6766084782
 20
174591.111445848
 30
0.0
 11
630687.6766084805
 21
174591.111445848
 31
0.0
  0
LINE
  5
612
330
60F
100
AcDbEntity
  8
CALLOUT TEXT
440
 16777216
370
    -2
100
AcDbLine
 10
630712.6766084782
 20
173991.4422563949
 30
0.0
 11
630687.6766084805
 21
173991.4422563949
 31
0.0
  0
LINE
  5
613
330
60F
100
AcDbEntity
  8
CALLOUT TEXT
440
 16777216
370
    -2
100
AcDbLine
 10
630637.6766084804
 20
174641.111445848
 30
0.0
 11
630637.6766084804
 21
173941.4422563949
 31
0.0
  0
LINE
  5
614
330
60F
100
AcDbEntity
  8
CALLOUT TEXT
440
 16777216
370
    -2
100
AcDbLine
 10
630637.6766084804
 20
174291.2768511214
 30
0.0
 11
630340.9804394444
 21
174441.2768511215
 31
0.0
  0
LINE
  5
615
330
60F
100
AcDbEntity
  8
CALLOUT TEXT
440
 16777216
370
    -2
100
AcDbLine
 10
630340.9804394444
 20
174441.2768511215
 30
0.0
 11
630340.9804394444
 21
175054.1339939786
 31
0.0
  0
MTEXT
  5
616
330
60F
100
AcDbEntity
  8
CALLOUT TEXT
440
 16777216
100
AcDbMText
 10
630153.4804394443
 20
174747.7054225499
 30
0.0
 40
225.0
 41
0.0
 46
0.0
 71
     5
 72
     1
  1
\A1;600
  7
dim
 11
0.0000000000000001
 21
1.0
 31
0.0
 73
     1
 44
1.0
  0
INSERT
  5
617
330
60F
100
AcDbEntity
  8
CALLOUT TEXT
440
 16777216
370
    -2
100
AcDbBlockReference
  2
_ArchTick
 10
630637.6766084804
 20
174591.111445848
 30
0.0
 41
75.0
 42
75.0
 43
75.0
 50
90.0
  0
INSERT
  5
618
330
60F
100
AcDbEntity
  8
CALLOUT TEXT
440
 16777216
370
    -2
100
AcDbBlockReference
  2
_ArchTick
 10
630637.6766084804
 20
173991.4422563949
 30
0.0
 41
75.0
 42
75.0
 43
75.0
 50
270.0
  0
POINT
  5
619
330
60F
100
AcDbEntity
  8
Defpoints
 62
     0
440
 16777216
100
AcDbPoint
 10
630637.6766084782
 20
174591.111445848
 30
0.0
  0
POINT
  5
61A
330
60F
100
AcDbEntity
  8
Defpoints
 62
     0
440
 16777216
100
AcDbPoint
 10
630637.6766084782
 20
173991.4422563949
 30
0.0
  0
POINT
  5
61B
330
60F
100
AcDbEntity
  8
Defpoints
 62
     0
440
 16777216
100
AcDbPoint
 10
630637.6766084804
 20
173991.4422563949
 30
0.0
  0
ENDBLK
  5
61C
330
60F
100
AcDbEntity
  8
0
 62
     7
420
 16777215
100
AcDbBlockEnd
  0
BLOCK
  5
61E
330
61D
100
AcDbEntity
  8
0
 62
     7
420
 16777215
100
AcDbBlockBegin
  2
*D77
 70
     1
 10
0.0
 20
0.0
 30
0.0
  3
*D77
  1

  0
LINE
  5
61F
330
61D
100
AcDbEntity
  8
CALLOUT TEXT
440
 16777216
370
    -2
100
AcDbLine
 10
630712.6766084782
 20
173991.4422563949
 30
0.0
 11
630687.6766084805
 21
173991.4422563949
 31
0.0
  0
LINE
  5
620
330
61D
100
AcDbEntity
  8
CALLOUT TEXT
440
 16777216
370
    -2
100
AcDbLine
 10
630700.0907673745
 20
173016.111445848
 30
0.0
 11
630687.6766084805
 21
173016.111445848
 31
0.0
  0
LINE
  5
621
330
61D
100
AcDbEntity
  8
CALLOUT TEXT
440
 16777216
370
    -2
100
AcDbLine
 10
630637.6766084806
 20
174041.4422563949
 30
0.0
 11
630637.6766084806
 21
172966.111445848
 31
0.0
  0
INSERT
  5
622
330
61D
100
AcDbEntity
  8
CALLOUT TEXT
440
 16777216
370
    -2
100
AcDbBlockReference
  2
_ArchTick
 10
630637.6766084806
 20
173991.4422563949
 30
0.0
 41
75.0
 42
75.0
 43
75.0
 50
90.0
  0
INSERT
  5
623
330
61D
100
AcDbEntity
  8
CALLOUT TEXT
440
 16777216
370
    -2
100
AcDbBlockReference
  2
_ArchTick
 10
630637.6766084806
 20
173016.111445848
 30
0.0
 41
75.0
 42
75.0
 43
75.0
 50
270.0
  0
MTEXT
  5
624
330
61D
100
AcDbEntity
  8
CALLOUT TEXT
440
 16777216
100
AcDbMText
 10
630450.1766084804
 20
173503.7768511212
 30
0.0
 40
225.0
 41
0.0
 46
0.0
 71
     5
 72
     1
  1
\A1;975
  7
dim
 11
0.0000000000000001
 21
1.0
 31
0.0
 73
     1
 44
1.0
  0
POINT
  5
625
330
61D
100
AcDbEntity
  8
Defpoints
 62
     0
440
 16777216
100
AcDbPoint
 10
630637.6766084782
 20
173991.4422563949
 30
0.0
  0
POINT
  5
626
330
61D
100
AcDbEntity
  8
Defpoints
 62
     0
440
 16777216
100
AcDbPoint
 10
630625.0907673746
 20
173016.111445848
 30
0.0
  0
POINT
  5
627
330
61D
100
AcDbEntity
  8
Defpoints
 62
     0
440
 16777216
100
AcDbPoint
 10
630637.6766084806
 20
173016.111445848
 30
0.0
  0
ENDBLK
  5
628
330
61D
100
AcDbEntity
  8
0
 62
     7
420
 16777215
100
AcDbBlockEnd
  0
BLOCK
  5
62A
330
629
100
AcDbEntity
  8
0
 62
     7
420
 16777215
100
AcDbBlockBegin
  2
*D78
 70
     1
 10
0.0
 20
0.0
 30
0.0
  3
*D78
  1

  0
LINE
  5
62B
330
629
100
AcDbEntity
  8
CALLOUT TEXT
440
 16777216
370
    -2
100
AcDbLine
 10
630700.0907673745
 20
173016.111445848
 30
0.0
 11
630687.4718484935
 21
173016.111445848
 31
0.0
  0
LINE
  5
62C
330
629
100
AcDbEntity
  8
CALLOUT TEXT
440
 16777216
370
    -2
100
AcDbLine
 10
630571.0011018098
 20
170312.3480181136
 30
0.0
 11
630587.4718484934
 21
170312.3480181136
 31
0.0
  0
LINE
  5
62D
330
629
100
AcDbEntity
  8
CALLOUT TEXT
440
 16777216
370
    -2
100
AcDbLine
 10
630637.4718484935
 20
173066.111445848
 30
0.0
 11
630637.4718484935
 21
170262.3480181136
 31
0.0
  0
INSERT
  5
62E
330
629
100
AcDbEntity
  8
CALLOUT TEXT
440
 16777216
370
    -2
100
AcDbBlockReference
  2
_ArchTick
 10
630637.4718484935
 20
173016.111445848
 30
0.0
 41
75.0
 42
75.0
 43
75.0
 50
90.0
  0
INSERT
  5
62F
330
629
100
AcDbEntity
  8
CALLOUT TEXT
440
 16777216
370
    -2
100
AcDbBlockReference
  2
_ArchTick
 10
630637.4718484935
 20
170312.3480181136
 30
0.0
 41
75.0
 42
75.0
 43
75.0
 50
270.0
  0
MTEXT
  5
630
330
629
100
AcDbEntity
  8
CALLOUT TEXT
440
 16777216
100
AcDbMText
 10
630449.9718484933
 20
171664.2297319806
 30
0.0
 40
225.0
 41
0.0
 46
0.0
 71
     5
 72
     1
  1
\A1;2704
  7
dim
 11
0.0000000000000001
 21
1.0
 31
0.0
 73
     1
 44
1.0
  0
POINT
  5
631
330
629
100
AcDbEntity
  8
Defpoints
 62
     0
440
 16777216
100
AcDbPoint
 10
630625.0907673746
 20
173016.111445848
 30
0.0
  0
POINT
  5
632
330
629
100
AcDbEntity
  8
Defpoints
 62
     0
440
 16777216
100
AcDbPoint
 10
630646.0011018098
 20
170312.3480181136
 30
0.0
  0
POINT
  5
633
330
629
100
AcDbEntity
  8
Defpoints
 62
     0
440
 16777216
100
AcDbPoint
 10
630637.4718484935
 20
170312.3480181136
 30
0.0
  0
ENDBLK
  5
634
330
629
100
AcDbEntity
  8
0
 62
     7
420
 16777215
100
AcDbBlockEnd
  0
BLOCK
  5
DDB
330
DDA
100
AcDbEntity
  8
0
100
AcDbBlockBegin
  2
*D80
 70
     1
 10
0.0
 20
0.0
 30
0.0
  3
*D80
  1

  0
LINE
  5
13E2
330
DDA
100
AcDbEntity
  8
CALLOUT TEXT
440
 16777216
370
    -2
100
AcDbLine
 10
78932.74978971544
 20
19425.98582657135
 30
0.0
 11
78932.74978971544
 21
19400.98582657135
 31
0.0
  0
LINE
  5
13E3
330
DDA
100
AcDbEntity
  8
CALLOUT TEXT
440
 16777216
370
    -2
100
AcDbLine
 10
81557.74978971544
 20
19425.98582657135
 30
0.0
 11
81557.74978971544
 21
19400.98582657135
 31
0.0
  0
LINE
  5
13E4
330
DDA
100
AcDbEntity
  8
CALLOUT TEXT
440
 16777216
370
    -2
100
AcDbLine
 10
78882.74978971543
 20
19350.98582657135
 30
0.0
 11
81607.74978971543
 21
19350.98582657135
 31
0.0
  0
INSERT
  5
13E5
330
DDA
100
AcDbEntity
  8
CALLOUT TEXT
440
 16777216
370
    -2
100
AcDbBlockReference
  2
_ArchTick
 10
78932.74978971544
 20
19350.98582657135
 30
0.0
 41
75.0
 42
75.0
 43
75.0
 50
180.0
  0
INSERT
  5
13E6
330
DDA
100
AcDbEntity
  8
CALLOUT TEXT
440
 16777216
370
    -2
100
AcDbBlockReference
  2
_ArchTick
 10
81557.74978971544
 20
19350.98582657135
 30
0.0
 41
75.0
 42
75.0
 43
75.0
  0
MTEXT
  5
13E7
330
DDA
100
AcDbEntity
  8
CALLOUT TEXT
440
 16777216
100
AcDbMText
 10
80245.24978971545
 20
19538.48582657135
 30
0.0
 40
225.0
 41
0.0
 46
0.0
 71
     5
 72
     1
  1
\A1;2625
  7
dim
 73
     1
 44
1.0
  0
POINT
  5
13E8
330
DDA
100
AcDbEntity
  8
Defpoints
 62
     0
440
 16777216
100
AcDbPoint
 10
78932.74978971544
 20
19350.98582657135
 30
0.0
  0
POINT
  5
13E9
330
DDA
100
AcDbEntity
  8
Defpoints
 62
     0
440
 16777216
100
AcDbPoint
 10
81557.74978971544
 20
19350.98582657135
 30
0.0
  0
POINT
  5
13EA
330
DDA
100
AcDbEntity
  8
Defpoints
 62
     0
440
 16777216
100
AcDbPoint
 10
81557.74978971544
 20
19350.98582657135
 30
0.0
  0
ENDBLK
  5
DDC
330
DDA
100
AcDbEntity
  8
0
100
AcDbBlockEnd
  0
BLOCK
  5
DE7
330
DE6
100
AcDbEntity
  8
0
100
AcDbBlockBegin
  2
*D81
 70
     1
 10
0.0
 20
0.0
 30
0.0
  3
*D81
  1

  0
LINE
  5
13EB
330
DE6
100
AcDbEntity
  8
CALLOUT TEXT
440
 16777216
370
    -2
100
AcDbLine
 10
81557.74978971544
 20
19425.98582657135
 30
0.0
 11
81557.74978971544
 21
19400.98582657135
 31
0.0
  0
LINE
  5
13EC
330
DE6
100
AcDbEntity
  8
CALLOUT TEXT
440
 16777216
370
    -2
100
AcDbLine
 10
86239.30716152878
 20
19424.64495478186
 30
0.0
 11
86239.30716152878
 21
19400.98582657135
 31
0.0
  0
LINE
  5
13ED
330
DE6
100
AcDbEntity
  8
CALLOUT TEXT
440
 16777216
370
    -2
100
AcDbLine
 10
81507.74978971544
 20
19350.98582657135
 30
0.0
 11
86289.30716152877
 21
19350.98582657135
 31
0.0
  0
INSERT
  5
13EE
330
DE6
100
AcDbEntity
  8
CALLOUT TEXT
440
 16777216
370
    -2
100
AcDbBlockReference
  2
_ArchTick
 10
81557.74978971544
 20
19350.98582657135
 30
0.0
 41
75.0
 42
75.0
 43
75.0
 50
180.0
  0
INSERT
  5
13EF
330
DE6
100
AcDbEntity
  8
CALLOUT TEXT
440
 16777216
370
    -2
100
AcDbBlockReference
  2
_ArchTick
 10
86239.30716152878
 20
19350.98582657135
 30
0.0
 41
75.0
 42
75.0
 43
75.0
  0
MTEXT
  5
13F0
330
DE6
100
AcDbEntity
  8
CALLOUT TEXT
440
 16777216
100
AcDbMText
 10
83898.52847562211
 20
19538.48582657135
 30
0.0
 40
225.0
 41
0.0
 46
0.0
 71
     5
 72
     1
  1
\A1;4682
  7
dim
 73
     1
 44
1.0
  0
POINT
  5
13F1
330
DE6
100
AcDbEntity
  8
Defpoints
 62
     0
440
 16777216
100
AcDbPoint
 10
81557.74978971544
 20
19350.98582657135
 30
0.0
  0
POINT
  5
13F2
330
DE6
100
AcDbEntity
  8
Defpoints
 62
     0
440
 16777216
100
AcDbPoint
 10
86239.30716152878
 20
19349.64495478186
 30
0.0000000000000142
  0
POINT
  5
13F3
330
DE6
100
AcDbEntity
  8
Defpoints
 62
     0
440
 16777216
100
AcDbPoint
 10
86239.30716152878
 20
19350.98582657135
 30
0.0
  0
ENDBLK
  5
DE8
330
DE6
100
AcDbEntity
  8
0
100
AcDbBlockEnd
  0
BLOCK
  5
DF3
330
DF2
100
AcDbEntity
  8
0
100
AcDbBlockBegin
  2
*D82
 70
     1
 10
0.0
 20
0.0
 30
0.0
  3
*D82
  1

  0
LINE
  5
13F4
330
DF2
100
AcDbEntity
  8
CALLOUT TEXT
440
 16777216
370
    -2
100
AcDbLine
 10
86239.30716152878
 20
19424.64495478186
 30
0.0
 11
86239.30716152878
 21
19400.98582657135
 31
0.0
  0
LINE
  5
13F5
330
DF2
100
AcDbEntity
  8
CALLOUT TEXT
440
 16777216
370
    -2
100
AcDbLine
 10
86807.8499147648
 20
19276.62372854442
 30
0.0
 11
86807.8499147648
 21
19300.98582657135
 31
0.0
  0
LINE
  5
13F6
330
DF2
100
AcDbEntity
  8
CALLOUT TEXT
440
 16777216
370
    -2
100
AcDbLine
 10
86189.30716152878
 20
19350.98582657135
 30
0.0
 11
86857.84991476479
 21
19350.98582657135
 31
0.0
  0
LINE
  5
13F7
330
DF2
100
AcDbEntity
  8
CALLOUT TEXT
440
 16777216
370
    -2
100
AcDbLine
 10
86523.57853814679
 20
19350.98582657135
 30
0.0
 11
86314.38719789036
 21
19629.08615242576
 31
0.0
  0
LINE
  5
13F8
330
DF2
100
AcDbEntity
  8
CALLOUT TEXT
440
 16777216
370
    -2
100
AcDbLine
 10
86314.38719789036
 20
19629.08615242576
 30
0.0
 11
85710.10148360466
 21
19629.08615242576
 31
0.0
  0
MTEXT
  5
13F9
330
DF2
100
AcDbEntity
  8
CALLOUT TEXT
440
 16777216
100
AcDbMText
 10
86012.24434074751
 20
19816.58615242576
 30
0.0
 40
225.0
 41
0.0
 46
0.0
 71
     5
 72
     1
  1
\A1;569
  7
dim
 73
     1
 44
1.0
  0
INSERT
  5
13FA
330
DF2
100
AcDbEntity
  8
CALLOUT TEXT
440
 16777216
370
    -2
100
AcDbBlockReference
  2
_ArchTick
 10
86239.30716152878
 20
19350.98582657135
 30
0.0
 41
75.0
 42
75.0
 43
75.0
 50
180.0
  0
INSERT
  5
13FB
330
DF2
100
AcDbEntity
  8
CALLOUT TEXT
440
 16777216
370
    -2
100
AcDbBlockReference
  2
_ArchTick
 10
86807.8499147648
 20
19350.98582657135
 30
0.0
 41
75.0
 42
75.0
 43
75.0
  0
POINT
  5
13FC
330
DF2
100
AcDbEntity
  8
Defpoints
 62
     0
440
 16777216
100
AcDbPoint
 10
86239.30716152878
 20
19349.64495478186
 30
0.0000000000000142
  0
POINT
  5
13FD
330
DF2
100
AcDbEntity
  8
Defpoints
 62
     0
440
 16777216
100
AcDbPoint
 10
86807.8499147648
 20
19351.62372854442
 30
0.0
  0
POINT
  5
13FE
330
DF2
100
AcDbEntity
  8
Defpoints
 62
     0
440
 16777216
100
AcDbPoint
 10
86807.8499147648
 20
19350.98582657135
 30
0.0
  0
ENDBLK
  5
DF4
330
DF2
100
AcDbEntity
  8
0
100
AcDbBlockEnd
  0
BLOCK
  5
E01
330
E00
100
AcDbEntity
  8
0
100
AcDbBlockBegin
  2
*D83
 70
     1
 10
0.0
 20
0.0
 30
0.0
  3
*D83
  1

  0
LINE
  5
13FF
330
E00
100
AcDbEntity
  8
CALLOUT TEXT
440
 16777216
370
    -2
100
AcDbLine
 10
86807.8499147648
 20
19276.62372854442
 30
0.0
 11
86807.8499147648
 21
19300.98582657135
 31
0.0
  0
LINE
  5
1400
330
E00
100
AcDbEntity
  8
CALLOUT TEXT
440
 16777216
370
    -2
100
AcDbLine
 10
87482.75022421781
 20
19425.98577234346
 30
0.0
 11
87482.75022421781
 21
19400.98582657135
 31
0.0
  0
LINE
  5
1401
330
E00
100
AcDbEntity
  8
CALLOUT TEXT
440
 16777216
370
    -2
100
AcDbLine
 10
86757.84991476479
 20
19350.98582657135
 30
0.0
 11
87532.75022421782
 21
19350.98582657135
 31
0.0
  0
INSERT
  5
1402
330
E00
100
AcDbEntity
  8
CALLOUT TEXT
440
 16777216
370
    -2
100
AcDbBlockReference
  2
_ArchTick
 10
86807.8499147648
 20
19350.98582657135
 30
0.0
 41
75.0
 42
75.0
 43
75.0
 50
180.0
  0
INSERT
  5
1403
330
E00
100
AcDbEntity
  8
CALLOUT TEXT
440
 16777216
370
    -2
100
AcDbBlockReference
  2
_ArchTick
 10
87482.75022421781
 20
19350.98582657135
 30
0.0
 41
75.0
 42
75.0
 43
75.0
  0
MTEXT
  5
1404
330
E00
100
AcDbEntity
  8
CALLOUT TEXT
440
 16777216
100
AcDbMText
 10
87145.3000694913
 20
19538.48582657135
 30
0.0
 40
225.0
 41
0.0
 46
0.0
 71
     5
 72
     1
  1
\A1;675
  7
dim
 73
     1
 44
1.0
  0
POINT
  5
1405
330
E00
100
AcDbEntity
  8
Defpoints
 62
     0
440
 16777216
100
AcDbPoint
 10
86807.8499147648
 20
19351.62372854442
 30
0.0
  0
POINT
  5
1406
330
E00
100
AcDbEntity
  8
Defpoints
 62
     0
440
 16777216
100
AcDbPoint
 10
87482.75022421781
 20
19350.98577234346
 30
0.0
  0
POINT
  5
1407
330
E00
100
AcDbEntity
  8
Defpoints
 62
     0
440
 16777216
100
AcDbPoint
 10
87482.75022421781
 20
19350.98582657135
 30
0.0
  0
ENDBLK
  5
E02
330
E00
100
AcDbEntity
  8
0
100
AcDbBlockEnd
  0
BLOCK
  5
E0D
330
E0C
100
AcDbEntity
  8
0
100
AcDbBlockBegin
  2
*D84
 70
     1
 10
0.0
 20
0.0
 30
0.0
  3
*D84
  1

  0
LINE
  5
1408
330
E0C
100
AcDbEntity
  8
CALLOUT TEXT
440
 16777216
370
    -2
100
AcDbLine
 10
87482.75022421781
 20
19425.98577234346
 30
0.0
 11
87482.75022421781
 21
19400.98582657135
 31
0.0
  0
LINE
  5
1409
330
E0C
100
AcDbEntity
  8
CALLOUT TEXT
440
 16777216
370
    -2
100
AcDbLine
 10
90907.75070524278
 20
19425.98582657135
 30
0.0
 11
90907.75070524278
 21
19400.98582657135
 31
0.0
  0
LINE
  5
140A
330
E0C
100
AcDbEntity
  8
CALLOUT TEXT
440
 16777216
370
    -2
100
AcDbLine
 10
87432.75022421782
 20
19350.98582657135
 30
0.0
 11
90957.75070524279
 21
19350.98582657135
 31
0.0
  0
INSERT
  5
140B
330
E0C
100
AcDbEntity
  8
CALLOUT TEXT
440
 16777216
370
    -2
100
AcDbBlockReference
  2
_ArchTick
 10
87482.75022421781
 20
19350.98582657135
 30
0.0
 41
75.0
 42
75.0
 43
75.0
 50
180.0
  0
INSERT
  5
140C
330
E0C
100
AcDbEntity
  8
CALLOUT TEXT
440
 16777216
370
    -2
100
AcDbBlockReference
  2
_ArchTick
 10
90907.75070524278
 20
19350.98582657135
 30
0.0
 41
75.0
 42
75.0
 43
75.0
  0
MTEXT
  5
140D
330
E0C
100
AcDbEntity
  8
CALLOUT TEXT
440
 16777216
100
AcDbMText
 10
89195.2504647303
 20
19538.48582657135
 30
0.0
 40
225.0
 41
0.0
 46
0.0
 71
     5
 72
     1
  1
\A1;3425
  7
dim
 73
     1
 44
1.0
  0
POINT
  5
140E
330
E0C
100
AcDbEntity
  8
Defpoints
 62
     0
440
 16777216
100
AcDbPoint
 10
87482.75022421781
 20
19350.98577234346
 30
0.0
  0
POINT
  5
140F
330
E0C
100
AcDbEntity
  8
Defpoints
 62
     0
440
 16777216
100
AcDbPoint
 10
90907.75070524278
 20
19350.98582657135
 30
0.0000000000000142
  0
POINT
  5
1410
330
E0C
100
AcDbEntity
  8
Defpoints
 62
     0
440
 16777216
100
AcDbPoint
 10
90907.75070524278
 20
19350.98582657135
 30
0.0
  0
ENDBLK
  5
E0E
330
E0C
100
AcDbEntity
  8
0
100
AcDbBlockEnd
  0
BLOCK
  5
E19
330
E18
100
AcDbEntity
  8
0
100
AcDbBlockBegin
  2
*D85
 70
     1
 10
0.0
 20
0.0
 30
0.0
  3
*D85
  1

  0
LINE
  5
1411
330
E18
100
AcDbEntity
  8
CALLOUT TEXT
440
 16777216
370
    -2
100
AcDbLine
 10
90907.75070524278
 20
19425.98582657135
 30
0.0
 11
90907.75070524278
 21
19400.98582657135
 31
0.0
  0
LINE
  5
1412
330
E18
100
AcDbEntity
  8
CALLOUT TEXT
440
 16777216
370
    -2
100
AcDbLine
 10
92507.75021696188
 20
19275.98582657149
 30
0.0
 11
92507.75021696188
 21
19300.98582657135
 31
0.0
  0
LINE
  5
1413
330
E18
100
AcDbEntity
  8
CALLOUT TEXT
440
 16777216
370
    -2
100
AcDbLine
 10
90857.75070524277
 20
19350.98582657135
 30
0.0
 11
92557.75021696187
 21
19350.98582657135
 31
0.0
  0
INSERT
  5
1414
330
E18
100
AcDbEntity
  8
CALLOUT TEXT
440
 16777216
370
    -2
100
AcDbBlockReference
  2
_ArchTick
 10
90907.75070524278
 20
19350.98582657135
 30
0.0
 41
75.0
 42
75.0
 43
75.0
 50
180.0
  0
INSERT
  5
1415
330
E18
100
AcDbEntity
  8
CALLOUT TEXT
440
 16777216
370
    -2
100
AcDbBlockReference
  2
_ArchTick
 10
92507.75021696188
 20
19350.98582657135
 30
0.0
 41
75.0
 42
75.0
 43
75.0
  0
MTEXT
  5
1416
330
E18
100
AcDbEntity
  8
CALLOUT TEXT
440
 16777216
100
AcDbMText
 10
91707.75046110232
 20
19538.48582657135
 30
0.0
 40
225.0
 41
0.0
 46
0.0
 71
     5
 72
     1
  1
\A1;1600
  7
dim
 73
     1
 44
1.0
  0
POINT
  5
1417
330
E18
100
AcDbEntity
  8
Defpoints
 62
     0
440
 16777216
100
AcDbPoint
 10
90907.75070524278
 20
19350.98582657135
 30
0.0000000000000142
  0
POINT
  5
1418
330
E18
100
AcDbEntity
  8
Defpoints
 62
     0
440
 16777216
100
AcDbPoint
 10
92507.75021696188
 20
19350.9858265715
 30
0.0
  0
POINT
  5
1419
330
E18
100
AcDbEntity
  8
Defpoints
 62
     0
440
 16777216
100
AcDbPoint
 10
92507.75021696188
 20
19350.98582657135
 30
0.0
  0
ENDBLK
  5
E1A
330
E18
100
AcDbEntity
  8
0
100
AcDbBlockEnd
  0
BLOCK
  5
E25
330
E24
100
AcDbEntity
  8
0
100
AcDbBlockBegin
  2
*D86
 70
     1
 10
0.0
 20
0.0
 30
0.0
  3
*D86
  1

  0
LINE
  5
141A
330
E24
100
AcDbEntity
  8
CALLOUT TEXT
440
 16777216
370
    -2
100
AcDbLine
 10
92507.75021696188
 20
19275.98582657149
 30
0.0
 11
92507.75021696188
 21
19300.98582657135
 31
0.0
  0
LINE
  5
141B
330
E24
100
AcDbEntity
  8
CALLOUT TEXT
440
 16777216
370
    -2
100
AcDbLine
 10
93182.75021696154
 20
19425.98582657135
 30
0.0
 11
93182.75021696154
 21
19400.98582657135
 31
0.0
  0
LINE
  5
141C
330
E24
100
AcDbEntity
  8
CALLOUT TEXT
440
 16777216
370
    -2
100
AcDbLine
 10
92457.75021696188
 20
19350.98582657135
 30
0.0
 11
93232.75021696153
 21
19350.98582657135
 31
0.0
  0
INSERT
  5
141D
330
E24
100
AcDbEntity
  8
CALLOUT TEXT
440
 16777216
370
    -2
100
AcDbBlockReference
  2
_ArchTick
 10
92507.75021696188
 20
19350.98582657135
 30
0.0
 41
75.0
 42
75.0
 43
75.0
 50
180.0
  0
INSERT
  5
141E
330
E24
100
AcDbEntity
  8
CALLOUT TEXT
440
 16777216
370
    -2
100
AcDbBlockReference
  2
_ArchTick
 10
93182.75021696154
 20
19350.98582657135
 30
0.0
 41
75.0
 42
75.0
 43
75.0
  0
MTEXT
  5
141F
330
E24
100
AcDbEntity
  8
CALLOUT TEXT
440
 16777216
100
AcDbMText
 10
92845.2502169617
 20
19538.48582657135
 30
0.0
 40
225.0
 41
0.0
 46
0.0
 71
     5
 72
     1
  1
\A1;675
  7
dim
 73
     1
 44
1.0
  0
POINT
  5
1420
330
E24
100
AcDbEntity
  8
Defpoints
 62
     0
440
 16777216
100
AcDbPoint
 10
92507.75021696188
 20
19350.9858265715
 30
0.0
  0
POINT
  5
1421
330
E24
100
AcDbEntity
  8
Defpoints
 62
     0
440
 16777216
100
AcDbPoint
 10
93182.75021696154
 20
19350.98582657135
 30
0.0
  0
POINT
  5
1422
330
E24
100
AcDbEntity
  8
Defpoints
 62
     0
440
 16777216
100
AcDbPoint
 10
93182.75021696154
 20
19350.98582657135
 30
0.0
  0
ENDBLK
  5
E26
330
E24
100
AcDbEntity
  8
0
100
AcDbBlockEnd
  0
BLOCK
  5
E31
330
E30
100
AcDbEntity
  8
0
100
AcDbBlockBegin
  2
*D87
 70
     1
 10
0.0
 20
0.0
 30
0.0
  3
*D87
  1

  0
LINE
  5
1423
330
E30
100
AcDbEntity
  8
CALLOUT TEXT
440
 16777216
370
    -2
100
AcDbLine
 10
93182.75021696154
 20
19425.98582657135
 30
0.0
 11
93182.75021696154
 21
19400.98582657135
 31
0.0
  0
LINE
  5
1424
330
E30
100
AcDbEntity
  8
CALLOUT TEXT
440
 16777216
370
    -2
100
AcDbLine
 10
95582.75070524278
 20
19425.98582657135
 30
0.0
 11
95582.75070524278
 21
19400.98582657135
 31
0.0
  0
LINE
  5
1425
330
E30
100
AcDbEntity
  8
CALLOUT TEXT
440
 16777216
370
    -2
100
AcDbLine
 10
93132.75021696153
 20
19350.98582657135
 30
0.0
 11
95632.75070524278
 21
19350.98582657135
 31
0.0
  0
INSERT
  5
1426
330
E30
100
AcDbEntity
  8
CALLOUT TEXT
440
 16777216
370
    -2
100
AcDbBlockReference
  2
_ArchTick
 10
93182.75021696154
 20
19350.98582657135
 30
0.0
 41
75.0
 42
75.0
 43
75.0
 50
180.0
  0
INSERT
  5
1427
330
E30
100
AcDbEntity
  8
CALLOUT TEXT
440
 16777216
370
    -2
100
AcDbBlockReference
  2
_ArchTick
 10
95582.75070524278
 20
19350.98582657135
 30
0.0
 41
75.0
 42
75.0
 43
75.0
  0
MTEXT
  5
1428
330
E30
100
AcDbEntity
  8
CALLOUT TEXT
440
 16777216
100
AcDbMText
 10
94382.75046110216
 20
19538.48582657135
 30
0.0
 40
225.0
 41
0.0
 46
0.0
 71
     5
 72
     1
  1
\A1;2400
  7
dim
 73
     1
 44
1.0
  0
POINT
  5
1429
330
E30
100
AcDbEntity
  8
Defpoints
 62
     0
440
 16777216
100
AcDbPoint
 10
93182.75021696154
 20
19350.98582657135
 30
0.0
  0
POINT
  5
142A
330
E30
100
AcDbEntity
  8
Defpoints
 62
     0
440
 16777216
100
AcDbPoint
 10
95582.75070524278
 20
19350.98582657135
 30
0.0000000000000142
  0
POINT
  5
142B
330
E30
100
AcDbEntity
  8
Defpoints
 62
     0
440
 16777216
100
AcDbPoint
 10
95582.75070524278
 20
19350.98582657135
 30
0.0
  0
ENDBLK
  5
E32
330
E30
100
AcDbEntity
  8
0
100
AcDbBlockEnd
  0
BLOCK
  5
E3D
330
E3C
100
AcDbEntity
  8
0
100
AcDbBlockBegin
  2
*D88
 70
     1
 10
0.0
 20
0.0
 30
0.0
  3
*D88
  1

  0
LINE
  5
142C
330
E3C
100
AcDbEntity
  8
CALLOUT TEXT
440
 16777216
370
    -2
100
AcDbLine
 10
95582.75070524278
 20
19425.98582657135
 30
0.0
 11
95582.75070524278
 21
19400.98582657135
 31
0.0
  0
LINE
  5
142D
330
E3C
100
AcDbEntity
  8
CALLOUT TEXT
440
 16777216
370
    -2
100
AcDbLine
 10
98207.74948453966
 20
19425.98582657135
 30
0.0
 11
98207.74948453966
 21
19400.98582657135
 31
0.0
  0
LINE
  5
142E
330
E3C
100
AcDbEntity
  8
CALLOUT TEXT
440
 16777216
370
    -2
100
AcDbLine
 10
95532.75070524279
 20
19350.98582657135
 30
0.0
 11
98257.74948453966
 21
19350.98582657135
 31
0.0
  0
INSERT
  5
142F
330
E3C
100
AcDbEntity
  8
CALLOUT TEXT
440
 16777216
370
    -2
100
AcDbBlockReference
  2
_ArchTick
 10
95582.75070524278
 20
19350.98582657135
 30
0.0
 41
75.0
 42
75.0
 43
75.0
 50
180.0
  0
INSERT
  5
1430
330
E3C
100
AcDbEntity
  8
CALLOUT TEXT
440
 16777216
370
    -2
100
AcDbBlockReference
  2
_ArchTick
 10
98207.74948453966
 20
19350.98582657135
 30
0.0
 41
75.0
 42
75.0
 43
75.0
  0
MTEXT
  5
1431
330
E3C
100
AcDbEntity
  8
CALLOUT TEXT
440
 16777216
100
AcDbMText
 10
96895.25009489122
 20
19538.48582657135
 30
0.0
 40
225.0
 41
0.0
 46
0.0
 71
     5
 72
     1
  1
\A1;2625
  7
dim
 73
     1
 44
1.0
  0
POINT
  5
1432
330
E3C
100
AcDbEntity
  8
Defpoints
 62
     0
440
 16777216
100
AcDbPoint
 10
95582.75070524278
 20
19350.98582657135
 30
0.0000000000000142
  0
POINT
  5
1433
330
E3C
100
AcDbEntity
  8
Defpoints
 62
     0
440
 16777216
100
AcDbPoint
 10
98207.74948453966
 20
19350.98582657135
 30
0.0
  0
POINT
  5
1434
330
E3C
100
AcDbEntity
  8
Defpoints
 62
     0
440
 16777216
100
AcDbPoint
 10
98207.74948453966
 20
19350.98582657135
 30
0.0
  0
ENDBLK
  5
E3E
330
E3C
100
AcDbEntity
  8
0
100
AcDbBlockEnd
  0
BLOCK
  5
E49
330
E48
100
AcDbEntity
  8
0
100
AcDbBlockBegin
  2
*D89
 70
     1
 10
0.0
 20
0.0
 30
0.0
  3
*D89
  1

  0
LINE
  5
1435
330
E48
100
AcDbEntity
  8
CALLOUT TEXT
440
 16777216
370
    -2
100
AcDbLine
 10
98207.74948453966
 20
19425.98582657135
 30
0.0
 11
98207.74948453966
 21
19400.98582657135
 31
0.0
  0
LINE
  5
1436
330
E48
100
AcDbEntity
  8
CALLOUT TEXT
440
 16777216
370
    -2
100
AcDbLine
 10
99632.74948453966
 20
19425.60582657135
 30
0.0
 11
99632.74948453966
 21
19400.98582657135
 31
0.0
  0
LINE
  5
1437
330
E48
100
AcDbEntity
  8
CALLOUT TEXT
440
 16777216
370
    -2
100
AcDbLine
 10
98157.74948453965
 20
19350.98582657135
 30
0.0
 11
99682.74948453966
 21
19350.98582657135
 31
0.0
  0
INSERT
  5
1438
330
E48
100
AcDbEntity
  8
CALLOUT TEXT
440
 16777216
370
    -2
100
AcDbBlockReference
  2
_ArchTick
 10
98207.74948453966
 20
19350.98582657135
 30
0.0
 41
75.0
 42
75.0
 43
75.0
 50
180.0
  0
INSERT
  5
1439
330
E48
100
AcDbEntity
  8
CALLOUT TEXT
440
 16777216
370
    -2
100
AcDbBlockReference
  2
_ArchTick
 10
99632.74948453966
 20
19350.98582657135
 30
0.0
 41
75.0
 42
75.0
 43
75.0
  0
MTEXT
  5
143A
330
E48
100
AcDbEntity
  8
CALLOUT TEXT
440
 16777216
100
AcDbMText
 10
98920.24948453967
 20
19538.48582657135
 30
0.0
 40
225.0
 41
0.0
 46
0.0
 71
     5
 72
     1
  1
\A1;1425
  7
dim
 73
     1
 44
1.0
  0
POINT
  5
143B
330
E48
100
AcDbEntity
  8
Defpoints
 62
     0
440
 16777216
100
AcDbPoint
 10
98207.74948453966
 20
19350.98582657135
 30
0.0
  0
POINT
  5
143C
330
E48
100
AcDbEntity
  8
Defpoints
 62
     0
440
 16777216
100
AcDbPoint
 10
99632.74948453966
 20
19350.60582657134
 30
0.0
  0
POINT
  5
143D
330
E48
100
AcDbEntity
  8
Defpoints
 62
     0
440
 16777216
100
AcDbPoint
 10
99632.74948453966
 20
19350.98582657135
 30
0.0
  0
ENDBLK
  5
E4A
330
E48
100
AcDbEntity
  8
0
100
AcDbBlockEnd
  0
BLOCK
  5
E55
330
E54
100
AcDbEntity
  8
0
100
AcDbBlockBegin
  2
*D90
 70
     1
 10
0.0
 20
0.0
 30
0.0
  3
*D90
  1

  0
LINE
  5
143E
330
E54
100
AcDbEntity
  8
CALLOUT TEXT
440
 16777216
370
    -2
100
AcDbLine
 10
99632.74948453966
 20
19425.60582657135
 30
0.0
 11
99632.74948453966
 21
19400.98582657135
 31
0.0
  0
LINE
  5
143F
330
E54
100
AcDbEntity
  8
CALLOUT TEXT
440
 16777216
370
    -2
100
AcDbLine
 10
103232.7494845396
 20
19425.60582657135
 30
0.0
 11
103232.7494845396
 21
19400.98582657135
 31
0.0
  0
LINE
  5
1440
330
E54
100
AcDbEntity
  8
CALLOUT TEXT
440
 16777216
370
    -2
100
AcDbLine
 10
99582.74948453965
 20
19350.98582657135
 30
0.0
 11
103282.7494845396
 21
19350.98582657135
 31
0.0
  0
INSERT
  5
1441
330
E54
100
AcDbEntity
  8
CALLOUT TEXT
440
 16777216
370
    -2
100
AcDbBlockReference
  2
_ArchTick
 10
99632.74948453966
 20
19350.98582657135
 30
0.0
 41
75.0
 42
75.0
 43
75.0
 50
180.0
  0
INSERT
  5
1442
330
E54
100
AcDbEntity
  8
CALLOUT TEXT
440
 16777216
370
    -2
100
AcDbBlockReference
  2
_ArchTick
 10
103232.7494845396
 20
19350.98582657135
 30
0.0
 41
75.0
 42
75.0
 43
75.0
  0
MTEXT
  5
1443
330
E54
100
AcDbEntity
  8
CALLOUT TEXT
440
 16777216
100
AcDbMText
 10
101432.7494845396
 20
19538.48582657135
 30
0.0
 40
225.0
 41
0.0
 46
0.0
 71
     5
 72
     1
  1
\A1;3600
  7
dim
 73
     1
 44
1.0
  0
POINT
  5
1444
330
E54
100
AcDbEntity
  8
Defpoints
 62
     0
440
 16777216
100
AcDbPoint
 10
99632.74948453966
 20
19350.60582657134
 30
0.0
  0
POINT
  5
1445
330
E54
100
AcDbEntity
  8
Defpoints
 62
     0
440
 16777216
100
AcDbPoint
 10
103232.7494845396
 20
19350.60582657134
 30
0.0
  0
POINT
  5
1446
330
E54
100
AcDbEntity
  8
Defpoints
 62
     0
440
 16777216
100
AcDbPoint
 10
103232.7494845396
 20
19350.98582657135
 30
0.0
  0
ENDBLK
  5
E56
330
E54
100
AcDbEntity
  8
0
100
AcDbBlockEnd
  0
BLOCK
  5
E61
330
E60
100
AcDbEntity
  8
0
100
AcDbBlockBegin
  2
*D91
 70
     1
 10
0.0
 20
0.0
 30
0.0
  3
*D91
  1

  0
LINE
  5
1447
330
E60
100
AcDbEntity
  8
CALLOUT TEXT
440
 16777216
370
    -2
100
AcDbLine
 10
78932.74978971544
 20
4258.74676172144
 30
0.0
 11
78932.74978971544
 21
4233.74676172144
 31
0.0
  0
LINE
  5
1448
330
E60
100
AcDbEntity
  8
CALLOUT TEXT
440
 16777216
370
    -2
100
AcDbLine
 10
81557.74978971544
 20
4258.74676172144
 30
0.0
 11
81557.74978971544
 21
4233.74676172144
 31
0.0
  0
LINE
  5
1449
330
E60
100
AcDbEntity
  8
CALLOUT TEXT
440
 16777216
370
    -2
100
AcDbLine
 10
78882.74978971543
 20
4183.746761721439
 30
0.0
 11
81607.74978971543
 21
4183.746761721439
 31
0.0
  0
INSERT
  5
144A
330
E60
100
AcDbEntity
  8
CALLOUT TEXT
440
 16777216
370
    -2
100
AcDbBlockReference
  2
_ArchTick
 10
78932.74978971544
 20
4183.746761721439
 30
0.0
 41
75.0
 42
75.0
 43
75.0
 50
180.0
  0
INSERT
  5
144B
330
E60
100
AcDbEntity
  8
CALLOUT TEXT
440
 16777216
370
    -2
100
AcDbBlockReference
  2
_ArchTick
 10
81557.74978971544
 20
4183.746761721439
 30
0.0
 41
75.0
 42
75.0
 43
75.0
  0
MTEXT
  5
144C
330
E60
100
AcDbEntity
  8
CALLOUT TEXT
440
 16777216
100
AcDbMText
 10
80245.24978971545
 20
4371.246761721439
 30
0.0
 40
225.0
 41
0.0
 46
0.0
 71
     5
 72
     1
  1
\A1;2625
  7
dim
 73
     1
 44
1.0
  0
POINT
  5
144D
330
E60
100
AcDbEntity
  8
Defpoints
 62
     0
440
 16777216
100
AcDbPoint
 10
78932.74978971544
 20
4183.746761721439
 30
0.0
  0
POINT
  5
144E
330
E60
100
AcDbEntity
  8
Defpoints
 62
     0
440
 16777216
100
AcDbPoint
 10
81557.74978971544
 20
4183.746761721439
 30
0.0
  0
POINT
  5
144F
330
E60
100
AcDbEntity
  8
Defpoints
 62
     0
440
 16777216
100
AcDbPoint
 10
81557.74978971544
 20
4183.746761721439
 30
0.0
  0
ENDBLK
  5
E62
330
E60
100
AcDbEntity
  8
0
100
AcDbBlockEnd
  0
BLOCK
  5
E6D
330
E6C
100
AcDbEntity
  8
0
100
AcDbBlockBegin
  2
*D92
 70
     1
 10
0.0
 20
0.0
 30
0.0
  3
*D92
  1

  0
LINE
  5
1450
330
E6C
100
AcDbEntity
  8
CALLOUT TEXT
440
 16777216
370
    -2
100
AcDbLine
 10
81557.74978971544
 20
4258.74676172144
 30
0.0
 11
81557.74978971544
 21
4233.74676172144
 31
0.0
  0
LINE
  5
1451
330
E6C
100
AcDbEntity
  8
CALLOUT TEXT
440
 16777216
370
    -2
100
AcDbLine
 10
86239.30716152878
 20
4257.405889931948
 30
0.0
 11
86239.30716152878
 21
4233.74676172144
 31
0.0
  0
LINE
  5
1452
330
E6C
100
AcDbEntity
  8
CALLOUT TEXT
440
 16777216
370
    -2
100
AcDbLine
 10
81507.74978971544
 20
4183.746761721439
 30
0.0
 11
86289.30716152877
 21
4183.746761721439
 31
0.0
  0
INSERT
  5
1453
330
E6C
100
AcDbEntity
  8
CALLOUT TEXT
440
 16777216
370
    -2
100
AcDbBlockReference
  2
_ArchTick
 10
81557.74978971544
 20
4183.746761721439
 30
0.0
 41
75.0
 42
75.0
 43
75.0
 50
180.0
  0
INSERT
  5
1454
330
E6C
100
AcDbEntity
  8
CALLOUT TEXT
440
 16777216
370
    -2
100
AcDbBlockReference
  2
_ArchTick
 10
86239.30716152878
 20
4183.746761721439
 30
0.0
 41
75.0
 42
75.0
 43
75.0
  0
MTEXT
  5
1455
330
E6C
100
AcDbEntity
  8
CALLOUT TEXT
440
 16777216
100
AcDbMText
 10
83898.52847562211
 20
4371.246761721439
 30
0.0
 40
225.0
 41
0.0
 46
0.0
 71
     5
 72
     1
  1
\A1;4682
  7
dim
 73
     1
 44
1.0
  0
POINT
  5
1456
330
E6C
100
AcDbEntity
  8
Defpoints
 62
     0
440
 16777216
100
AcDbPoint
 10
81557.74978971544
 20
4183.746761721439
 30
0.0
  0
POINT
  5
1457
330
E6C
100
AcDbEntity
  8
Defpoints
 62
     0
440
 16777216
100
AcDbPoint
 10
86239.30716152878
 20
4182.405889931947
 30
0.0000000000000142
  0
POINT
  5
1458
330
E6C
100
AcDbEntity
  8
Defpoints
 62
     0
440
 16777216
100
AcDbPoint
 10
86239.30716152878
 20
4183.746761721439
 30
0.0
  0
ENDBLK
  5
E6E
330
E6C
100
AcDbEntity
  8
0
100
AcDbBlockEnd
  0
BLOCK
  5
E79
330
E78
100
AcDbEntity
  8
0
100
AcDbBlockBegin
  2
*D93
 70
     1
 10
0.0
 20
0.0
 30
0.0
  3
*D93
  1

  0
LINE
  5
1459
330
E78
100
AcDbEntity
  8
CALLOUT TEXT
440
 16777216
370
    -2
100
AcDbLine
 10
86239.30716152878
 20
4257.405889931948
 30
0.0
 11
86239.30716152878
 21
4233.74676172144
 31
0.0
  0
LINE
  5
145A
330
E78
100
AcDbEntity
  8
CALLOUT TEXT
440
 16777216
370
    -2
100
AcDbLine
 10
86807.8499147648
 20
4109.384663694506
 30
0.0
 11
86807.8499147648
 21
4133.74676172144
 31
0.0
  0
LINE
  5
145B
330
E78
100
AcDbEntity
  8
CALLOUT TEXT
440
 16777216
370
    -2
100
AcDbLine
 10
86189.30716152878
 20
4183.746761721439
 30
0.0
 11
86857.84991476479
 21
4183.746761721439
 31
0.0
  0
LINE
  5
145C
330
E78
100
AcDbEntity
  8
CALLOUT TEXT
440
 16777216
370
    -2
100
AcDbLine
 10
86523.57853814679
 20
4183.746761721439
 30
0.0
 11
86314.38719789036
 21
4461.847087575847
 31
0.0
  0
LINE
  5
145D
330
E78
100
AcDbEntity
  8
CALLOUT TEXT
440
 16777216
370
    -2
100
AcDbLine
 10
86314.38719789036
 20
4461.847087575847
 30
0.0
 11
85710.10148360466
 21
4461.847087575847
 31
0.0
  0
MTEXT
  5
145E
330
E78
100
AcDbEntity
  8
CALLOUT TEXT
440
 16777216
100
AcDbMText
 10
86012.24434074751
 20
4649.347087575847
 30
0.0
 40
225.0
 41
0.0
 46
0.0
 71
     5
 72
     1
  1
\A1;569
  7
dim
 73
     1
 44
1.0
  0
INSERT
  5
145F
330
E78
100
AcDbEntity
  8
CALLOUT TEXT
440
 16777216
370
    -2
100
AcDbBlockReference
  2
_ArchTick
 10
86239.30716152878
 20
4183.746761721439
 30
0.0
 41
75.0
 42
75.0
 43
75.0
 50
180.0
  0
INSERT
  5
1460
330
E78
100
AcDbEntity
  8
CALLOUT TEXT
440
 16777216
370
    -2
100
AcDbBlockReference
  2
_ArchTick
 10
86807.8499147648
 20
4183.746761721439
 30
0.0
 41
75.0
 42
75.0
 43
75.0
  0
POINT
  5
1461
330
E78
100
AcDbEntity
  8
Defpoints
 62
     0
440
 16777216
100
AcDbPoint
 10
86239.30716152878
 20
4182.405889931947
 30
0.0000000000000142
  0
POINT
  5
1462
330
E78
100
AcDbEntity
  8
Defpoints
 62
     0
440
 16777216
100
AcDbPoint
 10
86807.8499147648
 20
4184.384663694507
 30
0.0
  0
POINT
  5
1463
330
E78
100
AcDbEntity
  8
Defpoints
 62
     0
440
 16777216
100
AcDbPoint
 10
86807.8499147648
 20
4183.746761721439
 30
0.0
  0
ENDBLK
  5
E7A
330
E78
100
AcDbEntity
  8
0
100
AcDbBlockEnd
  0
BLOCK
  5
E87
330
E86
100
AcDbEntity
  8
0
100
AcDbBlockBegin
  2
*D94
 70
     1
 10
0.0
 20
0.0
 30
0.0
  3
*D94
  1

  0
LINE
  5
1464
330
E86
100
AcDbEntity
  8
CALLOUT TEXT
440
 16777216
370
    -2
100
AcDbLine
 10
86807.8499147648
 20
4109.384663694506
 30
0.0
 11
86807.8499147648
 21
4133.74676172144
 31
0.0
  0
LINE
  5
1465
330
E86
100
AcDbEntity
  8
CALLOUT TEXT
440
 16777216
370
    -2
100
AcDbLine
 10
87482.75022421781
 20
4258.746707493552
 30
0.0
 11
87482.75022421781
 21
4233.74676172144
 31
0.0
  0
LINE
  5
1466
330
E86
100
AcDbEntity
  8
CALLOUT TEXT
440
 16777216
370
    -2
100
AcDbLine
 10
86757.84991476479
 20
4183.746761721439
 30
0.0
 11
87532.75022421782
 21
4183.746761721439
 31
0.0
  0
INSERT
  5
1467
330
E86
100
AcDbEntity
  8
CALLOUT TEXT
440
 16777216
370
    -2
100
AcDbBlockReference
  2
_ArchTick
 10
86807.8499147648
 20
4183.746761721439
 30
0.0
 41
75.0
 42
75.0
 43
75.0
 50
180.0
  0
INSERT
  5
1468
330
E86
100
AcDbEntity
  8
CALLOUT TEXT
440
 16777216
370
    -2
100
AcDbBlockReference
  2
_ArchTick
 10
87482.75022421781
 20
4183.746761721439
 30
0.0
 41
75.0
 42
75.0
 43
75.0
  0
MTEXT
  5
1469
330
E86
100
AcDbEntity
  8
CALLOUT TEXT
440
 16777216
100
AcDbMText
 10
87145.3000694913
 20
4371.246761721439
 30
0.0
 40
225.0
 41
0.0
 46
0.0
 71
     5
 72
     1
  1
\A1;675
  7
dim
 73
     1
 44
1.0
  0
POINT
  5
146A
330
E86
100
AcDbEntity
  8
Defpoints
 62
     0
440
 16777216
100
AcDbPoint
 10
86807.8499147648
 20
4184.384663694507
 30
0.0
  0
POINT
  5
146B
330
E86
100
AcDbEntity
  8
Defpoints
 62
     0
440
 16777216
100
AcDbPoint
 10
87482.75022421781
 20
4183.746707493553
 30
0.0
  0
POINT
  5
146C
330
E86
100
AcDbEntity
  8
Defpoints
 62
     0
440
 16777216
100
AcDbPoint
 10
87482.75022421781
 20
4183.746761721439
 30
0.0
  0
ENDBLK
  5
E88
330
E86
100
AcDbEntity
  8
0
100
AcDbBlockEnd
  0
BLOCK
  5
E93
330
E92
100
AcDbEntity
  8
0
100
AcDbBlockBegin
  2
*D95
 70
     1
 10
0.0
 20
0.0
 30
0.0
  3
*D95
  1

  0
LINE
  5
146D
330
E92
100
AcDbEntity
  8
CALLOUT TEXT
440
 16777216
370
    -2
100
AcDbLine
 10
87482.75022421781
 20
4258.746707493552
 30
0.0
 11
87482.75022421781
 21
4233.74676172144
 31
0.0
  0
LINE
  5
146E
330
E92
100
AcDbEntity
  8
CALLOUT TEXT
440
 16777216
370
    -2
100
AcDbLine
 10
90907.75070524278
 20
4258.74676172144
 30
0.0
 11
90907.75070524278
 21
4233.74676172144
 31
0.0
  0
LINE
  5
146F
330
E92
100
AcDbEntity
  8
CALLOUT TEXT
440
 16777216
370
    -2
100
AcDbLine
 10
87432.75022421782
 20
4183.746761721439
 30
0.0
 11
90957.75070524279
 21
4183.746761721439
 31
0.0
  0
INSERT
  5
1470
330
E92
100
AcDbEntity
  8
CALLOUT TEXT
440
 16777216
370
    -2
100
AcDbBlockReference
  2
_ArchTick
 10
87482.75022421781
 20
4183.746761721439
 30
0.0
 41
75.0
 42
75.0
 43
75.0
 50
180.0
  0
INSERT
  5
1471
330
E92
100
AcDbEntity
  8
CALLOUT TEXT
440
 16777216
370
    -2
100
AcDbBlockReference
  2
_ArchTick
 10
90907.75070524278
 20
4183.746761721439
 30
0.0
 41
75.0
 42
75.0
 43
75.0
  0
MTEXT
  5
1472
330
E92
100
AcDbEntity
  8
CALLOUT TEXT
440
 16777216
100
AcDbMText
 10
89195.2504647303
 20
4371.246761721439
 30
0.0
 40
225.0
 41
0.0
 46
0.0
 71
     5
 72
     1
  1
\A1;3425
  7
dim
 73
     1
 44
1.0
  0
POINT
  5
1473
330
E92
100
AcDbEntity
  8
Defpoints
 62
     0
440
 16777216
100
AcDbPoint
 10
87482.75022421781
 20
4183.746707493553
 30
0.0
  0
POINT
  5
1474
330
E92
100
AcDbEntity
  8
Defpoints
 62
     0
440
 16777216
100
AcDbPoint
 10
90907.75070524278
 20
4183.746761721439
 30
0.0000000000000142
  0
POINT
  5
1475
330
E92
100
AcDbEntity
  8
Defpoints
 62
     0
440
 16777216
100
AcDbPoint
 10
90907.75070524278
 20
4183.746761721439
 30
0.0
  0
ENDBLK
  5
E94
330
E92
100
AcDbEntity
  8
0
100
AcDbBlockEnd
  0
BLOCK
  5
E9F
330
E9E
100
AcDbEntity
  8
0
100
AcDbBlockBegin
  2
*D96
 70
     1
 10
0.0
 20
0.0
 30
0.0
  3
*D96
  1

  0
LINE
  5
1476
330
E9E
100
AcDbEntity
  8
CALLOUT TEXT
440
 16777216
370
    -2
100
AcDbLine
 10
90907.75070524278
 20
4258.74676172144
 30
0.0
 11
90907.75070524278
 21
4233.74676172144
 31
0.0
  0
LINE
  5
1477
330
E9E
100
AcDbEntity
  8
CALLOUT TEXT
440
 16777216
370
    -2
100
AcDbLine
 10
92507.75021696188
 20
4108.746761721585
 30
0.0
 11
92507.75021696188
 21
4133.74676172144
 31
0.0
  0
LINE
  5
1478
330
E9E
100
AcDbEntity
  8
CALLOUT TEXT
440
 16777216
370
    -2
100
AcDbLine
 10
90857.75070524277
 20
4183.746761721439
 30
0.0
 11
92557.75021696187
 21
4183.746761721439
 31
0.0
  0
INSERT
  5
1479
330
E9E
100
AcDbEntity
  8
CALLOUT TEXT
440
 16777216
370
    -2
100
AcDbBlockReference
  2
_ArchTick
 10
90907.75070524278
 20
4183.746761721439
 30
0.0
 41
75.0
 42
75.0
 43
75.0
 50
180.0
  0
INSERT
  5
147A
330
E9E
100
AcDbEntity
  8
CALLOUT TEXT
440
 16777216
370
    -2
100
AcDbBlockReference
  2
_ArchTick
 10
92507.75021696188
 20
4183.746761721439
 30
0.0
 41
75.0
 42
75.0
 43
75.0
  0
MTEXT
  5
147B
330
E9E
100
AcDbEntity
  8
CALLOUT TEXT
440
 16777216
100
AcDbMText
 10
91707.75046110232
 20
4371.246761721439
 30
0.0
 40
225.0
 41
0.0
 46
0.0
 71
     5
 72
     1
  1
\A1;1600
  7
dim
 73
     1
 44
1.0
  0
POINT
  5
147C
330
E9E
100
AcDbEntity
  8
Defpoints
 62
     0
440
 16777216
100
AcDbPoint
 10
90907.75070524278
 20
4183.746761721439
 30
0.0000000000000142
  0
POINT
  5
147D
330
E9E
100
AcDbEntity
  8
Defpoints
 62
     0
440
 16777216
100
AcDbPoint
 10
92507.75021696188
 20
4183.746761721585
 30
0.0
  0
POINT
  5
147E
330
E9E
100
AcDbEntity
  8
Defpoints
 62
     0
440
 16777216
100
AcDbPoint
 10
92507.75021696188
 20
4183.746761721439
 30
0.0
  0
ENDBLK
  5
EA0
330
E9E
100
AcDbEntity
  8
0
100
AcDbBlockEnd
  0
BLOCK
  5
EAB
330
EAA
100
AcDbEntity
  8
0
100
AcDbBlockBegin
  2
*D97
 70
     1
 10
0.0
 20
0.0
 30
0.0
  3
*D97
  1

  0
LINE
  5
147F
330
EAA
100
AcDbEntity
  8
CALLOUT TEXT
440
 16777216
370
    -2
100
AcDbLine
 10
92507.75021696188
 20
4108.746761721585
 30
0.0
 11
92507.75021696188
 21
4133.74676172144
 31
0.0
  0
LINE
  5
1480
330
EAA
100
AcDbEntity
  8
CALLOUT TEXT
440
 16777216
370
    -2
100
AcDbLine
 10
93182.75021696154
 20
4258.74676172144
 30
0.0
 11
93182.75021696154
 21
4233.74676172144
 31
0.0
  0
LINE
  5
1481
330
EAA
100
AcDbEntity
  8
CALLOUT TEXT
440
 16777216
370
    -2
100
AcDbLine
 10
92457.75021696188
 20
4183.746761721439
 30
0.0
 11
93232.75021696153
 21
4183.746761721439
 31
0.0
  0
INSERT
  5
1482
330
EAA
100
AcDbEntity
  8
CALLOUT TEXT
440
 16777216
370
    -2
100
AcDbBlockReference
  2
_ArchTick
 10
92507.75021696188
 20
4183.746761721439
 30
0.0
 41
75.0
 42
75.0
 43
75.0
 50
180.0
  0
INSERT
  5
1483
330
EAA
100
AcDbEntity
  8
CALLOUT TEXT
440
 16777216
370
    -2
100
AcDbBlockReference
  2
_ArchTick
 10
93182.75021696154
 20
4183.746761721439
 30
0.0
 41
75.0
 42
75.0
 43
75.0
  0
MTEXT
  5
1484
330
EAA
100
AcDbEntity
  8
CALLOUT TEXT
440
 16777216
100
AcDbMText
 10
92845.2502169617
 20
4371.246761721439
 30
0.0
 40
225.0
 41
0.0
 46
0.0
 71
     5
 72
     1
  1
\A1;675
  7
dim
 73
     1
 44
1.0
  0
POINT
  5
1485
330
EAA
100
AcDbEntity
  8
Defpoints
 62
     0
440
 16777216
100
AcDbPoint
 10
92507.75021696188
 20
4183.746761721585
 30
0.0
  0
POINT
  5
1486
330
EAA
100
AcDbEntity
  8
Defpoints
 62
     0
440
 16777216
100
AcDbPoint
 10
93182.75021696154
 20
4183.746761721439
 30
0.0
  0
POINT
  5
1487
330
EAA
100
AcDbEntity
  8
Defpoints
 62
     0
440
 16777216
100
AcDbPoint
 10
93182.75021696154
 20
4183.746761721439
 30
0.0
  0
ENDBLK
  5
EAC
330
EAA
100
AcDbEntity
  8
0
100
AcDbBlockEnd
  0
BLOCK
  5
EB7
330
EB6
100
AcDbEntity
  8
0
100
AcDbBlockBegin
  2
*D98
 70
     1
 10
0.0
 20
0.0
 30
0.0
  3
*D98
  1

  0
LINE
  5
1488
330
EB6
100
AcDbEntity
  8
CALLOUT TEXT
440
 16777216
370
    -2
100
AcDbLine
 10
93182.75021696154
 20
4258.74676172144
 30
0.0
 11
93182.75021696154
 21
4233.74676172144
 31
0.0
  0
LINE
  5
1489
330
EB6
100
AcDbEntity
  8
CALLOUT TEXT
440
 16777216
370
    -2
100
AcDbLine
 10
95582.75070524278
 20
4258.74676172144
 30
0.0
 11
95582.75070524278
 21
4233.74676172144
 31
0.0
  0
LINE
  5
148A
330
EB6
100
AcDbEntity
  8
CALLOUT TEXT
440
 16777216
370
    -2
100
AcDbLine
 10
93132.75021696153
 20
4183.746761721439
 30
0.0
 11
95632.75070524278
 21
4183.746761721439
 31
0.0
  0
INSERT
  5
148B
330
EB6
100
AcDbEntity
  8
CALLOUT TEXT
440
 16777216
370
    -2
100
AcDbBlockReference
  2
_ArchTick
 10
93182.75021696154
 20
4183.746761721439
 30
0.0
 41
75.0
 42
75.0
 43
75.0
 50
180.0
  0
INSERT
  5
148C
330
EB6
100
AcDbEntity
  8
CALLOUT TEXT
440
 16777216
370
    -2
100
AcDbBlockReference
  2
_ArchTick
 10
95582.75070524278
 20
4183.746761721439
 30
0.0
 41
75.0
 42
75.0
 43
75.0
  0
MTEXT
  5
148D
330
EB6
100
AcDbEntity
  8
CALLOUT TEXT
440
 16777216
100
AcDbMText
 10
94382.75046110216
 20
4371.246761721439
 30
0.0
 40
225.0
 41
0.0
 46
0.0
 71
     5
 72
     1
  1
\A1;2400
  7
dim
 73
     1
 44
1.0
  0
POINT
  5
148E
330
EB6
100
AcDbEntity
  8
Defpoints
 62
     0
440
 16777216
100
AcDbPoint
 10
93182.75021696154
 20
4183.746761721439
 30
0.0
  0
POINT
  5
148F
330
EB6
100
AcDbEntity
  8
Defpoints
 62
     0
440
 16777216
100
AcDbPoint
 10
95582.75070524278
 20
4183.746761721439
 30
0.0000000000000142
  0
POINT
  5
1490
330
EB6
100
AcDbEntity
  8
Defpoints
 62
     0
440
 16777216
100
AcDbPoint
 10
95582.75070524278
 20
4183.746761721439
 30
0.0
  0
ENDBLK
  5
EB8
330
EB6
100
AcDbEntity
  8
0
100
AcDbBlockEnd
  0
BLOCK
  5
EC3
330
EC2
100
AcDbEntity
  8
0
100
AcDbBlockBegin
  2
*D99
 70
     1
 10
0.0
 20
0.0
 30
0.0
  3
*D99
  1

  0
LINE
  5
1491
330
EC2
100
AcDbEntity
  8
CALLOUT TEXT
440
 16777216
370
    -2
100
AcDbLine
 10
95582.75070524278
 20
4258.74676172144
 30
0.0
 11
95582.75070524278
 21
4233.74676172144
 31
0.0
  0
LINE
  5
1492
330
EC2
100
AcDbEntity
  8
CALLOUT TEXT
440
 16777216
370
    -2
100
AcDbLine
 10
98207.74948453966
 20
4258.74676172144
 30
0.0
 11
98207.74948453966
 21
4233.74676172144
 31
0.0
  0
LINE
  5
1493
330
EC2
100
AcDbEntity
  8
CALLOUT TEXT
440
 16777216
370
    -2
100
AcDbLine
 10
95532.75070524279
 20
4183.746761721439
 30
0.0
 11
98257.74948453966
 21
4183.746761721439
 31
0.0
  0
INSERT
  5
1494
330
EC2
100
AcDbEntity
  8
CALLOUT TEXT
440
 16777216
370
    -2
100
AcDbBlockReference
  2
_ArchTick
 10
95582.75070524278
 20
4183.746761721439
 30
0.0
 41
75.0
 42
75.0
 43
75.0
 50
180.0
  0
INSERT
  5
1495
330
EC2
100
AcDbEntity
  8
CALLOUT TEXT
440
 16777216
370
    -2
100
AcDbBlockReference
  2
_ArchTick
 10
98207.74948453966
 20
4183.746761721439
 30
0.0
 41
75.0
 42
75.0
 43
75.0
  0
MTEXT
  5
1496
330
EC2
100
AcDbEntity
  8
CALLOUT TEXT
440
 16777216
100
AcDbMText
 10
96895.25009489122
 20
4371.246761721439
 30
0.0
 40
225.0
 41
0.0
 46
0.0
 71
     5
 72
     1
  1
\A1;2625
  7
dim
 73
     1
 44
1.0
  0
POINT
  5
1497
330
EC2
100
AcDbEntity
  8
Defpoints
 62
     0
440
 16777216
100
AcDbPoint
 10
95582.75070524278
 20
4183.746761721439
 30
0.0000000000000142
  0
POINT
  5
1498
330
EC2
100
AcDbEntity
  8
Defpoints
 62
     0
440
 16777216
100
AcDbPoint
 10
98207.74948453966
 20
4183.746761721439
 30
0.0
  0
POINT
  5
1499
330
EC2
100
AcDbEntity
  8
Defpoints
 62
     0
440
 16777216
100
AcDbPoint
 10
98207.74948453966
 20
4183.746761721439
 30
0.0
  0
ENDBLK
  5
EC4
330
EC2
100
AcDbEntity
  8
0
100
AcDbBlockEnd
  0
BLOCK
  5
ECF
330
ECE
100
AcDbEntity
  8
0
100
AcDbBlockBegin
  2
*D100
 70
     1
 10
0.0
 20
0.0
 30
0.0
  3
*D100
  1

  0
LINE
  5
149A
330
ECE
100
AcDbEntity
  8
CALLOUT TEXT
440
 16777216
370
    -2
100
AcDbLine
 10
98207.74948453966
 20
4258.74676172144
 30
0.0
 11
98207.74948453966
 21
4233.74676172144
 31
0.0
  0
LINE
  5
149B
330
ECE
100
AcDbEntity
  8
CALLOUT TEXT
440
 16777216
370
    -2
100
AcDbLine
 10
99632.74948453966
 20
4258.366761721435
 30
0.0
 11
99632.74948453966
 21
4233.74676172144
 31
0.0
  0
LINE
  5
149C
330
ECE
100
AcDbEntity
  8
CALLOUT TEXT
440
 16777216
370
    -2
100
AcDbLine
 10
98157.74948453965
 20
4183.746761721439
 30
0.0
 11
99682.74948453966
 21
4183.746761721439
 31
0.0
  0
INSERT
  5
149D
330
ECE
100
AcDbEntity
  8
CALLOUT TEXT
440
 16777216
370
    -2
100
AcDbBlockReference
  2
_ArchTick
 10
98207.74948453966
 20
4183.746761721439
 30
0.0
 41
75.0
 42
75.0
 43
75.0
 50
180.0
  0
INSERT
  5
149E
330
ECE
100
AcDbEntity
  8
CALLOUT TEXT
440
 16777216
370
    -2
100
AcDbBlockReference
  2
_ArchTick
 10
99632.74948453966
 20
4183.746761721439
 30
0.0
 41
75.0
 42
75.0
 43
75.0
  0
MTEXT
  5
149F
330
ECE
100
AcDbEntity
  8
CALLOUT TEXT
440
 16777216
100
AcDbMText
 10
98920.24948453967
 20
4371.246761721439
 30
0.0
 40
225.0
 41
0.0
 46
0.0
 71
     5
 72
     1
  1
\A1;1425
  7
dim
 73
     1
 44
1.0
  0
POINT
  5
14A0
330
ECE
100
AcDbEntity
  8
Defpoints
 62
     0
440
 16777216
100
AcDbPoint
 10
98207.74948453966
 20
4183.746761721439
 30
0.0
  0
POINT
  5
14A1
330
ECE
100
AcDbEntity
  8
Defpoints
 62
     0
440
 16777216
100
AcDbPoint
 10
99632.74948453966
 20
4183.366761721435
 30
0.0
  0
POINT
  5
14A2
330
ECE
100
AcDbEntity
  8
Defpoints
 62
     0
440
 16777216
100
AcDbPoint
 10
99632.74948453966
 20
4183.746761721439
 30
0.0
  0
ENDBLK
  5
ED0
330
ECE
100
AcDbEntity
  8
0
100
AcDbBlockEnd
  0
BLOCK
  5
EDB
330
EDA
100
AcDbEntity
  8
0
100
AcDbBlockBegin
  2
*D101
 70
     1
 10
0.0
 20
0.0
 30
0.0
  3
*D101
  1

  0
LINE
  5
14A3
330
EDA
100
AcDbEntity
  8
CALLOUT TEXT
440
 16777216
370
    -2
100
AcDbLine
 10
99632.74948453966
 20
4258.366761721435
 30
0.0
 11
99632.74948453966
 21
4233.74676172144
 31
0.0
  0
LINE
  5
14A4
330
EDA
100
AcDbEntity
  8
CALLOUT TEXT
440
 16777216
370
    -2
100
AcDbLine
 10
103232.7494845396
 20
4258.366761721435
 30
0.0
 11
103232.7494845396
 21
4233.74676172144
 31
0.0
  0
LINE
  5
14A5
330
EDA
100
AcDbEntity
  8
CALLOUT TEXT
440
 16777216
370
    -2
100
AcDbLine
 10
99582.74948453965
 20
4183.746761721439
 30
0.0
 11
103282.7494845396
 21
4183.746761721439
 31
0.0
  0
INSERT
  5
14A6
330
EDA
100
AcDbEntity
  8
CALLOUT TEXT
440
 16777216
370
    -2
100
AcDbBlockReference
  2
_ArchTick
 10
99632.74948453966
 20
4183.746761721439
 30
0.0
 41
75.0
 42
75.0
 43
75.0
 50
180.0
  0
INSERT
  5
14A7
330
EDA
100
AcDbEntity
  8
CALLOUT TEXT
440
 16777216
370
    -2
100
AcDbBlockReference
  2
_ArchTick
 10
103232.7494845396
 20
4183.746761721439
 30
0.0
 41
75.0
 42
75.0
 43
75.0
  0
MTEXT
  5
14A8
330
EDA
100
AcDbEntity
  8
CALLOUT TEXT
440
 16777216
100
AcDbMText
 10
101432.7494845396
 20
4371.246761721439
 30
0.0
 40
225.0
 41
0.0
 46
0.0
 71
     5
 72
     1
  1
\A1;3600
  7
dim
 73
     1
 44
1.0
  0
POINT
  5
14A9
330
EDA
100
AcDbEntity
  8
Defpoints
 62
     0
440
 16777216
100
AcDbPoint
 10
99632.74948453966
 20
4183.366761721435
 30
0.0
  0
POINT
  5
14AA
330
EDA
100
AcDbEntity
  8
Defpoints
 62
     0
440
 16777216
100
AcDbPoint
 10
103232.7494845396
 20
4183.366761721435
 30
0.0
  0
POINT
  5
14AB
330
EDA
100
AcDbEntity
  8
Defpoints
 62
     0
440
 16777216
100
AcDbPoint
 10
103232.7494845396
 20
4183.746761721439
 30
0.0
  0
ENDBLK
  5
EDC
330
EDA
100
AcDbEntity
  8
0
100
AcDbBlockEnd
  0
BLOCK
  5
EE7
330
EE6
100
AcDbEntity
  8
0
100
AcDbBlockBegin
  2
*D102
 70
     1
 10
0.0
 20
0.0
 30
0.0
  3
*D102
  1

  0
LINE
  5
14ED
330
EE6
100
AcDbEntity
  8
CALLOUT TEXT
440
 16777216
370
    -2
100
AcDbLine
 10
105048.9832306592
 20
17699.41117799969
 30
0.0
 11
105023.983230662
 21
17699.41117799969
 31
0.0
  0
LINE
  5
14EE
330
EE6
100
AcDbEntity
  8
CALLOUT TEXT
440
 16777216
370
    -2
100
AcDbLine
 10
105048.9832306592
 20
17099.74198854657
 30
0.0
 11
105023.983230662
 21
17099.74198854657
 31
0.0
  0
LINE
  5
14EF
330
EE6
100
AcDbEntity
  8
CALLOUT TEXT
440
 16777216
370
    -2
100
AcDbLine
 10
104973.983230662
 20
17749.41117799969
 30
0.0
 11
104973.983230662
 21
17049.74198854657
 31
0.0
  0
LINE
  5
14F0
330
EE6
100
AcDbEntity
  8
CALLOUT TEXT
440
 16777216
370
    -2
100
AcDbLine
 10
104973.983230662
 20
17399.57658327313
 30
0.0
 11
104677.2870616256
 21
17549.5765832731
 31
0.0
  0
LINE
  5
14F1
330
EE6
100
AcDbEntity
  8
CALLOUT TEXT
440
 16777216
370
    -2
100
AcDbLine
 10
104677.2870616256
 20
17549.5765832731
 30
0.0
 11
104677.2870616256
 21
18162.43372613024
 31
0.0
  0
MTEXT
  5
14F2
330
EE6
100
AcDbEntity
  8
CALLOUT TEXT
440
 16777216
100
AcDbMText
 10
104489.7870616255
 20
17856.00515470163
 30
0.0
 40
225.0
 41
0.0
 46
0.0
 71
     5
 72
     1
  1
\A1;600
  7
dim
 11
0.0000000000000001
 21
1.0
 31
0.0
 73
     1
 44
1.0
  0
INSERT
  5
14F3
330
EE6
100
AcDbEntity
  8
CALLOUT TEXT
440
 16777216
370
    -2
100
AcDbBlockReference
  2
_ArchTick
 10
104973.983230662
 20
17699.41117799969
 30
0.0
 41
75.0
 42
75.0
 43
75.0
 50
90.0
  0
INSERT
  5
14F4
330
EE6
100
AcDbEntity
  8
CALLOUT TEXT
440
 16777216
370
    -2
100
AcDbBlockReference
  2
_ArchTick
 10
104973.983230662
 20
17099.74198854657
 30
0.0
 41
75.0
 42
75.0
 43
75.0
 50
270.0
  0
POINT
  5
14F5
330
EE6
100
AcDbEntity
  8
Defpoints
 62
     0
440
 16777216
100
AcDbPoint
 10
104973.9832306592
 20
17699.41117799969
 30
0.0
  0
POINT
  5
14F6
330
EE6
100
AcDbEntity
  8
Defpoints
 62
     0
440
 16777216
100
AcDbPoint
 10
104973.9832306592
 20
17099.74198854657
 30
0.0
  0
POINT
  5
14F7
330
EE6
100
AcDbEntity
  8
Defpoints
 62
     0
440
 16777216
100
AcDbPoint
 10
104973.983230662
 20
17099.74198854657
 30
0.0
  0
ENDBLK
  5
EE8
330
EE6
100
AcDbEntity
  8
0
100
AcDbBlockEnd
  0
BLOCK
  5
EF5
330
EF4
100
AcDbEntity
  8
0
100
AcDbBlockBegin
  2
*D103
 70
     1
 10
0.0
 20
0.0
 30
0.0
  3
*D103
  1

  0
LINE
  5
14F8
330
EF4
100
AcDbEntity
  8
CALLOUT TEXT
440
 16777216
370
    -2
100
AcDbLine
 10
105048.9832306592
 20
17099.74198854657
 30
0.0
 11
105023.9832306621
 21
17099.74198854657
 31
0.0
  0
LINE
  5
14F9
330
EF4
100
AcDbEntity
  8
CALLOUT TEXT
440
 16777216
370
    -2
100
AcDbLine
 10
105036.0878119557
 20
16124.41117799969
 30
0.0
 11
105023.9832306621
 21
16124.41117799969
 31
0.0
  0
LINE
  5
14FA
330
EF4
100
AcDbEntity
  8
CALLOUT TEXT
440
 16777216
370
    -2
100
AcDbLine
 10
104973.9832306621
 20
17149.74198854657
 30
0.0
 11
104973.9832306621
 21
16074.41117799969
 31
0.0
  0
INSERT
  5
14FB
330
EF4
100
AcDbEntity
  8
CALLOUT TEXT
440
 16777216
370
    -2
100
AcDbBlockReference
  2
_ArchTick
 10
104973.9832306621
 20
17099.74198854657
 30
0.0
 41
75.0
 42
75.0
 43
75.0
 50
90.0
  0
INSERT
  5
14FC
330
EF4
100
AcDbEntity
  8
CALLOUT TEXT
440
 16777216
370
    -2
100
AcDbBlockReference
  2
_ArchTick
 10
104973.9832306621
 20
16124.41117799969
 30
0.0
 41
75.0
 42
75.0
 43
75.0
 50
270.0
  0
MTEXT
  5
14FD
330
EF4
100
AcDbEntity
  8
CALLOUT TEXT
440
 16777216
100
AcDbMText
 10
104786.4832306621
 20
16612.0765832731
 30
0.0
 40
225.0
 41
0.0
 46
0.0
 71
     5
 72
     1
  1
\A1;975
  7
dim
 11
0.0000000000000001
 21
1.0
 31
0.0
 73
     1
 44
1.0
  0
POINT
  5
14FE
330
EF4
100
AcDbEntity
  8
Defpoints
 62
     0
440
 16777216
100
AcDbPoint
 10
104973.9832306592
 20
17099.74198854657
 30
0.0
  0
POINT
  5
14FF
330
EF4
100
AcDbEntity
  8
Defpoints
 62
     0
440
 16777216
100
AcDbPoint
 10
104961.0878119557
 20
16124.41117799969
 30
0.0
  0
POINT
  5
1500
330
EF4
100
AcDbEntity
  8
Defpoints
 62
     0
440
 16777216
100
AcDbPoint
 10
104973.9832306621
 20
16124.41117799969
 30
0.0
  0
ENDBLK
  5
EF6
330
EF4
100
AcDbEntity
  8
0
100
AcDbBlockEnd
  0
BLOCK
  5
F01
330
F00
100
AcDbEntity
  8
0
100
AcDbBlockBegin
  2
*D104
 70
     1
 10
0.0
 20
0.0
 30
0.0
  3
*D104
  1

  0
LINE
  5
1501
330
F00
100
AcDbEntity
  8
CALLOUT TEXT
440
 16777216
370
    -2
100
AcDbLine
 10
105036.0878119557
 20
16124.41117799969
 30
0.0
 11
105023.9832306623
 21
16124.41117799969
 31
0.0
  0
LINE
  5
1502
330
F00
100
AcDbEntity
  8
CALLOUT TEXT
440
 16777216
370
    -2
100
AcDbLine
 10
104907.5124839782
 20
13420.64775026531
 30
0.0
 11
104923.9832306623
 21
13420.64775026531
 31
0.0
  0
LINE
  5
1503
330
F00
100
AcDbEntity
  8
CALLOUT TEXT
440
 16777216
370
    -2
100
AcDbLine
 10
104973.9832306623
 20
16174.41117799969
 30
0.0
 11
104973.9832306623
 21
13370.64775026532
 31
0.0
  0
INSERT
  5
1504
330
F00
100
AcDbEntity
  8
CALLOUT TEXT
440
 16777216
370
    -2
100
AcDbBlockReference
  2
_ArchTick
 10
104973.9832306623
 20
16124.41117799969
 30
0.0
 41
75.0
 42
75.0
 43
75.0
 50
90.0
  0
INSERT
  5
1505
330
F00
100
AcDbEntity
  8
CALLOUT TEXT
440
 16777216
370
    -2
100
AcDbBlockReference
  2
_ArchTick
 10
104973.9832306623
 20
13420.64775026531
 30
0.0
 41
75.0
 42
75.0
 43
75.0
 50
270.0
  0
MTEXT
  5
1506
330
F00
100
AcDbEntity
  8
CALLOUT TEXT
440
 16777216
100
AcDbMText
 10
104786.4832306623
 20
14772.52946413247
 30
0.0
 40
225.0
 41
0.0
 46
0.0
 71
     5
 72
     1
  1
\A1;2704
  7
dim
 11
0.0000000000000001
 21
1.0
 31
0.0
 73
     1
 44
1.0
  0
POINT
  5
1507
330
F00
100
AcDbEntity
  8
Defpoints
 62
     0
440
 16777216
100
AcDbPoint
 10
104961.0878119557
 20
16124.41117799969
 30
0.0
  0
POINT
  5
1508
330
F00
100
AcDbEntity
  8
Defpoints
 62
     0
440
 16777216
100
AcDbPoint
 10
104982.5124839782
 20
13420.64775026531
 30
0.0
  0
POINT
  5
1509
330
F00
100
AcDbEntity
  8
Defpoints
 62
     0
440
 16777216
100
AcDbPoint
 10
104973.9832306623
 20
13420.64775026531
 30
0.0
  0
ENDBLK
  5
F02
330
F00
100
AcDbEntity
  8
0
100
AcDbBlockEnd
  0
BLOCK
  5
F0D
330
F0C
100
AcDbEntity
  8
0
100
AcDbBlockBegin
  2
*D105
 70
     1
 10
0.0
 20
0.0
 30
0.0
  3
*D105
  1

  0
LINE
  5
150A
330
F0C
100
AcDbEntity
  8
CALLOUT TEXT
440
 16777216
370
    -2
100
AcDbLine
 10
104907.5124839782
 20
13420.64775026531
 30
0.0
 11
104923.9832306626
 21
13420.64775026531
 31
0.0
  0
LINE
  5
150B
330
F0C
100
AcDbEntity
  8
CALLOUT TEXT
440
 16777216
370
    -2
100
AcDbLine
 10
105047.6632271646
 20
12299.41117799969
 30
0.0
 11
105023.9832306625
 21
12299.41117799969
 31
0.0
  0
LINE
  5
150C
330
F0C
100
AcDbEntity
  8
CALLOUT TEXT
440
 16777216
370
    -2
100
AcDbLine
 10
104973.9832306626
 20
13470.64775026532
 30
0.0
 11
104973.9832306626
 21
12249.41117799969
 31
0.0
  0
INSERT
  5
150D
330
F0C
100
AcDbEntity
  8
CALLOUT TEXT
440
 16777216
370
    -2
100
AcDbBlockReference
  2
_ArchTick
 10
104973.9832306626
 20
13420.64775026531
 30
0.0
 41
75.0
 42
75.0
 43
75.0
 50
90.0
  0
INSERT
  5
150E
330
F0C
100
AcDbEntity
  8
CALLOUT TEXT
440
 16777216
370
    -2
100
AcDbBlockReference
  2
_ArchTick
 10
104973.9832306626
 20
12299.41117799969
 30
0.0
 41
75.0
 42
75.0
 43
75.0
 50
270.0
  0
MTEXT
  5
150F
330
F0C
100
AcDbEntity
  8
CALLOUT TEXT
440
 16777216
100
AcDbMText
 10
104786.4832306625
 20
12860.02946413247
 30
0.0
 40
225.0
 41
0.0
 46
0.0
 71
     5
 72
     1
  1
\A1;1121
  7
dim
 11
0.0000000000000001
 21
1.0
 31
0.0
 73
     1
 44
1.0
  0
POINT
  5
1510
330
F0C
100
AcDbEntity
  8
Defpoints
 62
     0
440
 16777216
100
AcDbPoint
 10
104982.5124839782
 20
13420.64775026531
 30
0.0
  0
POINT
  5
1511
330
F0C
100
AcDbEntity
  8
Defpoints
 62
     0
440
 16777216
100
AcDbPoint
 10
104972.6632271646
 20
12299.41117799969
 30
0.0
  0
POINT
  5
1512
330
F0C
100
AcDbEntity
  8
Defpoints
 62
     0
440
 16777216
100
AcDbPoint
 10
104973.9832306626
 20
12299.41117799969
 30
0.0
  0
ENDBLK
  5
F0E
330
F0C
100
AcDbEntity
  8
0
100
AcDbBlockEnd
  0
BLOCK
  5
F19
330
F18
100
AcDbEntity
  8
0
100
AcDbBlockBegin
  2
*D106
 70
     1
 10
0.0
 20
0.0
 30
0.0
  3
*D106
  1

  0
LINE
  5
1513
330
F18
100
AcDbEntity
  8
CALLOUT TEXT
440
 16777216
370
    -2
100
AcDbLine
 10
105047.6632271646
 20
12299.41117799969
 30
0.0
 11
105023.9832306628
 21
12299.41117799969
 31
0.0
  0
LINE
  5
1514
330
F18
100
AcDbEntity
  8
CALLOUT TEXT
440
 16777216
370
    -2
100
AcDbLine
 10
104911.5740331798
 20
9449.41117799969
 30
0.0
 11
104923.9832306628
 21
9449.41117799969
 31
0.0
  0
LINE
  5
1515
330
F18
100
AcDbEntity
  8
CALLOUT TEXT
440
 16777216
370
    -2
100
AcDbLine
 10
104973.9832306628
 20
12349.41117799969
 30
0.0
 11
104973.9832306628
 21
9399.41117799969
 31
0.0
  0
INSERT
  5
1516
330
F18
100
AcDbEntity
  8
CALLOUT TEXT
440
 16777216
370
    -2
100
AcDbBlockReference
  2
_ArchTick
 10
104973.9832306628
 20
12299.41117799969
 30
0.0
 41
75.0
 42
75.0
 43
75.0
 50
90.0
  0
INSERT
  5
1517
330
F18
100
AcDbEntity
  8
CALLOUT TEXT
440
 16777216
370
    -2
100
AcDbBlockReference
  2
_ArchTick
 10
104973.9832306628
 20
9449.41117799969
 30
0.0
 41
75.0
 42
75.0
 43
75.0
 50
270.0
  0
MTEXT
  5
1518
330
F18
100
AcDbEntity
  8
CALLOUT TEXT
440
 16777216
100
AcDbMText
 10
104786.4832306628
 20
10874.41117799965
 30
0.0
 40
225.0
 41
0.0
 46
0.0
 71
     5
 72
     1
  1
\A1;2850
  7
dim
 11
0.0000000000000001
 21
1.0
 31
0.0
 73
     1
 44
1.0
  0
POINT
  5
1519
330
F18
100
AcDbEntity
  8
Defpoints
 62
     0
440
 16777216
100
AcDbPoint
 10
104972.6632271646
 20
12299.41117799969
 30
0.0
  0
POINT
  5
151A
330
F18
100
AcDbEntity
  8
Defpoints
 62
     0
440
 16777216
100
AcDbPoint
 10
104986.5740331798
 20
9449.41117799969
 30
0.0
  0
POINT
  5
151B
330
F18
100
AcDbEntity
  8
Defpoints
 62
     0
440
 16777216
100
AcDbPoint
 10
104973.9832306628
 20
9449.41117799969
 30
0.0
  0
ENDBLK
  5
F1A
330
F18
100
AcDbEntity
  8
0
100
AcDbBlockEnd
  0
BLOCK
  5
F25
330
F24
100
AcDbEntity
  8
0
100
AcDbBlockBegin
  2
*D107
 70
     1
 10
0.0
 20
0.0
 30
0.0
  3
*D107
  1

  0
LINE
  5
151C
330
F24
100
AcDbEntity
  8
CALLOUT TEXT
440
 16777216
370
    -2
100
AcDbLine
 10
104911.5740331798
 20
9449.41117799969
 30
0.0
 11
104923.983230663
 21
9449.41117799969
 31
0.0
  0
LINE
  5
151D
330
F24
100
AcDbEntity
  8
CALLOUT TEXT
440
 16777216
370
    -2
100
AcDbLine
 10
104901.0140052675
 20
7574.41117799969
 30
0.0
 11
104923.983230663
 21
7574.41117799969
 31
0.0
  0
LINE
  5
151E
330
F24
100
AcDbEntity
  8
CALLOUT TEXT
440
 16777216
370
    -2
100
AcDbLine
 10
104973.983230663
 20
9499.411177999689
 30
0.0
 11
104973.983230663
 21
7524.41117799969
 31
0.0
  0
INSERT
  5
151F
330
F24
100
AcDbEntity
  8
CALLOUT TEXT
440
 16777216
370
    -2
100
AcDbBlockReference
  2
_ArchTick
 10
104973.983230663
 20
9449.41117799969
 30
0.0
 41
75.0
 42
75.0
 43
75.0
 50
90.0
  0
INSERT
  5
1520
330
F24
100
AcDbEntity
  8
CALLOUT TEXT
440
 16777216
370
    -2
100
AcDbBlockReference
  2
_ArchTick
 10
104973.983230663
 20
7574.41117799969
 30
0.0
 41
75.0
 42
75.0
 43
75.0
 50
270.0
  0
MTEXT
  5
1521
330
F24
100
AcDbEntity
  8
CALLOUT TEXT
440
 16777216
100
AcDbMText
 10
104786.483230663
 20
8511.911177999657
 30
0.0
 40
225.0
 41
0.0
 46
0.0
 71
     5
 72
     1
  1
\A1;1875
  7
dim
 11
0.0000000000000001
 21
1.0
 31
0.0
 73
     1
 44
1.0
  0
POINT
  5
1522
330
F24
100
AcDbEntity
  8
Defpoints
 62
     0
440
 16777216
100
AcDbPoint
 10
104986.5740331798
 20
9449.41117799969
 30
0.0
  0
POINT
  5
1523
330
F24
100
AcDbEntity
  8
Defpoints
 62
     0
440
 16777216
100
AcDbPoint
 10
104976.0140052675
 20
7574.41117799969
 30
0.0
  0
POINT
  5
1524
330
F24
100
AcDbEntity
  8
Defpoints
 62
     0
440
 16777216
100
AcDbPoint
 10
104973.983230663
 20
7574.41117799969
 30
0.0
  0
ENDBLK
  5
F26
330
F24
100
AcDbEntity
  8
0
100
AcDbBlockEnd
  0
BLOCK
  5
F31
330
F30
100
AcDbEntity
  8
0
100
AcDbBlockBegin
  2
*D108
 70
     1
 10
0.0
 20
0.0
 30
0.0
  3
*D108
  1

  0
LINE
  5
1525
330
F30
100
AcDbEntity
  8
CALLOUT TEXT
440
 16777216
370
    -2
100
AcDbLine
 10
104901.0140052675
 20
7574.41117799969
 30
0.0
 11
104923.9832306632
 21
7574.41117799969
 31
0.0
  0
LINE
  5
1526
330
F30
100
AcDbEntity
  8
CALLOUT TEXT
440
 16777216
370
    -2
100
AcDbLine
 10
104909.8478747694
 20
5774.41148317547
 30
0.0
 11
104923.9832306632
 21
5774.41148317547
 31
0.0
  0
LINE
  5
1527
330
F30
100
AcDbEntity
  8
CALLOUT TEXT
440
 16777216
370
    -2
100
AcDbLine
 10
104973.9832306633
 20
7624.411177999689
 30
0.0
 11
104973.9832306633
 21
5724.41148317547
 31
0.0
  0
INSERT
  5
1528
330
F30
100
AcDbEntity
  8
CALLOUT TEXT
440
 16777216
370
    -2
100
AcDbBlockReference
  2
_ArchTick
 10
104973.9832306633
 20
7574.41117799969
 30
0.0
 41
75.0
 42
75.0
 43
75.0
 50
90.0
  0
INSERT
  5
1529
330
F30
100
AcDbEntity
  8
CALLOUT TEXT
440
 16777216
370
    -2
100
AcDbBlockReference
  2
_ArchTick
 10
104973.9832306633
 20
5774.41148317547
 30
0.0
 41
75.0
 42
75.0
 43
75.0
 50
270.0
  0
MTEXT
  5
152A
330
F30
100
AcDbEntity
  8
CALLOUT TEXT
440
 16777216
100
AcDbMText
 10
104786.4832306632
 20
6674.411330587549
 30
0.0
 40
225.0
 41
0.0
 46
0.0
 71
     5
 72
     1
  1
\A1;1800
  7
dim
 11
0.0000000000000001
 21
1.0
 31
0.0
 73
     1
 44
1.0
  0
POINT
  5
152B
330
F30
100
AcDbEntity
  8
Defpoints
 62
     0
440
 16777216
100
AcDbPoint
 10
104976.0140052675
 20
7574.41117799969
 30
0.0
  0
POINT
  5
152C
330
F30
100
AcDbEntity
  8
Defpoints
 62
     0
440
 16777216
100
AcDbPoint
 10
104984.8478747694
 20
5774.41148317547
 30
0.0
  0
POINT
  5
152D
330
F30
100
AcDbEntity
  8
Defpoints
 62
     0
440
 16777216
100
AcDbPoint
 10
104973.9832306633
 20
5774.41148317547
 30
0.0
  0
ENDBLK
  5
F32
330
F30
100
AcDbEntity
  8
0
100
AcDbBlockEnd
  0
BLOCK
  5
F3D
330
F3C
100
AcDbEntity
  8
0
100
AcDbBlockBegin
  2
*D109
 70
     1
 10
0.0
 20
0.0
 30
0.0
  3
*D109
  1

  0
LINE
  5
11FF
330
F3C
100
AcDbEntity
  8
CALLOUT TEXT
440
 16777216
370
    -2
100
AcDbLine
 10
3578.894530273579
 20
19425.98582657135
 30
0.0
 11
3578.894530273579
 21
19400.98582657135
 31
0.0
  0
LINE
  5
1200
330
F3C
100
AcDbEntity
  8
CALLOUT TEXT
440
 16777216
370
    -2
100
AcDbLine
 10
6203.894530273579
 20
19425.98582657135
 30
0.0
 11
6203.894530273579
 21
19400.98582657135
 31
0.0
  0
LINE
  5
1201
330
F3C
100
AcDbEntity
  8
CALLOUT TEXT
440
 16777216
370
    -2
100
AcDbLine
 10
3528.894530273579
 20
19350.98582657135
 30
0.0
 11
6253.894530273579
 21
19350.98582657135
 31
0.0
  0
INSERT
  5
1202
330
F3C
100
AcDbEntity
  8
CALLOUT TEXT
440
 16777216
370
    -2
100
AcDbBlockReference
  2
_ArchTick
 10
3578.894530273579
 20
19350.98582657135
 30
0.0
 41
75.0
 42
75.0
 43
75.0
 50
180.0
  0
INSERT
  5
1203
330
F3C
100
AcDbEntity
  8
CALLOUT TEXT
440
 16777216
370
    -2
100
AcDbBlockReference
  2
_ArchTick
 10
6203.894530273579
 20
19350.98582657135
 30
0.0
 41
75.0
 42
75.0
 43
75.0
  0
MTEXT
  5
1204
330
F3C
100
AcDbEntity
  8
CALLOUT TEXT
440
 16777216
100
AcDbMText
 10
4891.394530273579
 20
19538.48582657135
 30
0.0
 40
225.0
 41
0.0
 46
0.0
 71
     5
 72
     1
  1
\A1;2625
  7
dim
 73
     1
 44
1.0
  0
POINT
  5
1205
330
F3C
100
AcDbEntity
  8
Defpoints
 62
     0
440
 16777216
100
AcDbPoint
 10
3578.894530273579
 20
19350.98582657135
 30
0.0
  0
POINT
  5
1206
330
F3C
100
AcDbEntity
  8
Defpoints
 62
     0
440
 16777216
100
AcDbPoint
 10
6203.894530273579
 20
19350.98582657135
 30
0.0
  0
POINT
  5
1207
330
F3C
100
AcDbEntity
  8
Defpoints
 62
     0
440
 16777216
100
AcDbPoint
 10
6203.894530273579
 20
19350.98582657135
 30
0.0
  0
ENDBLK
  5
F3E
330
F3C
100
AcDbEntity
  8
0
100
AcDbBlockEnd
  0
BLOCK
  5
F49
330
F48
100
AcDbEntity
  8
0
100
AcDbBlockBegin
  2
*D110
 70
     1
 10
0.0
 20
0.0
 30
0.0
  3
*D110
  1

  0
LINE
  5
1208
330
F48
100
AcDbEntity
  8
CALLOUT TEXT
440
 16777216
370
    -2
100
AcDbLine
 10
6203.894530273579
 20
19425.98582657135
 30
0.0
 11
6203.894530273579
 21
19400.98582657135
 31
0.0
  0
LINE
  5
1209
330
F48
100
AcDbEntity
  8
CALLOUT TEXT
440
 16777216
370
    -2
100
AcDbLine
 10
10885.45190208692
 20
19424.64495478186
 30
0.0
 11
10885.45190208692
 21
19400.98582657135
 31
0.0
  0
LINE
  5
120A
330
F48
100
AcDbEntity
  8
CALLOUT TEXT
440
 16777216
370
    -2
100
AcDbLine
 10
6153.894530273579
 20
19350.98582657135
 30
0.0
 11
10935.45190208692
 21
19350.98582657135
 31
0.0
  0
INSERT
  5
120B
330
F48
100
AcDbEntity
  8
CALLOUT TEXT
440
 16777216
370
    -2
100
AcDbBlockReference
  2
_ArchTick
 10
6203.894530273579
 20
19350.98582657135
 30
0.0
 41
75.0
 42
75.0
 43
75.0
 50
180.0
  0
INSERT
  5
120C
330
F48
100
AcDbEntity
  8
CALLOUT TEXT
440
 16777216
370
    -2
100
AcDbBlockReference
  2
_ArchTick
 10
10885.45190208692
 20
19350.98582657135
 30
0.0
 41
75.0
 42
75.0
 43
75.0
  0
MTEXT
  5
120D
330
F48
100
AcDbEntity
  8
CALLOUT TEXT
440
 16777216
100
AcDbMText
 10
8544.673216180248
 20
19538.48582657135
 30
0.0
 40
225.0
 41
0.0
 46
0.0
 71
     5
 72
     1
  1
\A1;4682
  7
dim
 73
     1
 44
1.0
  0
POINT
  5
120E
330
F48
100
AcDbEntity
  8
Defpoints
 62
     0
440
 16777216
100
AcDbPoint
 10
6203.894530273579
 20
19350.98582657135
 30
0.0
  0
POINT
  5
120F
330
F48
100
AcDbEntity
  8
Defpoints
 62
     0
440
 16777216
100
AcDbPoint
 10
10885.45190208692
 20
19349.64495478186
 30
0.0000000000000142
  0
POINT
  5
1210
330
F48
100
AcDbEntity
  8
Defpoints
 62
     0
440
 16777216
100
AcDbPoint
 10
10885.45190208692
 20
19350.98582657135
 30
0.0
  0
ENDBLK
  5
F4A
330
F48
100
AcDbEntity
  8
0
100
AcDbBlockEnd
  0
BLOCK
  5
F55
330
F54
100
AcDbEntity
  8
0
100
AcDbBlockBegin
  2
*D111
 70
     1
 10
0.0
 20
0.0
 30
0.0
  3
*D111
  1

  0
LINE
  5
1211
330
F54
100
AcDbEntity
  8
CALLOUT TEXT
440
 16777216
370
    -2
100
AcDbLine
 10
10885.45190208692
 20
19424.64495478186
 30
0.0
 11
10885.45190208692
 21
19400.98582657135
 31
0.0
  0
LINE
  5
1212
330
F54
100
AcDbEntity
  8
CALLOUT TEXT
440
 16777216
370
    -2
100
AcDbLine
 10
11453.99465532293
 20
19276.62372854442
 30
0.0
 11
11453.99465532293
 21
19300.98582657135
 31
0.0
  0
LINE
  5
1213
330
F54
100
AcDbEntity
  8
CALLOUT TEXT
440
 16777216
370
    -2
100
AcDbLine
 10
10835.45190208692
 20
19350.98582657135
 30
0.0
 11
11503.99465532293
 21
19350.98582657135
 31
0.0
  0
LINE
  5
1214
330
F54
100
AcDbEntity
  8
CALLOUT TEXT
440
 16777216
370
    -2
100
AcDbLine
 10
11169.72327870493
 20
19350.98582657135
 30
0.0
 11
10960.5319384485
 21
19629.08615242576
 31
0.0
  0
LINE
  5
1215
330
F54
100
AcDbEntity
  8
CALLOUT TEXT
440
 16777216
370
    -2
100
AcDbLine
 10
10960.5319384485
 20
19629.08615242576
 30
0.0
 11
10356.24622416279
 21
19629.08615242576
 31
0.0
  0
MTEXT
  5
1216
330
F54
100
AcDbEntity
  8
CALLOUT TEXT
440
 16777216
100
AcDbMText
 10
10658.38908130564
 20
19816.58615242576
 30
0.0
 40
225.0
 41
0.0
 46
0.0
 71
     5
 72
     1
  1
\A1;569
  7
dim
 73
     1
 44
1.0
  0
INSERT
  5
1217
330
F54
100
AcDbEntity
  8
CALLOUT TEXT
440
 16777216
370
    -2
100
AcDbBlockReference
  2
_ArchTick
 10
10885.45190208692
 20
19350.98582657135
 30
0.0
 41
75.0
 42
75.0
 43
75.0
 50
180.0
  0
INSERT
  5
1218
330
F54
100
AcDbEntity
  8
CALLOUT TEXT
440
 16777216
370
    -2
100
AcDbBlockReference
  2
_ArchTick
 10
11453.99465532293
 20
19350.98582657135
 30
0.0
 41
75.0
 42
75.0
 43
75.0
  0
POINT
  5
1219
330
F54
100
AcDbEntity
  8
Defpoints
 62
     0
440
 16777216
100
AcDbPoint
 10
10885.45190208692
 20
19349.64495478186
 30
0.0000000000000142
  0
POINT
  5
121A
330
F54
100
AcDbEntity
  8
Defpoints
 62
     0
440
 16777216
100
AcDbPoint
 10
11453.99465532293
 20
19351.62372854442
 30
0.0
  0
POINT
  5
121B
330
F54
100
AcDbEntity
  8
Defpoints
 62
     0
440
 16777216
100
AcDbPoint
 10
11453.99465532293
 20
19350.98582657135
 30
0.0
  0
ENDBLK
  5
F56
330
F54
100
AcDbEntity
  8
0
100
AcDbBlockEnd
  0
BLOCK
  5
F63
330
F62
100
AcDbEntity
  8
0
100
AcDbBlockBegin
  2
*D112
 70
     1
 10
0.0
 20
0.0
 30
0.0
  3
*D112
  1

  0
LINE
  5
121C
330
F62
100
AcDbEntity
  8
CALLOUT TEXT
440
 16777216
370
    -2
100
AcDbLine
 10
11453.99465532293
 20
19276.62372854442
 30
0.0
 11
11453.99465532293
 21
19300.98582657135
 31
0.0
  0
LINE
  5
121D
330
F62
100
AcDbEntity
  8
CALLOUT TEXT
440
 16777216
370
    -2
100
AcDbLine
 10
12128.89496477596
 20
19425.98577234346
 30
0.0
 11
12128.89496477596
 21
19400.98582657135
 31
0.0
  0
LINE
  5
121E
330
F62
100
AcDbEntity
  8
CALLOUT TEXT
440
 16777216
370
    -2
100
AcDbLine
 10
11403.99465532293
 20
19350.98582657135
 30
0.0
 11
12178.89496477595
 21
19350.98582657135
 31
0.0
  0
INSERT
  5
121F
330
F62
100
AcDbEntity
  8
CALLOUT TEXT
440
 16777216
370
    -2
100
AcDbBlockReference
  2
_ArchTick
 10
11453.99465532293
 20
19350.98582657135
 30
0.0
 41
75.0
 42
75.0
 43
75.0
 50
180.0
  0
INSERT
  5
1220
330
F62
100
AcDbEntity
  8
CALLOUT TEXT
440
 16777216
370
    -2
100
AcDbBlockReference
  2
_ArchTick
 10
12128.89496477596
 20
19350.98582657135
 30
0.0
 41
75.0
 42
75.0
 43
75.0
  0
MTEXT
  5
1221
330
F62
100
AcDbEntity
  8
CALLOUT TEXT
440
 16777216
100
AcDbMText
 10
11791.44481004944
 20
19538.48582657135
 30
0.0
 40
225.0
 41
0.0
 46
0.0
 71
     5
 72
     1
  1
\A1;675
  7
dim
 73
     1
 44
1.0
  0
POINT
  5
1222
330
F62
100
AcDbEntity
  8
Defpoints
 62
     0
440
 16777216
100
AcDbPoint
 10
11453.99465532293
 20
19351.62372854442
 30
0.0
  0
POINT
  5
1223
330
F62
100
AcDbEntity
  8
Defpoints
 62
     0
440
 16777216
100
AcDbPoint
 10
12128.89496477596
 20
19350.98577234346
 30
0.0
  0
POINT
  5
1224
330
F62
100
AcDbEntity
  8
Defpoints
 62
     0
440
 16777216
100
AcDbPoint
 10
12128.89496477596
 20
19350.98582657135
 30
0.0
  0
ENDBLK
  5
F64
330
F62
100
AcDbEntity
  8
0
100
AcDbBlockEnd
  0
BLOCK
  5
F6F
330
F6E
100
AcDbEntity
  8
0
100
AcDbBlockBegin
  2
*D113
 70
     1
 10
0.0
 20
0.0
 30
0.0
  3
*D113
  1

  0
LINE
  5
1225
330
F6E
100
AcDbEntity
  8
CALLOUT TEXT
440
 16777216
370
    -2
100
AcDbLine
 10
12128.89496477596
 20
19425.98577234346
 30
0.0
 11
12128.89496477596
 21
19400.98582657135
 31
0.0
  0
LINE
  5
1226
330
F6E
100
AcDbEntity
  8
CALLOUT TEXT
440
 16777216
370
    -2
100
AcDbLine
 10
15553.89544580092
 20
19425.98582657135
 30
0.0
 11
15553.89544580092
 21
19400.98582657135
 31
0.0
  0
LINE
  5
1227
330
F6E
100
AcDbEntity
  8
CALLOUT TEXT
440
 16777216
370
    -2
100
AcDbLine
 10
12078.89496477595
 20
19350.98582657135
 30
0.0
 11
15603.89544580092
 21
19350.98582657135
 31
0.0
  0
INSERT
  5
1228
330
F6E
100
AcDbEntity
  8
CALLOUT TEXT
440
 16777216
370
    -2
100
AcDbBlockReference
  2
_ArchTick
 10
12128.89496477596
 20
19350.98582657135
 30
0.0
 41
75.0
 42
75.0
 43
75.0
 50
180.0
  0
INSERT
  5
1229
330
F6E
100
AcDbEntity
  8
CALLOUT TEXT
440
 16777216
370
    -2
100
AcDbBlockReference
  2
_ArchTick
 10
15553.89544580092
 20
19350.98582657135
 30
0.0
 41
75.0
 42
75.0
 43
75.0
  0
MTEXT
  5
122A
330
F6E
100
AcDbEntity
  8
CALLOUT TEXT
440
 16777216
100
AcDbMText
 10
13841.39520528844
 20
19538.48582657135
 30
0.0
 40
225.0
 41
0.0
 46
0.0
 71
     5
 72
     1
  1
\A1;3425
  7
dim
 73
     1
 44
1.0
  0
POINT
  5
122B
330
F6E
100
AcDbEntity
  8
Defpoints
 62
     0
440
 16777216
100
AcDbPoint
 10
12128.89496477596
 20
19350.98577234346
 30
0.0
  0
POINT
  5
122C
330
F6E
100
AcDbEntity
  8
Defpoints
 62
     0
440
 16777216
100
AcDbPoint
 10
15553.89544580092
 20
19350.98582657135
 30
0.0000000000000142
  0
POINT
  5
122D
330
F6E
100
AcDbEntity
  8
Defpoints
 62
     0
440
 16777216
100
AcDbPoint
 10
15553.89544580092
 20
19350.98582657135
 30
0.0
  0
ENDBLK
  5
F70
330
F6E
100
AcDbEntity
  8
0
100
AcDbBlockEnd
  0
BLOCK
  5
F7B
330
F7A
100
AcDbEntity
  8
0
100
AcDbBlockBegin
  2
*D114
 70
     1
 10
0.0
 20
0.0
 30
0.0
  3
*D114
  1

  0
LINE
  5
122E
330
F7A
100
AcDbEntity
  8
CALLOUT TEXT
440
 16777216
370
    -2
100
AcDbLine
 10
15553.89544580092
 20
19425.98582657135
 30
0.0
 11
15553.89544580092
 21
19400.98582657135
 31
0.0
  0
LINE
  5
122F
330
F7A
100
AcDbEntity
  8
CALLOUT TEXT
440
 16777216
370
    -2
100
AcDbLine
 10
17153.89495752002
 20
19275.98582657149
 30
0.0
 11
17153.89495752002
 21
19300.98582657135
 31
0.0
  0
LINE
  5
1230
330
F7A
100
AcDbEntity
  8
CALLOUT TEXT
440
 16777216
370
    -2
100
AcDbLine
 10
15503.89544580092
 20
19350.98582657135
 30
0.0
 11
17203.89495752002
 21
19350.98582657135
 31
0.0
  0
INSERT
  5
1231
330
F7A
100
AcDbEntity
  8
CALLOUT TEXT
440
 16777216
370
    -2
100
AcDbBlockReference
  2
_ArchTick
 10
15553.89544580092
 20
19350.98582657135
 30
0.0
 41
75.0
 42
75.0
 43
75.0
 50
180.0
  0
INSERT
  5
1232
330
F7A
100
AcDbEntity
  8
CALLOUT TEXT
440
 16777216
370
    -2
100
AcDbBlockReference
  2
_ArchTick
 10
17153.89495752002
 20
19350.98582657135
 30
0.0
 41
75.0
 42
75.0
 43
75.0
  0
MTEXT
  5
1233
330
F7A
100
AcDbEntity
  8
CALLOUT TEXT
440
 16777216
100
AcDbMText
 10
16353.89520166047
 20
19538.48582657135
 30
0.0
 40
225.0
 41
0.0
 46
0.0
 71
     5
 72
     1
  1
\A1;1600
  7
dim
 73
     1
 44
1.0
  0
POINT
  5
1234
330
F7A
100
AcDbEntity
  8
Defpoints
 62
     0
440
 16777216
100
AcDbPoint
 10
15553.89544580092
 20
19350.98582657135
 30
0.0000000000000142
  0
POINT
  5
1235
330
F7A
100
AcDbEntity
  8
Defpoints
 62
     0
440
 16777216
100
AcDbPoint
 10
17153.89495752002
 20
19350.9858265715
 30
0.0
  0
POINT
  5
1236
330
F7A
100
AcDbEntity
  8
Defpoints
 62
     0
440
 16777216
100
AcDbPoint
 10
17153.89495752002
 20
19350.98582657135
 30
0.0
  0
ENDBLK
  5
F7C
330
F7A
100
AcDbEntity
  8
0
100
AcDbBlockEnd
  0
BLOCK
  5
F87
330
F86
100
AcDbEntity
  8
0
100
AcDbBlockBegin
  2
*D115
 70
     1
 10
0.0
 20
0.0
 30
0.0
  3
*D115
  1

  0
LINE
  5
1237
330
F86
100
AcDbEntity
  8
CALLOUT TEXT
440
 16777216
370
    -2
100
AcDbLine
 10
17153.89495752002
 20
19275.98582657149
 30
0.0
 11
17153.89495752002
 21
19300.98582657135
 31
0.0
  0
LINE
  5
1238
330
F86
100
AcDbEntity
  8
CALLOUT TEXT
440
 16777216
370
    -2
100
AcDbLine
 10
17828.89495751967
 20
19425.98582657135
 30
0.0
 11
17828.89495751967
 21
19400.98582657135
 31
0.0
  0
LINE
  5
1239
330
F86
100
AcDbEntity
  8
CALLOUT TEXT
440
 16777216
370
    -2
100
AcDbLine
 10
17103.89495752002
 20
19350.98582657135
 30
0.0
 11
17878.89495751967
 21
19350.98582657135
 31
0.0
  0
INSERT
  5
123A
330
F86
100
AcDbEntity
  8
CALLOUT TEXT
440
 16777216
370
    -2
100
AcDbBlockReference
  2
_ArchTick
 10
17153.89495752002
 20
19350.98582657135
 30
0.0
 41
75.0
 42
75.0
 43
75.0
 50
180.0
  0
INSERT
  5
123B
330
F86
100
AcDbEntity
  8
CALLOUT TEXT
440
 16777216
370
    -2
100
AcDbBlockReference
  2
_ArchTick
 10
17828.89495751967
 20
19350.98582657135
 30
0.0
 41
75.0
 42
75.0
 43
75.0
  0
MTEXT
  5
123C
330
F86
100
AcDbEntity
  8
CALLOUT TEXT
440
 16777216
100
AcDbMText
 10
17491.39495751985
 20
19538.48582657135
 30
0.0
 40
225.0
 41
0.0
 46
0.0
 71
     5
 72
     1
  1
\A1;675
  7
dim
 73
     1
 44
1.0
  0
POINT
  5
123D
330
F86
100
AcDbEntity
  8
Defpoints
 62
     0
440
 16777216
100
AcDbPoint
 10
17153.89495752002
 20
19350.9858265715
 30
0.0
  0
POINT
  5
123E
330
F86
100
AcDbEntity
  8
Defpoints
 62
     0
440
 16777216
100
AcDbPoint
 10
17828.89495751967
 20
19350.98582657135
 30
0.0
  0
POINT
  5
123F
330
F86
100
AcDbEntity
  8
Defpoints
 62
     0
440
 16777216
100
AcDbPoint
 10
17828.89495751967
 20
19350.98582657135
 30
0.0
  0
ENDBLK
  5
F88
330
F86
100
AcDbEntity
  8
0
100
AcDbBlockEnd
  0
BLOCK
  5
F93
330
F92
100
AcDbEntity
  8
0
100
AcDbBlockBegin
  2
*D116
 70
     1
 10
0.0
 20
0.0
 30
0.0
  3
*D116
  1

  0
LINE
  5
1240
330
F92
100
AcDbEntity
  8
CALLOUT TEXT
440
 16777216
370
    -2
100
AcDbLine
 10
17828.89495751967
 20
19425.98582657135
 30
0.0
 11
17828.89495751967
 21
19400.98582657135
 31
0.0
  0
LINE
  5
1241
330
F92
100
AcDbEntity
  8
CALLOUT TEXT
440
 16777216
370
    -2
100
AcDbLine
 10
20228.89544580093
 20
19425.98582657135
 30
0.0
 11
20228.89544580093
 21
19400.98582657135
 31
0.0
  0
LINE
  5
1242
330
F92
100
AcDbEntity
  8
CALLOUT TEXT
440
 16777216
370
    -2
100
AcDbLine
 10
17778.89495751967
 20
19350.98582657135
 30
0.0
 11
20278.89544580093
 21
19350.98582657135
 31
0.0
  0
INSERT
  5
1243
330
F92
100
AcDbEntity
  8
CALLOUT TEXT
440
 16777216
370
    -2
100
AcDbBlockReference
  2
_ArchTick
 10
17828.89495751967
 20
19350.98582657135
 30
0.0
 41
75.0
 42
75.0
 43
75.0
 50
180.0
  0
INSERT
  5
1244
330
F92
100
AcDbEntity
  8
CALLOUT TEXT
440
 16777216
370
    -2
100
AcDbBlockReference
  2
_ArchTick
 10
20228.89544580093
 20
19350.98582657135
 30
0.0
 41
75.0
 42
75.0
 43
75.0
  0
MTEXT
  5
1245
330
F92
100
AcDbEntity
  8
CALLOUT TEXT
440
 16777216
100
AcDbMText
 10
19028.8952016603
 20
19538.48582657135
 30
0.0
 40
225.0
 41
0.0
 46
0.0
 71
     5
 72
     1
  1
\A1;2400
  7
dim
 73
     1
 44
1.0
  0
POINT
  5
1246
330
F92
100
AcDbEntity
  8
Defpoints
 62
     0
440
 16777216
100
AcDbPoint
 10
17828.89495751967
 20
19350.98582657135
 30
0.0
  0
POINT
  5
1247
330
F92
100
AcDbEntity
  8
Defpoints
 62
     0
440
 16777216
100
AcDbPoint
 10
20228.89544580093
 20
19350.98582657135
 30
0.0000000000000142
  0
POINT
  5
1248
330
F92
100
AcDbEntity
  8
Defpoints
 62
     0
440
 16777216
100
AcDbPoint
 10
20228.89544580093
 20
19350.98582657135
 30
0.0
  0
ENDBLK
  5
F94
330
F92
100
AcDbEntity
  8
0
100
AcDbBlockEnd
  0
BLOCK
  5
F9F
330
F9E
100
AcDbEntity
  8
0
100
AcDbBlockBegin
  2
*D117
 70
     1
 10
0.0
 20
0.0
 30
0.0
  3
*D117
  1

  0
LINE
  5
1249
330
F9E
100
AcDbEntity
  8
CALLOUT TEXT
440
 16777216
370
    -2
100
AcDbLine
 10
20228.89544580093
 20
19425.98582657135
 30
0.0
 11
20228.89544580093
 21
19400.98582657135
 31
0.0
  0
LINE
  5
124A
330
F9E
100
AcDbEntity
  8
CALLOUT TEXT
440
 16777216
370
    -2
100
AcDbLine
 10
22853.8942250978
 20
19425.98582657135
 30
0.0
 11
22853.8942250978
 21
19400.98582657135
 31
0.0
  0
LINE
  5
124B
330
F9E
100
AcDbEntity
  8
CALLOUT TEXT
440
 16777216
370
    -2
100
AcDbLine
 10
20178.89544580092
 20
19350.98582657135
 30
0.0
 11
22903.8942250978
 21
19350.98582657135
 31
0.0
  0
INSERT
  5
124C
330
F9E
100
AcDbEntity
  8
CALLOUT TEXT
440
 16777216
370
    -2
100
AcDbBlockReference
  2
_ArchTick
 10
20228.89544580093
 20
19350.98582657135
 30
0.0
 41
75.0
 42
75.0
 43
75.0
 50
180.0
  0
INSERT
  5
124D
330
F9E
100
AcDbEntity
  8
CALLOUT TEXT
440
 16777216
370
    -2
100
AcDbBlockReference
  2
_ArchTick
 10
22853.8942250978
 20
19350.98582657135
 30
0.0
 41
75.0
 42
75.0
 43
75.0
  0
MTEXT
  5
124E
330
F9E
100
AcDbEntity
  8
CALLOUT TEXT
440
 16777216
100
AcDbMText
 10
21541.39483544936
 20
19538.48582657135
 30
0.0
 40
225.0
 41
0.0
 46
0.0
 71
     5
 72
     1
  1
\A1;2625
  7
dim
 73
     1
 44
1.0
  0
POINT
  5
124F
330
F9E
100
AcDbEntity
  8
Defpoints
 62
     0
440
 16777216
100
AcDbPoint
 10
20228.89544580093
 20
19350.98582657135
 30
0.0000000000000142
  0
POINT
  5
1250
330
F9E
100
AcDbEntity
  8
Defpoints
 62
     0
440
 16777216
100
AcDbPoint
 10
22853.8942250978
 20
19350.98582657135
 30
0.0
  0
POINT
  5
1251
330
F9E
100
AcDbEntity
  8
Defpoints
 62
     0
440
 16777216
100
AcDbPoint
 10
22853.8942250978
 20
19350.98582657135
 30
0.0
  0
ENDBLK
  5
FA0
330
F9E
100
AcDbEntity
  8
0
100
AcDbBlockEnd
  0
BLOCK
  5
FAB
330
FAA
100
AcDbEntity
  8
0
100
AcDbBlockBegin
  2
*D118
 70
     1
 10
0.0
 20
0.0
 30
0.0
  3
*D118
  1

  0
LINE
  5
1252
330
FAA
100
AcDbEntity
  8
CALLOUT TEXT
440
 16777216
370
    -2
100
AcDbLine
 10
22853.8942250978
 20
19425.98582657135
 30
0.0
 11
22853.8942250978
 21
19400.98582657135
 31
0.0
  0
LINE
  5
1253
330
FAA
100
AcDbEntity
  8
CALLOUT TEXT
440
 16777216
370
    -2
100
AcDbLine
 10
24278.8942250978
 20
19425.60582657135
 30
0.0
 11
24278.8942250978
 21
19400.98582657135
 31
0.0
  0
LINE
  5
1254
330
FAA
100
AcDbEntity
  8
CALLOUT TEXT
440
 16777216
370
    -2
100
AcDbLine
 10
22803.8942250978
 20
19350.98582657135
 30
0.0
 11
24328.8942250978
 21
19350.98582657135
 31
0.0
  0
INSERT
  5
1255
330
FAA
100
AcDbEntity
  8
CALLOUT TEXT
440
 16777216
370
    -2
100
AcDbBlockReference
  2
_ArchTick
 10
22853.8942250978
 20
19350.98582657135
 30
0.0
 41
75.0
 42
75.0
 43
75.0
 50
180.0
  0
INSERT
  5
1256
330
FAA
100
AcDbEntity
  8
CALLOUT TEXT
440
 16777216
370
    -2
100
AcDbBlockReference
  2
_ArchTick
 10
24278.8942250978
 20
19350.98582657135
 30
0.0
 41
75.0
 42
75.0
 43
75.0
  0
MTEXT
  5
1257
330
FAA
100
AcDbEntity
  8
CALLOUT TEXT
440
 16777216
100
AcDbMText
 10
23566.3942250978
 20
19538.48582657135
 30
0.0
 40
225.0
 41
0.0
 46
0.0
 71
     5
 72
     1
  1
\A1;1425
  7
dim
 73
     1
 44
1.0
  0
POINT
  5
1258
330
FAA
100
AcDbEntity
  8
Defpoints
 62
     0
440
 16777216
100
AcDbPoint
 10
22853.8942250978
 20
19350.98582657135
 30
0.0
  0
POINT
  5
1259
330
FAA
100
AcDbEntity
  8
Defpoints
 62
     0
440
 16777216
100
AcDbPoint
 10
24278.8942250978
 20
19350.60582657134
 30
0.0
  0
POINT
  5
125A
330
FAA
100
AcDbEntity
  8
Defpoints
 62
     0
440
 16777216
100
AcDbPoint
 10
24278.8942250978
 20
19350.98582657135
 30
0.0
  0
ENDBLK
  5
FAC
330
FAA
100
AcDbEntity
  8
0
100
AcDbBlockEnd
  0
BLOCK
  5
FB7
330
FB6
100
AcDbEntity
  8
0
100
AcDbBlockBegin
  2
*D119
 70
     1
 10
0.0
 20
0.0
 30
0.0
  3
*D119
  1

  0
LINE
  5
125B
330
FB6
100
AcDbEntity
  8
CALLOUT TEXT
440
 16777216
370
    -2
100
AcDbLine
 10
24278.8942250978
 20
19425.60582657135
 30
0.0
 11
24278.8942250978
 21
19400.98582657135
 31
0.0
  0
LINE
  5
125C
330
FB6
100
AcDbEntity
  8
CALLOUT TEXT
440
 16777216
370
    -2
100
AcDbLine
 10
27878.8942250978
 20
19425.60582657135
 30
0.0
 11
27878.8942250978
 21
19400.98582657135
 31
0.0
  0
LINE
  5
125D
330
FB6
100
AcDbEntity
  8
CALLOUT TEXT
440
 16777216
370
    -2
100
AcDbLine
 10
24228.8942250978
 20
19350.98582657135
 30
0.0
 11
27928.8942250978
 21
19350.98582657135
 31
0.0
  0
INSERT
  5
125E
330
FB6
100
AcDbEntity
  8
CALLOUT TEXT
440
 16777216
370
    -2
100
AcDbBlockReference
  2
_ArchTick
 10
24278.8942250978
 20
19350.98582657135
 30
0.0
 41
75.0
 42
75.0
 43
75.0
 50
180.0
  0
INSERT
  5
125F
330
FB6
100
AcDbEntity
  8
CALLOUT TEXT
440
 16777216
370
    -2
100
AcDbBlockReference
  2
_ArchTick
 10
27878.8942250978
 20
19350.98582657135
 30
0.0
 41
75.0
 42
75.0
 43
75.0
  0
MTEXT
  5
1260
330
FB6
100
AcDbEntity
  8
CALLOUT TEXT
440
 16777216
100
AcDbMText
 10
26078.8942250978
 20
19538.48582657135
 30
0.0
 40
225.0
 41
0.0
 46
0.0
 71
     5
 72
     1
  1
\A1;3600
  7
dim
 73
     1
 44
1.0
  0
POINT
  5
1261
330
FB6
100
AcDbEntity
  8
Defpoints
 62
     0
440
 16777216
100
AcDbPoint
 10
24278.8942250978
 20
19350.60582657134
 30
0.0
  0
POINT
  5
1262
330
FB6
100
AcDbEntity
  8
Defpoints
 62
     0
440
 16777216
100
AcDbPoint
 10
27878.8942250978
 20
19350.60582657134
 30
0.0
  0
POINT
  5
1263
330
FB6
100
AcDbEntity
  8
Defpoints
 62
     0
440
 16777216
100
AcDbPoint
 10
27878.8942250978
 20
19350.98582657135
 30
0.0
  0
ENDBLK
  5
FB8
330
FB6
100
AcDbEntity
  8
0
100
AcDbBlockEnd
  0
BLOCK
  5
FC3
330
FC2
100
AcDbEntity
  8
0
100
AcDbBlockBegin
  2
*D120
 70
     1
 10
0.0
 20
0.0
 30
0.0
  3
*D120
  1

  0
LINE
  5
1264
330
FC2
100
AcDbEntity
  8
CALLOUT TEXT
440
 16777216
370
    -2
100
AcDbLine
 10
3578.894530273579
 20
4258.74676172144
 30
0.0
 11
3578.894530273579
 21
4233.74676172144
 31
0.0
  0
LINE
  5
1265
330
FC2
100
AcDbEntity
  8
CALLOUT TEXT
440
 16777216
370
    -2
100
AcDbLine
 10
6203.894530273579
 20
4258.74676172144
 30
0.0
 11
6203.894530273579
 21
4233.74676172144
 31
0.0
  0
LINE
  5
1266
330
FC2
100
AcDbEntity
  8
CALLOUT TEXT
440
 16777216
370
    -2
100
AcDbLine
 10
3528.894530273579
 20
4183.746761721439
 30
0.0
 11
6253.894530273579
 21
4183.746761721439
 31
0.0
  0
INSERT
  5
1267
330
FC2
100
AcDbEntity
  8
CALLOUT TEXT
440
 16777216
370
    -2
100
AcDbBlockReference
  2
_ArchTick
 10
3578.894530273579
 20
4183.746761721439
 30
0.0
 41
75.0
 42
75.0
 43
75.0
 50
180.0
  0
INSERT
  5
1268
330
FC2
100
AcDbEntity
  8
CALLOUT TEXT
440
 16777216
370
    -2
100
AcDbBlockReference
  2
_ArchTick
 10
6203.894530273579
 20
4183.746761721439
 30
0.0
 41
75.0
 42
75.0
 43
75.0
  0
MTEXT
  5
1269
330
FC2
100
AcDbEntity
  8
CALLOUT TEXT
440
 16777216
100
AcDbMText
 10
4891.394530273579
 20
4371.246761721439
 30
0.0
 40
225.0
 41
0.0
 46
0.0
 71
     5
 72
     1
  1
\A1;2625
  7
dim
 73
     1
 44
1.0
  0
POINT
  5
126A
330
FC2
100
AcDbEntity
  8
Defpoints
 62
     0
440
 16777216
100
AcDbPoint
 10
3578.894530273579
 20
4183.746761721439
 30
0.0
  0
POINT
  5
126B
330
FC2
100
AcDbEntity
  8
Defpoints
 62
     0
440
 16777216
100
AcDbPoint
 10
6203.894530273579
 20
4183.746761721439
 30
0.0
  0
POINT
  5
126C
330
FC2
100
AcDbEntity
  8
Defpoints
 62
     0
440
 16777216
100
AcDbPoint
 10
6203.894530273579
 20
4183.746761721439
 30
0.0
  0
ENDBLK
  5
FC4
330
FC2
100
AcDbEntity
  8
0
100
AcDbBlockEnd
  0
BLOCK
  5
FCF
330
FCE
100
AcDbEntity
  8
0
100
AcDbBlockBegin
  2
*D121
 70
     1
 10
0.0
 20
0.0
 30
0.0
  3
*D121
  1

  0
LINE
  5
126D
330
FCE
100
AcDbEntity
  8
CALLOUT TEXT
440
 16777216
370
    -2
100
AcDbLine
 10
6203.894530273579
 20
4258.74676172144
 30
0.0
 11
6203.894530273579
 21
4233.74676172144
 31
0.0
  0
LINE
  5
126E
330
FCE
100
AcDbEntity
  8
CALLOUT TEXT
440
 16777216
370
    -2
100
AcDbLine
 10
10885.45190208692
 20
4257.405889931948
 30
0.0
 11
10885.45190208692
 21
4233.74676172144
 31
0.0
  0
LINE
  5
126F
330
FCE
100
AcDbEntity
  8
CALLOUT TEXT
440
 16777216
370
    -2
100
AcDbLine
 10
6153.894530273579
 20
4183.746761721439
 30
0.0
 11
10935.45190208692
 21
4183.746761721439
 31
0.0
  0
INSERT
  5
1270
330
FCE
100
AcDbEntity
  8
CALLOUT TEXT
440
 16777216
370
    -2
100
AcDbBlockReference
  2
_ArchTick
 10
6203.894530273579
 20
4183.746761721439
 30
0.0
 41
75.0
 42
75.0
 43
75.0
 50
180.0
  0
INSERT
  5
1271
330
FCE
100
AcDbEntity
  8
CALLOUT TEXT
440
 16777216
370
    -2
100
AcDbBlockReference
  2
_ArchTick
 10
10885.45190208692
 20
4183.746761721439
 30
0.0
 41
75.0
 42
75.0
 43
75.0
  0
MTEXT
  5
1272
330
FCE
100
AcDbEntity
  8
CALLOUT TEXT
440
 16777216
100
AcDbMText
 10
8544.673216180248
 20
4371.246761721439
 30
0.0
 40
225.0
 41
0.0
 46
0.0
 71
     5
 72
     1
  1
\A1;4682
  7
dim
 73
     1
 44
1.0
  0
POINT
  5
1273
330
FCE
100
AcDbEntity
  8
Defpoints
 62
     0
440
 16777216
100
AcDbPoint
 10
6203.894530273579
 20
4183.746761721439
 30
0.0
  0
POINT
  5
1274
330
FCE
100
AcDbEntity
  8
Defpoints
 62
     0
440
 16777216
100
AcDbPoint
 10
10885.45190208692
 20
4182.405889931947
 30
0.0000000000000142
  0
POINT
  5
1275
330
FCE
100
AcDbEntity
  8
Defpoints
 62
     0
440
 16777216
100
AcDbPoint
 10
10885.45190208692
 20
4183.746761721439
 30
0.0
  0
ENDBLK
  5
FD0
330
FCE
100
AcDbEntity
  8
0
100
AcDbBlockEnd
  0
BLOCK
  5
FDB
330
FDA
100
AcDbEntity
  8
0
100
AcDbBlockBegin
  2
*D122
 70
     1
 10
0.0
 20
0.0
 30
0.0
  3
*D122
  1

  0
LINE
  5
1276
330
FDA
100
AcDbEntity
  8
CALLOUT TEXT
440
 16777216
370
    -2
100
AcDbLine
 10
11453.99465532293
 20
4109.384663694506
 30
0.0
 11
11453.99465532293
 21
4133.74676172144
 31
0.0
  0
LINE
  5
1277
330
FDA
100
AcDbEntity
  8
CALLOUT TEXT
440
 16777216
370
    -2
100
AcDbLine
 10
12128.89496477596
 20
4258.746707493552
 30
0.0
 11
12128.89496477596
 21
4233.74676172144
 31
0.0
  0
LINE
  5
1278
330
FDA
100
AcDbEntity
  8
CALLOUT TEXT
440
 16777216
370
    -2
100
AcDbLine
 10
11403.99465532293
 20
4183.746761721439
 30
0.0
 11
12178.89496477595
 21
4183.746761721439
 31
0.0
  0
INSERT
  5
1279
330
FDA
100
AcDbEntity
  8
CALLOUT TEXT
440
 16777216
370
    -2
100
AcDbBlockReference
  2
_ArchTick
 10
11453.99465532293
 20
4183.746761721439
 30
0.0
 41
75.0
 42
75.0
 43
75.0
 50
180.0
  0
INSERT
  5
127A
330
FDA
100
AcDbEntity
  8
CALLOUT TEXT
440
 16777216
370
    -2
100
AcDbBlockReference
  2
_ArchTick
 10
12128.89496477596
 20
4183.746761721439
 30
0.0
 41
75.0
 42
75.0
 43
75.0
  0
MTEXT
  5
127B
330
FDA
100
AcDbEntity
  8
CALLOUT TEXT
440
 16777216
100
AcDbMText
 10
11791.44481004944
 20
4371.246761721439
 30
0.0
 40
225.0
 41
0.0
 46
0.0
 71
     5
 72
     1
  1
\A1;675
  7
dim
 73
     1
 44
1.0
  0
POINT
  5
127C
330
FDA
100
AcDbEntity
  8
Defpoints
 62
     0
440
 16777216
100
AcDbPoint
 10
11453.99465532293
 20
4184.384663694507
 30
0.0
  0
POINT
  5
127D
330
FDA
100
AcDbEntity
  8
Defpoints
 62
     0
440
 16777216
100
AcDbPoint
 10
12128.89496477596
 20
4183.746707493553
 30
0.0
  0
POINT
  5
127E
330
FDA
100
AcDbEntity
  8
Defpoints
 62
     0
440
 16777216
100
AcDbPoint
 10
12128.89496477596
 20
4183.746761721439
 30
0.0
  0
ENDBLK
  5
FDC
330
FDA
100
AcDbEntity
  8
0
100
AcDbBlockEnd
  0
BLOCK
  5
FE7
330
FE6
100
AcDbEntity
  8
0
100
AcDbBlockBegin
  2
*D123
 70
     1
 10
0.0
 20
0.0
 30
0.0
  3
*D123
  1

  0
LINE
  5
127F
330
FE6
100
AcDbEntity
  8
CALLOUT TEXT
440
 16777216
370
    -2
100
AcDbLine
 10
12128.89496477596
 20
4258.746707493552
 30
0.0
 11
12128.89496477596
 21
4233.74676172144
 31
0.0
  0
LINE
  5
1280
330
FE6
100
AcDbEntity
  8
CALLOUT TEXT
440
 16777216
370
    -2
100
AcDbLine
 10
15553.89544580092
 20
4258.74676172144
 30
0.0
 11
15553.89544580092
 21
4233.74676172144
 31
0.0
  0
LINE
  5
1281
330
FE6
100
AcDbEntity
  8
CALLOUT TEXT
440
 16777216
370
    -2
100
AcDbLine
 10
12078.89496477595
 20
4183.746761721439
 30
0.0
 11
15603.89544580092
 21
4183.746761721439
 31
0.0
  0
INSERT
  5
1282
330
FE6
100
AcDbEntity
  8
CALLOUT TEXT
440
 16777216
370
    -2
100
AcDbBlockReference
  2
_ArchTick
 10
12128.89496477596
 20
4183.746761721439
 30
0.0
 41
75.0
 42
75.0
 43
75.0
 50
180.0
  0
INSERT
  5
1283
330
FE6
100
AcDbEntity
  8
CALLOUT TEXT
440
 16777216
370
    -2
100
AcDbBlockReference
  2
_ArchTick
 10
15553.89544580092
 20
4183.746761721439
 30
0.0
 41
75.0
 42
75.0
 43
75.0
  0
MTEXT
  5
1284
330
FE6
100
AcDbEntity
  8
CALLOUT TEXT
440
 16777216
100
AcDbMText
 10
13841.39520528844
 20
4371.246761721439
 30
0.0
 40
225.0
 41
0.0
 46
0.0
 71
     5
 72
     1
  1
\A1;3425
  7
dim
 73
     1
 44
1.0
  0
POINT
  5
1285
330
FE6
100
AcDbEntity
  8
Defpoints
 62
     0
440
 16777216
100
AcDbPoint
 10
12128.89496477596
 20
4183.746707493553
 30
0.0
  0
POINT
  5
1286
330
FE6
100
AcDbEntity
  8
Defpoints
 62
     0
440
 16777216
100
AcDbPoint
 10
15553.89544580092
 20
4183.746761721439
 30
0.0000000000000142
  0
POINT
  5
1287
330
FE6
100
AcDbEntity
  8
Defpoints
 62
     0
440
 16777216
100
AcDbPoint
 10
15553.89544580092
 20
4183.746761721439
 30
0.0
  0
ENDBLK
  5
FE8
330
FE6
100
AcDbEntity
  8
0
100
AcDbBlockEnd
  0
BLOCK
  5
FF3
330
FF2
100
AcDbEntity
  8
0
100
AcDbBlockBegin
  2
*D124
 70
     1
 10
0.0
 20
0.0
 30
0.0
  3
*D124
  1

  0
LINE
  5
1288
330
FF2
100
AcDbEntity
  8
CALLOUT TEXT
440
 16777216
370
    -2
100
AcDbLine
 10
15553.89544580092
 20
4258.74676172144
 30
0.0
 11
15553.89544580092
 21
4233.74676172144
 31
0.0
  0
LINE
  5
1289
330
FF2
100
AcDbEntity
  8
CALLOUT TEXT
440
 16777216
370
    -2
100
AcDbLine
 10
17153.89495752002
 20
4108.746761721585
 30
0.0
 11
17153.89495752002
 21
4133.74676172144
 31
0.0
  0
LINE
  5
128A
330
FF2
100
AcDbEntity
  8
CALLOUT TEXT
440
 16777216
370
    -2
100
AcDbLine
 10
15503.89544580092
 20
4183.746761721439
 30
0.0
 11
17203.89495752002
 21
4183.746761721439
 31
0.0
  0
INSERT
  5
128B
330
FF2
100
AcDbEntity
  8
CALLOUT TEXT
440
 16777216
370
    -2
100
AcDbBlockReference
  2
_ArchTick
 10
15553.89544580092
 20
4183.746761721439
 30
0.0
 41
75.0
 42
75.0
 43
75.0
 50
180.0
  0
INSERT
  5
128C
330
FF2
100
AcDbEntity
  8
CALLOUT TEXT
440
 16777216
370
    -2
100
AcDbBlockReference
  2
_ArchTick
 10
17153.89495752002
 20
4183.746761721439
 30
0.0
 41
75.0
 42
75.0
 43
75.0
  0
MTEXT
  5
128D
330
FF2
100
AcDbEntity
  8
CALLOUT TEXT
440
 16777216
100
AcDbMText
 10
16353.89520166047
 20
4371.246761721439
 30
0.0
 40
225.0
 41
0.0
 46
0.0
 71
     5
 72
     1
  1
\A1;1600
  7
dim
 73
     1
 44
1.0
  0
POINT
  5
128E
330
FF2
100
AcDbEntity
  8
Defpoints
 62
     0
440
 16777216
100
AcDbPoint
 10
15553.89544580092
 20
4183.746761721439
 30
0.0000000000000142
  0
POINT
  5
128F
330
FF2
100
AcDbEntity
  8
Defpoints
 62
     0
440
 16777216
100
AcDbPoint
 10
17153.89495752002
 20
4183.746761721585
 30
0.0
  0
POINT
  5
1290
330
FF2
100
AcDbEntity
  8
Defpoints
 62
     0
440
 16777216
100
AcDbPoint
 10
17153.89495752002
 20
4183.746761721439
 30
0.0
  0
ENDBLK
  5
FF4
330
FF2
100
AcDbEntity
  8
0
100
AcDbBlockEnd
  0
BLOCK
  5
FFF
330
FFE
100
AcDbEntity
  8
0
100
AcDbBlockBegin
  2
*D125
 70
     1
 10
0.0
 20
0.0
 30
0.0
  3
*D125
  1

  0
LINE
  5
1291
330
FFE
100
AcDbEntity
  8
CALLOUT TEXT
440
 16777216
370
    -2
100
AcDbLine
 10
17153.89495752002
 20
4108.746761721585
 30
0.0
 11
17153.89495752002
 21
4133.74676172144
 31
0.0
  0
LINE
  5
1292
330
FFE
100
AcDbEntity
  8
CALLOUT TEXT
440
 16777216
370
    -2
100
AcDbLine
 10
17828.89495751967
 20
4258.74676172144
 30
0.0
 11
17828.89495751967
 21
4233.74676172144
 31
0.0
  0
LINE
  5
1293
330
FFE
100
AcDbEntity
  8
CALLOUT TEXT
440
 16777216
370
    -2
100
AcDbLine
 10
17103.89495752002
 20
4183.746761721439
 30
0.0
 11
17878.89495751967
 21
4183.746761721439
 31
0.0
  0
INSERT
  5
1294
330
FFE
100
AcDbEntity
  8
CALLOUT TEXT
440
 16777216
370
    -2
100
AcDbBlockReference
  2
_ArchTick
 10
17153.89495752002
 20
4183.746761721439
 30
0.0
 41
75.0
 42
75.0
 43
75.0
 50
180.0
  0
INSERT
  5
1295
330
FFE
100
AcDbEntity
  8
CALLOUT TEXT
440
 16777216
370
    -2
100
AcDbBlockReference
  2
_ArchTick
 10
17828.89495751967
 20
4183.746761721439
 30
0.0
 41
75.0
 42
75.0
 43
75.0
  0
MTEXT
  5
1296
330
FFE
100
AcDbEntity
  8
CALLOUT TEXT
440
 16777216
100
AcDbMText
 10
17491.39495751985
 20
4371.246761721439
 30
0.0
 40
225.0
 41
0.0
 46
0.0
 71
     5
 72
     1
  1
\A1;675
  7
dim
 73
     1
 44
1.0
  0
POINT
  5
1297
330
FFE
100
AcDbEntity
  8
Defpoints
 62
     0
440
 16777216
100
AcDbPoint
 10
17153.89495752002
 20
4183.746761721585
 30
0.0
  0
POINT
  5
1298
330
FFE
100
AcDbEntity
  8
Defpoints
 62
     0
440
 16777216
100
AcDbPoint
 10
17828.89495751967
 20
4183.746761721439
 30
0.0
  0
POINT
  5
1299
330
FFE
100
AcDbEntity
  8
Defpoints
 62
     0
440
 16777216
100
AcDbPoint
 10
17828.89495751967
 20
4183.746761721439
 30
0.0
  0
ENDBLK
  5
1000
330
FFE
100
AcDbEntity
  8
0
100
AcDbBlockEnd
  0
BLOCK
  5
100B
330
100A
100
AcDbEntity
  8
0
100
AcDbBlockBegin
  2
*D126
 70
     1
 10
0.0
 20
0.0
 30
0.0
  3
*D126
  1

  0
LINE
  5
129A
330
100A
100
AcDbEntity
  8
CALLOUT TEXT
440
 16777216
370
    -2
100
AcDbLine
 10
17828.89495751967
 20
4258.74676172144
 30
0.0
 11
17828.89495751967
 21
4233.74676172144
 31
0.0
  0
LINE
  5
129B
330
100A
100
AcDbEntity
  8
CALLOUT TEXT
440
 16777216
370
    -2
100
AcDbLine
 10
20228.89544580093
 20
4258.74676172144
 30
0.0
 11
20228.89544580093
 21
4233.74676172144
 31
0.0
  0
LINE
  5
129C
330
100A
100
AcDbEntity
  8
CALLOUT TEXT
440
 16777216
370
    -2
100
AcDbLine
 10
17778.89495751967
 20
4183.746761721439
 30
0.0
 11
20278.89544580093
 21
4183.746761721439
 31
0.0
  0
INSERT
  5
129D
330
100A
100
AcDbEntity
  8
CALLOUT TEXT
440
 16777216
370
    -2
100
AcDbBlockReference
  2
_ArchTick
 10
17828.89495751967
 20
4183.746761721439
 30
0.0
 41
75.0
 42
75.0
 43
75.0
 50
180.0
  0
INSERT
  5
129E
330
100A
100
AcDbEntity
  8
CALLOUT TEXT
440
 16777216
370
    -2
100
AcDbBlockReference
  2
_ArchTick
 10
20228.89544580093
 20
4183.746761721439
 30
0.0
 41
75.0
 42
75.0
 43
75.0
  0
MTEXT
  5
129F
330
100A
100
AcDbEntity
  8
CALLOUT TEXT
440
 16777216
100
AcDbMText
 10
19028.8952016603
 20
4371.246761721439
 30
0.0
 40
225.0
 41
0.0
 46
0.0
 71
     5
 72
     1
  1
\A1;2400
  7
dim
 73
     1
 44
1.0
  0
POINT
  5
12A0
330
100A
100
AcDbEntity
  8
Defpoints
 62
     0
440
 16777216
100
AcDbPoint
 10
17828.89495751967
 20
4183.746761721439
 30
0.0
  0
POINT
  5
12A1
330
100A
100
AcDbEntity
  8
Defpoints
 62
     0
440
 16777216
100
AcDbPoint
 10
20228.89544580093
 20
4183.746761721439
 30
0.0000000000000142
  0
POINT
  5
12A2
330
100A
100
AcDbEntity
  8
Defpoints
 62
     0
440
 16777216
100
AcDbPoint
 10
20228.89544580093
 20
4183.746761721439
 30
0.0
  0
ENDBLK
  5
100C
330
100A
100
AcDbEntity
  8
0
100
AcDbBlockEnd
  0
BLOCK
  5
1017
330
1016
100
AcDbEntity
  8
0
100
AcDbBlockBegin
  2
*D127
 70
     1
 10
0.0
 20
0.0
 30
0.0
  3
*D127
  1

  0
LINE
  5
12A3
330
1016
100
AcDbEntity
  8
CALLOUT TEXT
440
 16777216
370
    -2
100
AcDbLine
 10
20228.89544580093
 20
4258.74676172144
 30
0.0
 11
20228.89544580093
 21
4233.74676172144
 31
0.0
  0
LINE
  5
12A4
330
1016
100
AcDbEntity
  8
CALLOUT TEXT
440
 16777216
370
    -2
100
AcDbLine
 10
22853.8942250978
 20
4258.74676172144
 30
0.0
 11
22853.8942250978
 21
4233.74676172144
 31
0.0
  0
LINE
  5
12A5
330
1016
100
AcDbEntity
  8
CALLOUT TEXT
440
 16777216
370
    -2
100
AcDbLine
 10
20178.89544580092
 20
4183.746761721439
 30
0.0
 11
22903.8942250978
 21
4183.746761721439
 31
0.0
  0
INSERT
  5
12A6
330
1016
100
AcDbEntity
  8
CALLOUT TEXT
440
 16777216
370
    -2
100
AcDbBlockReference
  2
_ArchTick
 10
20228.89544580093
 20
4183.746761721439
 30
0.0
 41
75.0
 42
75.0
 43
75.0
 50
180.0
  0
INSERT
  5
12A7
330
1016
100
AcDbEntity
  8
CALLOUT TEXT
440
 16777216
370
    -2
100
AcDbBlockReference
  2
_ArchTick
 10
22853.8942250978
 20
4183.746761721439
 30
0.0
 41
75.0
 42
75.0
 43
75.0
  0
MTEXT
  5
12A8
330
1016
100
AcDbEntity
  8
CALLOUT TEXT
440
 16777216
100
AcDbMText
 10
21541.39483544936
 20
4371.246761721439
 30
0.0
 40
225.0
 41
0.0
 46
0.0
 71
     5
 72
     1
  1
\A1;2625
  7
dim
 73
     1
 44
1.0
  0
POINT
  5
12A9
330
1016
100
AcDbEntity
  8
Defpoints
 62
     0
440
 16777216
100
AcDbPoint
 10
20228.89544580093
 20
4183.746761721439
 30
0.0000000000000142
  0
POINT
  5
12AA
330
1016
100
AcDbEntity
  8
Defpoints
 62
     0
440
 16777216
100
AcDbPoint
 10
22853.8942250978
 20
4183.746761721439
 30
0.0
  0
POINT
  5
12AB
330
1016
100
AcDbEntity
  8
Defpoints
 62
     0
440
 16777216
100
AcDbPoint
 10
22853.8942250978
 20
4183.746761721439
 30
0.0
  0
ENDBLK
  5
1018
330
1016
100
AcDbEntity
  8
0
100
AcDbBlockEnd
  0
BLOCK
  5
1023
330
1022
100
AcDbEntity
  8
0
100
AcDbBlockBegin
  2
*D128
 70
     1
 10
0.0
 20
0.0
 30
0.0
  3
*D128
  1

  0
LINE
  5
12AC
330
1022
100
AcDbEntity
  8
CALLOUT TEXT
440
 16777216
370
    -2
100
AcDbLine
 10
22853.8942250978
 20
4258.74676172144
 30
0.0
 11
22853.8942250978
 21
4233.74676172144
 31
0.0
  0
LINE
  5
12AD
330
1022
100
AcDbEntity
  8
CALLOUT TEXT
440
 16777216
370
    -2
100
AcDbLine
 10
24278.8942250978
 20
4258.366761721435
 30
0.0
 11
24278.8942250978
 21
4233.74676172144
 31
0.0
  0
LINE
  5
12AE
330
1022
100
AcDbEntity
  8
CALLOUT TEXT
440
 16777216
370
    -2
100
AcDbLine
 10
22803.8942250978
 20
4183.746761721439
 30
0.0
 11
24328.8942250978
 21
4183.746761721439
 31
0.0
  0
INSERT
  5
12AF
330
1022
100
AcDbEntity
  8
CALLOUT TEXT
440
 16777216
370
    -2
100
AcDbBlockReference
  2
_ArchTick
 10
22853.8942250978
 20
4183.746761721439
 30
0.0
 41
75.0
 42
75.0
 43
75.0
 50
180.0
  0
INSERT
  5
12B0
330
1022
100
AcDbEntity
  8
CALLOUT TEXT
440
 16777216
370
    -2
100
AcDbBlockReference
  2
_ArchTick
 10
24278.8942250978
 20
4183.746761721439
 30
0.0
 41
75.0
 42
75.0
 43
75.0
  0
MTEXT
  5
12B1
330
1022
100
AcDbEntity
  8
CALLOUT TEXT
440
 16777216
100
AcDbMText
 10
23566.3942250978
 20
4371.246761721439
 30
0.0
 40
225.0
 41
0.0
 46
0.0
 71
     5
 72
     1
  1
\A1;1425
  7
dim
 73
     1
 44
1.0
  0
POINT
  5
12B2
330
1022
100
AcDbEntity
  8
Defpoints
 62
     0
440
 16777216
100
AcDbPoint
 10
22853.8942250978
 20
4183.746761721439
 30
0.0
  0
POINT
  5
12B3
330
1022
100
AcDbEntity
  8
Defpoints
 62
     0
440
 16777216
100
AcDbPoint
 10
24278.8942250978
 20
4183.366761721435
 30
0.0
  0
POINT
  5
12B4
330
1022
100
AcDbEntity
  8
Defpoints
 62
     0
440
 16777216
100
AcDbPoint
 10
24278.8942250978
 20
4183.746761721439
 30
0.0
  0
ENDBLK
  5
1024
330
1022
100
AcDbEntity
  8
0
100
AcDbBlockEnd
  0
BLOCK
  5
102F
330
102E
100
AcDbEntity
  8
0
100
AcDbBlockBegin
  2
*D129
 70
     1
 10
0.0
 20
0.0
 30
0.0
  3
*D129
  1

  0
LINE
  5
12B5
330
102E
100
AcDbEntity
  8
CALLOUT TEXT
440
 16777216
370
    -2
100
AcDbLine
 10
24278.8942250978
 20
4258.366761721435
 30
0.0
 11
24278.8942250978
 21
4233.74676172144
 31
0.0
  0
LINE
  5
12B6
330
102E
100
AcDbEntity
  8
CALLOUT TEXT
440
 16777216
370
    -2
100
AcDbLine
 10
27878.8942250978
 20
4258.366761721435
 30
0.0
 11
27878.8942250978
 21
4233.74676172144
 31
0.0
  0
LINE
  5
12B7
330
102E
100
AcDbEntity
  8
CALLOUT TEXT
440
 16777216
370
    -2
100
AcDbLine
 10
24228.8942250978
 20
4183.746761721439
 30
0.0
 11
27928.8942250978
 21
4183.746761721439
 31
0.0
  0
INSERT
  5
12B8
330
102E
100
AcDbEntity
  8
CALLOUT TEXT
440
 16777216
370
    -2
100
AcDbBlockReference
  2
_ArchTick
 10
24278.8942250978
 20
4183.746761721439
 30
0.0
 41
75.0
 42
75.0
 43
75.0
 50
180.0
  0
INSERT
  5
12B9
330
102E
100
AcDbEntity
  8
CALLOUT TEXT
440
 16777216
370
    -2
100
AcDbBlockReference
  2
_ArchTick
 10
27878.8942250978
 20
4183.746761721439
 30
0.0
 41
75.0
 42
75.0
 43
75.0
  0
MTEXT
  5
12BA
330
102E
100
AcDbEntity
  8
CALLOUT TEXT
440
 16777216
100
AcDbMText
 10
26078.8942250978
 20
4371.246761721439
 30
0.0
 40
225.0
 41
0.0
 46
0.0
 71
     5
 72
     1
  1
\A1;3600
  7
dim
 73
     1
 44
1.0
  0
POINT
  5
12BB
330
102E
100
AcDbEntity
  8
Defpoints
 62
     0
440
 16777216
100
AcDbPoint
 10
24278.8942250978
 20
4183.366761721435
 30
0.0
  0
POINT
  5
12BC
330
102E
100
AcDbEntity
  8
Defpoints
 62
     0
440
 16777216
100
AcDbPoint
 10
27878.8942250978
 20
4183.366761721435
 30
0.0
  0
POINT
  5
12BD
330
102E
100
AcDbEntity
  8
Defpoints
 62
     0
440
 16777216
100
AcDbPoint
 10
27878.8942250978
 20
4183.746761721439
 30
0.0
  0
ENDBLK
  5
1030
330
102E
100
AcDbEntity
  8
0
100
AcDbBlockEnd
  0
BLOCK
  5
103B
330
103A
100
AcDbEntity
  8
0
100
AcDbBlockBegin
  2
*D130
 70
     1
 10
0.0
 20
0.0
 30
0.0
  3
*D130
  1

  0
LINE
  5
1314
330
103A
100
AcDbEntity
  8
CALLOUT TEXT
440
 16777216
370
    -2
100
AcDbLine
 10
29409.39798502656
 20
17699.41117799969
 30
0.0
 11
29384.39798502949
 21
17699.41117799969
 31
0.0
  0
LINE
  5
1315
330
103A
100
AcDbEntity
  8
CALLOUT TEXT
440
 16777216
370
    -2
100
AcDbLine
 10
29409.39798502656
 20
17099.74198854657
 30
0.0
 11
29384.39798502949
 21
17099.74198854657
 31
0.0
  0
LINE
  5
1316
330
103A
100
AcDbEntity
  8
CALLOUT TEXT
440
 16777216
370
    -2
100
AcDbLine
 10
29334.39798502949
 20
17749.41117799969
 30
0.0
 11
29334.39798502949
 21
17049.74198854657
 31
0.0
  0
LINE
  5
1317
330
103A
100
AcDbEntity
  8
CALLOUT TEXT
440
 16777216
370
    -2
100
AcDbLine
 10
29334.39798502949
 20
17399.57658327313
 30
0.0
 11
29037.7018159929
 21
17549.57658327307
 31
0.0
  0
LINE
  5
1318
330
103A
100
AcDbEntity
  8
CALLOUT TEXT
440
 16777216
370
    -2
100
AcDbLine
 10
29037.7018159929
 20
17549.57658327307
 30
0.0
 11
29037.7018159929
 21
18162.43372613022
 31
0.0
  0
MTEXT
  5
1319
330
103A
100
AcDbEntity
  8
CALLOUT TEXT
440
 16777216
100
AcDbMText
 10
28850.2018159929
 20
17856.00515470163
 30
0.0
 40
225.0
 41
0.0
 46
0.0
 71
     5
 72
     1
  1
\A1;600
  7
dim
 11
0.0000000000000001
 21
1.0
 31
0.0
 73
     1
 44
1.0
  0
INSERT
  5
131A
330
103A
100
AcDbEntity
  8
CALLOUT TEXT
440
 16777216
370
    -2
100
AcDbBlockReference
  2
_ArchTick
 10
29334.39798502949
 20
17699.41117799969
 30
0.0
 41
75.0
 42
75.0
 43
75.0
 50
90.0
  0
INSERT
  5
131B
330
103A
100
AcDbEntity
  8
CALLOUT TEXT
440
 16777216
370
    -2
100
AcDbBlockReference
  2
_ArchTick
 10
29334.39798502949
 20
17099.74198854657
 30
0.0
 41
75.0
 42
75.0
 43
75.0
 50
270.0
  0
POINT
  5
131C
330
103A
100
AcDbEntity
  8
Defpoints
 62
     0
440
 16777216
100
AcDbPoint
 10
29334.39798502656
 20
17699.41117799969
 30
0.0
  0
POINT
  5
131D
330
103A
100
AcDbEntity
  8
Defpoints
 62
     0
440
 16777216
100
AcDbPoint
 10
29334.39798502656
 20
17099.74198854657
 30
0.0
  0
POINT
  5
131E
330
103A
100
AcDbEntity
  8
Defpoints
 62
     0
440
 16777216
100
AcDbPoint
 10
29334.39798502949
 20
17099.74198854657
 30
0.0
  0
ENDBLK
  5
103C
330
103A
100
AcDbEntity
  8
0
100
AcDbBlockEnd
  0
BLOCK
  5
1049
330
1048
100
AcDbEntity
  8
0
100
AcDbBlockBegin
  2
*D131
 70
     1
 10
0.0
 20
0.0
 30
0.0
  3
*D131
  1

  0
LINE
  5
131F
330
1048
100
AcDbEntity
  8
CALLOUT TEXT
440
 16777216
370
    -2
100
AcDbLine
 10
29409.39798502656
 20
17099.74198854657
 30
0.0
 11
29384.3979850296
 21
17099.74198854657
 31
0.0
  0
LINE
  5
1320
330
1048
100
AcDbEntity
  8
CALLOUT TEXT
440
 16777216
370
    -2
100
AcDbLine
 10
29396.50256632301
 20
16124.41117799969
 30
0.0
 11
29384.3979850296
 21
16124.41117799969
 31
0.0
  0
LINE
  5
1321
330
1048
100
AcDbEntity
  8
CALLOUT TEXT
440
 16777216
370
    -2
100
AcDbLine
 10
29334.3979850296
 20
17149.74198854657
 30
0.0
 11
29334.3979850296
 21
16074.41117799969
 31
0.0
  0
INSERT
  5
1322
330
1048
100
AcDbEntity
  8
CALLOUT TEXT
440
 16777216
370
    -2
100
AcDbBlockReference
  2
_ArchTick
 10
29334.3979850296
 20
17099.74198854657
 30
0.0
 41
75.0
 42
75.0
 43
75.0
 50
90.0
  0
INSERT
  5
1323
330
1048
100
AcDbEntity
  8
CALLOUT TEXT
440
 16777216
370
    -2
100
AcDbBlockReference
  2
_ArchTick
 10
29334.3979850296
 20
16124.41117799969
 30
0.0
 41
75.0
 42
75.0
 43
75.0
 50
270.0
  0
MTEXT
  5
1324
330
1048
100
AcDbEntity
  8
CALLOUT TEXT
440
 16777216
100
AcDbMText
 10
29146.8979850296
 20
16612.07658327312
 30
0.0
 40
225.0
 41
0.0
 46
0.0
 71
     5
 72
     1
  1
\A1;975
  7
dim
 11
0.0000000000000001
 21
1.0
 31
0.0
 73
     1
 44
1.0
  0
POINT
  5
1325
330
1048
100
AcDbEntity
  8
Defpoints
 62
     0
440
 16777216
100
AcDbPoint
 10
29334.39798502656
 20
17099.74198854657
 30
0.0
  0
POINT
  5
1326
330
1048
100
AcDbEntity
  8
Defpoints
 62
     0
440
 16777216
100
AcDbPoint
 10
29321.50256632301
 20
16124.41117799969
 30
0.0
  0
POINT
  5
1327
330
1048
100
AcDbEntity
  8
Defpoints
 62
     0
440
 16777216
100
AcDbPoint
 10
29334.3979850296
 20
16124.41117799969
 30
0.0
  0
ENDBLK
  5
104A
330
1048
100
AcDbEntity
  8
0
100
AcDbBlockEnd
  0
BLOCK
  5
1055
330
1054
100
AcDbEntity
  8
0
100
AcDbBlockBegin
  2
*D132
 70
     1
 10
0.0
 20
0.0
 30
0.0
  3
*D132
  1

  0
LINE
  5
1328
330
1054
100
AcDbEntity
  8
CALLOUT TEXT
440
 16777216
370
    -2
100
AcDbLine
 10
29396.50256632301
 20
16124.41117799969
 30
0.0
 11
29384.39798502983
 21
16124.41117799969
 31
0.0
  0
LINE
  5
1329
330
1054
100
AcDbEntity
  8
CALLOUT TEXT
440
 16777216
370
    -2
100
AcDbLine
 10
29267.92723834547
 20
13420.64775026531
 30
0.0
 11
29284.39798502984
 21
13420.64775026531
 31
0.0
  0
LINE
  5
132A
330
1054
100
AcDbEntity
  8
CALLOUT TEXT
440
 16777216
370
    -2
100
AcDbLine
 10
29334.39798502984
 20
16174.41117799969
 30
0.0
 11
29334.39798502984
 21
13370.64775026532
 31
0.0
  0
INSERT
  5
132B
330
1054
100
AcDbEntity
  8
CALLOUT TEXT
440
 16777216
370
    -2
100
AcDbBlockReference
  2
_ArchTick
 10
29334.39798502984
 20
16124.41117799969
 30
0.0
 41
75.0
 42
75.0
 43
75.0
 50
90.0
  0
INSERT
  5
132C
330
1054
100
AcDbEntity
  8
CALLOUT TEXT
440
 16777216
370
    -2
100
AcDbBlockReference
  2
_ArchTick
 10
29334.39798502984
 20
13420.64775026531
 30
0.0
 41
75.0
 42
75.0
 43
75.0
 50
270.0
  0
MTEXT
  5
132D
330
1054
100
AcDbEntity
  8
CALLOUT TEXT
440
 16777216
100
AcDbMText
 10
29146.89798502983
 20
14772.52946413249
 30
0.0
 40
225.0
 41
0.0
 46
0.0
 71
     5
 72
     1
  1
\A1;2704
  7
dim
 11
0.0000000000000001
 21
1.0
 31
0.0
 73
     1
 44
1.0
  0
POINT
  5
132E
330
1054
100
AcDbEntity
  8
Defpoints
 62
     0
440
 16777216
100
AcDbPoint
 10
29321.50256632301
 20
16124.41117799969
 30
0.0
  0
POINT
  5
132F
330
1054
100
AcDbEntity
  8
Defpoints
 62
     0
440
 16777216
100
AcDbPoint
 10
29342.92723834547
 20
13420.64775026531
 30
0.0
  0
POINT
  5
1330
330
1054
100
AcDbEntity
  8
Defpoints
 62
     0
440
 16777216
100
AcDbPoint
 10
29334.39798502984
 20
13420.64775026531
 30
0.0
  0
ENDBLK
  5
1056
330
1054
100
AcDbEntity
  8
0
100
AcDbBlockEnd
  0
BLOCK
  5
1061
330
1060
100
AcDbEntity
  8
0
100
AcDbBlockBegin
  2
*D133
 70
     1
 10
0.0
 20
0.0
 30
0.0
  3
*D133
  1

  0
LINE
  5
1331
330
1060
100
AcDbEntity
  8
CALLOUT TEXT
440
 16777216
370
    -2
100
AcDbLine
 10
29267.92723834547
 20
13420.64775026531
 30
0.0
 11
29284.39798503007
 21
13420.64775026531
 31
0.0
  0
LINE
  5
1332
330
1060
100
AcDbEntity
  8
CALLOUT TEXT
440
 16777216
370
    -2
100
AcDbLine
 10
29408.07798153194
 20
12299.41117799969
 30
0.0
 11
29384.39798503007
 21
12299.41117799969
 31
0.0
  0
LINE
  5
1333
330
1060
100
AcDbEntity
  8
CALLOUT TEXT
440
 16777216
370
    -2
100
AcDbLine
 10
29334.39798503007
 20
13470.64775026532
 30
0.0
 11
29334.39798503007
 21
12249.41117799969
 31
0.0
  0
INSERT
  5
1334
330
1060
100
AcDbEntity
  8
CALLOUT TEXT
440
 16777216
370
    -2
100
AcDbBlockReference
  2
_ArchTick
 10
29334.39798503007
 20
13420.64775026531
 30
0.0
 41
75.0
 42
75.0
 43
75.0
 50
90.0
  0
INSERT
  5
1335
330
1060
100
AcDbEntity
  8
CALLOUT TEXT
440
 16777216
370
    -2
100
AcDbBlockReference
  2
_ArchTick
 10
29334.39798503007
 20
12299.41117799969
 30
0.0
 41
75.0
 42
75.0
 43
75.0
 50
270.0
  0
MTEXT
  5
1336
330
1060
100
AcDbEntity
  8
CALLOUT TEXT
440
 16777216
100
AcDbMText
 10
29146.89798503006
 20
12860.02946413249
 30
0.0
 40
225.0
 41
0.0
 46
0.0
 71
     5
 72
     1
  1
\A1;1121
  7
dim
 11
0.0000000000000001
 21
1.0
 31
0.0
 73
     1
 44
1.0
  0
POINT
  5
1337
330
1060
100
AcDbEntity
  8
Defpoints
 62
     0
440
 16777216
100
AcDbPoint
 10
29342.92723834547
 20
13420.64775026531
 30
0.0
  0
POINT
  5
1338
330
1060
100
AcDbEntity
  8
Defpoints
 62
     0
440
 16777216
100
AcDbPoint
 10
29333.07798153194
 20
12299.41117799969
 30
0.0
  0
POINT
  5
1339
330
1060
100
AcDbEntity
  8
Defpoints
 62
     0
440
 16777216
100
AcDbPoint
 10
29334.39798503007
 20
12299.41117799969
 30
0.0
  0
ENDBLK
  5
1062
330
1060
100
AcDbEntity
  8
0
100
AcDbBlockEnd
  0
BLOCK
  5
106D
330
106C
100
AcDbEntity
  8
0
100
AcDbBlockBegin
  2
*D134
 70
     1
 10
0.0
 20
0.0
 30
0.0
  3
*D134
  1

  0
LINE
  5
133A
330
106C
100
AcDbEntity
  8
CALLOUT TEXT
440
 16777216
370
    -2
100
AcDbLine
 10
29408.07798153194
 20
12299.41117799969
 30
0.0
 11
29384.3979850303
 21
12299.41117799969
 31
0.0
  0
LINE
  5
133B
330
106C
100
AcDbEntity
  8
CALLOUT TEXT
440
 16777216
370
    -2
100
AcDbLine
 10
29271.98878754707
 20
9449.41117799969
 30
0.0
 11
29284.3979850303
 21
9449.41117799969
 31
0.0
  0
LINE
  5
133C
330
106C
100
AcDbEntity
  8
CALLOUT TEXT
440
 16777216
370
    -2
100
AcDbLine
 10
29334.3979850303
 20
12349.41117799969
 30
0.0
 11
29334.3979850303
 21
9399.41117799969
 31
0.0
  0
INSERT
  5
133D
330
106C
100
AcDbEntity
  8
CALLOUT TEXT
440
 16777216
370
    -2
100
AcDbBlockReference
  2
_ArchTick
 10
29334.3979850303
 20
12299.41117799969
 30
0.0
 41
75.0
 42
75.0
 43
75.0
 50
90.0
  0
INSERT
  5
133E
330
106C
100
AcDbEntity
  8
CALLOUT TEXT
440
 16777216
370
    -2
100
AcDbBlockReference
  2
_ArchTick
 10
29334.3979850303
 20
9449.41117799969
 30
0.0
 41
75.0
 42
75.0
 43
75.0
 50
270.0
  0
MTEXT
  5
133F
330
106C
100
AcDbEntity
  8
CALLOUT TEXT
440
 16777216
100
AcDbMText
 10
29146.8979850303
 20
10874.41117799968
 30
0.0
 40
225.0
 41
0.0
 46
0.0
 71
     5
 72
     1
  1
\A1;2850
  7
dim
 11
0.0000000000000001
 21
1.0
 31
0.0
 73
     1
 44
1.0
  0
POINT
  5
1340
330
106C
100
AcDbEntity
  8
Defpoints
 62
     0
440
 16777216
100
AcDbPoint
 10
29333.07798153194
 20
12299.41117799969
 30
0.0
  0
POINT
  5
1341
330
106C
100
AcDbEntity
  8
Defpoints
 62
     0
440
 16777216
100
AcDbPoint
 10
29346.98878754708
 20
9449.41117799969
 30
0.0
  0
POINT
  5
1342
330
106C
100
AcDbEntity
  8
Defpoints
 62
     0
440
 16777216
100
AcDbPoint
 10
29334.3979850303
 20
9449.41117799969
 30
0.0
  0
ENDBLK
  5
106E
330
106C
100
AcDbEntity
  8
0
100
AcDbBlockEnd
  0
BLOCK
  5
1079
330
1078
100
AcDbEntity
  8
0
100
AcDbBlockBegin
  2
*D135
 70
     1
 10
0.0
 20
0.0
 30
0.0
  3
*D135
  1

  0
LINE
  5
1343
330
1078
100
AcDbEntity
  8
CALLOUT TEXT
440
 16777216
370
    -2
100
AcDbLine
 10
29271.98878754707
 20
9449.41117799969
 30
0.0
 11
29284.39798503053
 21
9449.41117799969
 31
0.0
  0
LINE
  5
1344
330
1078
100
AcDbEntity
  8
CALLOUT TEXT
440
 16777216
370
    -2
100
AcDbLine
 10
29261.42875963482
 20
7574.41117799969
 30
0.0
 11
29284.39798503053
 21
7574.41117799969
 31
0.0
  0
LINE
  5
1345
330
1078
100
AcDbEntity
  8
CALLOUT TEXT
440
 16777216
370
    -2
100
AcDbLine
 10
29334.39798503053
 20
9499.411177999689
 30
0.0
 11
29334.39798503053
 21
7524.41117799969
 31
0.0
  0
INSERT
  5
1346
330
1078
100
AcDbEntity
  8
CALLOUT TEXT
440
 16777216
370
    -2
100
AcDbBlockReference
  2
_ArchTick
 10
29334.39798503053
 20
9449.41117799969
 30
0.0
 41
75.0
 42
75.0
 43
75.0
 50
90.0
  0
INSERT
  5
1347
330
1078
100
AcDbEntity
  8
CALLOUT TEXT
440
 16777216
370
    -2
100
AcDbBlockReference
  2
_ArchTick
 10
29334.39798503053
 20
7574.41117799969
 30
0.0
 41
75.0
 42
75.0
 43
75.0
 50
270.0
  0
MTEXT
  5
1348
330
1078
100
AcDbEntity
  8
CALLOUT TEXT
440
 16777216
100
AcDbMText
 10
29146.89798503053
 20
8511.91117799968
 30
0.0
 40
225.0
 41
0.0
 46
0.0
 71
     5
 72
     1
  1
\A1;1875
  7
dim
 11
0.0000000000000001
 21
1.0
 31
0.0
 73
     1
 44
1.0
  0
POINT
  5
1349
330
1078
100
AcDbEntity
  8
Defpoints
 62
     0
440
 16777216
100
AcDbPoint
 10
29346.98878754708
 20
9449.41117799969
 30
0.0
  0
POINT
  5
134A
330
1078
100
AcDbEntity
  8
Defpoints
 62
     0
440
 16777216
100
AcDbPoint
 10
29336.42875963482
 20
7574.41117799969
 30
0.0
  0
POINT
  5
134B
330
1078
100
AcDbEntity
  8
Defpoints
 62
     0
440
 16777216
100
AcDbPoint
 10
29334.39798503053
 20
7574.41117799969
 30
0.0
  0
ENDBLK
  5
107A
330
1078
100
AcDbEntity
  8
0
100
AcDbBlockEnd
  0
BLOCK
  5
1085
330
1084
100
AcDbEntity
  8
0
100
AcDbBlockBegin
  2
*D136
 70
     1
 10
0.0
 20
0.0
 30
0.0
  3
*D136
  1

  0
LINE
  5
134C
330
1084
100
AcDbEntity
  8
CALLOUT TEXT
440
 16777216
370
    -2
100
AcDbLine
 10
29261.42875963482
 20
7574.41117799969
 30
0.0
 11
29284.39798503077
 21
7574.41117799969
 31
0.0
  0
LINE
  5
134D
330
1084
100
AcDbEntity
  8
CALLOUT TEXT
440
 16777216
370
    -2
100
AcDbLine
 10
29270.26262913676
 20
5774.41148317547
 30
0.0
 11
29284.39798503077
 21
5774.41148317547
 31
0.0
  0
LINE
  5
134E
330
1084
100
AcDbEntity
  8
CALLOUT TEXT
440
 16777216
370
    -2
100
AcDbLine
 10
29334.39798503077
 20
7624.411177999689
 30
0.0
 11
29334.39798503077
 21
5724.41148317547
 31
0.0
  0
INSERT
  5
134F
330
1084
100
AcDbEntity
  8
CALLOUT TEXT
440
 16777216
370
    -2
100
AcDbBlockReference
  2
_ArchTick
 10
29334.39798503077
 20
7574.41117799969
 30
0.0
 41
75.0
 42
75.0
 43
75.0
 50
90.0
  0
INSERT
  5
1350
330
1084
100
AcDbEntity
  8
CALLOUT TEXT
440
 16777216
370
    -2
100
AcDbBlockReference
  2
_ArchTick
 10
29334.39798503077
 20
5774.41148317547
 30
0.0
 41
75.0
 42
75.0
 43
75.0
 50
270.0
  0
MTEXT
  5
1351
330
1084
100
AcDbEntity
  8
CALLOUT TEXT
440
 16777216
100
AcDbMText
 10
29146.89798503076
 20
6674.411330587571
 30
0.0
 40
225.0
 41
0.0
 46
0.0
 71
     5
 72
     1
  1
\A1;1800
  7
dim
 11
0.0000000000000001
 21
1.0
 31
0.0
 73
     1
 44
1.0
  0
POINT
  5
1352
330
1084
100
AcDbEntity
  8
Defpoints
 62
     0
440
 16777216
100
AcDbPoint
 10
29336.42875963482
 20
7574.41117799969
 30
0.0
  0
POINT
  5
1353
330
1084
100
AcDbEntity
  8
Defpoints
 62
     0
440
 16777216
100
AcDbPoint
 10
29345.26262913676
 20
5774.41148317547
 30
0.0
  0
POINT
  5
1354
330
1084
100
AcDbEntity
  8
Defpoints
 62
     0
440
 16777216
100
AcDbPoint
 10
29334.39798503077
 20
5774.41148317547
 30
0.0
  0
ENDBLK
  5
1086
330
1084
100
AcDbEntity
  8
0
100
AcDbBlockEnd
  0
BLOCK
  5
1091
330
1090
100
AcDbEntity
  8
0
100
AcDbBlockBegin
  2
*D137
 70
     1
 10
0.0
 20
0.0
 30
0.0
  3
*D137
  1

  0
LINE
  5
1355
330
1090
100
AcDbEntity
  8
CALLOUT TEXT
440
 16777216
370
    -2
100
AcDbLine
 10
10885.45190208692
 20
4257.405889931948
 30
0.0
 11
10885.45190208692
 21
4233.74676172144
 31
0.0
  0
LINE
  5
1356
330
1090
100
AcDbEntity
  8
CALLOUT TEXT
440
 16777216
370
    -2
100
AcDbLine
 10
11453.99465532282
 20
4109.384663694506
 30
0.0
 11
11453.99465532282
 21
4133.74676172144
 31
0.0
  0
LINE
  5
1357
330
1090
100
AcDbEntity
  8
CALLOUT TEXT
440
 16777216
370
    -2
100
AcDbLine
 10
10835.45190208692
 20
4183.746761721439
 30
0.0
 11
11503.99465532282
 21
4183.746761721439
 31
0.0
  0
LINE
  5
1358
330
1090
100
AcDbEntity
  8
CALLOUT TEXT
440
 16777216
370
    -2
100
AcDbLine
 10
11169.72327870487
 20
4183.746761721439
 30
0.0
 11
10960.53193844839
 21
4461.847087575847
 31
0.0
  0
LINE
  5
1359
330
1090
100
AcDbEntity
  8
CALLOUT TEXT
440
 16777216
370
    -2
100
AcDbLine
 10
10960.53193844839
 20
4461.847087575847
 30
0.0
 11
10356.24622416267
 21
4461.847087575847
 31
0.0
  0
MTEXT
  5
135A
330
1090
100
AcDbEntity
  8
CALLOUT TEXT
440
 16777216
100
AcDbMText
 10
10658.38908130553
 20
4649.347087575847
 30
0.0
 40
225.0
 41
0.0
 46
0.0
 71
     5
 72
     1
  1
\A1;569
  7
dim
 73
     1
 44
1.0
  0
INSERT
  5
135B
330
1090
100
AcDbEntity
  8
CALLOUT TEXT
440
 16777216
370
    -2
100
AcDbBlockReference
  2
_ArchTick
 10
10885.45190208692
 20
4183.746761721439
 30
0.0
 41
75.0
 42
75.0
 43
75.0
 50
180.0
  0
INSERT
  5
135C
330
1090
100
AcDbEntity
  8
CALLOUT TEXT
440
 16777216
370
    -2
100
AcDbBlockReference
  2
_ArchTick
 10
11453.99465532282
 20
4183.746761721439
 30
0.0
 41
75.0
 42
75.0
 43
75.0
  0
POINT
  5
135D
330
1090
100
AcDbEntity
  8
Defpoints
 62
     0
440
 16777216
100
AcDbPoint
 10
10885.45190208692
 20
4182.405889931947
 30
0.0000000000000142
  0
POINT
  5
135E
330
1090
100
AcDbEntity
  8
Defpoints
 62
     0
440
 16777216
100
AcDbPoint
 10
11453.99465532282
 20
4184.384663694507
 30
0.0
  0
POINT
  5
135F
330
1090
100
AcDbEntity
  8
Defpoints
 62
     0
440
 16777216
100
AcDbPoint
 10
11453.99465532282
 20
4183.746761721439
 30
0.0
  0
ENDBLK
  5
1092
330
1090
100
AcDbEntity
  8
0
100
AcDbBlockEnd
  0
BLOCK
  5
1169
330
1168
100
AcDbEntity
  8
0
100
AcDbBlockBegin
  2
*D138
 70
     1
 10
0.0
 20
0.0
 30
0.0
  3
*D138
  1

  0
LINE
  5
14AC
330
1168
100
AcDbEntity
  8
CALLOUT TEXT
440
 16777216
370
    -2
100
AcDbLine
 10
77638.69649202734
 20
17699.41117799975
 30
0.0
 11
77613.69649202982
 21
17699.41117799975
 31
0.0
  0
LINE
  5
14AD
330
1168
100
AcDbEntity
  8
CALLOUT TEXT
440
 16777216
370
    -2
100
AcDbLine
 10
77638.69649202734
 20
17099.74198854662
 30
0.0
 11
77613.69649202982
 21
17099.74198854662
 31
0.0
  0
LINE
  5
14AE
330
1168
100
AcDbEntity
  8
CALLOUT TEXT
440
 16777216
370
    -2
100
AcDbLine
 10
77563.69649202982
 20
17749.41117799975
 30
0.0
 11
77563.69649202982
 21
17049.74198854662
 31
0.0
  0
LINE
  5
14AF
330
1168
100
AcDbEntity
  8
CALLOUT TEXT
440
 16777216
370
    -2
100
AcDbLine
 10
77563.69649202982
 20
17399.57658327319
 30
0.0
 11
77267.00032299368
 21
17549.57658327315
 31
0.0
  0
LINE
  5
14B0
330
1168
100
AcDbEntity
  8
CALLOUT TEXT
440
 16777216
370
    -2
100
AcDbLine
 10
77267.00032299368
 20
17549.57658327315
 30
0.0
 11
77267.00032299368
 21
18162.43372613029
 31
0.0
  0
MTEXT
  5
14B1
330
1168
100
AcDbEntity
  8
CALLOUT TEXT
440
 16777216
100
AcDbMText
 10
77079.50032299367
 20
17856.0051547017
 30
0.0
 40
225.0
 41
0.0
 46
0.0
 71
     5
 72
     1
  1
\A1;600
  7
dim
 11
0.0000000000000001
 21
1.0
 31
0.0
 73
     1
 44
1.0
  0
INSERT
  5
14B2
330
1168
100
AcDbEntity
  8
CALLOUT TEXT
440
 16777216
370
    -2
100
AcDbBlockReference
  2
_ArchTick
 10
77563.69649202982
 20
17699.41117799975
 30
0.0
 41
75.0
 42
75.0
 43
75.0
 50
90.0
  0
INSERT
  5
14B3
330
1168
100
AcDbEntity
  8
CALLOUT TEXT
440
 16777216
370
    -2
100
AcDbBlockReference
  2
_ArchTick
 10
77563.69649202982
 20
17099.74198854662
 30
0.0
 41
75.0
 42
75.0
 43
75.0
 50
270.0
  0
POINT
  5
14B4
330
1168
100
AcDbEntity
  8
Defpoints
 62
     0
440
 16777216
100
AcDbPoint
 10
77563.69649202734
 20
17699.41117799975
 30
0.0
  0
POINT
  5
14B5
330
1168
100
AcDbEntity
  8
Defpoints
 62
     0
440
 16777216
100
AcDbPoint
 10
77563.69649202734
 20
17099.74198854662
 30
0.0
  0
POINT
  5
14B6
330
1168
100
AcDbEntity
  8
Defpoints
 62
     0
440
 16777216
100
AcDbPoint
 10
77563.69649202982
 20
17099.74198854662
 30
0.0
  0
ENDBLK
  5
116A
330
1168
100
AcDbEntity
  8
0
100
AcDbBlockEnd
  0
BLOCK
  5
1177
330
1176
100
AcDbEntity
  8
0
100
AcDbBlockBegin
  2
*D139
 70
     1
 10
0.0
 20
0.0
 30
0.0
  3
*D139
  1

  0
LINE
  5
14B7
330
1176
100
AcDbEntity
  8
CALLOUT TEXT
440
 16777216
370
    -2
100
AcDbLine
 10
77638.69649202734
 20
17099.74198854662
 30
0.0
 11
77613.69649202993
 21
17099.74198854662
 31
0.0
  0
LINE
  5
14B8
330
1176
100
AcDbEntity
  8
CALLOUT TEXT
440
 16777216
370
    -2
100
AcDbLine
 10
77626.11065092365
 20
16124.41117799975
 30
0.0
 11
77613.69649202993
 21
16124.41117799975
 31
0.0
  0
LINE
  5
14B9
330
1176
100
AcDbEntity
  8
CALLOUT TEXT
440
 16777216
370
    -2
100
AcDbLine
 10
77563.69649202993
 20
17149.74198854663
 30
0.0
 11
77563.69649202993
 21
16074.41117799975
 31
0.0
  0
INSERT
  5
14BA
330
1176
100
AcDbEntity
  8
CALLOUT TEXT
440
 16777216
370
    -2
100
AcDbBlockReference
  2
_ArchTick
 10
77563.69649202993
 20
17099.74198854662
 30
0.0
 41
75.0
 42
75.0
 43
75.0
 50
90.0
  0
INSERT
  5
14BB
330
1176
100
AcDbEntity
  8
CALLOUT TEXT
440
 16777216
370
    -2
100
AcDbBlockReference
  2
_ArchTick
 10
77563.69649202993
 20
16124.41117799975
 30
0.0
 41
75.0
 42
75.0
 43
75.0
 50
270.0
  0
MTEXT
  5
14BC
330
1176
100
AcDbEntity
  8
CALLOUT TEXT
440
 16777216
100
AcDbMText
 10
77376.19649202992
 20
16612.07658327316
 30
0.0
 40
225.0
 41
0.0
 46
0.0
 71
     5
 72
     1
  1
\A1;975
  7
dim
 11
0.0000000000000001
 21
1.0
 31
0.0
 73
     1
 44
1.0
  0
POINT
  5
14BD
330
1176
100
AcDbEntity
  8
Defpoints
 62
     0
440
 16777216
100
AcDbPoint
 10
77563.69649202734
 20
17099.74198854662
 30
0.0
  0
POINT
  5
14BE
330
1176
100
AcDbEntity
  8
Defpoints
 62
     0
440
 16777216
100
AcDbPoint
 10
77551.11065092365
 20
16124.41117799975
 30
0.0
  0
POINT
  5
14BF
330
1176
100
AcDbEntity
  8
Defpoints
 62
     0
440
 16777216
100
AcDbPoint
 10
77563.69649202993
 20
16124.41117799975
 30
0.0
  0
ENDBLK
  5
1178
330
1176
100
AcDbEntity
  8
0
100
AcDbBlockEnd
  0
BLOCK
  5
1183
330
1182
100
AcDbEntity
  8
0
100
AcDbBlockBegin
  2
*D140
 70
     1
 10
0.0
 20
0.0
 30
0.0
  3
*D140
  1

  0
LINE
  5
152E
330
1182
100
AcDbEntity
  8
CALLOUT TEXT
440
 16777216
370
    -2
100
AcDbLine
 10
77626.11065092367
 20
16124.41117799975
 30
0.0
 11
77613.4917320429
 21
16124.41117799975
 31
0.0
  0
LINE
  5
152F
330
1182
100
AcDbEntity
  8
CALLOUT TEXT
440
 16777216
370
    -2
100
AcDbLine
 10
77497.02098535896
 20
13420.64775026537
 30
0.0
 11
77513.49173204291
 21
13420.64775026537
 31
0.0
  0
LINE
  5
1530
330
1182
100
AcDbEntity
  8
CALLOUT TEXT
440
 16777216
370
    -2
100
AcDbLine
 10
77563.49173204291
 20
16174.41117799975
 30
0.0
 11
77563.49173204291
 21
13370.64775026537
 31
0.0
  0
INSERT
  5
1531
330
1182
100
AcDbEntity
  8
CALLOUT TEXT
440
 16777216
370
    -2
100
AcDbBlockReference
  2
_ArchTick
 10
77563.49173204291
 20
16124.41117799975
 30
0.0
 41
75.0
 42
75.0
 43
75.0
 50
90.0
  0
INSERT
  5
1532
330
1182
100
AcDbEntity
  8
CALLOUT TEXT
440
 16777216
370
    -2
100
AcDbBlockReference
  2
_ArchTick
 10
77563.49173204291
 20
13420.64775026537
 30
0.0
 41
75.0
 42
75.0
 43
75.0
 50
270.0
  0
MTEXT
  5
1533
330
1182
100
AcDbEntity
  8
CALLOUT TEXT
440
 16777216
100
AcDbMText
 10
77375.99173204289
 20
14772.52946413253
 30
0.0
 40
225.0
 41
0.0
 46
0.0
 71
     5
 72
     1
  1
\A1;2704
  7
dim
 11
0.0000000000000001
 21
1.0
 31
0.0
 73
     1
 44
1.0
  0
POINT
  5
1534
330
1182
100
AcDbEntity
  8
Defpoints
 62
     0
440
 16777216
100
AcDbPoint
 10
77551.11065092367
 20
16124.41117799975
 30
0.0
  0
POINT
  5
1535
330
1182
100
AcDbEntity
  8
Defpoints
 62
     0
440
 16777216
100
AcDbPoint
 10
77572.02098535896
 20
13420.64775026537
 30
0.0
  0
POINT
  5
1536
330
1182
100
AcDbEntity
  8
Defpoints
 62
     0
440
 16777216
100
AcDbPoint
 10
77563.49173204291
 20
13420.64775026537
 30
0.0
  0
ENDBLK
  5
1184
330
1182
100
AcDbEntity
  8
0
100
AcDbBlockEnd
  0
BLOCK
  5
118F
330
118E
100
AcDbEntity
  8
0
100
AcDbBlockBegin
  2
*D141
 70
     1
 10
0.0
 20
0.0
 30
0.0
  3
*D141
  1

  0
LINE
  5
14C9
330
118E
100
AcDbEntity
  8
CALLOUT TEXT
440
 16777216
370
    -2
100
AcDbLine
 10
77497.02098535885
 20
13420.64775026537
 30
0.0
 11
77513.72818107625
 21
13420.64775026537
 31
0.0
  0
LINE
  5
14CA
330
118E
100
AcDbEntity
  8
CALLOUT TEXT
440
 16777216
370
    -2
100
AcDbLine
 10
77637.40817757834
 20
12299.41117799975
 30
0.0
 11
77613.72818107625
 21
12299.41117799975
 31
0.0
  0
LINE
  5
14CB
330
118E
100
AcDbEntity
  8
CALLOUT TEXT
440
 16777216
370
    -2
100
AcDbLine
 10
77563.72818107625
 20
13470.64775026537
 30
0.0
 11
77563.72818107625
 21
12249.41117799975
 31
0.0
  0
INSERT
  5
14CC
330
118E
100
AcDbEntity
  8
CALLOUT TEXT
440
 16777216
370
    -2
100
AcDbBlockReference
  2
_ArchTick
 10
77563.72818107625
 20
13420.64775026537
 30
0.0
 41
75.0
 42
75.0
 43
75.0
 50
90.0
  0
INSERT
  5
14CD
330
118E
100
AcDbEntity
  8
CALLOUT TEXT
440
 16777216
370
    -2
100
AcDbBlockReference
  2
_ArchTick
 10
77563.72818107625
 20
12299.41117799975
 30
0.0
 41
75.0
 42
75.0
 43
75.0
 50
270.0
  0
MTEXT
  5
14CE
330
118E
100
AcDbEntity
  8
CALLOUT TEXT
440
 16777216
100
AcDbMText
 10
77376.22818107624
 20
12860.02946413254
 30
0.0
 40
225.0
 41
0.0
 46
0.0
 71
     5
 72
     1
  1
\A1;1121
  7
dim
 11
0.0000000000000001
 21
1.0
 31
0.0
 73
     1
 44
1.0
  0
POINT
  5
14CF
330
118E
100
AcDbEntity
  8
Defpoints
 62
     0
440
 16777216
100
AcDbPoint
 10
77572.02098535884
 20
13420.64775026537
 30
0.0
  0
POINT
  5
14D0
330
118E
100
AcDbEntity
  8
Defpoints
 62
     0
440
 16777216
100
AcDbPoint
 10
77562.40817757834
 20
12299.41117799975
 30
0.0
  0
POINT
  5
14D1
330
118E
100
AcDbEntity
  8
Defpoints
 62
     0
440
 16777216
100
AcDbPoint
 10
77563.72818107625
 20
12299.41117799975
 30
0.0
  0
ENDBLK
  5
1190
330
118E
100
AcDbEntity
  8
0
100
AcDbBlockEnd
  0
BLOCK
  5
119B
330
119A
100
AcDbEntity
  8
0
100
AcDbBlockBegin
  2
*D142
 70
     1
 10
0.0
 20
0.0
 30
0.0
  3
*D142
  1

  0
LINE
  5
14D2
330
119A
100
AcDbEntity
  8
CALLOUT TEXT
440
 16777216
370
    -2
100
AcDbLine
 10
77637.4081775785
 20
12299.41117799975
 30
0.0
 11
77613.72818107664
 21
12299.41117799975
 31
0.0
  0
LINE
  5
14D3
330
119A
100
AcDbEntity
  8
CALLOUT TEXT
440
 16777216
370
    -2
100
AcDbLine
 10
77500.98502980454
 20
9449.411177999747
 30
0.0
 11
77513.72818107665
 21
9449.411177999747
 31
0.0
  0
LINE
  5
14D4
330
119A
100
AcDbEntity
  8
CALLOUT TEXT
440
 16777216
370
    -2
100
AcDbLine
 10
77563.72818107664
 20
12349.41117799975
 30
0.0
 11
77563.72818107664
 21
9399.411177999748
 31
0.0
  0
INSERT
  5
14D5
330
119A
100
AcDbEntity
  8
CALLOUT TEXT
440
 16777216
370
    -2
100
AcDbBlockReference
  2
_ArchTick
 10
77563.72818107664
 20
12299.41117799975
 30
0.0
 41
75.0
 42
75.0
 43
75.0
 50
90.0
  0
INSERT
  5
14D6
330
119A
100
AcDbEntity
  8
CALLOUT TEXT
440
 16777216
370
    -2
100
AcDbBlockReference
  2
_ArchTick
 10
77563.72818107664
 20
9449.411177999747
 30
0.0
 41
75.0
 42
75.0
 43
75.0
 50
270.0
  0
MTEXT
  5
14D7
330
119A
100
AcDbEntity
  8
CALLOUT TEXT
440
 16777216
100
AcDbMText
 10
77376.22818107663
 20
10874.41117799972
 30
0.0
 40
225.0
 41
0.0
 46
0.0
 71
     5
 72
     1
  1
\A1;2850
  7
dim
 11
0.0000000000000001
 21
1.0
 31
0.0
 73
     1
 44
1.0
  0
POINT
  5
14D8
330
119A
100
AcDbEntity
  8
Defpoints
 62
     0
440
 16777216
100
AcDbPoint
 10
77562.4081775785
 20
12299.41117799975
 30
0.0
  0
POINT
  5
14D9
330
119A
100
AcDbEntity
  8
Defpoints
 62
     0
440
 16777216
100
AcDbPoint
 10
77575.98502980455
 20
9449.411177999747
 30
0.0
  0
POINT
  5
14DA
330
119A
100
AcDbEntity
  8
Defpoints
 62
     0
440
 16777216
100
AcDbPoint
 10
77563.72818107664
 20
9449.411177999747
 30
0.0
  0
ENDBLK
  5
119C
330
119A
100
AcDbEntity
  8
0
100
AcDbBlockEnd
  0
BLOCK
  5
11A7
330
11A6
100
AcDbEntity
  8
0
100
AcDbBlockBegin
  2
*D143
 70
     1
 10
0.0
 20
0.0
 30
0.0
  3
*D143
  1

  0
LINE
  5
14DB
330
11A6
100
AcDbEntity
  8
CALLOUT TEXT
440
 16777216
370
    -2
100
AcDbLine
 10
77500.98502980449
 20
9449.411177999747
 30
0.0
 11
77513.64773965266
 21
9449.411177999747
 31
0.0
  0
LINE
  5
14DC
330
11A6
100
AcDbEntity
  8
CALLOUT TEXT
440
 16777216
370
    -2
100
AcDbLine
 10
77490.67851425739
 20
7574.411177999748
 30
0.0
 11
77513.64773965266
 21
7574.411177999748
 31
0.0
  0
LINE
  5
14DD
330
11A6
100
AcDbEntity
  8
CALLOUT TEXT
440
 16777216
370
    -2
100
AcDbLine
 10
77563.64773965266
 20
9499.411177999748
 30
0.0
 11
77563.64773965266
 21
7524.411177999748
 31
0.0
  0
INSERT
  5
14DE
330
11A6
100
AcDbEntity
  8
CALLOUT TEXT
440
 16777216
370
    -2
100
AcDbBlockReference
  2
_ArchTick
 10
77563.64773965266
 20
9449.411177999747
 30
0.0
 41
75.0
 42
75.0
 43
75.0
 50
90.0
  0
INSERT
  5
14DF
330
11A6
100
AcDbEntity
  8
CALLOUT TEXT
440
 16777216
370
    -2
100
AcDbBlockReference
  2
_ArchTick
 10
77563.64773965266
 20
7574.411177999748
 30
0.0
 41
75.0
 42
75.0
 43
75.0
 50
270.0
  0
MTEXT
  5
14E0
330
11A6
100
AcDbEntity
  8
CALLOUT TEXT
440
 16777216
100
AcDbMText
 10
77376.14773965264
 20
8511.911177999724
 30
0.0
 40
225.0
 41
0.0
 46
0.0
 71
     5
 72
     1
  1
\A1;1875
  7
dim
 11
0.0000000000000001
 21
1.0
 31
0.0
 73
     1
 44
1.0
  0
POINT
  5
14E1
330
11A6
100
AcDbEntity
  8
Defpoints
 62
     0
440
 16777216
100
AcDbPoint
 10
77575.98502980449
 20
9449.411177999747
 30
0.0
  0
POINT
  5
14E2
330
11A6
100
AcDbEntity
  8
Defpoints
 62
     0
440
 16777216
100
AcDbPoint
 10
77565.6785142574
 20
7574.411177999748
 30
0.0
  0
POINT
  5
14E3
330
11A6
100
AcDbEntity
  8
Defpoints
 62
     0
440
 16777216
100
AcDbPoint
 10
77563.64773965266
 20
7574.411177999748
 30
0.0
  0
ENDBLK
  5
11A8
330
11A6
100
AcDbEntity
  8
0
100
AcDbBlockEnd
  0
BLOCK
  5
11B3
330
11B2
100
AcDbEntity
  8
0
100
AcDbBlockBegin
  2
*D144
 70
     1
 10
0.0
 20
0.0
 30
0.0
  3
*D144
  1

  0
LINE
  5
14E4
330
11B2
100
AcDbEntity
  8
CALLOUT TEXT
440
 16777216
370
    -2
100
AcDbLine
 10
77490.67851425744
 20
7574.411177999748
 30
0.0
 11
77513.64773965294
 21
7574.411177999748
 31
0.0
  0
LINE
  5
14E5
330
11B2
100
AcDbEntity
  8
CALLOUT TEXT
440
 16777216
370
    -2
100
AcDbLine
 10
77499.30031091547
 20
5774.411483175527
 30
0.0
 11
77513.64773965294
 21
5774.411483175527
 31
0.0
  0
LINE
  5
14E6
330
11B2
100
AcDbEntity
  8
CALLOUT TEXT
440
 16777216
370
    -2
100
AcDbLine
 10
77563.64773965294
 20
7624.411177999748
 30
0.0
 11
77563.64773965294
 21
5724.411483175527
 31
0.0
  0
INSERT
  5
14E7
330
11B2
100
AcDbEntity
  8
CALLOUT TEXT
440
 16777216
370
    -2
100
AcDbBlockReference
  2
_ArchTick
 10
77563.64773965294
 20
7574.411177999748
 30
0.0
 41
75.0
 42
75.0
 43
75.0
 50
90.0
  0
INSERT
  5
14E8
330
11B2
100
AcDbEntity
  8
CALLOUT TEXT
440
 16777216
370
    -2
100
AcDbBlockReference
  2
_ArchTick
 10
77563.64773965294
 20
5774.411483175527
 30
0.0
 41
75.0
 42
75.0
 43
75.0
 50
270.0
  0
MTEXT
  5
14E9
330
11B2
100
AcDbEntity
  8
CALLOUT TEXT
440
 16777216
100
AcDbMText
 10
77376.14773965292
 20
6674.411330587616
 30
0.0
 40
225.0
 41
0.0
 46
0.0
 71
     5
 72
     1
  1
\A1;1800
  7
dim
 11
0.0000000000000001
 21
1.0
 31
0.0
 73
     1
 44
1.0
  0
POINT
  5
14EA
330
11B2
100
AcDbEntity
  8
Defpoints
 62
     0
440
 16777216
100
AcDbPoint
 10
77565.67851425743
 20
7574.411177999748
 30
0.0
  0
POINT
  5
14EB
330
11B2
100
AcDbEntity
  8
Defpoints
 62
     0
440
 16777216
100
AcDbPoint
 10
77574.30031091547
 20
5774.411483175527
 30
0.0
  0
POINT
  5
14EC
330
11B2
100
AcDbEntity
  8
Defpoints
 62
     0
440
 16777216
100
AcDbPoint
 10
77563.64773965294
 20
5774.411483175527
 30
0.0
  0
ENDBLK
  5
11B4
330
11B2
100
AcDbEntity
  8
0
100
AcDbBlockEnd
  0
BLOCK
  5
12BF
330
12BE
100
AcDbEntity
  8
0
100
AcDbBlockBegin
  2
*D145
 70
     1
 10
0.0
 20
0.0
 30
0.0
  3
*D145
  1

  0
LINE
  5
13A1
330
12BE
100
AcDbEntity
  8
CALLOUT TEXT
440
 16777216
370
    -2
100
AcDbLine
 10
2278.092627691191
 20
17699.41117799975
 30
0.0
 11
2253.092627693868
 21
17699.41117799975
 31
0.0
  0
LINE
  5
13A2
330
12BE
100
AcDbEntity
  8
CALLOUT TEXT
440
 16777216
370
    -2
100
AcDbLine
 10
2278.092627691191
 20
17099.74198854662
 30
0.0
 11
2253.092627693869
 21
17099.74198854662
 31
0.0
  0
LINE
  5
13A3
330
12BE
100
AcDbEntity
  8
CALLOUT TEXT
440
 16777216
370
    -2
100
AcDbLine
 10
2203.092627693869
 20
17749.41117799975
 30
0.0
 11
2203.092627693869
 21
17049.74198854662
 31
0.0
  0
LINE
  5
13A4
330
12BE
100
AcDbEntity
  8
CALLOUT TEXT
440
 16777216
370
    -2
100
AcDbLine
 10
2203.092627693869
 20
17399.57658327319
 30
0.0
 11
1906.396458657538
 21
17549.57658327312
 31
0.0
  0
LINE
  5
13A5
330
12BE
100
AcDbEntity
  8
CALLOUT TEXT
440
 16777216
370
    -2
100
AcDbLine
 10
1906.396458657538
 20
17549.57658327312
 30
0.0
 11
1906.396458657538
 21
18162.43372613027
 31
0.0
  0
MTEXT
  5
13A6
330
12BE
100
AcDbEntity
  8
CALLOUT TEXT
440
 16777216
100
AcDbMText
 10
1718.896458657543
 20
17856.0051547017
 30
0.0
 40
225.0
 41
0.0
 46
0.0
 71
     5
 72
     1
  1
\A1;600
  7
dim
 11
0.0000000000000001
 21
1.0
 31
0.0
 73
     1
 44
1.0
  0
INSERT
  5
13A7
330
12BE
100
AcDbEntity
  8
CALLOUT TEXT
440
 16777216
370
    -2
100
AcDbBlockReference
  2
_ArchTick
 10
2203.092627693869
 20
17699.41117799975
 30
0.0
 41
75.0
 42
75.0
 43
75.0
 50
90.0
  0
INSERT
  5
13A8
330
12BE
100
AcDbEntity
  8
CALLOUT TEXT
440
 16777216
370
    -2
100
AcDbBlockReference
  2
_ArchTick
 10
2203.092627693869
 20
17099.74198854662
 30
0.0
 41
75.0
 42
75.0
 43
75.0
 50
270.0
  0
POINT
  5
13A9
330
12BE
100
AcDbEntity
  8
Defpoints
 62
     0
440
 16777216
100
AcDbPoint
 10
2203.092627691191
 20
17699.41117799975
 30
0.0
  0
POINT
  5
13AA
330
12BE
100
AcDbEntity
  8
Defpoints
 62
     0
440
 16777216
100
AcDbPoint
 10
2203.092627691191
 20
17099.74198854662
 30
0.0
  0
POINT
  5
13AB
330
12BE
100
AcDbEntity
  8
Defpoints
 62
     0
440
 16777216
100
AcDbPoint
 10
2203.092627693869
 20
17099.74198854662
 30
0.0
  0
ENDBLK
  5
12C0
330
12BE
100
AcDbEntity
  8
0
100
AcDbBlockEnd
  0
BLOCK
  5
12CD
330
12CC
100
AcDbEntity
  8
0
100
AcDbBlockBegin
  2
*D146
 70
     1
 10
0.0
 20
0.0
 30
0.0
  3
*D146
  1

  0
LINE
  5
13AC
330
12CC
100
AcDbEntity
  8
CALLOUT TEXT
440
 16777216
370
    -2
100
AcDbLine
 10
2278.092627691191
 20
17099.74198854662
 30
0.0
 11
2253.092627693986
 21
17099.74198854662
 31
0.0
  0
LINE
  5
13AD
330
12CC
100
AcDbEntity
  8
CALLOUT TEXT
440
 16777216
370
    -2
100
AcDbLine
 10
2265.632186237226
 20
16124.41117799975
 30
0.0
 11
2253.092627693986
 21
16124.41117799975
 31
0.0
  0
LINE
  5
13AE
330
12CC
100
AcDbEntity
  8
CALLOUT TEXT
440
 16777216
370
    -2
100
AcDbLine
 10
2203.092627693985
 20
17149.74198854663
 30
0.0
 11
2203.092627693985
 21
16074.41117799975
 31
0.0
  0
INSERT
  5
13AF
330
12CC
100
AcDbEntity
  8
CALLOUT TEXT
440
 16777216
370
    -2
100
AcDbBlockReference
  2
_ArchTick
 10
2203.092627693985
 20
17099.74198854662
 30
0.0
 41
75.0
 42
75.0
 43
75.0
 50
90.0
  0
INSERT
  5
13B0
330
12CC
100
AcDbEntity
  8
CALLOUT TEXT
440
 16777216
370
    -2
100
AcDbBlockReference
  2
_ArchTick
 10
2203.092627693985
 20
16124.41117799975
 30
0.0
 41
75.0
 42
75.0
 43
75.0
 50
270.0
  0
MTEXT
  5
13B1
330
12CC
100
AcDbEntity
  8
CALLOUT TEXT
440
 16777216
100
AcDbMText
 10
2015.592627693989
 20
16612.07658327318
 30
0.0
 40
225.0
 41
0.0
 46
0.0
 71
     5
 72
     1
  1
\A1;975
  7
dim
 11
0.0000000000000001
 21
1.0
 31
0.0
 73
     1
 44
1.0
  0
POINT
  5
13B2
330
12CC
100
AcDbEntity
  8
Defpoints
 62
     0
440
 16777216
100
AcDbPoint
 10
2203.092627691191
 20
17099.74198854662
 30
0.0
  0
POINT
  5
13B3
330
12CC
100
AcDbEntity
  8
Defpoints
 62
     0
440
 16777216
100
AcDbPoint
 10
2190.632186237226
 20
16124.41117799975
 30
0.0
  0
POINT
  5
13B4
330
12CC
100
AcDbEntity
  8
Defpoints
 62
     0
440
 16777216
100
AcDbPoint
 10
2203.092627693985
 20
16124.41117799975
 30
0.0
  0
ENDBLK
  5
12CE
330
12CC
100
AcDbEntity
  8
0
100
AcDbBlockEnd
  0
BLOCK
  5
12D9
330
12D8
100
AcDbEntity
  8
0
100
AcDbBlockBegin
  2
*D147
 70
     1
 10
0.0
 20
0.0
 30
0.0
  3
*D147
  1

  0
LINE
  5
13B5
330
12D8
100
AcDbEntity
  8
CALLOUT TEXT
440
 16777216
370
    -2
100
AcDbLine
 10
2265.632186237157
 20
16124.41117799975
 30
0.0
 11
2252.804926206142
 21
16124.41117799975
 31
0.0
  0
LINE
  5
13B6
330
12D8
100
AcDbEntity
  8
CALLOUT TEXT
440
 16777216
370
    -2
100
AcDbLine
 10
2136.33417952202
 20
13420.64775026537
 30
0.0
 11
2152.804926206142
 21
13420.64775026537
 31
0.0
  0
LINE
  5
13B7
330
12D8
100
AcDbEntity
  8
CALLOUT TEXT
440
 16777216
370
    -2
100
AcDbLine
 10
2202.804926206142
 20
16174.41117799975
 30
0.0
 11
2202.804926206142
 21
13370.64775026537
 31
0.0
  0
INSERT
  5
13B8
330
12D8
100
AcDbEntity
  8
CALLOUT TEXT
440
 16777216
370
    -2
100
AcDbBlockReference
  2
_ArchTick
 10
2202.804926206142
 20
16124.41117799975
 30
0.0
 41
75.0
 42
75.0
 43
75.0
 50
90.0
  0
INSERT
  5
13B9
330
12D8
100
AcDbEntity
  8
CALLOUT TEXT
440
 16777216
370
    -2
100
AcDbBlockReference
  2
_ArchTick
 10
2202.804926206142
 20
13420.64775026537
 30
0.0
 41
75.0
 42
75.0
 43
75.0
 50
270.0
  0
MTEXT
  5
13BA
330
12D8
100
AcDbEntity
  8
CALLOUT TEXT
440
 16777216
100
AcDbMText
 10
2015.304926206146
 20
14772.52946413256
 30
0.0
 40
225.0
 41
0.0
 46
0.0
 71
     5
 72
     1
  1
\A1;2704
  7
dim
 11
0.0000000000000001
 21
1.0
 31
0.0
 73
     1
 44
1.0
  0
POINT
  5
13BB
330
12D8
100
AcDbEntity
  8
Defpoints
 62
     0
440
 16777216
100
AcDbPoint
 10
2190.632186237157
 20
16124.41117799975
 30
0.0
  0
POINT
  5
13BC
330
12D8
100
AcDbEntity
  8
Defpoints
 62
     0
440
 16777216
100
AcDbPoint
 10
2211.334179522021
 20
13420.64775026537
 30
0.0
  0
POINT
  5
13BD
330
12D8
100
AcDbEntity
  8
Defpoints
 62
     0
440
 16777216
100
AcDbPoint
 10
2202.804926206142
 20
13420.64775026537
 30
0.0
  0
ENDBLK
  5
12DA
330
12D8
100
AcDbEntity
  8
0
100
AcDbBlockEnd
  0
BLOCK
  5
12E5
330
12E4
100
AcDbEntity
  8
0
100
AcDbBlockBegin
  2
*D148
 70
     1
 10
0.0
 20
0.0
 30
0.0
  3
*D148
  1

  0
LINE
  5
13BE
330
12E4
100
AcDbEntity
  8
CALLOUT TEXT
440
 16777216
370
    -2
100
AcDbLine
 10
2136.334179522117
 20
13420.64775026537
 30
0.0
 11
2153.137152924898
 21
13420.64775026537
 31
0.0
  0
LINE
  5
13BF
330
12E4
100
AcDbEntity
  8
CALLOUT TEXT
440
 16777216
370
    -2
100
AcDbLine
 10
2276.817149427017
 20
12299.41117799975
 30
0.0
 11
2253.137152924898
 21
12299.41117799975
 31
0.0
  0
LINE
  5
13C0
330
12E4
100
AcDbEntity
  8
CALLOUT TEXT
440
 16777216
370
    -2
100
AcDbLine
 10
2203.137152924898
 20
13470.64775026537
 30
0.0
 11
2203.137152924898
 21
12249.41117799975
 31
0.0
  0
INSERT
  5
13C1
330
12E4
100
AcDbEntity
  8
CALLOUT TEXT
440
 16777216
370
    -2
100
AcDbBlockReference
  2
_ArchTick
 10
2203.137152924898
 20
13420.64775026537
 30
0.0
 41
75.0
 42
75.0
 43
75.0
 50
90.0
  0
INSERT
  5
13C2
330
12E4
100
AcDbEntity
  8
CALLOUT TEXT
440
 16777216
370
    -2
100
AcDbBlockReference
  2
_ArchTick
 10
2203.137152924898
 20
12299.41117799975
 30
0.0
 41
75.0
 42
75.0
 43
75.0
 50
270.0
  0
MTEXT
  5
13C3
330
12E4
100
AcDbEntity
  8
CALLOUT TEXT
440
 16777216
100
AcDbMText
 10
2015.637152924901
 20
12860.02946413256
 30
0.0
 40
225.0
 41
0.0
 46
0.0
 71
     5
 72
     1
  1
\A1;1121
  7
dim
 11
0.0000000000000001
 21
1.0
 31
0.0
 73
     1
 44
1.0
  0
POINT
  5
13C4
330
12E4
100
AcDbEntity
  8
Defpoints
 62
     0
440
 16777216
100
AcDbPoint
 10
2211.334179522117
 20
13420.64775026537
 30
0.0
  0
POINT
  5
13C5
330
12E4
100
AcDbEntity
  8
Defpoints
 62
     0
440
 16777216
100
AcDbPoint
 10
2201.817149427018
 20
12299.41117799975
 30
0.0
  0
POINT
  5
13C6
330
12E4
100
AcDbEntity
  8
Defpoints
 62
     0
440
 16777216
100
AcDbPoint
 10
2203.137152924898
 20
12299.41117799975
 30
0.0
  0
ENDBLK
  5
12E6
330
12E4
100
AcDbEntity
  8
0
100
AcDbBlockEnd
  0
BLOCK
  5
12F1
330
12F0
100
AcDbEntity
  8
0
100
AcDbBlockBegin
  2
*D149
 70
     1
 10
0.0
 20
0.0
 30
0.0
  3
*D149
  1

  0
LINE
  5
13C7
330
12F0
100
AcDbEntity
  8
CALLOUT TEXT
440
 16777216
370
    -2
100
AcDbLine
 10
2276.817149427015
 20
12299.41117799975
 30
0.0
 11
2253.137152925128
 21
12299.41117799975
 31
0.0
  0
LINE
  5
13C8
330
12F0
100
AcDbEntity
  8
CALLOUT TEXT
440
 16777216
370
    -2
100
AcDbLine
 10
2140.258728015114
 20
9449.411177999747
 30
0.0
 11
2153.137152925129
 21
9449.411177999747
 31
0.0
  0
LINE
  5
13C9
330
12F0
100
AcDbEntity
  8
CALLOUT TEXT
440
 16777216
370
    -2
100
AcDbLine
 10
2203.137152925128
 20
12349.41117799975
 30
0.0
 11
2203.137152925128
 21
9399.411177999748
 31
0.0
  0
INSERT
  5
13CA
330
12F0
100
AcDbEntity
  8
CALLOUT TEXT
440
 16777216
370
    -2
100
AcDbBlockReference
  2
_ArchTick
 10
2203.137152925128
 20
12299.41117799975
 30
0.0
 41
75.0
 42
75.0
 43
75.0
 50
90.0
  0
INSERT
  5
13CB
330
12F0
100
AcDbEntity
  8
CALLOUT TEXT
440
 16777216
370
    -2
100
AcDbBlockReference
  2
_ArchTick
 10
2203.137152925128
 20
9449.411177999747
 30
0.0
 41
75.0
 42
75.0
 43
75.0
 50
270.0
  0
MTEXT
  5
13CC
330
12F0
100
AcDbEntity
  8
CALLOUT TEXT
440
 16777216
100
AcDbMText
 10
2015.637152925131
 20
10874.41117799974
 30
0.0
 40
225.0
 41
0.0
 46
0.0
 71
     5
 72
     1
  1
\A1;2850
  7
dim
 11
0.0000000000000001
 21
1.0
 31
0.0
 73
     1
 44
1.0
  0
POINT
  5
13CD
330
12F0
100
AcDbEntity
  8
Defpoints
 62
     0
440
 16777216
100
AcDbPoint
 10
2201.817149427014
 20
12299.41117799975
 30
0.0
  0
POINT
  5
13CE
330
12F0
100
AcDbEntity
  8
Defpoints
 62
     0
440
 16777216
100
AcDbPoint
 10
2215.258728015114
 20
9449.411177999747
 30
0.0
  0
POINT
  5
13CF
330
12F0
100
AcDbEntity
  8
Defpoints
 62
     0
440
 16777216
100
AcDbPoint
 10
2203.137152925128
 20
9449.411177999747
 30
0.0
  0
ENDBLK
  5
12F2
330
12F0
100
AcDbEntity
  8
0
100
AcDbBlockEnd
  0
BLOCK
  5
12FD
330
12FC
100
AcDbEntity
  8
0
100
AcDbBlockBegin
  2
*D150
 70
     1
 10
0.0
 20
0.0
 30
0.0
  3
*D150
  1

  0
LINE
  5
13D0
330
12FC
100
AcDbEntity
  8
CALLOUT TEXT
440
 16777216
370
    -2
100
AcDbLine
 10
2140.258728015091
 20
9449.411177999747
 30
0.0
 11
2153.024127340381
 21
9449.411177999747
 31
0.0
  0
LINE
  5
13D1
330
12FC
100
AcDbEntity
  8
CALLOUT TEXT
440
 16777216
370
    -2
100
AcDbLine
 10
2130.05490194491
 20
7574.411177999748
 30
0.0
 11
2153.024127340382
 21
7574.411177999748
 31
0.0
  0
LINE
  5
13D2
330
12FC
100
AcDbEntity
  8
CALLOUT TEXT
440
 16777216
370
    -2
100
AcDbLine
 10
2203.024127340381
 20
9499.411177999748
 30
0.0
 11
2203.024127340381
 21
7524.411177999748
 31
0.0
  0
INSERT
  5
13D3
330
12FC
100
AcDbEntity
  8
CALLOUT TEXT
440
 16777216
370
    -2
100
AcDbBlockReference
  2
_ArchTick
 10
2203.024127340381
 20
9449.411177999747
 30
0.0
 41
75.0
 42
75.0
 43
75.0
 50
90.0
  0
INSERT
  5
13D4
330
12FC
100
AcDbEntity
  8
CALLOUT TEXT
440
 16777216
370
    -2
100
AcDbBlockReference
  2
_ArchTick
 10
2203.024127340381
 20
7574.411177999748
 30
0.0
 41
75.0
 42
75.0
 43
75.0
 50
270.0
  0
MTEXT
  5
13D5
330
12FC
100
AcDbEntity
  8
CALLOUT TEXT
440
 16777216
100
AcDbMText
 10
2015.524127340383
 20
8511.911177999746
 30
0.0
 40
225.0
 41
0.0
 46
0.0
 71
     5
 72
     1
  1
\A1;1875
  7
dim
 11
0.0000000000000001
 21
1.0
 31
0.0
 73
     1
 44
1.0
  0
POINT
  5
13D6
330
12FC
100
AcDbEntity
  8
Defpoints
 62
     0
440
 16777216
100
AcDbPoint
 10
2215.258728015091
 20
9449.411177999747
 30
0.0
  0
POINT
  5
13D7
330
12FC
100
AcDbEntity
  8
Defpoints
 62
     0
440
 16777216
100
AcDbPoint
 10
2205.05490194491
 20
7574.411177999748
 30
0.0
  0
POINT
  5
13D8
330
12FC
100
AcDbEntity
  8
Defpoints
 62
     0
440
 16777216
100
AcDbPoint
 10
2203.024127340381
 20
7574.411177999748
 30
0.0
  0
ENDBLK
  5
12FE
330
12FC
100
AcDbEntity
  8
0
100
AcDbBlockEnd
  0
BLOCK
  5
1309
330
1308
100
AcDbEntity
  8
0
100
AcDbBlockBegin
  2
*D151
 70
     1
 10
0.0
 20
0.0
 30
0.0
  3
*D151
  1

  0
LINE
  5
13D9
330
1308
100
AcDbEntity
  8
CALLOUT TEXT
440
 16777216
370
    -2
100
AcDbLine
 10
2130.054901944877
 20
7574.411177999748
 30
0.0
 11
2153.024127340581
 21
7574.411177999748
 31
0.0
  0
LINE
  5
13DA
330
1308
100
AcDbEntity
  8
CALLOUT TEXT
440
 16777216
370
    -2
100
AcDbLine
 10
2138.590794905958
 20
5774.411483175527
 30
0.0
 11
2153.024127340581
 21
5774.411483175527
 31
0.0
  0
LINE
  5
13DB
330
1308
100
AcDbEntity
  8
CALLOUT TEXT
440
 16777216
370
    -2
100
AcDbLine
 10
2203.024127340581
 20
7624.411177999748
 30
0.0
 11
2203.024127340581
 21
5724.411483175527
 31
0.0
  0
INSERT
  5
13DC
330
1308
100
AcDbEntity
  8
CALLOUT TEXT
440
 16777216
370
    -2
100
AcDbBlockReference
  2
_ArchTick
 10
2203.024127340581
 20
7574.411177999748
 30
0.0
 41
75.0
 42
75.0
 43
75.0
 50
90.0
  0
INSERT
  5
13DD
330
1308
100
AcDbEntity
  8
CALLOUT TEXT
440
 16777216
370
    -2
100
AcDbBlockReference
  2
_ArchTick
 10
2203.024127340581
 20
5774.411483175527
 30
0.0
 41
75.0
 42
75.0
 43
75.0
 50
270.0
  0
MTEXT
  5
13DE
330
1308
100
AcDbEntity
  8
CALLOUT TEXT
440
 16777216
100
AcDbMText
 10
2015.524127340583
 20
6674.411330587637
 30
0.0
 40
225.0
 41
0.0
 46
0.0
 71
     5
 72
     1
  1
\A1;1800
  7
dim
 11
0.0000000000000001
 21
1.0
 31
0.0
 73
     1
 44
1.0
  0
POINT
  5
13DF
330
1308
100
AcDbEntity
  8
Defpoints
 62
     0
440
 16777216
100
AcDbPoint
 10
2205.054901944877
 20
7574.411177999748
 30
0.0
  0
POINT
  5
13E0
330
1308
100
AcDbEntity
  8
Defpoints
 62
     0
440
 16777216
100
AcDbPoint
 10
2213.590794905958
 20
5774.411483175527
 30
0.0
  0
POINT
  5
13E1
330
1308
100
AcDbEntity
  8
Defpoints
 62
     0
440
 16777216
100
AcDbPoint
 10
2203.024127340581
 20
5774.411483175527
 30
0.0
  0
ENDBLK
  5
130A
330
1308
100
AcDbEntity
  8
0
100
AcDbBlockEnd
  0
BLOCK
  5
1790
330
178F
100
AcDbEntity
  8
0
100
AcDbBlockBegin
  2
*D152
 70
     1
 10
0.0
 20
0.0
 30
0.0
  3
*D152
  1

  0
LINE
  5
18F1
330
178F
100
AcDbEntity
  8
CALLOUT TEXT
440
 16777216
370
    -2
100
AcDbLine
 10
38990.63617232903
 20
19425.98582657135
 30
0.0
 11
38990.63617232903
 21
19400.98582657135
 31
0.0
  0
LINE
  5
18F2
330
178F
100
AcDbEntity
  8
CALLOUT TEXT
440
 16777216
370
    -2
100
AcDbLine
 10
41615.63617232903
 20
19425.98582657135
 30
0.0
 11
41615.63617232903
 21
19400.98582657135
 31
0.0
  0
LINE
  5
18F3
330
178F
100
AcDbEntity
  8
CALLOUT TEXT
440
 16777216
370
    -2
100
AcDbLine
 10
38940.63617232903
 20
19350.98582657135
 30
0.0
 11
41665.63617232903
 21
19350.98582657135
 31
0.0
  0
INSERT
  5
18F4
330
178F
100
AcDbEntity
  8
CALLOUT TEXT
440
 16777216
370
    -2
100
AcDbBlockReference
  2
_ArchTick
 10
38990.63617232903
 20
19350.98582657135
 30
0.0
 41
75.0
 42
75.0
 43
75.0
 50
180.0
  0
INSERT
  5
18F5
330
178F
100
AcDbEntity
  8
CALLOUT TEXT
440
 16777216
370
    -2
100
AcDbBlockReference
  2
_ArchTick
 10
41615.63617232903
 20
19350.98582657135
 30
0.0
 41
75.0
 42
75.0
 43
75.0
  0
MTEXT
  5
18F6
330
178F
100
AcDbEntity
  8
CALLOUT TEXT
440
 16777216
100
AcDbMText
 10
40303.13617232903
 20
19538.48582657135
 30
0.0
 40
225.0
 41
0.0
 46
0.0
 71
     5
 72
     1
  1
\A1;2625
  7
dim
 73
     1
 44
1.0
  0
POINT
  5
18F7
330
178F
100
AcDbEntity
  8
Defpoints
 62
     0
440
 16777216
100
AcDbPoint
 10
38990.63617232903
 20
19350.98582657135
 30
0.0
  0
POINT
  5
18F8
330
178F
100
AcDbEntity
  8
Defpoints
 62
     0
440
 16777216
100
AcDbPoint
 10
41615.63617232903
 20
19350.98582657135
 30
0.0
  0
POINT
  5
18F9
330
178F
100
AcDbEntity
  8
Defpoints
 62
     0
440
 16777216
100
AcDbPoint
 10
41615.63617232903
 20
19350.98582657135
 30
0.0
  0
ENDBLK
  5
1791
330
178F
100
AcDbEntity
  8
0
100
AcDbBlockEnd
  0
BLOCK
  5
179C
330
179B
100
AcDbEntity
  8
0
100
AcDbBlockBegin
  2
*D153
 70
     1
 10
0.0
 20
0.0
 30
0.0
  3
*D153
  1

  0
LINE
  5
18FA
330
179B
100
AcDbEntity
  8
CALLOUT TEXT
440
 16777216
370
    -2
100
AcDbLine
 10
41615.63617232903
 20
19425.98582657135
 30
0.0
 11
41615.63617232903
 21
19400.98582657135
 31
0.0
  0
LINE
  5
18FB
330
179B
100
AcDbEntity
  8
CALLOUT TEXT
440
 16777216
370
    -2
100
AcDbLine
 10
46297.19354414237
 20
19424.64495478186
 30
0.0
 11
46297.19354414237
 21
19400.98582657135
 31
0.0
  0
LINE
  5
18FC
330
179B
100
AcDbEntity
  8
CALLOUT TEXT
440
 16777216
370
    -2
100
AcDbLine
 10
41565.63617232903
 20
19350.98582657135
 30
0.0
 11
46347.19354414237
 21
19350.98582657135
 31
0.0
  0
INSERT
  5
18FD
330
179B
100
AcDbEntity
  8
CALLOUT TEXT
440
 16777216
370
    -2
100
AcDbBlockReference
  2
_ArchTick
 10
41615.63617232903
 20
19350.98582657135
 30
0.0
 41
75.0
 42
75.0
 43
75.0
 50
180.0
  0
INSERT
  5
18FE
330
179B
100
AcDbEntity
  8
CALLOUT TEXT
440
 16777216
370
    -2
100
AcDbBlockReference
  2
_ArchTick
 10
46297.19354414237
 20
19350.98582657135
 30
0.0
 41
75.0
 42
75.0
 43
75.0
  0
MTEXT
  5
18FF
330
179B
100
AcDbEntity
  8
CALLOUT TEXT
440
 16777216
100
AcDbMText
 10
43956.4148582357
 20
19538.48582657135
 30
0.0
 40
225.0
 41
0.0
 46
0.0
 71
     5
 72
     1
  1
\A1;4682
  7
dim
 73
     1
 44
1.0
  0
POINT
  5
1900
330
179B
100
AcDbEntity
  8
Defpoints
 62
     0
440
 16777216
100
AcDbPoint
 10
41615.63617232903
 20
19350.98582657135
 30
0.0
  0
POINT
  5
1901
330
179B
100
AcDbEntity
  8
Defpoints
 62
     0
440
 16777216
100
AcDbPoint
 10
46297.19354414237
 20
19349.64495478186
 30
0.0000000000000142
  0
POINT
  5
1902
330
179B
100
AcDbEntity
  8
Defpoints
 62
     0
440
 16777216
100
AcDbPoint
 10
46297.19354414237
 20
19350.98582657135
 30
0.0
  0
ENDBLK
  5
179D
330
179B
100
AcDbEntity
  8
0
100
AcDbBlockEnd
  0
BLOCK
  5
17A8
330
17A7
100
AcDbEntity
  8
0
100
AcDbBlockBegin
  2
*D154
 70
     1
 10
0.0
 20
0.0
 30
0.0
  3
*D154
  1

  0
LINE
  5
1903
330
17A7
100
AcDbEntity
  8
CALLOUT TEXT
440
 16777216
370
    -2
100
AcDbLine
 10
46297.19354414237
 20
19424.64495478186
 30
0.0
 11
46297.19354414237
 21
19400.98582657135
 31
0.0
  0
LINE
  5
1904
330
17A7
100
AcDbEntity
  8
CALLOUT TEXT
440
 16777216
370
    -2
100
AcDbLine
 10
46865.73629737838
 20
19276.62372854442
 30
0.0
 11
46865.73629737838
 21
19300.98582657135
 31
0.0
  0
LINE
  5
1905
330
17A7
100
AcDbEntity
  8
CALLOUT TEXT
440
 16777216
370
    -2
100
AcDbLine
 10
46247.19354414237
 20
19350.98582657135
 30
0.0
 11
46915.73629737838
 21
19350.98582657135
 31
0.0
  0
LINE
  5
1906
330
17A7
100
AcDbEntity
  8
CALLOUT TEXT
440
 16777216
370
    -2
100
AcDbLine
 10
46581.46492076038
 20
19350.98582657135
 30
0.0
 11
46372.27358050395
 21
19629.08615242576
 31
0.0
  0
LINE
  5
1907
330
17A7
100
AcDbEntity
  8
CALLOUT TEXT
440
 16777216
370
    -2
100
AcDbLine
 10
46372.27358050395
 20
19629.08615242576
 30
0.0
 11
45767.98786621823
 21
19629.08615242576
 31
0.0
  0
MTEXT
  5
1908
330
17A7
100
AcDbEntity
  8
CALLOUT TEXT
440
 16777216
100
AcDbMText
 10
46070.1307233611
 20
19816.58615242576
 30
0.0
 40
225.0
 41
0.0
 46
0.0
 71
     5
 72
     1
  1
\A1;569
  7
dim
 73
     1
 44
1.0
  0
INSERT
  5
1909
330
17A7
100
AcDbEntity
  8
CALLOUT TEXT
440
 16777216
370
    -2
100
AcDbBlockReference
  2
_ArchTick
 10
46297.19354414237
 20
19350.98582657135
 30
0.0
 41
75.0
 42
75.0
 43
75.0
 50
180.0
  0
INSERT
  5
190A
330
17A7
100
AcDbEntity
  8
CALLOUT TEXT
440
 16777216
370
    -2
100
AcDbBlockReference
  2
_ArchTick
 10
46865.73629737838
 20
19350.98582657135
 30
0.0
 41
75.0
 42
75.0
 43
75.0
  0
POINT
  5
190B
330
17A7
100
AcDbEntity
  8
Defpoints
 62
     0
440
 16777216
100
AcDbPoint
 10
46297.19354414237
 20
19349.64495478186
 30
0.0000000000000142
  0
POINT
  5
190C
330
17A7
100
AcDbEntity
  8
Defpoints
 62
     0
440
 16777216
100
AcDbPoint
 10
46865.73629737838
 20
19351.62372854442
 30
0.0
  0
POINT
  5
190D
330
17A7
100
AcDbEntity
  8
Defpoints
 62
     0
440
 16777216
100
AcDbPoint
 10
46865.73629737838
 20
19350.98582657135
 30
0.0
  0
ENDBLK
  5
17A9
330
17A7
100
AcDbEntity
  8
0
100
AcDbBlockEnd
  0
BLOCK
  5
17B6
330
17B5
100
AcDbEntity
  8
0
100
AcDbBlockBegin
  2
*D155
 70
     1
 10
0.0
 20
0.0
 30
0.0
  3
*D155
  1

  0
LINE
  5
190E
330
17B5
100
AcDbEntity
  8
CALLOUT TEXT
440
 16777216
370
    -2
100
AcDbLine
 10
46865.73629737838
 20
19276.62372854442
 30
0.0
 11
46865.73629737838
 21
19300.98582657135
 31
0.0
  0
LINE
  5
190F
330
17B5
100
AcDbEntity
  8
CALLOUT TEXT
440
 16777216
370
    -2
100
AcDbLine
 10
47540.63660683141
 20
19425.98577234346
 30
0.0
 11
47540.63660683141
 21
19400.98582657135
 31
0.0
  0
LINE
  5
1910
330
17B5
100
AcDbEntity
  8
CALLOUT TEXT
440
 16777216
370
    -2
100
AcDbLine
 10
46815.73629737838
 20
19350.98582657135
 30
0.0
 11
47590.63660683141
 21
19350.98582657135
 31
0.0
  0
INSERT
  5
1911
330
17B5
100
AcDbEntity
  8
CALLOUT TEXT
440
 16777216
370
    -2
100
AcDbBlockReference
  2
_ArchTick
 10
46865.73629737838
 20
19350.98582657135
 30
0.0
 41
75.0
 42
75.0
 43
75.0
 50
180.0
  0
INSERT
  5
1912
330
17B5
100
AcDbEntity
  8
CALLOUT TEXT
440
 16777216
370
    -2
100
AcDbBlockReference
  2
_ArchTick
 10
47540.63660683141
 20
19350.98582657135
 30
0.0
 41
75.0
 42
75.0
 43
75.0
  0
MTEXT
  5
1913
330
17B5
100
AcDbEntity
  8
CALLOUT TEXT
440
 16777216
100
AcDbMText
 10
47203.1864521049
 20
19538.48582657135
 30
0.0
 40
225.0
 41
0.0
 46
0.0
 71
     5
 72
     1
  1
\A1;675
  7
dim
 73
     1
 44
1.0
  0
POINT
  5
1914
330
17B5
100
AcDbEntity
  8
Defpoints
 62
     0
440
 16777216
100
AcDbPoint
 10
46865.73629737838
 20
19351.62372854442
 30
0.0
  0
POINT
  5
1915
330
17B5
100
AcDbEntity
  8
Defpoints
 62
     0
440
 16777216
100
AcDbPoint
 10
47540.63660683141
 20
19350.98577234346
 30
0.0
  0
POINT
  5
1916
330
17B5
100
AcDbEntity
  8
Defpoints
 62
     0
440
 16777216
100
AcDbPoint
 10
47540.63660683141
 20
19350.98582657135
 30
0.0
  0
ENDBLK
  5
17B7
330
17B5
100
AcDbEntity
  8
0
100
AcDbBlockEnd
  0
BLOCK
  5
17C2
330
17C1
100
AcDbEntity
  8
0
100
AcDbBlockBegin
  2
*D156
 70
     1
 10
0.0
 20
0.0
 30
0.0
  3
*D156
  1

  0
LINE
  5
1917
330
17C1
100
AcDbEntity
  8
CALLOUT TEXT
440
 16777216
370
    -2
100
AcDbLine
 10
47540.63660683141
 20
19425.98577234346
 30
0.0
 11
47540.63660683141
 21
19400.98582657135
 31
0.0
  0
LINE
  5
1918
330
17C1
100
AcDbEntity
  8
CALLOUT TEXT
440
 16777216
370
    -2
100
AcDbLine
 10
50965.63708785637
 20
19425.98582657135
 30
0.0
 11
50965.63708785637
 21
19400.98582657135
 31
0.0
  0
LINE
  5
1919
330
17C1
100
AcDbEntity
  8
CALLOUT TEXT
440
 16777216
370
    -2
100
AcDbLine
 10
47490.63660683141
 20
19350.98582657135
 30
0.0
 11
51015.63708785637
 21
19350.98582657135
 31
0.0
  0
INSERT
  5
191A
330
17C1
100
AcDbEntity
  8
CALLOUT TEXT
440
 16777216
370
    -2
100
AcDbBlockReference
  2
_ArchTick
 10
47540.63660683141
 20
19350.98582657135
 30
0.0
 41
75.0
 42
75.0
 43
75.0
 50
180.0
  0
INSERT
  5
191B
330
17C1
100
AcDbEntity
  8
CALLOUT TEXT
440
 16777216
370
    -2
100
AcDbBlockReference
  2
_ArchTick
 10
50965.63708785637
 20
19350.98582657135
 30
0.0
 41
75.0
 42
75.0
 43
75.0
  0
MTEXT
  5
191C
330
17C1
100
AcDbEntity
  8
CALLOUT TEXT
440
 16777216
100
AcDbMText
 10
49253.13684734389
 20
19538.48582657135
 30
0.0
 40
225.0
 41
0.0
 46
0.0
 71
     5
 72
     1
  1
\A1;3425
  7
dim
 73
     1
 44
1.0
  0
POINT
  5
191D
330
17C1
100
AcDbEntity
  8
Defpoints
 62
     0
440
 16777216
100
AcDbPoint
 10
47540.63660683141
 20
19350.98577234346
 30
0.0
  0
POINT
  5
191E
330
17C1
100
AcDbEntity
  8
Defpoints
 62
     0
440
 16777216
100
AcDbPoint
 10
50965.63708785637
 20
19350.98582657135
 30
0.0000000000000142
  0
POINT
  5
191F
330
17C1
100
AcDbEntity
  8
Defpoints
 62
     0
440
 16777216
100
AcDbPoint
 10
50965.63708785637
 20
19350.98582657135
 30
0.0
  0
ENDBLK
  5
17C3
330
17C1
100
AcDbEntity
  8
0
100
AcDbBlockEnd
  0
BLOCK
  5
17CE
330
17CD
100
AcDbEntity
  8
0
100
AcDbBlockBegin
  2
*D157
 70
     1
 10
0.0
 20
0.0
 30
0.0
  3
*D157
  1

  0
LINE
  5
1920
330
17CD
100
AcDbEntity
  8
CALLOUT TEXT
440
 16777216
370
    -2
100
AcDbLine
 10
50965.63708785637
 20
19425.98582657135
 30
0.0
 11
50965.63708785637
 21
19400.98582657135
 31
0.0
  0
LINE
  5
1921
330
17CD
100
AcDbEntity
  8
CALLOUT TEXT
440
 16777216
370
    -2
100
AcDbLine
 10
52565.63659957548
 20
19275.98582657149
 30
0.0
 11
52565.63659957548
 21
19300.98582657135
 31
0.0
  0
LINE
  5
1922
330
17CD
100
AcDbEntity
  8
CALLOUT TEXT
440
 16777216
370
    -2
100
AcDbLine
 10
50915.63708785638
 20
19350.98582657135
 30
0.0
 11
52615.63659957547
 21
19350.98582657135
 31
0.0
  0
INSERT
  5
1923
330
17CD
100
AcDbEntity
  8
CALLOUT TEXT
440
 16777216
370
    -2
100
AcDbBlockReference
  2
_ArchTick
 10
50965.63708785637
 20
19350.98582657135
 30
0.0
 41
75.0
 42
75.0
 43
75.0
 50
180.0
  0
INSERT
  5
1924
330
17CD
100
AcDbEntity
  8
CALLOUT TEXT
440
 16777216
370
    -2
100
AcDbBlockReference
  2
_ArchTick
 10
52565.63659957548
 20
19350.98582657135
 30
0.0
 41
75.0
 42
75.0
 43
75.0
  0
MTEXT
  5
1925
330
17CD
100
AcDbEntity
  8
CALLOUT TEXT
440
 16777216
100
AcDbMText
 10
51765.63684371592
 20
19538.48582657135
 30
0.0
 40
225.0
 41
0.0
 46
0.0
 71
     5
 72
     1
  1
\A1;1600
  7
dim
 73
     1
 44
1.0
  0
POINT
  5
1926
330
17CD
100
AcDbEntity
  8
Defpoints
 62
     0
440
 16777216
100
AcDbPoint
 10
50965.63708785637
 20
19350.98582657135
 30
0.0000000000000142
  0
POINT
  5
1927
330
17CD
100
AcDbEntity
  8
Defpoints
 62
     0
440
 16777216
100
AcDbPoint
 10
52565.63659957548
 20
19350.9858265715
 30
0.0
  0
POINT
  5
1928
330
17CD
100
AcDbEntity
  8
Defpoints
 62
     0
440
 16777216
100
AcDbPoint
 10
52565.63659957548
 20
19350.98582657135
 30
0.0
  0
ENDBLK
  5
17CF
330
17CD
100
AcDbEntity
  8
0
100
AcDbBlockEnd
  0
BLOCK
  5
17DA
330
17D9
100
AcDbEntity
  8
0
100
AcDbBlockBegin
  2
*D158
 70
     1
 10
0.0
 20
0.0
 30
0.0
  3
*D158
  1

  0
LINE
  5
1929
330
17D9
100
AcDbEntity
  8
CALLOUT TEXT
440
 16777216
370
    -2
100
AcDbLine
 10
52565.63659957548
 20
19275.98582657149
 30
0.0
 11
52565.63659957548
 21
19300.98582657135
 31
0.0
  0
LINE
  5
192A
330
17D9
100
AcDbEntity
  8
CALLOUT TEXT
440
 16777216
370
    -2
100
AcDbLine
 10
53240.63659957512
 20
19425.98582657135
 30
0.0
 11
53240.63659957512
 21
19400.98582657135
 31
0.0
  0
LINE
  5
192B
330
17D9
100
AcDbEntity
  8
CALLOUT TEXT
440
 16777216
370
    -2
100
AcDbLine
 10
52515.63659957548
 20
19350.98582657135
 30
0.0
 11
53290.63659957513
 21
19350.98582657135
 31
0.0
  0
INSERT
  5
192C
330
17D9
100
AcDbEntity
  8
CALLOUT TEXT
440
 16777216
370
    -2
100
AcDbBlockReference
  2
_ArchTick
 10
52565.63659957548
 20
19350.98582657135
 30
0.0
 41
75.0
 42
75.0
 43
75.0
 50
180.0
  0
INSERT
  5
192D
330
17D9
100
AcDbEntity
  8
CALLOUT TEXT
440
 16777216
370
    -2
100
AcDbBlockReference
  2
_ArchTick
 10
53240.63659957512
 20
19350.98582657135
 30
0.0
 41
75.0
 42
75.0
 43
75.0
  0
MTEXT
  5
192E
330
17D9
100
AcDbEntity
  8
CALLOUT TEXT
440
 16777216
100
AcDbMText
 10
52903.1365995753
 20
19538.48582657135
 30
0.0
 40
225.0
 41
0.0
 46
0.0
 71
     5
 72
     1
  1
\A1;675
  7
dim
 73
     1
 44
1.0
  0
POINT
  5
192F
330
17D9
100
AcDbEntity
  8
Defpoints
 62
     0
440
 16777216
100
AcDbPoint
 10
52565.63659957548
 20
19350.9858265715
 30
0.0
  0
POINT
  5
1930
330
17D9
100
AcDbEntity
  8
Defpoints
 62
     0
440
 16777216
100
AcDbPoint
 10
53240.63659957512
 20
19350.98582657135
 30
0.0
  0
POINT
  5
1931
330
17D9
100
AcDbEntity
  8
Defpoints
 62
     0
440
 16777216
100
AcDbPoint
 10
53240.63659957512
 20
19350.98582657135
 30
0.0
  0
ENDBLK
  5
17DB
330
17D9
100
AcDbEntity
  8
0
100
AcDbBlockEnd
  0
BLOCK
  5
17E6
330
17E5
100
AcDbEntity
  8
0
100
AcDbBlockBegin
  2
*D159
 70
     1
 10
0.0
 20
0.0
 30
0.0
  3
*D159
  1

  0
LINE
  5
1932
330
17E5
100
AcDbEntity
  8
CALLOUT TEXT
440
 16777216
370
    -2
100
AcDbLine
 10
53240.63659957512
 20
19425.98582657135
 30
0.0
 11
53240.63659957512
 21
19400.98582657135
 31
0.0
  0
LINE
  5
1933
330
17E5
100
AcDbEntity
  8
CALLOUT TEXT
440
 16777216
370
    -2
100
AcDbLine
 10
55640.63708785638
 20
19425.98582657135
 30
0.0
 11
55640.63708785638
 21
19400.98582657135
 31
0.0
  0
LINE
  5
1934
330
17E5
100
AcDbEntity
  8
CALLOUT TEXT
440
 16777216
370
    -2
100
AcDbLine
 10
53190.63659957512
 20
19350.98582657135
 30
0.0
 11
55690.63708785638
 21
19350.98582657135
 31
0.0
  0
INSERT
  5
1935
330
17E5
100
AcDbEntity
  8
CALLOUT TEXT
440
 16777216
370
    -2
100
AcDbBlockReference
  2
_ArchTick
 10
53240.63659957512
 20
19350.98582657135
 30
0.0
 41
75.0
 42
75.0
 43
75.0
 50
180.0
  0
INSERT
  5
1936
330
17E5
100
AcDbEntity
  8
CALLOUT TEXT
440
 16777216
370
    -2
100
AcDbBlockReference
  2
_ArchTick
 10
55640.63708785638
 20
19350.98582657135
 30
0.0
 41
75.0
 42
75.0
 43
75.0
  0
MTEXT
  5
1937
330
17E5
100
AcDbEntity
  8
CALLOUT TEXT
440
 16777216
100
AcDbMText
 10
54440.63684371575
 20
19538.48582657135
 30
0.0
 40
225.0
 41
0.0
 46
0.0
 71
     5
 72
     1
  1
\A1;2400
  7
dim
 73
     1
 44
1.0
  0
POINT
  5
1938
330
17E5
100
AcDbEntity
  8
Defpoints
 62
     0
440
 16777216
100
AcDbPoint
 10
53240.63659957512
 20
19350.98582657135
 30
0.0
  0
POINT
  5
1939
330
17E5
100
AcDbEntity
  8
Defpoints
 62
     0
440
 16777216
100
AcDbPoint
 10
55640.63708785638
 20
19350.98582657135
 30
0.0000000000000142
  0
POINT
  5
193A
330
17E5
100
AcDbEntity
  8
Defpoints
 62
     0
440
 16777216
100
AcDbPoint
 10
55640.63708785638
 20
19350.98582657135
 30
0.0
  0
ENDBLK
  5
17E7
330
17E5
100
AcDbEntity
  8
0
100
AcDbBlockEnd
  0
BLOCK
  5
17F2
330
17F1
100
AcDbEntity
  8
0
100
AcDbBlockBegin
  2
*D160
 70
     1
 10
0.0
 20
0.0
 30
0.0
  3
*D160
  1

  0
LINE
  5
193B
330
17F1
100
AcDbEntity
  8
CALLOUT TEXT
440
 16777216
370
    -2
100
AcDbLine
 10
55640.63708785638
 20
19425.98582657135
 30
0.0
 11
55640.63708785638
 21
19400.98582657135
 31
0.0
  0
LINE
  5
193C
330
17F1
100
AcDbEntity
  8
CALLOUT TEXT
440
 16777216
370
    -2
100
AcDbLine
 10
58265.63586715325
 20
19425.98582657135
 30
0.0
 11
58265.63586715325
 21
19400.98582657135
 31
0.0
  0
LINE
  5
193D
330
17F1
100
AcDbEntity
  8
CALLOUT TEXT
440
 16777216
370
    -2
100
AcDbLine
 10
55590.63708785638
 20
19350.98582657135
 30
0.0
 11
58315.63586715325
 21
19350.98582657135
 31
0.0
  0
INSERT
  5
193E
330
17F1
100
AcDbEntity
  8
CALLOUT TEXT
440
 16777216
370
    -2
100
AcDbBlockReference
  2
_ArchTick
 10
55640.63708785638
 20
19350.98582657135
 30
0.0
 41
75.0
 42
75.0
 43
75.0
 50
180.0
  0
INSERT
  5
193F
330
17F1
100
AcDbEntity
  8
CALLOUT TEXT
440
 16777216
370
    -2
100
AcDbBlockReference
  2
_ArchTick
 10
58265.63586715325
 20
19350.98582657135
 30
0.0
 41
75.0
 42
75.0
 43
75.0
  0
MTEXT
  5
1940
330
17F1
100
AcDbEntity
  8
CALLOUT TEXT
440
 16777216
100
AcDbMText
 10
56953.13647750481
 20
19538.48582657135
 30
0.0
 40
225.0
 41
0.0
 46
0.0
 71
     5
 72
     1
  1
\A1;2625
  7
dim
 73
     1
 44
1.0
  0
POINT
  5
1941
330
17F1
100
AcDbEntity
  8
Defpoints
 62
     0
440
 16777216
100
AcDbPoint
 10
55640.63708785638
 20
19350.98582657135
 30
0.0000000000000142
  0
POINT
  5
1942
330
17F1
100
AcDbEntity
  8
Defpoints
 62
     0
440
 16777216
100
AcDbPoint
 10
58265.63586715325
 20
19350.98582657135
 30
0.0
  0
POINT
  5
1943
330
17F1
100
AcDbEntity
  8
Defpoints
 62
     0
440
 16777216
100
AcDbPoint
 10
58265.63586715325
 20
19350.98582657135
 30
0.0
  0
ENDBLK
  5
17F3
330
17F1
100
AcDbEntity
  8
0
100
AcDbBlockEnd
  0
BLOCK
  5
17FE
330
17FD
100
AcDbEntity
  8
0
100
AcDbBlockBegin
  2
*D161
 70
     1
 10
0.0
 20
0.0
 30
0.0
  3
*D161
  1

  0
LINE
  5
1944
330
17FD
100
AcDbEntity
  8
CALLOUT TEXT
440
 16777216
370
    -2
100
AcDbLine
 10
58265.63586715325
 20
19425.98582657135
 30
0.0
 11
58265.63586715325
 21
19400.98582657135
 31
0.0
  0
LINE
  5
1945
330
17FD
100
AcDbEntity
  8
CALLOUT TEXT
440
 16777216
370
    -2
100
AcDbLine
 10
59690.63586715325
 20
19425.60582657135
 30
0.0
 11
59690.63586715325
 21
19400.98582657135
 31
0.0
  0
LINE
  5
1946
330
17FD
100
AcDbEntity
  8
CALLOUT TEXT
440
 16777216
370
    -2
100
AcDbLine
 10
58215.63586715325
 20
19350.98582657135
 30
0.0
 11
59740.63586715325
 21
19350.98582657135
 31
0.0
  0
INSERT
  5
1947
330
17FD
100
AcDbEntity
  8
CALLOUT TEXT
440
 16777216
370
    -2
100
AcDbBlockReference
  2
_ArchTick
 10
58265.63586715325
 20
19350.98582657135
 30
0.0
 41
75.0
 42
75.0
 43
75.0
 50
180.0
  0
INSERT
  5
1948
330
17FD
100
AcDbEntity
  8
CALLOUT TEXT
440
 16777216
370
    -2
100
AcDbBlockReference
  2
_ArchTick
 10
59690.63586715325
 20
19350.98582657135
 30
0.0
 41
75.0
 42
75.0
 43
75.0
  0
MTEXT
  5
1949
330
17FD
100
AcDbEntity
  8
CALLOUT TEXT
440
 16777216
100
AcDbMText
 10
58978.13586715325
 20
19538.48582657135
 30
0.0
 40
225.0
 41
0.0
 46
0.0
 71
     5
 72
     1
  1
\A1;1425
  7
dim
 73
     1
 44
1.0
  0
POINT
  5
194A
330
17FD
100
AcDbEntity
  8
Defpoints
 62
     0
440
 16777216
100
AcDbPoint
 10
58265.63586715325
 20
19350.98582657135
 30
0.0
  0
POINT
  5
194B
330
17FD
100
AcDbEntity
  8
Defpoints
 62
     0
440
 16777216
100
AcDbPoint
 10
59690.63586715325
 20
19350.60582657134
 30
0.0
  0
POINT
  5
194C
330
17FD
100
AcDbEntity
  8
Defpoints
 62
     0
440
 16777216
100
AcDbPoint
 10
59690.63586715325
 20
19350.98582657135
 30
0.0
  0
ENDBLK
  5
17FF
330
17FD
100
AcDbEntity
  8
0
100
AcDbBlockEnd
  0
BLOCK
  5
180A
330
1809
100
AcDbEntity
  8
0
100
AcDbBlockBegin
  2
*D162
 70
     1
 10
0.0
 20
0.0
 30
0.0
  3
*D162
  1

  0
LINE
  5
194D
330
1809
100
AcDbEntity
  8
CALLOUT TEXT
440
 16777216
370
    -2
100
AcDbLine
 10
59690.63586715325
 20
19425.60582657135
 30
0.0
 11
59690.63586715325
 21
19400.98582657135
 31
0.0
  0
LINE
  5
194E
330
1809
100
AcDbEntity
  8
CALLOUT TEXT
440
 16777216
370
    -2
100
AcDbLine
 10
63290.63586715325
 20
19425.60582657135
 30
0.0
 11
63290.63586715325
 21
19400.98582657135
 31
0.0
  0
LINE
  5
194F
330
1809
100
AcDbEntity
  8
CALLOUT TEXT
440
 16777216
370
    -2
100
AcDbLine
 10
59640.63586715325
 20
19350.98582657135
 30
0.0
 11
63340.63586715325
 21
19350.98582657135
 31
0.0
  0
INSERT
  5
1950
330
1809
100
AcDbEntity
  8
CALLOUT TEXT
440
 16777216
370
    -2
100
AcDbBlockReference
  2
_ArchTick
 10
59690.63586715325
 20
19350.98582657135
 30
0.0
 41
75.0
 42
75.0
 43
75.0
 50
180.0
  0
INSERT
  5
1951
330
1809
100
AcDbEntity
  8
CALLOUT TEXT
440
 16777216
370
    -2
100
AcDbBlockReference
  2
_ArchTick
 10
63290.63586715325
 20
19350.98582657135
 30
0.0
 41
75.0
 42
75.0
 43
75.0
  0
MTEXT
  5
1952
330
1809
100
AcDbEntity
  8
CALLOUT TEXT
440
 16777216
100
AcDbMText
 10
61490.63586715325
 20
19538.48582657135
 30
0.0
 40
225.0
 41
0.0
 46
0.0
 71
     5
 72
     1
  1
\A1;3600
  7
dim
 73
     1
 44
1.0
  0
POINT
  5
1953
330
1809
100
AcDbEntity
  8
Defpoints
 62
     0
440
 16777216
100
AcDbPoint
 10
59690.63586715325
 20
19350.60582657134
 30
0.0
  0
POINT
  5
1954
330
1809
100
AcDbEntity
  8
Defpoints
 62
     0
440
 16777216
100
AcDbPoint
 10
63290.63586715325
 20
19350.60582657134
 30
0.0
  0
POINT
  5
1955
330
1809
100
AcDbEntity
  8
Defpoints
 62
     0
440
 16777216
100
AcDbPoint
 10
63290.63586715325
 20
19350.98582657135
 30
0.0
  0
ENDBLK
  5
180B
330
1809
100
AcDbEntity
  8
0
100
AcDbBlockEnd
  0
BLOCK
  5
1816
330
1815
100
AcDbEntity
  8
0
100
AcDbBlockBegin
  2
*D163
 70
     1
 10
0.0
 20
0.0
 30
0.0
  3
*D163
  1

  0
LINE
  5
1956
330
1815
100
AcDbEntity
  8
CALLOUT TEXT
440
 16777216
370
    -2
100
AcDbLine
 10
38990.63617232903
 20
4258.74676172144
 30
0.0
 11
38990.63617232903
 21
4233.74676172144
 31
0.0
  0
LINE
  5
1957
330
1815
100
AcDbEntity
  8
CALLOUT TEXT
440
 16777216
370
    -2
100
AcDbLine
 10
41615.63617232903
 20
4258.74676172144
 30
0.0
 11
41615.63617232903
 21
4233.74676172144
 31
0.0
  0
LINE
  5
1958
330
1815
100
AcDbEntity
  8
CALLOUT TEXT
440
 16777216
370
    -2
100
AcDbLine
 10
38940.63617232903
 20
4183.746761721439
 30
0.0
 11
41665.63617232903
 21
4183.746761721439
 31
0.0
  0
INSERT
  5
1959
330
1815
100
AcDbEntity
  8
CALLOUT TEXT
440
 16777216
370
    -2
100
AcDbBlockReference
  2
_ArchTick
 10
38990.63617232903
 20
4183.746761721439
 30
0.0
 41
75.0
 42
75.0
 43
75.0
 50
180.0
  0
INSERT
  5
195A
330
1815
100
AcDbEntity
  8
CALLOUT TEXT
440
 16777216
370
    -2
100
AcDbBlockReference
  2
_ArchTick
 10
41615.63617232903
 20
4183.746761721439
 30
0.0
 41
75.0
 42
75.0
 43
75.0
  0
MTEXT
  5
195B
330
1815
100
AcDbEntity
  8
CALLOUT TEXT
440
 16777216
100
AcDbMText
 10
40303.13617232903
 20
4371.246761721439
 30
0.0
 40
225.0
 41
0.0
 46
0.0
 71
     5
 72
     1
  1
\A1;2625
  7
dim
 73
     1
 44
1.0
  0
POINT
  5
195C
330
1815
100
AcDbEntity
  8
Defpoints
 62
     0
440
 16777216
100
AcDbPoint
 10
38990.63617232903
 20
4183.746761721439
 30
0.0
  0
POINT
  5
195D
330
1815
100
AcDbEntity
  8
Defpoints
 62
     0
440
 16777216
100
AcDbPoint
 10
41615.63617232903
 20
4183.746761721439
 30
0.0
  0
POINT
  5
195E
330
1815
100
AcDbEntity
  8
Defpoints
 62
     0
440
 16777216
100
AcDbPoint
 10
41615.63617232903
 20
4183.746761721439
 30
0.0
  0
ENDBLK
  5
1817
330
1815
100
AcDbEntity
  8
0
100
AcDbBlockEnd
  0
BLOCK
  5
1822
330
1821
100
AcDbEntity
  8
0
100
AcDbBlockBegin
  2
*D164
 70
     1
 10
0.0
 20
0.0
 30
0.0
  3
*D164
  1

  0
LINE
  5
195F
330
1821
100
AcDbEntity
  8
CALLOUT TEXT
440
 16777216
370
    -2
100
AcDbLine
 10
41615.63617232903
 20
4258.74676172144
 30
0.0
 11
41615.63617232903
 21
4233.74676172144
 31
0.0
  0
LINE
  5
1960
330
1821
100
AcDbEntity
  8
CALLOUT TEXT
440
 16777216
370
    -2
100
AcDbLine
 10
46297.19354414237
 20
4257.405889931948
 30
0.0
 11
46297.19354414237
 21
4233.74676172144
 31
0.0
  0
LINE
  5
1961
330
1821
100
AcDbEntity
  8
CALLOUT TEXT
440
 16777216
370
    -2
100
AcDbLine
 10
41565.63617232903
 20
4183.746761721439
 30
0.0
 11
46347.19354414237
 21
4183.746761721439
 31
0.0
  0
INSERT
  5
1962
330
1821
100
AcDbEntity
  8
CALLOUT TEXT
440
 16777216
370
    -2
100
AcDbBlockReference
  2
_ArchTick
 10
41615.63617232903
 20
4183.746761721439
 30
0.0
 41
75.0
 42
75.0
 43
75.0
 50
180.0
  0
INSERT
  5
1963
330
1821
100
AcDbEntity
  8
CALLOUT TEXT
440
 16777216
370
    -2
100
AcDbBlockReference
  2
_ArchTick
 10
46297.19354414237
 20
4183.746761721439
 30
0.0
 41
75.0
 42
75.0
 43
75.0
  0
MTEXT
  5
1964
330
1821
100
AcDbEntity
  8
CALLOUT TEXT
440
 16777216
100
AcDbMText
 10
43956.4148582357
 20
4371.246761721439
 30
0.0
 40
225.0
 41
0.0
 46
0.0
 71
     5
 72
     1
  1
\A1;4682
  7
dim
 73
     1
 44
1.0
  0
POINT
  5
1965
330
1821
100
AcDbEntity
  8
Defpoints
 62
     0
440
 16777216
100
AcDbPoint
 10
41615.63617232903
 20
4183.746761721439
 30
0.0
  0
POINT
  5
1966
330
1821
100
AcDbEntity
  8
Defpoints
 62
     0
440
 16777216
100
AcDbPoint
 10
46297.19354414237
 20
4182.405889931947
 30
0.0000000000000142
  0
POINT
  5
1967
330
1821
100
AcDbEntity
  8
Defpoints
 62
     0
440
 16777216
100
AcDbPoint
 10
46297.19354414237
 20
4183.746761721439
 30
0.0
  0
ENDBLK
  5
1823
330
1821
100
AcDbEntity
  8
0
100
AcDbBlockEnd
  0
BLOCK
  5
182E
330
182D
100
AcDbEntity
  8
0
100
AcDbBlockBegin
  2
*D165
 70
     1
 10
0.0
 20
0.0
 30
0.0
  3
*D165
  1

  0
LINE
  5
1968
330
182D
100
AcDbEntity
  8
CALLOUT TEXT
440
 16777216
370
    -2
100
AcDbLine
 10
46865.73629737838
 20
4109.384663694506
 30
0.0
 11
46865.73629737838
 21
4133.74676172144
 31
0.0
  0
LINE
  5
1969
330
182D
100
AcDbEntity
  8
CALLOUT TEXT
440
 16777216
370
    -2
100
AcDbLine
 10
47540.63660683141
 20
4258.746707493552
 30
0.0
 11
47540.63660683141
 21
4233.74676172144
 31
0.0
  0
LINE
  5
196A
330
182D
100
AcDbEntity
  8
CALLOUT TEXT
440
 16777216
370
    -2
100
AcDbLine
 10
46815.73629737838
 20
4183.746761721439
 30
0.0
 11
47590.63660683141
 21
4183.746761721439
 31
0.0
  0
INSERT
  5
196B
330
182D
100
AcDbEntity
  8
CALLOUT TEXT
440
 16777216
370
    -2
100
AcDbBlockReference
  2
_ArchTick
 10
46865.73629737838
 20
4183.746761721439
 30
0.0
 41
75.0
 42
75.0
 43
75.0
 50
180.0
  0
INSERT
  5
196C
330
182D
100
AcDbEntity
  8
CALLOUT TEXT
440
 16777216
370
    -2
100
AcDbBlockReference
  2
_ArchTick
 10
47540.63660683141
 20
4183.746761721439
 30
0.0
 41
75.0
 42
75.0
 43
75.0
  0
MTEXT
  5
196D
330
182D
100
AcDbEntity
  8
CALLOUT TEXT
440
 16777216
100
AcDbMText
 10
47203.1864521049
 20
4371.246761721439
 30
0.0
 40
225.0
 41
0.0
 46
0.0
 71
     5
 72
     1
  1
\A1;675
  7
dim
 73
     1
 44
1.0
  0
POINT
  5
196E
330
182D
100
AcDbEntity
  8
Defpoints
 62
     0
440
 16777216
100
AcDbPoint
 10
46865.73629737838
 20
4184.384663694507
 30
0.0
  0
POINT
  5
196F
330
182D
100
AcDbEntity
  8
Defpoints
 62
     0
440
 16777216
100
AcDbPoint
 10
47540.63660683141
 20
4183.746707493553
 30
0.0
  0
POINT
  5
1970
330
182D
100
AcDbEntity
  8
Defpoints
 62
     0
440
 16777216
100
AcDbPoint
 10
47540.63660683141
 20
4183.746761721439
 30
0.0
  0
ENDBLK
  5
182F
330
182D
100
AcDbEntity
  8
0
100
AcDbBlockEnd
  0
BLOCK
  5
183A
330
1839
100
AcDbEntity
  8
0
100
AcDbBlockBegin
  2
*D166
 70
     1
 10
0.0
 20
0.0
 30
0.0
  3
*D166
  1

  0
LINE
  5
1971
330
1839
100
AcDbEntity
  8
CALLOUT TEXT
440
 16777216
370
    -2
100
AcDbLine
 10
47540.63660683141
 20
4258.746707493552
 30
0.0
 11
47540.63660683141
 21
4233.74676172144
 31
0.0
  0
LINE
  5
1972
330
1839
100
AcDbEntity
  8
CALLOUT TEXT
440
 16777216
370
    -2
100
AcDbLine
 10
50965.63708785637
 20
4258.74676172144
 30
0.0
 11
50965.63708785637
 21
4233.74676172144
 31
0.0
  0
LINE
  5
1973
330
1839
100
AcDbEntity
  8
CALLOUT TEXT
440
 16777216
370
    -2
100
AcDbLine
 10
47490.63660683141
 20
4183.746761721439
 30
0.0
 11
51015.63708785637
 21
4183.746761721439
 31
0.0
  0
INSERT
  5
1974
330
1839
100
AcDbEntity
  8
CALLOUT TEXT
440
 16777216
370
    -2
100
AcDbBlockReference
  2
_ArchTick
 10
47540.63660683141
 20
4183.746761721439
 30
0.0
 41
75.0
 42
75.0
 43
75.0
 50
180.0
  0
INSERT
  5
1975
330
1839
100
AcDbEntity
  8
CALLOUT TEXT
440
 16777216
370
    -2
100
AcDbBlockReference
  2
_ArchTick
 10
50965.63708785637
 20
4183.746761721439
 30
0.0
 41
75.0
 42
75.0
 43
75.0
  0
MTEXT
  5
1976
330
1839
100
AcDbEntity
  8
CALLOUT TEXT
440
 16777216
100
AcDbMText
 10
49253.13684734389
 20
4371.246761721439
 30
0.0
 40
225.0
 41
0.0
 46
0.0
 71
     5
 72
     1
  1
\A1;3425
  7
dim
 73
     1
 44
1.0
  0
POINT
  5
1977
330
1839
100
AcDbEntity
  8
Defpoints
 62
     0
440
 16777216
100
AcDbPoint
 10
47540.63660683141
 20
4183.746707493553
 30
0.0
  0
POINT
  5
1978
330
1839
100
AcDbEntity
  8
Defpoints
 62
     0
440
 16777216
100
AcDbPoint
 10
50965.63708785637
 20
4183.746761721439
 30
0.0000000000000142
  0
POINT
  5
1979
330
1839
100
AcDbEntity
  8
Defpoints
 62
     0
440
 16777216
100
AcDbPoint
 10
50965.63708785637
 20
4183.746761721439
 30
0.0
  0
ENDBLK
  5
183B
330
1839
100
AcDbEntity
  8
0
100
AcDbBlockEnd
  0
BLOCK
  5
1846
330
1845
100
AcDbEntity
  8
0
100
AcDbBlockBegin
  2
*D167
 70
     1
 10
0.0
 20
0.0
 30
0.0
  3
*D167
  1

  0
LINE
  5
197A
330
1845
100
AcDbEntity
  8
CALLOUT TEXT
440
 16777216
370
    -2
100
AcDbLine
 10
50965.63708785637
 20
4258.74676172144
 30
0.0
 11
50965.63708785637
 21
4233.74676172144
 31
0.0
  0
LINE
  5
197B
330
1845
100
AcDbEntity
  8
CALLOUT TEXT
440
 16777216
370
    -2
100
AcDbLine
 10
52565.63659957548
 20
4108.746761721585
 30
0.0
 11
52565.63659957548
 21
4133.74676172144
 31
0.0
  0
LINE
  5
197C
330
1845
100
AcDbEntity
  8
CALLOUT TEXT
440
 16777216
370
    -2
100
AcDbLine
 10
50915.63708785638
 20
4183.746761721439
 30
0.0
 11
52615.63659957547
 21
4183.746761721439
 31
0.0
  0
INSERT
  5
197D
330
1845
100
AcDbEntity
  8
CALLOUT TEXT
440
 16777216
370
    -2
100
AcDbBlockReference
  2
_ArchTick
 10
50965.63708785637
 20
4183.746761721439
 30
0.0
 41
75.0
 42
75.0
 43
75.0
 50
180.0
  0
INSERT
  5
197E
330
1845
100
AcDbEntity
  8
CALLOUT TEXT
440
 16777216
370
    -2
100
AcDbBlockReference
  2
_ArchTick
 10
52565.63659957548
 20
4183.746761721439
 30
0.0
 41
75.0
 42
75.0
 43
75.0
  0
MTEXT
  5
197F
330
1845
100
AcDbEntity
  8
CALLOUT TEXT
440
 16777216
100
AcDbMText
 10
51765.63684371592
 20
4371.246761721439
 30
0.0
 40
225.0
 41
0.0
 46
0.0
 71
     5
 72
     1
  1
\A1;1600
  7
dim
 73
     1
 44
1.0
  0
POINT
  5
1980
330
1845
100
AcDbEntity
  8
Defpoints
 62
     0
440
 16777216
100
AcDbPoint
 10
50965.63708785637
 20
4183.746761721439
 30
0.0000000000000142
  0
POINT
  5
1981
330
1845
100
AcDbEntity
  8
Defpoints
 62
     0
440
 16777216
100
AcDbPoint
 10
52565.63659957548
 20
4183.746761721585
 30
0.0
  0
POINT
  5
1982
330
1845
100
AcDbEntity
  8
Defpoints
 62
     0
440
 16777216
100
AcDbPoint
 10
52565.63659957548
 20
4183.746761721439
 30
0.0
  0
ENDBLK
  5
1847
330
1845
100
AcDbEntity
  8
0
100
AcDbBlockEnd
  0
BLOCK
  5
1852
330
1851
100
AcDbEntity
  8
0
100
AcDbBlockBegin
  2
*D168
 70
     1
 10
0.0
 20
0.0
 30
0.0
  3
*D168
  1

  0
LINE
  5
1983
330
1851
100
AcDbEntity
  8
CALLOUT TEXT
440
 16777216
370
    -2
100
AcDbLine
 10
52565.63659957548
 20
4108.746761721585
 30
0.0
 11
52565.63659957548
 21
4133.74676172144
 31
0.0
  0
LINE
  5
1984
330
1851
100
AcDbEntity
  8
CALLOUT TEXT
440
 16777216
370
    -2
100
AcDbLine
 10
53240.63659957512
 20
4258.74676172144
 30
0.0
 11
53240.63659957512
 21
4233.74676172144
 31
0.0
  0
LINE
  5
1985
330
1851
100
AcDbEntity
  8
CALLOUT TEXT
440
 16777216
370
    -2
100
AcDbLine
 10
52515.63659957548
 20
4183.746761721439
 30
0.0
 11
53290.63659957513
 21
4183.746761721439
 31
0.0
  0
INSERT
  5
1986
330
1851
100
AcDbEntity
  8
CALLOUT TEXT
440
 16777216
370
    -2
100
AcDbBlockReference
  2
_ArchTick
 10
52565.63659957548
 20
4183.746761721439
 30
0.0
 41
75.0
 42
75.0
 43
75.0
 50
180.0
  0
INSERT
  5
1987
330
1851
100
AcDbEntity
  8
CALLOUT TEXT
440
 16777216
370
    -2
100
AcDbBlockReference
  2
_ArchTick
 10
53240.63659957512
 20
4183.746761721439
 30
0.0
 41
75.0
 42
75.0
 43
75.0
  0
MTEXT
  5
1988
330
1851
100
AcDbEntity
  8
CALLOUT TEXT
440
 16777216
100
AcDbMText
 10
52903.1365995753
 20
4371.246761721439
 30
0.0
 40
225.0
 41
0.0
 46
0.0
 71
     5
 72
     1
  1
\A1;675
  7
dim
 73
     1
 44
1.0
  0
POINT
  5
1989
330
1851
100
AcDbEntity
  8
Defpoints
 62
     0
440
 16777216
100
AcDbPoint
 10
52565.63659957548
 20
4183.746761721585
 30
0.0
  0
POINT
  5
198A
330
1851
100
AcDbEntity
  8
Defpoints
 62
     0
440
 16777216
100
AcDbPoint
 10
53240.63659957512
 20
4183.746761721439
 30
0.0
  0
POINT
  5
198B
330
1851
100
AcDbEntity
  8
Defpoints
 62
     0
440
 16777216
100
AcDbPoint
 10
53240.63659957512
 20
4183.746761721439
 30
0.0
  0
ENDBLK
  5
1853
330
1851
100
AcDbEntity
  8
0
100
AcDbBlockEnd
  0
BLOCK
  5
185E
330
185D
100
AcDbEntity
  8
0
100
AcDbBlockBegin
  2
*D169
 70
     1
 10
0.0
 20
0.0
 30
0.0
  3
*D169
  1

  0
LINE
  5
198C
330
185D
100
AcDbEntity
  8
CALLOUT TEXT
440
 16777216
370
    -2
100
AcDbLine
 10
53240.63659957512
 20
4258.74676172144
 30
0.0
 11
53240.63659957512
 21
4233.74676172144
 31
0.0
  0
LINE
  5
198D
330
185D
100
AcDbEntity
  8
CALLOUT TEXT
440
 16777216
370
    -2
100
AcDbLine
 10
55640.63708785638
 20
4258.74676172144
 30
0.0
 11
55640.63708785638
 21
4233.74676172144
 31
0.0
  0
LINE
  5
198E
330
185D
100
AcDbEntity
  8
CALLOUT TEXT
440
 16777216
370
    -2
100
AcDbLine
 10
53190.63659957512
 20
4183.746761721439
 30
0.0
 11
55690.63708785638
 21
4183.746761721439
 31
0.0
  0
INSERT
  5
198F
330
185D
100
AcDbEntity
  8
CALLOUT TEXT
440
 16777216
370
    -2
100
AcDbBlockReference
  2
_ArchTick
 10
53240.63659957512
 20
4183.746761721439
 30
0.0
 41
75.0
 42
75.0
 43
75.0
 50
180.0
  0
INSERT
  5
1990
330
185D
100
AcDbEntity
  8
CALLOUT TEXT
440
 16777216
370
    -2
100
AcDbBlockReference
  2
_ArchTick
 10
55640.63708785638
 20
4183.746761721439
 30
0.0
 41
75.0
 42
75.0
 43
75.0
  0
MTEXT
  5
1991
330
185D
100
AcDbEntity
  8
CALLOUT TEXT
440
 16777216
100
AcDbMText
 10
54440.63684371575
 20
4371.246761721439
 30
0.0
 40
225.0
 41
0.0
 46
0.0
 71
     5
 72
     1
  1
\A1;2400
  7
dim
 73
     1
 44
1.0
  0
POINT
  5
1992
330
185D
100
AcDbEntity
  8
Defpoints
 62
     0
440
 16777216
100
AcDbPoint
 10
53240.63659957512
 20
4183.746761721439
 30
0.0
  0
POINT
  5
1993
330
185D
100
AcDbEntity
  8
Defpoints
 62
     0
440
 16777216
100
AcDbPoint
 10
55640.63708785638
 20
4183.746761721439
 30
0.0000000000000142
  0
POINT
  5
1994
330
185D
100
AcDbEntity
  8
Defpoints
 62
     0
440
 16777216
100
AcDbPoint
 10
55640.63708785638
 20
4183.746761721439
 30
0.0
  0
ENDBLK
  5
185F
330
185D
100
AcDbEntity
  8
0
100
AcDbBlockEnd
  0
BLOCK
  5
186A
330
1869
100
AcDbEntity
  8
0
100
AcDbBlockBegin
  2
*D170
 70
     1
 10
0.0
 20
0.0
 30
0.0
  3
*D170
  1

  0
LINE
  5
1995
330
1869
100
AcDbEntity
  8
CALLOUT TEXT
440
 16777216
370
    -2
100
AcDbLine
 10
55640.63708785638
 20
4258.74676172144
 30
0.0
 11
55640.63708785638
 21
4233.74676172144
 31
0.0
  0
LINE
  5
1996
330
1869
100
AcDbEntity
  8
CALLOUT TEXT
440
 16777216
370
    -2
100
AcDbLine
 10
58265.63586715325
 20
4258.74676172144
 30
0.0
 11
58265.63586715325
 21
4233.74676172144
 31
0.0
  0
LINE
  5
1997
330
1869
100
AcDbEntity
  8
CALLOUT TEXT
440
 16777216
370
    -2
100
AcDbLine
 10
55590.63708785638
 20
4183.746761721439
 30
0.0
 11
58315.63586715325
 21
4183.746761721439
 31
0.0
  0
INSERT
  5
1998
330
1869
100
AcDbEntity
  8
CALLOUT TEXT
440
 16777216
370
    -2
100
AcDbBlockReference
  2
_ArchTick
 10
55640.63708785638
 20
4183.746761721439
 30
0.0
 41
75.0
 42
75.0
 43
75.0
 50
180.0
  0
INSERT
  5
1999
330
1869
100
AcDbEntity
  8
CALLOUT TEXT
440
 16777216
370
    -2
100
AcDbBlockReference
  2
_ArchTick
 10
58265.63586715325
 20
4183.746761721439
 30
0.0
 41
75.0
 42
75.0
 43
75.0
  0
MTEXT
  5
199A
330
1869
100
AcDbEntity
  8
CALLOUT TEXT
440
 16777216
100
AcDbMText
 10
56953.13647750481
 20
4371.246761721439
 30
0.0
 40
225.0
 41
0.0
 46
0.0
 71
     5
 72
     1
  1
\A1;2625
  7
dim
 73
     1
 44
1.0
  0
POINT
  5
199B
330
1869
100
AcDbEntity
  8
Defpoints
 62
     0
440
 16777216
100
AcDbPoint
 10
55640.63708785638
 20
4183.746761721439
 30
0.0000000000000142
  0
POINT
  5
199C
330
1869
100
AcDbEntity
  8
Defpoints
 62
     0
440
 16777216
100
AcDbPoint
 10
58265.63586715325
 20
4183.746761721439
 30
0.0
  0
POINT
  5
199D
330
1869
100
AcDbEntity
  8
Defpoints
 62
     0
440
 16777216
100
AcDbPoint
 10
58265.63586715325
 20
4183.746761721439
 30
0.0
  0
ENDBLK
  5
186B
330
1869
100
AcDbEntity
  8
0
100
AcDbBlockEnd
  0
BLOCK
  5
1876
330
1875
100
AcDbEntity
  8
0
100
AcDbBlockBegin
  2
*D171
 70
     1
 10
0.0
 20
0.0
 30
0.0
  3
*D171
  1

  0
LINE
  5
199E
330
1875
100
AcDbEntity
  8
CALLOUT TEXT
440
 16777216
370
    -2
100
AcDbLine
 10
58265.63586715325
 20
4258.74676172144
 30
0.0
 11
58265.63586715325
 21
4233.74676172144
 31
0.0
  0
LINE
  5
199F
330
1875
100
AcDbEntity
  8
CALLOUT TEXT
440
 16777216
370
    -2
100
AcDbLine
 10
59690.63586715325
 20
4258.366761721435
 30
0.0
 11
59690.63586715325
 21
4233.74676172144
 31
0.0
  0
LINE
  5
19A0
330
1875
100
AcDbEntity
  8
CALLOUT TEXT
440
 16777216
370
    -2
100
AcDbLine
 10
58215.63586715325
 20
4183.746761721439
 30
0.0
 11
59740.63586715325
 21
4183.746761721439
 31
0.0
  0
INSERT
  5
19A1
330
1875
100
AcDbEntity
  8
CALLOUT TEXT
440
 16777216
370
    -2
100
AcDbBlockReference
  2
_ArchTick
 10
58265.63586715325
 20
4183.746761721439
 30
0.0
 41
75.0
 42
75.0
 43
75.0
 50
180.0
  0
INSERT
  5
19A2
330
1875
100
AcDbEntity
  8
CALLOUT TEXT
440
 16777216
370
    -2
100
AcDbBlockReference
  2
_ArchTick
 10
59690.63586715325
 20
4183.746761721439
 30
0.0
 41
75.0
 42
75.0
 43
75.0
  0
MTEXT
  5
19A3
330
1875
100
AcDbEntity
  8
CALLOUT TEXT
440
 16777216
100
AcDbMText
 10
58978.13586715325
 20
4371.246761721439
 30
0.0
 40
225.0
 41
0.0
 46
0.0
 71
     5
 72
     1
  1
\A1;1425
  7
dim
 73
     1
 44
1.0
  0
POINT
  5
19A4
330
1875
100
AcDbEntity
  8
Defpoints
 62
     0
440
 16777216
100
AcDbPoint
 10
58265.63586715325
 20
4183.746761721439
 30
0.0
  0
POINT
  5
19A5
330
1875
100
AcDbEntity
  8
Defpoints
 62
     0
440
 16777216
100
AcDbPoint
 10
59690.63586715325
 20
4183.366761721435
 30
0.0
  0
POINT
  5
19A6
330
1875
100
AcDbEntity
  8
Defpoints
 62
     0
440
 16777216
100
AcDbPoint
 10
59690.63586715325
 20
4183.746761721439
 30
0.0
  0
ENDBLK
  5
1877
330
1875
100
AcDbEntity
  8
0
100
AcDbBlockEnd
  0
BLOCK
  5
1882
330
1881
100
AcDbEntity
  8
0
100
AcDbBlockBegin
  2
*D172
 70
     1
 10
0.0
 20
0.0
 30
0.0
  3
*D172
  1

  0
LINE
  5
19A7
330
1881
100
AcDbEntity
  8
CALLOUT TEXT
440
 16777216
370
    -2
100
AcDbLine
 10
59690.63586715325
 20
4258.366761721435
 30
0.0
 11
59690.63586715325
 21
4233.74676172144
 31
0.0
  0
LINE
  5
19A8
330
1881
100
AcDbEntity
  8
CALLOUT TEXT
440
 16777216
370
    -2
100
AcDbLine
 10
63290.63586715325
 20
4258.366761721435
 30
0.0
 11
63290.63586715325
 21
4233.74676172144
 31
0.0
  0
LINE
  5
19A9
330
1881
100
AcDbEntity
  8
CALLOUT TEXT
440
 16777216
370
    -2
100
AcDbLine
 10
59640.63586715325
 20
4183.746761721439
 30
0.0
 11
63340.63586715325
 21
4183.746761721439
 31
0.0
  0
INSERT
  5
19AA
330
1881
100
AcDbEntity
  8
CALLOUT TEXT
440
 16777216
370
    -2
100
AcDbBlockReference
  2
_ArchTick
 10
59690.63586715325
 20
4183.746761721439
 30
0.0
 41
75.0
 42
75.0
 43
75.0
 50
180.0
  0
INSERT
  5
19AB
330
1881
100
AcDbEntity
  8
CALLOUT TEXT
440
 16777216
370
    -2
100
AcDbBlockReference
  2
_ArchTick
 10
63290.63586715325
 20
4183.746761721439
 30
0.0
 41
75.0
 42
75.0
 43
75.0
  0
MTEXT
  5
19AC
330
1881
100
AcDbEntity
  8
CALLOUT TEXT
440
 16777216
100
AcDbMText
 10
61490.63586715325
 20
4371.246761721439
 30
0.0
 40
225.0
 41
0.0
 46
0.0
 71
     5
 72
     1
  1
\A1;3600
  7
dim
 73
     1
 44
1.0
  0
POINT
  5
19AD
330
1881
100
AcDbEntity
  8
Defpoints
 62
     0
440
 16777216
100
AcDbPoint
 10
59690.63586715325
 20
4183.366761721435
 30
0.0
  0
POINT
  5
19AE
330
1881
100
AcDbEntity
  8
Defpoints
 62
     0
440
 16777216
100
AcDbPoint
 10
63290.63586715325
 20
4183.366761721435
 30
0.0
  0
POINT
  5
19AF
330
1881
100
AcDbEntity
  8
Defpoints
 62
     0
440
 16777216
100
AcDbPoint
 10
63290.63586715325
 20
4183.746761721439
 30
0.0
  0
ENDBLK
  5
1883
330
1881
100
AcDbEntity
  8
0
100
AcDbBlockEnd
  0
BLOCK
  5
188E
330
188D
100
AcDbEntity
  8
0
100
AcDbBlockBegin
  2
*D173
 70
     1
 10
0.0
 20
0.0
 30
0.0
  3
*D173
  1

  0
LINE
  5
1A06
330
188D
100
AcDbEntity
  8
CALLOUT TEXT
440
 16777216
370
    -2
100
AcDbLine
 10
64821.13962708202
 20
17699.41117799969
 30
0.0
 11
64796.13962708498
 21
17699.41117799969
 31
0.0
  0
LINE
  5
1A07
330
188D
100
AcDbEntity
  8
CALLOUT TEXT
440
 16777216
370
    -2
100
AcDbLine
 10
64821.13962708202
 20
17099.74198854657
 30
0.0
 11
64796.13962708498
 21
17099.74198854657
 31
0.0
  0
LINE
  5
1A08
330
188D
100
AcDbEntity
  8
CALLOUT TEXT
440
 16777216
370
    -2
100
AcDbLine
 10
64746.13962708498
 20
17749.41117799969
 30
0.0
 11
64746.13962708498
 21
17049.74198854657
 31
0.0
  0
LINE
  5
1A09
330
188D
100
AcDbEntity
  8
CALLOUT TEXT
440
 16777216
370
    -2
100
AcDbLine
 10
64746.13962708498
 20
17399.57658327313
 30
0.0
 11
64449.44345804835
 21
17549.57658327309
 31
0.0
  0
LINE
  5
1A0A
330
188D
100
AcDbEntity
  8
CALLOUT TEXT
440
 16777216
370
    -2
100
AcDbLine
 10
64449.44345804835
 20
17549.57658327309
 30
0.0
 11
64449.44345804835
 21
18162.43372613023
 31
0.0
  0
MTEXT
  5
1A0B
330
188D
100
AcDbEntity
  8
CALLOUT TEXT
440
 16777216
100
AcDbMText
 10
64261.94345804835
 20
17856.00515470163
 30
0.0
 40
225.0
 41
0.0
 46
0.0
 71
     5
 72
     1
  1
\A1;600
  7
dim
 11
0.0000000000000001
 21
1.0
 31
0.0
 73
     1
 44
1.0
  0
INSERT
  5
1A0C
330
188D
100
AcDbEntity
  8
CALLOUT TEXT
440
 16777216
370
    -2
100
AcDbBlockReference
  2
_ArchTick
 10
64746.13962708498
 20
17699.41117799969
 30
0.0
 41
75.0
 42
75.0
 43
75.0
 50
90.0
  0
INSERT
  5
1A0D
330
188D
100
AcDbEntity
  8
CALLOUT TEXT
440
 16777216
370
    -2
100
AcDbBlockReference
  2
_ArchTick
 10
64746.13962708498
 20
17099.74198854657
 30
0.0
 41
75.0
 42
75.0
 43
75.0
 50
270.0
  0
POINT
  5
1A0E
330
188D
100
AcDbEntity
  8
Defpoints
 62
     0
440
 16777216
100
AcDbPoint
 10
64746.13962708202
 20
17699.41117799969
 30
0.0
  0
POINT
  5
1A0F
330
188D
100
AcDbEntity
  8
Defpoints
 62
     0
440
 16777216
100
AcDbPoint
 10
64746.13962708202
 20
17099.74198854657
 30
0.0
  0
POINT
  5
1A10
330
188D
100
AcDbEntity
  8
Defpoints
 62
     0
440
 16777216
100
AcDbPoint
 10
64746.13962708498
 20
17099.74198854657
 30
0.0
  0
ENDBLK
  5
188F
330
188D
100
AcDbEntity
  8
0
100
AcDbBlockEnd
  0
BLOCK
  5
189C
330
189B
100
AcDbEntity
  8
0
100
AcDbBlockBegin
  2
*D174
 70
     1
 10
0.0
 20
0.0
 30
0.0
  3
*D174
  1

  0
LINE
  5
1A11
330
189B
100
AcDbEntity
  8
CALLOUT TEXT
440
 16777216
370
    -2
100
AcDbLine
 10
64821.13962708202
 20
17099.74198854657
 30
0.0
 11
64796.13962708508
 21
17099.74198854657
 31
0.0
  0
LINE
  5
1A12
330
189B
100
AcDbEntity
  8
CALLOUT TEXT
440
 16777216
370
    -2
100
AcDbLine
 10
64808.24420837847
 20
16124.41117799969
 30
0.0
 11
64796.13962708509
 21
16124.41117799969
 31
0.0
  0
LINE
  5
1A13
330
189B
100
AcDbEntity
  8
CALLOUT TEXT
440
 16777216
370
    -2
100
AcDbLine
 10
64746.13962708509
 20
17149.74198854657
 30
0.0
 11
64746.13962708509
 21
16074.41117799969
 31
0.0
  0
INSERT
  5
1A14
330
189B
100
AcDbEntity
  8
CALLOUT TEXT
440
 16777216
370
    -2
100
AcDbBlockReference
  2
_ArchTick
 10
64746.13962708509
 20
17099.74198854657
 30
0.0
 41
75.0
 42
75.0
 43
75.0
 50
90.0
  0
INSERT
  5
1A15
330
189B
100
AcDbEntity
  8
CALLOUT TEXT
440
 16777216
370
    -2
100
AcDbBlockReference
  2
_ArchTick
 10
64746.13962708509
 20
16124.41117799969
 30
0.0
 41
75.0
 42
75.0
 43
75.0
 50
270.0
  0
MTEXT
  5
1A16
330
189B
100
AcDbEntity
  8
CALLOUT TEXT
440
 16777216
100
AcDbMText
 10
64558.63962708508
 20
16612.07658327311
 30
0.0
 40
225.0
 41
0.0
 46
0.0
 71
     5
 72
     1
  1
\A1;975
  7
dim
 11
0.0000000000000001
 21
1.0
 31
0.0
 73
     1
 44
1.0
  0
POINT
  5
1A17
330
189B
100
AcDbEntity
  8
Defpoints
 62
     0
440
 16777216
100
AcDbPoint
 10
64746.13962708202
 20
17099.74198854657
 30
0.0
  0
POINT
  5
1A18
330
189B
100
AcDbEntity
  8
Defpoints
 62
     0
440
 16777216
100
AcDbPoint
 10
64733.24420837847
 20
16124.41117799969
 30
0.0
  0
POINT
  5
1A19
330
189B
100
AcDbEntity
  8
Defpoints
 62
     0
440
 16777216
100
AcDbPoint
 10
64746.13962708509
 20
16124.41117799969
 30
0.0
  0
ENDBLK
  5
189D
330
189B
100
AcDbEntity
  8
0
100
AcDbBlockEnd
  0
BLOCK
  5
18A8
330
18A7
100
AcDbEntity
  8
0
100
AcDbBlockBegin
  2
*D175
 70
     1
 10
0.0
 20
0.0
 30
0.0
  3
*D175
  1

  0
LINE
  5
1A1A
330
18A7
100
AcDbEntity
  8
CALLOUT TEXT
440
 16777216
370
    -2
100
AcDbLine
 10
64808.24420837847
 20
16124.41117799969
 30
0.0
 11
64796.13962708532
 21
16124.41117799969
 31
0.0
  0
LINE
  5
1A1B
330
18A7
100
AcDbEntity
  8
CALLOUT TEXT
440
 16777216
370
    -2
100
AcDbLine
 10
64679.66888040093
 20
13420.64775026531
 30
0.0
 11
64696.13962708533
 21
13420.64775026531
 31
0.0
  0
LINE
  5
1A1C
330
18A7
100
AcDbEntity
  8
CALLOUT TEXT
440
 16777216
370
    -2
100
AcDbLine
 10
64746.13962708533
 20
16174.41117799969
 30
0.0
 11
64746.13962708533
 21
13370.64775026532
 31
0.0
  0
INSERT
  5
1A1D
330
18A7
100
AcDbEntity
  8
CALLOUT TEXT
440
 16777216
370
    -2
100
AcDbBlockReference
  2
_ArchTick
 10
64746.13962708533
 20
16124.41117799969
 30
0.0
 41
75.0
 42
75.0
 43
75.0
 50
90.0
  0
INSERT
  5
1A1E
330
18A7
100
AcDbEntity
  8
CALLOUT TEXT
440
 16777216
370
    -2
100
AcDbBlockReference
  2
_ArchTick
 10
64746.13962708533
 20
13420.64775026531
 30
0.0
 41
75.0
 42
75.0
 43
75.0
 50
270.0
  0
MTEXT
  5
1A1F
330
18A7
100
AcDbEntity
  8
CALLOUT TEXT
440
 16777216
100
AcDbMText
 10
64558.63962708531
 20
14772.52946413248
 30
0.0
 40
225.0
 41
0.0
 46
0.0
 71
     5
 72
     1
  1
\A1;2704
  7
dim
 11
0.0000000000000001
 21
1.0
 31
0.0
 73
     1
 44
1.0
  0
POINT
  5
1A20
330
18A7
100
AcDbEntity
  8
Defpoints
 62
     0
440
 16777216
100
AcDbPoint
 10
64733.24420837847
 20
16124.41117799969
 30
0.0
  0
POINT
  5
1A21
330
18A7
100
AcDbEntity
  8
Defpoints
 62
     0
440
 16777216
100
AcDbPoint
 10
64754.66888040093
 20
13420.64775026531
 30
0.0
  0
POINT
  5
1A22
330
18A7
100
AcDbEntity
  8
Defpoints
 62
     0
440
 16777216
100
AcDbPoint
 10
64746.13962708533
 20
13420.64775026531
 30
0.0
  0
ENDBLK
  5
18A9
330
18A7
100
AcDbEntity
  8
0
100
AcDbBlockEnd
  0
BLOCK
  5
18B4
330
18B3
100
AcDbEntity
  8
0
100
AcDbBlockBegin
  2
*D176
 70
     1
 10
0.0
 20
0.0
 30
0.0
  3
*D176
  1

  0
LINE
  5
1A23
330
18B3
100
AcDbEntity
  8
CALLOUT TEXT
440
 16777216
370
    -2
100
AcDbLine
 10
64679.66888040093
 20
13420.64775026531
 30
0.0
 11
64696.13962708556
 21
13420.64775026531
 31
0.0
  0
LINE
  5
1A24
330
18B3
100
AcDbEntity
  8
CALLOUT TEXT
440
 16777216
370
    -2
100
AcDbLine
 10
64819.8196235874
 20
12299.41117799969
 30
0.0
 11
64796.13962708556
 21
12299.41117799969
 31
0.0
  0
LINE
  5
1A25
330
18B3
100
AcDbEntity
  8
CALLOUT TEXT
440
 16777216
370
    -2
100
AcDbLine
 10
64746.13962708556
 20
13470.64775026532
 30
0.0
 11
64746.13962708556
 21
12249.41117799969
 31
0.0
  0
INSERT
  5
1A26
330
18B3
100
AcDbEntity
  8
CALLOUT TEXT
440
 16777216
370
    -2
100
AcDbBlockReference
  2
_ArchTick
 10
64746.13962708556
 20
13420.64775026531
 30
0.0
 41
75.0
 42
75.0
 43
75.0
 50
90.0
  0
INSERT
  5
1A27
330
18B3
100
AcDbEntity
  8
CALLOUT TEXT
440
 16777216
370
    -2
100
AcDbBlockReference
  2
_ArchTick
 10
64746.13962708556
 20
12299.41117799969
 30
0.0
 41
75.0
 42
75.0
 43
75.0
 50
270.0
  0
MTEXT
  5
1A28
330
18B3
100
AcDbEntity
  8
CALLOUT TEXT
440
 16777216
100
AcDbMText
 10
64558.63962708555
 20
12860.02946413248
 30
0.0
 40
225.0
 41
0.0
 46
0.0
 71
     5
 72
     1
  1
\A1;1121
  7
dim
 11
0.0000000000000001
 21
1.0
 31
0.0
 73
     1
 44
1.0
  0
POINT
  5
1A29
330
18B3
100
AcDbEntity
  8
Defpoints
 62
     0
440
 16777216
100
AcDbPoint
 10
64754.66888040093
 20
13420.64775026531
 30
0.0
  0
POINT
  5
1A2A
330
18B3
100
AcDbEntity
  8
Defpoints
 62
     0
440
 16777216
100
AcDbPoint
 10
64744.81962358741
 20
12299.41117799969
 30
0.0
  0
POINT
  5
1A2B
330
18B3
100
AcDbEntity
  8
Defpoints
 62
     0
440
 16777216
100
AcDbPoint
 10
64746.13962708556
 20
12299.41117799969
 30
0.0
  0
ENDBLK
  5
18B5
330
18B3
100
AcDbEntity
  8
0
100
AcDbBlockEnd
  0
BLOCK
  5
18C0
330
18BF
100
AcDbEntity
  8
0
100
AcDbBlockBegin
  2
*D177
 70
     1
 10
0.0
 20
0.0
 30
0.0
  3
*D177
  1

  0
LINE
  5
1A2C
330
18BF
100
AcDbEntity
  8
CALLOUT TEXT
440
 16777216
370
    -2
100
AcDbLine
 10
64819.8196235874
 20
12299.41117799969
 30
0.0
 11
64796.1396270858
 21
12299.41117799969
 31
0.0
  0
LINE
  5
1A2D
330
18BF
100
AcDbEntity
  8
CALLOUT TEXT
440
 16777216
370
    -2
100
AcDbLine
 10
64683.73042960254
 20
9449.41117799969
 30
0.0
 11
64696.1396270858
 21
9449.41117799969
 31
0.0
  0
LINE
  5
1A2E
330
18BF
100
AcDbEntity
  8
CALLOUT TEXT
440
 16777216
370
    -2
100
AcDbLine
 10
64746.1396270858
 20
12349.41117799969
 30
0.0
 11
64746.1396270858
 21
9399.41117799969
 31
0.0
  0
INSERT
  5
1A2F
330
18BF
100
AcDbEntity
  8
CALLOUT TEXT
440
 16777216
370
    -2
100
AcDbBlockReference
  2
_ArchTick
 10
64746.1396270858
 20
12299.41117799969
 30
0.0
 41
75.0
 42
75.0
 43
75.0
 50
90.0
  0
INSERT
  5
1A30
330
18BF
100
AcDbEntity
  8
CALLOUT TEXT
440
 16777216
370
    -2
100
AcDbBlockReference
  2
_ArchTick
 10
64746.1396270858
 20
9449.41117799969
 30
0.0
 41
75.0
 42
75.0
 43
75.0
 50
270.0
  0
MTEXT
  5
1A31
330
18BF
100
AcDbEntity
  8
CALLOUT TEXT
440
 16777216
100
AcDbMText
 10
64558.63962708578
 20
10874.41117799967
 30
0.0
 40
225.0
 41
0.0
 46
0.0
 71
     5
 72
     1
  1
\A1;2850
  7
dim
 11
0.0000000000000001
 21
1.0
 31
0.0
 73
     1
 44
1.0
  0
POINT
  5
1A32
330
18BF
100
AcDbEntity
  8
Defpoints
 62
     0
440
 16777216
100
AcDbPoint
 10
64744.81962358741
 20
12299.41117799969
 30
0.0
  0
POINT
  5
1A33
330
18BF
100
AcDbEntity
  8
Defpoints
 62
     0
440
 16777216
100
AcDbPoint
 10
64758.73042960254
 20
9449.41117799969
 30
0.0
  0
POINT
  5
1A34
330
18BF
100
AcDbEntity
  8
Defpoints
 62
     0
440
 16777216
100
AcDbPoint
 10
64746.1396270858
 20
9449.41117799969
 30
0.0
  0
ENDBLK
  5
18C1
330
18BF
100
AcDbEntity
  8
0
100
AcDbBlockEnd
  0
BLOCK
  5
18CC
330
18CB
100
AcDbEntity
  8
0
100
AcDbBlockBegin
  2
*D178
 70
     1
 10
0.0
 20
0.0
 30
0.0
  3
*D178
  1

  0
LINE
  5
1A35
330
18CB
100
AcDbEntity
  8
CALLOUT TEXT
440
 16777216
370
    -2
100
AcDbLine
 10
64683.73042960254
 20
9449.41117799969
 30
0.0
 11
64696.13962708603
 21
9449.41117799969
 31
0.0
  0
LINE
  5
1A36
330
18CB
100
AcDbEntity
  8
CALLOUT TEXT
440
 16777216
370
    -2
100
AcDbLine
 10
64673.17040169028
 20
7574.41117799969
 30
0.0
 11
64696.13962708603
 21
7574.41117799969
 31
0.0
  0
LINE
  5
1A37
330
18CB
100
AcDbEntity
  8
CALLOUT TEXT
440
 16777216
370
    -2
100
AcDbLine
 10
64746.13962708603
 20
9499.411177999689
 30
0.0
 11
64746.13962708603
 21
7524.41117799969
 31
0.0
  0
INSERT
  5
1A38
330
18CB
100
AcDbEntity
  8
CALLOUT TEXT
440
 16777216
370
    -2
100
AcDbBlockReference
  2
_ArchTick
 10
64746.13962708603
 20
9449.41117799969
 30
0.0
 41
75.0
 42
75.0
 43
75.0
 50
90.0
  0
INSERT
  5
1A39
330
18CB
100
AcDbEntity
  8
CALLOUT TEXT
440
 16777216
370
    -2
100
AcDbBlockReference
  2
_ArchTick
 10
64746.13962708603
 20
7574.41117799969
 30
0.0
 41
75.0
 42
75.0
 43
75.0
 50
270.0
  0
MTEXT
  5
1A3A
330
18CB
100
AcDbEntity
  8
CALLOUT TEXT
440
 16777216
100
AcDbMText
 10
64558.63962708601
 20
8511.911177999669
 30
0.0
 40
225.0
 41
0.0
 46
0.0
 71
     5
 72
     1
  1
\A1;1875
  7
dim
 11
0.0000000000000001
 21
1.0
 31
0.0
 73
     1
 44
1.0
  0
POINT
  5
1A3B
330
18CB
100
AcDbEntity
  8
Defpoints
 62
     0
440
 16777216
100
AcDbPoint
 10
64758.73042960254
 20
9449.41117799969
 30
0.0
  0
POINT
  5
1A3C
330
18CB
100
AcDbEntity
  8
Defpoints
 62
     0
440
 16777216
100
AcDbPoint
 10
64748.17040169027
 20
7574.41117799969
 30
0.0
  0
POINT
  5
1A3D
330
18CB
100
AcDbEntity
  8
Defpoints
 62
     0
440
 16777216
100
AcDbPoint
 10
64746.13962708603
 20
7574.41117799969
 30
0.0
  0
ENDBLK
  5
18CD
330
18CB
100
AcDbEntity
  8
0
100
AcDbBlockEnd
  0
BLOCK
  5
18D8
330
18D7
100
AcDbEntity
  8
0
100
AcDbBlockBegin
  2
*D179
 70
     1
 10
0.0
 20
0.0
 30
0.0
  3
*D179
  1

  0
LINE
  5
1A3E
330
18D7
100
AcDbEntity
  8
CALLOUT TEXT
440
 16777216
370
    -2
100
AcDbLine
 10
64673.17040169028
 20
7574.41117799969
 30
0.0
 11
64696.13962708626
 21
7574.41117799969
 31
0.0
  0
LINE
  5
1A3F
330
18D7
100
AcDbEntity
  8
CALLOUT TEXT
440
 16777216
370
    -2
100
AcDbLine
 10
64682.00427119223
 20
5774.41148317547
 30
0.0
 11
64696.13962708626
 21
5774.41148317547
 31
0.0
  0
LINE
  5
1A40
330
18D7
100
AcDbEntity
  8
CALLOUT TEXT
440
 16777216
370
    -2
100
AcDbLine
 10
64746.13962708626
 20
7624.411177999689
 30
0.0
 11
64746.13962708626
 21
5724.41148317547
 31
0.0
  0
INSERT
  5
1A41
330
18D7
100
AcDbEntity
  8
CALLOUT TEXT
440
 16777216
370
    -2
100
AcDbBlockReference
  2
_ArchTick
 10
64746.13962708626
 20
7574.41117799969
 30
0.0
 41
75.0
 42
75.0
 43
75.0
 50
90.0
  0
INSERT
  5
1A42
330
18D7
100
AcDbEntity
  8
CALLOUT TEXT
440
 16777216
370
    -2
100
AcDbBlockReference
  2
_ArchTick
 10
64746.13962708626
 20
5774.41148317547
 30
0.0
 41
75.0
 42
75.0
 43
75.0
 50
270.0
  0
MTEXT
  5
1A43
330
18D7
100
AcDbEntity
  8
CALLOUT TEXT
440
 16777216
100
AcDbMText
 10
64558.63962708624
 20
6674.41133058756
 30
0.0
 40
225.0
 41
0.0
 46
0.0
 71
     5
 72
     1
  1
\A1;1800
  7
dim
 11
0.0000000000000001
 21
1.0
 31
0.0
 73
     1
 44
1.0
  0
POINT
  5
1A44
330
18D7
100
AcDbEntity
  8
Defpoints
 62
     0
440
 16777216
100
AcDbPoint
 10
64748.17040169027
 20
7574.41117799969
 30
0.0
  0
POINT
  5
1A45
330
18D7
100
AcDbEntity
  8
Defpoints
 62
     0
440
 16777216
100
AcDbPoint
 10
64757.00427119223
 20
5774.41148317547
 30
0.0
  0
POINT
  5
1A46
330
18D7
100
AcDbEntity
  8
Defpoints
 62
     0
440
 16777216
100
AcDbPoint
 10
64746.13962708626
 20
5774.41148317547
 30
0.0
  0
ENDBLK
  5
18D9
330
18D7
100
AcDbEntity
  8
0
100
AcDbBlockEnd
  0
BLOCK
  5
18E4
330
18E3
100
AcDbEntity
  8
0
100
AcDbBlockBegin
  2
*D180
 70
     1
 10
0.0
 20
0.0
 30
0.0
  3
*D180
  1

  0
LINE
  5
1A47
330
18E3
100
AcDbEntity
  8
CALLOUT TEXT
440
 16777216
370
    -2
100
AcDbLine
 10
46297.19354414237
 20
4257.405889931948
 30
0.0
 11
46297.19354414237
 21
4233.74676172144
 31
0.0
  0
LINE
  5
1A48
330
18E3
100
AcDbEntity
  8
CALLOUT TEXT
440
 16777216
370
    -2
100
AcDbLine
 10
46865.73629737827
 20
4109.384663694506
 30
0.0
 11
46865.73629737827
 21
4133.74676172144
 31
0.0
  0
LINE
  5
1A49
330
18E3
100
AcDbEntity
  8
CALLOUT TEXT
440
 16777216
370
    -2
100
AcDbLine
 10
46247.19354414237
 20
4183.746761721439
 30
0.0
 11
46915.73629737827
 21
4183.746761721439
 31
0.0
  0
LINE
  5
1A4A
330
18E3
100
AcDbEntity
  8
CALLOUT TEXT
440
 16777216
370
    -2
100
AcDbLine
 10
46581.46492076032
 20
4183.746761721439
 30
0.0
 11
46372.27358050384
 21
4461.847087575847
 31
0.0
  0
LINE
  5
1A4B
330
18E3
100
AcDbEntity
  8
CALLOUT TEXT
440
 16777216
370
    -2
100
AcDbLine
 10
46372.27358050384
 20
4461.847087575847
 30
0.0
 11
45767.98786621812
 21
4461.847087575847
 31
0.0
  0
MTEXT
  5
1A4C
330
18E3
100
AcDbEntity
  8
CALLOUT TEXT
440
 16777216
100
AcDbMText
 10
46070.13072336098
 20
4649.347087575847
 30
0.0
 40
225.0
 41
0.0
 46
0.0
 71
     5
 72
     1
  1
\A1;569
  7
dim
 73
     1
 44
1.0
  0
INSERT
  5
1A4D
330
18E3
100
AcDbEntity
  8
CALLOUT TEXT
440
 16777216
370
    -2
100
AcDbBlockReference
  2
_ArchTick
 10
46297.19354414237
 20
4183.746761721439
 30
0.0
 41
75.0
 42
75.0
 43
75.0
 50
180.0
  0
INSERT
  5
1A4E
330
18E3
100
AcDbEntity
  8
CALLOUT TEXT
440
 16777216
370
    -2
100
AcDbBlockReference
  2
_ArchTick
 10
46865.73629737827
 20
4183.746761721439
 30
0.0
 41
75.0
 42
75.0
 43
75.0
  0
POINT
  5
1A4F
330
18E3
100
AcDbEntity
  8
Defpoints
 62
     0
440
 16777216
100
AcDbPoint
 10
46297.19354414237
 20
4182.405889931947
 30
0.0000000000000142
  0
POINT
  5
1A50
330
18E3
100
AcDbEntity
  8
Defpoints
 62
     0
440
 16777216
100
AcDbPoint
 10
46865.73629737827
 20
4184.384663694507
 30
0.0
  0
POINT
  5
1A51
330
18E3
100
AcDbEntity
  8
Defpoints
 62
     0
440
 16777216
100
AcDbPoint
 10
46865.73629737827
 20
4183.746761721439
 30
0.0
  0
ENDBLK
  5
18E5
330
18E3
100
AcDbEntity
  8
0
100
AcDbBlockEnd
  0
BLOCK
  5
19B1
330
19B0
100
AcDbEntity
  8
0
100
AcDbBlockBegin
  2
*D181
 70
     1
 10
0.0
 20
0.0
 30
0.0
  3
*D181
  1

  0
LINE
  5
19B3
330
19B0
100
AcDbEntity
  8
CALLOUT TEXT
440
 16777216
370
    -2
100
AcDbLine
 10
37689.83426974666
 20
17699.41117799975
 30
0.0
 11
37664.83426974934
 21
17699.41117799975
 31
0.0
  0
LINE
  5
19B4
330
19B0
100
AcDbEntity
  8
CALLOUT TEXT
440
 16777216
370
    -2
100
AcDbLine
 10
37689.83426974666
 20
17099.74198854662
 30
0.0
 11
37664.83426974934
 21
17099.74198854662
 31
0.0
  0
LINE
  5
19B5
330
19B0
100
AcDbEntity
  8
CALLOUT TEXT
440
 16777216
370
    -2
100
AcDbLine
 10
37614.83426974934
 20
17749.41117799975
 30
0.0
 11
37614.83426974934
 21
17049.74198854662
 31
0.0
  0
LINE
  5
19B6
330
19B0
100
AcDbEntity
  8
CALLOUT TEXT
440
 16777216
370
    -2
100
AcDbLine
 10
37614.83426974934
 20
17399.57658327319
 30
0.0
 11
37318.138100713
 21
17549.57658327314
 31
0.0
  0
LINE
  5
19B7
330
19B0
100
AcDbEntity
  8
CALLOUT TEXT
440
 16777216
370
    -2
100
AcDbLine
 10
37318.138100713
 20
17549.57658327314
 30
0.0
 11
37318.138100713
 21
18162.43372613028
 31
0.0
  0
MTEXT
  5
19B8
330
19B0
100
AcDbEntity
  8
CALLOUT TEXT
440
 16777216
100
AcDbMText
 10
37130.638100713
 20
17856.0051547017
 30
0.0
 40
225.0
 41
0.0
 46
0.0
 71
     5
 72
     1
  1
\A1;600
  7
dim
 11
0.0000000000000001
 21
1.0
 31
0.0
 73
     1
 44
1.0
  0
INSERT
  5
19B9
330
19B0
100
AcDbEntity
  8
CALLOUT TEXT
440
 16777216
370
    -2
100
AcDbBlockReference
  2
_ArchTick
 10
37614.83426974934
 20
17699.41117799975
 30
0.0
 41
75.0
 42
75.0
 43
75.0
 50
90.0
  0
INSERT
  5
19BA
330
19B0
100
AcDbEntity
  8
CALLOUT TEXT
440
 16777216
370
    -2
100
AcDbBlockReference
  2
_ArchTick
 10
37614.83426974934
 20
17099.74198854662
 30
0.0
 41
75.0
 42
75.0
 43
75.0
 50
270.0
  0
POINT
  5
19BB
330
19B0
100
AcDbEntity
  8
Defpoints
 62
     0
440
 16777216
100
AcDbPoint
 10
37614.83426974666
 20
17699.41117799975
 30
0.0
  0
POINT
  5
19BC
330
19B0
100
AcDbEntity
  8
Defpoints
 62
     0
440
 16777216
100
AcDbPoint
 10
37614.83426974666
 20
17099.74198854662
 30
0.0
  0
POINT
  5
19BD
330
19B0
100
AcDbEntity
  8
Defpoints
 62
     0
440
 16777216
100
AcDbPoint
 10
37614.83426974934
 20
17099.74198854662
 30
0.0
  0
ENDBLK
  5
19B2
330
19B0
100
AcDbEntity
  8
0
100
AcDbBlockEnd
  0
BLOCK
  5
19BF
330
19BE
100
AcDbEntity
  8
0
100
AcDbBlockBegin
  2
*D182
 70
     1
 10
0.0
 20
0.0
 30
0.0
  3
*D182
  1

  0
LINE
  5
19C1
330
19BE
100
AcDbEntity
  8
CALLOUT TEXT
440
 16777216
370
    -2
100
AcDbLine
 10
37689.83426974666
 20
17099.74198854662
 30
0.0
 11
37664.83426974945
 21
17099.74198854662
 31
0.0
  0
LINE
  5
19C2
330
19BE
100
AcDbEntity
  8
CALLOUT TEXT
440
 16777216
370
    -2
100
AcDbLine
 10
37677.37382829269
 20
16124.41117799975
 30
0.0
 11
37664.83426974945
 21
16124.41117799975
 31
0.0
  0
LINE
  5
19C3
330
19BE
100
AcDbEntity
  8
CALLOUT TEXT
440
 16777216
370
    -2
100
AcDbLine
 10
37614.83426974944
 20
17149.74198854663
 30
0.0
 11
37614.83426974945
 21
16074.41117799975
 31
0.0
  0
INSERT
  5
19C4
330
19BE
100
AcDbEntity
  8
CALLOUT TEXT
440
 16777216
370
    -2
100
AcDbBlockReference
  2
_ArchTick
 10
37614.83426974944
 20
17099.74198854662
 30
0.0
 41
75.0
 42
75.0
 43
75.0
 50
90.0
  0
INSERT
  5
19C5
330
19BE
100
AcDbEntity
  8
CALLOUT TEXT
440
 16777216
370
    -2
100
AcDbBlockReference
  2
_ArchTick
 10
37614.83426974945
 20
16124.41117799975
 30
0.0
 41
75.0
 42
75.0
 43
75.0
 50
270.0
  0
MTEXT
  5
19C6
330
19BE
100
AcDbEntity
  8
CALLOUT TEXT
440
 16777216
100
AcDbMText
 10
37427.33426974945
 20
16612.07658327317
 30
0.0
 40
225.0
 41
0.0
 46
0.0
 71
     5
 72
     1
  1
\A1;975
  7
dim
 11
0.0000000000000001
 21
1.0
 31
0.0
 73
     1
 44
1.0
  0
POINT
  5
19C7
330
19BE
100
AcDbEntity
  8
Defpoints
 62
     0
440
 16777216
100
AcDbPoint
 10
37614.83426974666
 20
17099.74198854662
 30
0.0
  0
POINT
  5
19C8
330
19BE
100
AcDbEntity
  8
Defpoints
 62
     0
440
 16777216
100
AcDbPoint
 10
37602.3738282927
 20
16124.41117799975
 30
0.0
  0
POINT
  5
19C9
330
19BE
100
AcDbEntity
  8
Defpoints
 62
     0
440
 16777216
100
AcDbPoint
 10
37614.83426974945
 20
16124.41117799975
 30
0.0
  0
ENDBLK
  5
19C0
330
19BE
100
AcDbEntity
  8
0
100
AcDbBlockEnd
  0
BLOCK
  5
19CB
330
19CA
100
AcDbEntity
  8
0
100
AcDbBlockBegin
  2
*D183
 70
     1
 10
0.0
 20
0.0
 30
0.0
  3
*D183
  1

  0
LINE
  5
19CD
330
19CA
100
AcDbEntity
  8
CALLOUT TEXT
440
 16777216
370
    -2
100
AcDbLine
 10
37677.37382829262
 20
16124.41117799975
 30
0.0
 11
37664.5465682616
 21
16124.41117799975
 31
0.0
  0
LINE
  5
19CE
330
19CA
100
AcDbEntity
  8
CALLOUT TEXT
440
 16777216
370
    -2
100
AcDbLine
 10
37548.07582157749
 20
13420.64775026537
 30
0.0
 11
37564.54656826161
 21
13420.64775026537
 31
0.0
  0
LINE
  5
19CF
330
19CA
100
AcDbEntity
  8
CALLOUT TEXT
440
 16777216
370
    -2
100
AcDbLine
 10
37614.54656826161
 20
16174.41117799975
 30
0.0
 11
37614.54656826161
 21
13370.64775026537
 31
0.0
  0
INSERT
  5
19D0
330
19CA
100
AcDbEntity
  8
CALLOUT TEXT
440
 16777216
370
    -2
100
AcDbBlockReference
  2
_ArchTick
 10
37614.54656826161
 20
16124.41117799975
 30
0.0
 41
75.0
 42
75.0
 43
75.0
 50
90.0
  0
INSERT
  5
19D1
330
19CA
100
AcDbEntity
  8
CALLOUT TEXT
440
 16777216
370
    -2
100
AcDbBlockReference
  2
_ArchTick
 10
37614.54656826161
 20
13420.64775026537
 30
0.0
 41
75.0
 42
75.0
 43
75.0
 50
270.0
  0
MTEXT
  5
19D2
330
19CA
100
AcDbEntity
  8
CALLOUT TEXT
440
 16777216
100
AcDbMText
 10
37427.0465682616
 20
14772.52946413255
 30
0.0
 40
225.0
 41
0.0
 46
0.0
 71
     5
 72
     1
  1
\A1;2704
  7
dim
 11
0.0000000000000001
 21
1.0
 31
0.0
 73
     1
 44
1.0
  0
POINT
  5
19D3
330
19CA
100
AcDbEntity
  8
Defpoints
 62
     0
440
 16777216
100
AcDbPoint
 10
37602.37382829262
 20
16124.41117799975
 30
0.0
  0
POINT
  5
19D4
330
19CA
100
AcDbEntity
  8
Defpoints
 62
     0
440
 16777216
100
AcDbPoint
 10
37623.07582157748
 20
13420.64775026537
 30
0.0
  0
POINT
  5
19D5
330
19CA
100
AcDbEntity
  8
Defpoints
 62
     0
440
 16777216
100
AcDbPoint
 10
37614.54656826161
 20
13420.64775026537
 30
0.0
  0
ENDBLK
  5
19CC
330
19CA
100
AcDbEntity
  8
0
100
AcDbBlockEnd
  0
BLOCK
  5
19D7
330
19D6
100
AcDbEntity
  8
0
100
AcDbBlockBegin
  2
*D184
 70
     1
 10
0.0
 20
0.0
 30
0.0
  3
*D184
  1

  0
LINE
  5
19D9
330
19D6
100
AcDbEntity
  8
CALLOUT TEXT
440
 16777216
370
    -2
100
AcDbLine
 10
37548.07582157758
 20
13420.64775026537
 30
0.0
 11
37564.87879498037
 21
13420.64775026537
 31
0.0
  0
LINE
  5
19DA
330
19D6
100
AcDbEntity
  8
CALLOUT TEXT
440
 16777216
370
    -2
100
AcDbLine
 10
37688.55879148248
 20
12299.41117799975
 30
0.0
 11
37664.87879498037
 21
12299.41117799975
 31
0.0
  0
LINE
  5
19DB
330
19D6
100
AcDbEntity
  8
CALLOUT TEXT
440
 16777216
370
    -2
100
AcDbLine
 10
37614.87879498037
 20
13470.64775026537
 30
0.0
 11
37614.87879498037
 21
12249.41117799975
 31
0.0
  0
INSERT
  5
19DC
330
19D6
100
AcDbEntity
  8
CALLOUT TEXT
440
 16777216
370
    -2
100
AcDbBlockReference
  2
_ArchTick
 10
37614.87879498037
 20
13420.64775026537
 30
0.0
 41
75.0
 42
75.0
 43
75.0
 50
90.0
  0
INSERT
  5
19DD
330
19D6
100
AcDbEntity
  8
CALLOUT TEXT
440
 16777216
370
    -2
100
AcDbBlockReference
  2
_ArchTick
 10
37614.87879498037
 20
12299.41117799975
 30
0.0
 41
75.0
 42
75.0
 43
75.0
 50
270.0
  0
MTEXT
  5
19DE
330
19D6
100
AcDbEntity
  8
CALLOUT TEXT
440
 16777216
100
AcDbMText
 10
37427.37879498036
 20
12860.02946413255
 30
0.0
 40
225.0
 41
0.0
 46
0.0
 71
     5
 72
     1
  1
\A1;1121
  7
dim
 11
0.0000000000000001
 21
1.0
 31
0.0
 73
     1
 44
1.0
  0
POINT
  5
19DF
330
19D6
100
AcDbEntity
  8
Defpoints
 62
     0
440
 16777216
100
AcDbPoint
 10
37623.07582157758
 20
13420.64775026537
 30
0.0
  0
POINT
  5
19E0
330
19D6
100
AcDbEntity
  8
Defpoints
 62
     0
440
 16777216
100
AcDbPoint
 10
37613.55879148248
 20
12299.41117799975
 30
0.0
  0
POINT
  5
19E1
330
19D6
100
AcDbEntity
  8
Defpoints
 62
     0
440
 16777216
100
AcDbPoint
 10
37614.87879498037
 20
12299.41117799975
 30
0.0
  0
ENDBLK
  5
19D8
330
19D6
100
AcDbEntity
  8
0
100
AcDbBlockEnd
  0
BLOCK
  5
19E3
330
19E2
100
AcDbEntity
  8
0
100
AcDbBlockBegin
  2
*D185
 70
     1
 10
0.0
 20
0.0
 30
0.0
  3
*D185
  1

  0
LINE
  5
19E5
330
19E2
100
AcDbEntity
  8
CALLOUT TEXT
440
 16777216
370
    -2
100
AcDbLine
 10
37688.55879148248
 20
12299.41117799975
 30
0.0
 11
37664.87879498059
 21
12299.41117799975
 31
0.0
  0
LINE
  5
19E6
330
19E2
100
AcDbEntity
  8
CALLOUT TEXT
440
 16777216
370
    -2
100
AcDbLine
 10
37552.00037007058
 20
9449.411177999747
 30
0.0
 11
37564.87879498059
 21
9449.411177999747
 31
0.0
  0
LINE
  5
19E7
330
19E2
100
AcDbEntity
  8
CALLOUT TEXT
440
 16777216
370
    -2
100
AcDbLine
 10
37614.87879498059
 20
12349.41117799975
 30
0.0
 11
37614.87879498059
 21
9399.411177999748
 31
0.0
  0
INSERT
  5
19E8
330
19E2
100
AcDbEntity
  8
CALLOUT TEXT
440
 16777216
370
    -2
100
AcDbBlockReference
  2
_ArchTick
 10
37614.87879498059
 20
12299.41117799975
 30
0.0
 41
75.0
 42
75.0
 43
75.0
 50
90.0
  0
INSERT
  5
19E9
330
19E2
100
AcDbEntity
  8
CALLOUT TEXT
440
 16777216
370
    -2
100
AcDbBlockReference
  2
_ArchTick
 10
37614.87879498059
 20
9449.411177999747
 30
0.0
 41
75.0
 42
75.0
 43
75.0
 50
270.0
  0
MTEXT
  5
19EA
330
19E2
100
AcDbEntity
  8
CALLOUT TEXT
440
 16777216
100
AcDbMText
 10
37427.37879498059
 20
10874.41117799973
 30
0.0
 40
225.0
 41
0.0
 46
0.0
 71
     5
 72
     1
  1
\A1;2850
  7
dim
 11
0.0000000000000001
 21
1.0
 31
0.0
 73
     1
 44
1.0
  0
POINT
  5
19EB
330
19E2
100
AcDbEntity
  8
Defpoints
 62
     0
440
 16777216
100
AcDbPoint
 10
37613.55879148248
 20
12299.41117799975
 30
0.0
  0
POINT
  5
19EC
330
19E2
100
AcDbEntity
  8
Defpoints
 62
     0
440
 16777216
100
AcDbPoint
 10
37627.00037007058
 20
9449.411177999747
 30
0.0
  0
POINT
  5
19ED
330
19E2
100
AcDbEntity
  8
Defpoints
 62
     0
440
 16777216
100
AcDbPoint
 10
37614.87879498059
 20
9449.411177999747
 30
0.0
  0
ENDBLK
  5
19E4
330
19E2
100
AcDbEntity
  8
0
100
AcDbBlockEnd
  0
BLOCK
  5
19EF
330
19EE
100
AcDbEntity
  8
0
100
AcDbBlockBegin
  2
*D186
 70
     1
 10
0.0
 20
0.0
 30
0.0
  3
*D186
  1

  0
LINE
  5
19F1
330
19EE
100
AcDbEntity
  8
CALLOUT TEXT
440
 16777216
370
    -2
100
AcDbLine
 10
37552.00037007056
 20
9449.411177999747
 30
0.0
 11
37564.76576939585
 21
9449.411177999747
 31
0.0
  0
LINE
  5
19F2
330
19EE
100
AcDbEntity
  8
CALLOUT TEXT
440
 16777216
370
    -2
100
AcDbLine
 10
37541.79654400038
 20
7574.411177999748
 30
0.0
 11
37564.76576939585
 21
7574.411177999748
 31
0.0
  0
LINE
  5
19F3
330
19EE
100
AcDbEntity
  8
CALLOUT TEXT
440
 16777216
370
    -2
100
AcDbLine
 10
37614.76576939585
 20
9499.411177999748
 30
0.0
 11
37614.76576939585
 21
7524.411177999748
 31
0.0
  0
INSERT
  5
19F4
330
19EE
100
AcDbEntity
  8
CALLOUT TEXT
440
 16777216
370
    -2
100
AcDbBlockReference
  2
_ArchTick
 10
37614.76576939585
 20
9449.411177999747
 30
0.0
 41
75.0
 42
75.0
 43
75.0
 50
90.0
  0
INSERT
  5
19F5
330
19EE
100
AcDbEntity
  8
CALLOUT TEXT
440
 16777216
370
    -2
100
AcDbBlockReference
  2
_ArchTick
 10
37614.76576939585
 20
7574.411177999748
 30
0.0
 41
75.0
 42
75.0
 43
75.0
 50
270.0
  0
MTEXT
  5
19F6
330
19EE
100
AcDbEntity
  8
CALLOUT TEXT
440
 16777216
100
AcDbMText
 10
37427.26576939584
 20
8511.911177999735
 30
0.0
 40
225.0
 41
0.0
 46
0.0
 71
     5
 72
     1
  1
\A1;1875
  7
dim
 11
0.0000000000000001
 21
1.0
 31
0.0
 73
     1
 44
1.0
  0
POINT
  5
19F7
330
19EE
100
AcDbEntity
  8
Defpoints
 62
     0
440
 16777216
100
AcDbPoint
 10
37627.00037007056
 20
9449.411177999747
 30
0.0
  0
POINT
  5
19F8
330
19EE
100
AcDbEntity
  8
Defpoints
 62
     0
440
 16777216
100
AcDbPoint
 10
37616.79654400038
 20
7574.411177999748
 30
0.0
  0
POINT
  5
19F9
330
19EE
100
AcDbEntity
  8
Defpoints
 62
     0
440
 16777216
100
AcDbPoint
 10
37614.76576939585
 20
7574.411177999748
 30
0.0
  0
ENDBLK
  5
19F0
330
19EE
100
AcDbEntity
  8
0
100
AcDbBlockEnd
  0
BLOCK
  5
19FB
330
19FA
100
AcDbEntity
  8
0
100
AcDbBlockBegin
  2
*D187
 70
     1
 10
0.0
 20
0.0
 30
0.0
  3
*D187
  1

  0
LINE
  5
19FD
330
19FA
100
AcDbEntity
  8
CALLOUT TEXT
440
 16777216
370
    -2
100
AcDbLine
 10
37541.79654400034
 20
7574.411177999748
 30
0.0
 11
37564.76576939605
 21
7574.411177999748
 31
0.0
  0
LINE
  5
19FE
330
19FA
100
AcDbEntity
  8
CALLOUT TEXT
440
 16777216
370
    -2
100
AcDbLine
 10
37550.33243696142
 20
5774.411483175527
 30
0.0
 11
37564.76576939605
 21
5774.411483175527
 31
0.0
  0
LINE
  5
19FF
330
19FA
100
AcDbEntity
  8
CALLOUT TEXT
440
 16777216
370
    -2
100
AcDbLine
 10
37614.76576939605
 20
7624.411177999748
 30
0.0
 11
37614.76576939605
 21
5724.411483175527
 31
0.0
  0
INSERT
  5
1A00
330
19FA
100
AcDbEntity
  8
CALLOUT TEXT
440
 16777216
370
    -2
100
AcDbBlockReference
  2
_ArchTick
 10
37614.76576939605
 20
7574.411177999748
 30
0.0
 41
75.0
 42
75.0
 43
75.0
 50
90.0
  0
INSERT
  5
1A01
330
19FA
100
AcDbEntity
  8
CALLOUT TEXT
440
 16777216
370
    -2
100
AcDbBlockReference
  2
_ArchTick
 10
37614.76576939605
 20
5774.411483175527
 30
0.0
 41
75.0
 42
75.0
 43
75.0
 50
270.0
  0
MTEXT
  5
1A02
330
19FA
100
AcDbEntity
  8
CALLOUT TEXT
440
 16777216
100
AcDbMText
 10
37427.26576939604
 20
6674.411330587627
 30
0.0
 40
225.0
 41
0.0
 46
0.0
 71
     5
 72
     1
  1
\A1;1800
  7
dim
 11
0.0000000000000001
 21
1.0
 31
0.0
 73
     1
 44
1.0
  0
POINT
  5
1A03
330
19FA
100
AcDbEntity
  8
Defpoints
 62
     0
440
 16777216
100
AcDbPoint
 10
37616.79654400034
 20
7574.411177999748
 30
0.0
  0
POINT
  5
1A04
330
19FA
100
AcDbEntity
  8
Defpoints
 62
     0
440
 16777216
100
AcDbPoint
 10
37625.33243696142
 20
5774.411483175527
 30
0.0
  0
POINT
  5
1A05
330
19FA
100
AcDbEntity
  8
Defpoints
 62
     0
440
 16777216
100
AcDbPoint
 10
37614.76576939605
 20
5774.411483175527
 30
0.0
  0
ENDBLK
  5
19FC
330
19FA
100
AcDbEntity
  8
0
100
AcDbBlockEnd
  0
BLOCK
  5
1E3D
330
1E3C
100
AcDbEntity
  8
0
 62
     7
420
 16777215
100
AcDbBlockBegin
  2
*D189
 70
     1
 10
0.0
 20
0.0
 30
0.0
  3
*D189
  1

  0
LINE
  5
1E3E
330
1E3C
100
AcDbEntity
  8
CALLOUT TEXT
440
 16777216
370
    -2
100
AcDbLine
 10
606995.7300769827
 20
176317.6860944195
 30
0.0
 11
606995.7300769827
 21
176292.6860944196
 31
0.0
  0
LINE
  5
1E3F
330
1E3C
100
AcDbEntity
  8
CALLOUT TEXT
440
 16777216
370
    -2
100
AcDbLine
 10
608595.7295887017
 20
176167.6860944197
 30
0.0
 11
608595.7295887017
 21
176192.6860944195
 31
0.0
  0
LINE
  5
1E40
330
1E3C
100
AcDbEntity
  8
CALLOUT TEXT
440
 16777216
370
    -2
100
AcDbLine
 10
606945.7300769826
 20
176242.6860944196
 30
0.0
 11
608645.7295887018
 21
176242.6860944196
 31
0.0
  0
INSERT
  5
1E41
330
1E3C
100
AcDbEntity
  8
CALLOUT TEXT
440
 16777216
370
    -2
100
AcDbBlockReference
  2
_ArchTick
 10
606995.7300769827
 20
176242.6860944196
 30
0.0
 41
75.0
 42
75.0
 43
75.0
 50
180.0
  0
INSERT
  5
1E42
330
1E3C
100
AcDbEntity
  8
CALLOUT TEXT
440
 16777216
370
    -2
100
AcDbBlockReference
  2
_ArchTick
 10
608595.7295887017
 20
176242.6860944196
 30
0.0
 41
75.0
 42
75.0
 43
75.0
  0
MTEXT
  5
1E43
330
1E3C
100
AcDbEntity
  8
CALLOUT TEXT
440
 16777216
100
AcDbMText
 10
607795.7298328422
 20
176430.1860944195
 30
0.0
 40
225.0
 41
0.0
 46
0.0
 71
     5
 72
     1
  1
\A1;1600
  7
dim
 73
     1
 44
1.0
  0
POINT
  5
1E44
330
1E3C
100
AcDbEntity
  8
Defpoints
 62
     0
440
 16777216
100
AcDbPoint
 10
606995.7300769827
 20
176242.6860944196
 30
0.0000000000000142
  0
POINT
  5
1E45
330
1E3C
100
AcDbEntity
  8
Defpoints
 62
     0
440
 16777216
100
AcDbPoint
 10
608595.7295887017
 20
176242.6860944197
 30
0.0
  0
POINT
  5
1E46
330
1E3C
100
AcDbEntity
  8
Defpoints
 62
     0
440
 16777216
100
AcDbPoint
 10
608595.7295887017
 20
176242.6860944196
 30
0.0
  0
ENDBLK
  5
1E47
330
1E3C
100
AcDbEntity
  8
0
 62
     7
420
 16777215
100
AcDbBlockEnd
  0
BLOCK
  5
1E49
330
1E48
100
AcDbEntity
  8
0
 62
     7
420
 16777215
100
AcDbBlockBegin
  2
*D190
 70
     1
 10
0.0
 20
0.0
 30
0.0
  3
*D190
  1

  0
LINE
  5
1E4A
330
1E48
100
AcDbEntity
  8
CALLOUT TEXT
440
 16777216
370
    -2
100
AcDbLine
 10
608595.7295887017
 20
176167.6860944197
 30
0.0
 11
608595.7295887017
 21
176192.6860944195
 31
0.0
  0
LINE
  5
1E4B
330
1E48
100
AcDbEntity
  8
CALLOUT TEXT
440
 16777216
370
    -2
100
AcDbLine
 10
609270.7295887014
 20
176317.6860944195
 30
0.0
 11
609270.7295887014
 21
176292.6860944196
 31
0.0
  0
LINE
  5
1E4C
330
1E48
100
AcDbEntity
  8
CALLOUT TEXT
440
 16777216
370
    -2
100
AcDbLine
 10
608545.7295887017
 20
176242.6860944196
 30
0.0
 11
609320.7295887014
 21
176242.6860944196
 31
0.0
  0
INSERT
  5
1E4D
330
1E48
100
AcDbEntity
  8
CALLOUT TEXT
440
 16777216
370
    -2
100
AcDbBlockReference
  2
_ArchTick
 10
608595.7295887017
 20
176242.6860944196
 30
0.0
 41
75.0
 42
75.0
 43
75.0
 50
180.0
  0
INSERT
  5
1E4E
330
1E48
100
AcDbEntity
  8
CALLOUT TEXT
440
 16777216
370
    -2
100
AcDbBlockReference
  2
_ArchTick
 10
609270.7295887014
 20
176242.6860944196
 30
0.0
 41
75.0
 42
75.0
 43
75.0
  0
MTEXT
  5
1E4F
330
1E48
100
AcDbEntity
  8
CALLOUT TEXT
440
 16777216
100
AcDbMText
 10
608933.2295887016
 20
176430.1860944195
 30
0.0
 40
225.0
 41
0.0
 46
0.0
 71
     5
 72
     1
  1
\A1;675
  7
dim
 73
     1
 44
1.0
  0
POINT
  5
1E50
330
1E48
100
AcDbEntity
  8
Defpoints
 62
     0
440
 16777216
100
AcDbPoint
 10
608595.7295887017
 20
176242.6860944197
 30
0.0
  0
POINT
  5
1E51
330
1E48
100
AcDbEntity
  8
Defpoints
 62
     0
440
 16777216
100
AcDbPoint
 10
609270.7295887014
 20
176242.6860944196
 30
0.0
  0
POINT
  5
1E52
330
1E48
100
AcDbEntity
  8
Defpoints
 62
     0
440
 16777216
100
AcDbPoint
 10
609270.7295887014
 20
176242.6860944196
 30
0.0
  0
ENDBLK
  5
1E53
330
1E48
100
AcDbEntity
  8
0
 62
     7
420
 16777215
100
AcDbBlockEnd
  0
BLOCK
  5
1E55
330
1E54
100
AcDbEntity
  8
0
 62
     7
420
 16777215
100
AcDbBlockBegin
  2
*D191
 70
     1
 10
0.0
 20
0.0
 30
0.0
  3
*D191
  1

  0
LINE
  5
1E56
330
1E54
100
AcDbEntity
  8
CALLOUT TEXT
440
 16777216
370
    -2
100
AcDbLine
 10
609270.7295887014
 20
176317.6860944195
 30
0.0
 11
609270.7295887014
 21
176292.6860944196
 31
0.0
  0
LINE
  5
1E57
330
1E54
100
AcDbEntity
  8
CALLOUT TEXT
440
 16777216
370
    -2
100
AcDbLine
 10
611670.7300769826
 20
176317.6860944195
 30
0.0
 11
611670.7300769826
 21
176292.6860944196
 31
0.0
  0
LINE
  5
1E58
330
1E54
100
AcDbEntity
  8
CALLOUT TEXT
440
 16777216
370
    -2
100
AcDbLine
 10
609220.7295887014
 20
176242.6860944196
 30
0.0
 11
611720.7300769827
 21
176242.6860944196
 31
0.0
  0
INSERT
  5
1E59
330
1E54
100
AcDbEntity
  8
CALLOUT TEXT
440
 16777216
370
    -2
100
AcDbBlockReference
  2
_ArchTick
 10
609270.7295887014
 20
176242.6860944196
 30
0.0
 41
75.0
 42
75.0
 43
75.0
 50
180.0
  0
INSERT
  5
1E5A
330
1E54
100
AcDbEntity
  8
CALLOUT TEXT
440
 16777216
370
    -2
100
AcDbBlockReference
  2
_ArchTick
 10
611670.7300769826
 20
176242.6860944196
 30
0.0
 41
75.0
 42
75.0
 43
75.0
  0
MTEXT
  5
1E5B
330
1E54
100
AcDbEntity
  8
CALLOUT TEXT
440
 16777216
100
AcDbMText
 10
610470.729832842
 20
176430.1860944195
 30
0.0
 40
225.0
 41
0.0
 46
0.0
 71
     5
 72
     1
  1
\A1;2400
  7
dim
 73
     1
 44
1.0
  0
POINT
  5
1E5C
330
1E54
100
AcDbEntity
  8
Defpoints
 62
     0
440
 16777216
100
AcDbPoint
 10
609270.7295887014
 20
176242.6860944196
 30
0.0
  0
POINT
  5
1E5D
330
1E54
100
AcDbEntity
  8
Defpoints
 62
     0
440
 16777216
100
AcDbPoint
 10
611670.7300769826
 20
176242.6860944196
 30
0.0000000000000142
  0
POINT
  5
1E5E
330
1E54
100
AcDbEntity
  8
Defpoints
 62
     0
440
 16777216
100
AcDbPoint
 10
611670.7300769826
 20
176242.6860944196
 30
0.0
  0
ENDBLK
  5
1E5F
330
1E54
100
AcDbEntity
  8
0
 62
     7
420
 16777215
100
AcDbBlockEnd
  0
BLOCK
  5
1E61
330
1E60
100
AcDbEntity
  8
0
 62
     7
420
 16777215
100
AcDbBlockBegin
  2
*D192
 70
     1
 10
0.0
 20
0.0
 30
0.0
  3
*D192
  1

  0
LINE
  5
1E62
330
1E60
100
AcDbEntity
  8
CALLOUT TEXT
440
 16777216
370
    -2
100
AcDbLine
 10
611670.7300769826
 20
176317.6860944195
 30
0.0
 11
611670.7300769826
 21
176292.6860944196
 31
0.0
  0
LINE
  5
1E63
330
1E60
100
AcDbEntity
  8
CALLOUT TEXT
440
 16777216
370
    -2
100
AcDbLine
 10
614295.7288562795
 20
176317.6860944195
 30
0.0
 11
614295.7288562795
 21
176292.6860944196
 31
0.0
  0
LINE
  5
1E64
330
1E60
100
AcDbEntity
  8
CALLOUT TEXT
440
 16777216
370
    -2
100
AcDbLine
 10
611620.7300769826
 20
176242.6860944196
 30
0.0
 11
614345.7288562796
 21
176242.6860944196
 31
0.0
  0
INSERT
  5
1E65
330
1E60
100
AcDbEntity
  8
CALLOUT TEXT
440
 16777216
370
    -2
100
AcDbBlockReference
  2
_ArchTick
 10
611670.7300769826
 20
176242.6860944196
 30
0.0
 41
75.0
 42
75.0
 43
75.0
 50
180.0
  0
INSERT
  5
1E66
330
1E60
100
AcDbEntity
  8
CALLOUT TEXT
440
 16777216
370
    -2
100
AcDbBlockReference
  2
_ArchTick
 10
614295.7288562795
 20
176242.6860944196
 30
0.0
 41
75.0
 42
75.0
 43
75.0
  0
MTEXT
  5
1E67
330
1E60
100
AcDbEntity
  8
CALLOUT TEXT
440
 16777216
100
AcDbMText
 10
612983.2294666311
 20
176430.1860944195
 30
0.0
 40
225.0
 41
0.0
 46
0.0
 71
     5
 72
     1
  1
\A1;2625
  7
dim
 73
     1
 44
1.0
  0
POINT
  5
1E68
330
1E60
100
AcDbEntity
  8
Defpoints
 62
     0
440
 16777216
100
AcDbPoint
 10
611670.7300769826
 20
176242.6860944196
 30
0.0000000000000142
  0
POINT
  5
1E69
330
1E60
100
AcDbEntity
  8
Defpoints
 62
     0
440
 16777216
100
AcDbPoint
 10
614295.7288562795
 20
176242.6860944196
 30
0.0
  0
POINT
  5
1E6A
330
1E60
100
AcDbEntity
  8
Defpoints
 62
     0
440
 16777216
100
AcDbPoint
 10
614295.7288562795
 20
176242.6860944196
 30
0.0
  0
ENDBLK
  5
1E6B
330
1E60
100
AcDbEntity
  8
0
 62
     7
420
 16777215
100
AcDbBlockEnd
  0
BLOCK
  5
1E6D
330
1E6C
100
AcDbEntity
  8
0
 62
     7
420
 16777215
100
AcDbBlockBegin
  2
*D193
 70
     1
 10
0.0
 20
0.0
 30
0.0
  3
*D193
  1

  0
LINE
  5
1E6E
330
1E6C
100
AcDbEntity
  8
CALLOUT TEXT
440
 16777216
370
    -2
100
AcDbLine
 10
595020.7291614553
 20
176317.6860944195
 30
0.0
 11
595020.7291614553
 21
176292.6860944196
 31
0.0
  0
LINE
  5
1E6F
330
1E6C
100
AcDbEntity
  8
CALLOUT TEXT
440
 16777216
370
    -2
100
AcDbLine
 10
597645.7291614553
 20
176317.6860944195
 30
0.0
 11
597645.7291614553
 21
176292.6860944196
 31
0.0
  0
LINE
  5
1E70
330
1E6C
100
AcDbEntity
  8
CALLOUT TEXT
440
 16777216
370
    -2
100
AcDbLine
 10
594970.7291614553
 20
176242.6860944196
 30
0.0
 11
597695.7291614553
 21
176242.6860944196
 31
0.0
  0
INSERT
  5
1E71
330
1E6C
100
AcDbEntity
  8
CALLOUT TEXT
440
 16777216
370
    -2
100
AcDbBlockReference
  2
_ArchTick
 10
595020.7291614553
 20
176242.6860944196
 30
0.0
 41
75.0
 42
75.0
 43
75.0
 50
180.0
  0
INSERT
  5
1E72
330
1E6C
100
AcDbEntity
  8
CALLOUT TEXT
440
 16777216
370
    -2
100
AcDbBlockReference
  2
_ArchTick
 10
597645.7291614553
 20
176242.6860944196
 30
0.0
 41
75.0
 42
75.0
 43
75.0
  0
MTEXT
  5
1E73
330
1E6C
100
AcDbEntity
  8
CALLOUT TEXT
440
 16777216
100
AcDbMText
 10
596333.2291614553
 20
176430.1860944195
 30
0.0
 40
225.0
 41
0.0
 46
0.0
 71
     5
 72
     1
  1
\A1;2625
  7
dim
 73
     1
 44
1.0
  0
POINT
  5
1E74
330
1E6C
100
AcDbEntity
  8
Defpoints
 62
     0
440
 16777216
100
AcDbPoint
 10
595020.7291614553
 20
176242.6860944196
 30
0.0
  0
POINT
  5
1E75
330
1E6C
100
AcDbEntity
  8
Defpoints
 62
     0
440
 16777216
100
AcDbPoint
 10
597645.7291614553
 20
176242.6860944196
 30
0.0
  0
POINT
  5
1E76
330
1E6C
100
AcDbEntity
  8
Defpoints
 62
     0
440
 16777216
100
AcDbPoint
 10
597645.7291614553
 20
176242.6860944196
 30
0.0
  0
ENDBLK
  5
1E77
330
1E6C
100
AcDbEntity
  8
0
 62
     7
420
 16777215
100
AcDbBlockEnd
  0
BLOCK
  5
1E79
330
1E78
100
AcDbEntity
  8
0
 62
     7
420
 16777215
100
AcDbBlockBegin
  2
*D194
 70
     1
 10
0.0
 20
0.0
 30
0.0
  3
*D194
  1

  0
LINE
  5
1E7A
330
1E78
100
AcDbEntity
  8
CALLOUT TEXT
440
 16777216
370
    -2
100
AcDbLine
 10
597645.7291614553
 20
176317.6860944195
 30
0.0
 11
597645.7291614553
 21
176292.6860944196
 31
0.0
  0
LINE
  5
1E7B
330
1E78
100
AcDbEntity
  8
CALLOUT TEXT
440
 16777216
370
    -2
100
AcDbLine
 10
602327.2865332686
 20
176316.3452226301
 30
0.0
 11
602327.2865332686
 21
176292.6860944196
 31
0.0
  0
LINE
  5
1E7C
330
1E78
100
AcDbEntity
  8
CALLOUT TEXT
440
 16777216
370
    -2
100
AcDbLine
 10
597595.7291614553
 20
176242.6860944196
 30
0.0
 11
602377.2865332687
 21
176242.6860944196
 31
0.0
  0
INSERT
  5
1E7D
330
1E78
100
AcDbEntity
  8
CALLOUT TEXT
440
 16777216
370
    -2
100
AcDbBlockReference
  2
_ArchTick
 10
597645.7291614553
 20
176242.6860944196
 30
0.0
 41
75.0
 42
75.0
 43
75.0
 50
180.0
  0
INSERT
  5
1E7E
330
1E78
100
AcDbEntity
  8
CALLOUT TEXT
440
 16777216
370
    -2
100
AcDbBlockReference
  2
_ArchTick
 10
602327.2865332686
 20
176242.6860944196
 30
0.0
 41
75.0
 42
75.0
 43
75.0
  0
MTEXT
  5
1E7F
330
1E78
100
AcDbEntity
  8
CALLOUT TEXT
440
 16777216
100
AcDbMText
 10
599986.507847362
 20
176430.1860944195
 30
0.0
 40
225.0
 41
0.0
 46
0.0
 71
     5
 72
     1
  1
\A1;4682
  7
dim
 73
     1
 44
1.0
  0
POINT
  5
1E80
330
1E78
100
AcDbEntity
  8
Defpoints
 62
     0
440
 16777216
100
AcDbPoint
 10
597645.7291614553
 20
176242.6860944196
 30
0.0
  0
POINT
  5
1E81
330
1E78
100
AcDbEntity
  8
Defpoints
 62
     0
440
 16777216
100
AcDbPoint
 10
602327.2865332686
 20
176241.3452226301
 30
0.0000000000000142
  0
POINT
  5
1E82
330
1E78
100
AcDbEntity
  8
Defpoints
 62
     0
440
 16777216
100
AcDbPoint
 10
602327.2865332686
 20
176242.6860944196
 30
0.0
  0
ENDBLK
  5
1E83
330
1E78
100
AcDbEntity
  8
0
 62
     7
420
 16777215
100
AcDbBlockEnd
  0
BLOCK
  5
1E85
330
1E84
100
AcDbEntity
  8
0
 62
     7
420
 16777215
100
AcDbBlockBegin
  2
*D195
 70
     1
 10
0.0
 20
0.0
 30
0.0
  3
*D195
  1

  0
LINE
  5
1E86
330
1E84
100
AcDbEntity
  8
CALLOUT TEXT
440
 16777216
370
    -2
100
AcDbLine
 10
602327.2865332686
 20
176316.3452226301
 30
0.0
 11
602327.2865332686
 21
176292.6860944196
 31
0.0
  0
LINE
  5
1E87
330
1E84
100
AcDbEntity
  8
CALLOUT TEXT
440
 16777216
370
    -2
100
AcDbLine
 10
602895.8292865047
 20
176168.3239963926
 30
0.0
 11
602895.8292865047
 21
176192.6860944195
 31
0.0
  0
LINE
  5
1E88
330
1E84
100
AcDbEntity
  8
CALLOUT TEXT
440
 16777216
370
    -2
100
AcDbLine
 10
602277.2865332687
 20
176242.6860944196
 30
0.0
 11
602945.8292865047
 21
176242.6860944196
 31
0.0
  0
LINE
  5
1E89
330
1E84
100
AcDbEntity
  8
CALLOUT TEXT
440
 16777216
370
    -2
100
AcDbLine
 10
602611.5579098866
 20
176242.6860944196
 30
0.0
 11
602402.3665696303
 21
176520.7864202739
 31
0.0
  0
LINE
  5
1E8A
330
1E84
100
AcDbEntity
  8
CALLOUT TEXT
440
 16777216
370
    -2
100
AcDbLine
 10
602402.3665696303
 20
176520.7864202739
 30
0.0
 11
601798.0808553446
 21
176520.7864202739
 31
0.0
  0
MTEXT
  5
1E8B
330
1E84
100
AcDbEntity
  8
CALLOUT TEXT
440
 16777216
100
AcDbMText
 10
602100.2237124874
 20
176708.286420274
 30
0.0
 40
225.0
 41
0.0
 46
0.0
 71
     5
 72
     1
  1
\A1;569
  7
dim
 73
     1
 44
1.0
  0
INSERT
  5
1E8C
330
1E84
100
AcDbEntity
  8
CALLOUT TEXT
440
 16777216
370
    -2
100
AcDbBlockReference
  2
_ArchTick
 10
602327.2865332686
 20
176242.6860944196
 30
0.0
 41
75.0
 42
75.0
 43
75.0
 50
180.0
  0
INSERT
  5
1E8D
330
1E84
100
AcDbEntity
  8
CALLOUT TEXT
440
 16777216
370
    -2
100
AcDbBlockReference
  2
_ArchTick
 10
602895.8292865047
 20
176242.6860944196
 30
0.0
 41
75.0
 42
75.0
 43
75.0
  0
POINT
  5
1E8E
330
1E84
100
AcDbEntity
  8
Defpoints
 62
     0
440
 16777216
100
AcDbPoint
 10
602327.2865332686
 20
176241.3452226301
 30
0.0000000000000142
  0
POINT
  5
1E8F
330
1E84
100
AcDbEntity
  8
Defpoints
 62
     0
440
 16777216
100
AcDbPoint
 10
602895.8292865047
 20
176243.3239963926
 30
0.0
  0
POINT
  5
1E90
330
1E84
100
AcDbEntity
  8
Defpoints
 62
     0
440
 16777216
100
AcDbPoint
 10
602895.8292865047
 20
176242.6860944196
 30
0.0
  0
ENDBLK
  5
1E91
330
1E84
100
AcDbEntity
  8
0
 62
     7
420
 16777215
100
AcDbBlockEnd
  0
BLOCK
  5
1E93
330
1E92
100
AcDbEntity
  8
0
 62
     7
420
 16777215
100
AcDbBlockBegin
  2
*D196
 70
     1
 10
0.0
 20
0.0
 30
0.0
  3
*D196
  1

  0
LINE
  5
1E94
330
1E92
100
AcDbEntity
  8
CALLOUT TEXT
440
 16777216
370
    -2
100
AcDbLine
 10
602895.8292865047
 20
176168.3239963926
 30
0.0
 11
602895.8292865047
 21
176192.6860944195
 31
0.0
  0
LINE
  5
1E95
330
1E92
100
AcDbEntity
  8
CALLOUT TEXT
440
 16777216
370
    -2
100
AcDbLine
 10
603570.7295959577
 20
176317.6860401917
 30
0.0
 11
603570.7295959577
 21
176292.6860944196
 31
0.0
  0
LINE
  5
1E96
330
1E92
100
AcDbEntity
  8
CALLOUT TEXT
440
 16777216
370
    -2
100
AcDbLine
 10
602845.8292865046
 20
176242.6860944196
 30
0.0
 11
603620.7295959577
 21
176242.6860944196
 31
0.0
  0
INSERT
  5
1E97
330
1E92
100
AcDbEntity
  8
CALLOUT TEXT
440
 16777216
370
    -2
100
AcDbBlockReference
  2
_ArchTick
 10
602895.8292865047
 20
176242.6860944196
 30
0.0
 41
75.0
 42
75.0
 43
75.0
 50
180.0
  0
INSERT
  5
1E98
330
1E92
100
AcDbEntity
  8
CALLOUT TEXT
440
 16777216
370
    -2
100
AcDbBlockReference
  2
_ArchTick
 10
603570.7295959577
 20
176242.6860944196
 30
0.0
 41
75.0
 42
75.0
 43
75.0
  0
MTEXT
  5
1E99
330
1E92
100
AcDbEntity
  8
CALLOUT TEXT
440
 16777216
100
AcDbMText
 10
603233.2794412312
 20
176430.1860944195
 30
0.0
 40
225.0
 41
0.0
 46
0.0
 71
     5
 72
     1
  1
\A1;675
  7
dim
 73
     1
 44
1.0
  0
POINT
  5
1E9A
330
1E92
100
AcDbEntity
  8
Defpoints
 62
     0
440
 16777216
100
AcDbPoint
 10
602895.8292865047
 20
176243.3239963926
 30
0.0
  0
POINT
  5
1E9B
330
1E92
100
AcDbEntity
  8
Defpoints
 62
     0
440
 16777216
100
AcDbPoint
 10
603570.7295959577
 20
176242.6860401917
 30
0.0
  0
POINT
  5
1E9C
330
1E92
100
AcDbEntity
  8
Defpoints
 62
     0
440
 16777216
100
AcDbPoint
 10
603570.7295959577
 20
176242.6860944196
 30
0.0
  0
ENDBLK
  5
1E9D
330
1E92
100
AcDbEntity
  8
0
 62
     7
420
 16777215
100
AcDbBlockEnd
  0
BLOCK
  5
1E9F
330
1E9E
100
AcDbEntity
  8
0
 62
     7
420
 16777215
100
AcDbBlockBegin
  2
*D197
 70
     1
 10
0.0
 20
0.0
 30
0.0
  3
*D197
  1

  0
LINE
  5
1EA0
330
1E9E
100
AcDbEntity
  8
CALLOUT TEXT
440
 16777216
370
    -2
100
AcDbLine
 10
603570.7295959577
 20
176317.6860401917
 30
0.0
 11
603570.7295959577
 21
176292.6860944196
 31
0.0
  0
LINE
  5
1EA1
330
1E9E
100
AcDbEntity
  8
CALLOUT TEXT
440
 16777216
370
    -2
100
AcDbLine
 10
606995.7300769827
 20
176317.6860944195
 30
0.0
 11
606995.7300769827
 21
176292.6860944196
 31
0.0
  0
LINE
  5
1EA2
330
1E9E
100
AcDbEntity
  8
CALLOUT TEXT
440
 16777216
370
    -2
100
AcDbLine
 10
603520.7295959577
 20
176242.6860944196
 30
0.0
 11
607045.7300769827
 21
176242.6860944196
 31
0.0
  0
INSERT
  5
1EA3
330
1E9E
100
AcDbEntity
  8
CALLOUT TEXT
440
 16777216
370
    -2
100
AcDbBlockReference
  2
_ArchTick
 10
603570.7295959577
 20
176242.6860944196
 30
0.0
 41
75.0
 42
75.0
 43
75.0
 50
180.0
  0
INSERT
  5
1EA4
330
1E9E
100
AcDbEntity
  8
CALLOUT TEXT
440
 16777216
370
    -2
100
AcDbBlockReference
  2
_ArchTick
 10
606995.7300769827
 20
176242.6860944196
 30
0.0
 41
75.0
 42
75.0
 43
75.0
  0
MTEXT
  5
1EA5
330
1E9E
100
AcDbEntity
  8
CALLOUT TEXT
440
 16777216
100
AcDbMText
 10
605283.2298364702
 20
176430.1860944195
 30
0.0
 40
225.0
 41
0.0
 46
0.0
 71
     5
 72
     1
  1
\A1;3425
  7
dim
 73
     1
 44
1.0
  0
POINT
  5
1EA6
330
1E9E
100
AcDbEntity
  8
Defpoints
 62
     0
440
 16777216
100
AcDbPoint
 10
603570.7295959577
 20
176242.6860401917
 30
0.0
  0
POINT
  5
1EA7
330
1E9E
100
AcDbEntity
  8
Defpoints
 62
     0
440
 16777216
100
AcDbPoint
 10
606995.7300769827
 20
176242.6860944196
 30
0.0000000000000142
  0
POINT
  5
1EA8
330
1E9E
100
AcDbEntity
  8
Defpoints
 62
     0
440
 16777216
100
AcDbPoint
 10
606995.7300769827
 20
176242.6860944196
 30
0.0
  0
ENDBLK
  5
1EA9
330
1E9E
100
AcDbEntity
  8
0
 62
     7
420
 16777215
100
AcDbBlockEnd
  0
BLOCK
  5
1EAB
330
1EAA
100
AcDbEntity
  8
0
 62
     7
420
 16777215
100
AcDbBlockBegin
  2
*D198
 70
     1
 10
0.0
 20
0.0
 30
0.0
  3
*D198
  1

  0
LINE
  5
1EAC
330
1EAA
100
AcDbEntity
  8
CALLOUT TEXT
440
 16777216
370
    -2
100
AcDbLine
 10
614295.7288562795
 20
176317.6860944195
 30
0.0
 11
614295.7288562795
 21
176292.6860944196
 31
0.0
  0
LINE
  5
1EAD
330
1EAA
100
AcDbEntity
  8
CALLOUT TEXT
440
 16777216
370
    -2
100
AcDbLine
 10
615720.7288562795
 20
176317.3060944195
 30
0.0
 11
615720.7288562795
 21
176292.6860944196
 31
0.0
  0
LINE
  5
1EAE
330
1EAA
100
AcDbEntity
  8
CALLOUT TEXT
440
 16777216
370
    -2
100
AcDbLine
 10
614245.7288562795
 20
176242.6860944196
 30
0.0
 11
615770.7288562796
 21
176242.6860944196
 31
0.0
  0
INSERT
  5
1EAF
330
1EAA
100
AcDbEntity
  8
CALLOUT TEXT
440
 16777216
370
    -2
100
AcDbBlockReference
  2
_ArchTick
 10
614295.7288562795
 20
176242.6860944196
 30
0.0
 41
75.0
 42
75.0
 43
75.0
 50
180.0
  0
INSERT
  5
1EB0
330
1EAA
100
AcDbEntity
  8
CALLOUT TEXT
440
 16777216
370
    -2
100
AcDbBlockReference
  2
_ArchTick
 10
615720.7288562795
 20
176242.6860944196
 30
0.0
 41
75.0
 42
75.0
 43
75.0
  0
MTEXT
  5
1EB1
330
1EAA
100
AcDbEntity
  8
CALLOUT TEXT
440
 16777216
100
AcDbMText
 10
615008.2288562796
 20
176430.1860944195
 30
0.0
 40
225.0
 41
0.0
 46
0.0
 71
     5
 72
     1
  1
\A1;1425
  7
dim
 73
     1
 44
1.0
  0
POINT
  5
1EB2
330
1EAA
100
AcDbEntity
  8
Defpoints
 62
     0
440
 16777216
100
AcDbPoint
 10
614295.7288562795
 20
176242.6860944196
 30
0.0
  0
POINT
  5
1EB3
330
1EAA
100
AcDbEntity
  8
Defpoints
 62
     0
440
 16777216
100
AcDbPoint
 10
615720.7288562795
 20
176242.3060944195
 30
0.0
  0
POINT
  5
1EB4
330
1EAA
100
AcDbEntity
  8
Defpoints
 62
     0
440
 16777216
100
AcDbPoint
 10
615720.7288562795
 20
176242.6860944196
 30
0.0
  0
ENDBLK
  5
1EB5
330
1EAA
100
AcDbEntity
  8
0
 62
     7
420
 16777215
100
AcDbBlockEnd
  0
BLOCK
  5
1EB7
330
1EB6
100
AcDbEntity
  8
0
 62
     7
420
 16777215
100
AcDbBlockBegin
  2
*D199
 70
     1
 10
0.0
 20
0.0
 30
0.0
  3
*D199
  1

  0
LINE
  5
1EB8
330
1EB6
100
AcDbEntity
  8
CALLOUT TEXT
440
 16777216
370
    -2
100
AcDbLine
 10
615720.7288562795
 20
176317.3060944195
 30
0.0
 11
615720.7288562795
 21
176292.6860944196
 31
0.0
  0
LINE
  5
1EB9
330
1EB6
100
AcDbEntity
  8
CALLOUT TEXT
440
 16777216
370
    -2
100
AcDbLine
 10
619320.7288562796
 20
176317.3060944195
 30
0.0
 11
619320.7288562796
 21
176292.6860944196
 31
0.0
  0
LINE
  5
1EBA
330
1EB6
100
AcDbEntity
  8
CALLOUT TEXT
440
 16777216
370
    -2
100
AcDbLine
 10
615670.7288562795
 20
176242.6860944196
 30
0.0
 11
619370.7288562795
 21
176242.6860944196
 31
0.0
  0
INSERT
  5
1EBB
330
1EB6
100
AcDbEntity
  8
CALLOUT TEXT
440
 16777216
370
    -2
100
AcDbBlockReference
  2
_ArchTick
 10
615720.7288562795
 20
176242.6860944196
 30
0.0
 41
75.0
 42
75.0
 43
75.0
 50
180.0
  0
INSERT
  5
1EBC
330
1EB6
100
AcDbEntity
  8
CALLOUT TEXT
440
 16777216
370
    -2
100
AcDbBlockReference
  2
_ArchTick
 10
619320.7288562796
 20
176242.6860944196
 30
0.0
 41
75.0
 42
75.0
 43
75.0
  0
MTEXT
  5
1EBD
330
1EB6
100
AcDbEntity
  8
CALLOUT TEXT
440
 16777216
100
AcDbMText
 10
617520.7288562795
 20
176430.1860944195
 30
0.0
 40
225.0
 41
0.0
 46
0.0
 71
     5
 72
     1
  1
\A1;3600
  7
dim
 73
     1
 44
1.0
  0
POINT
  5
1EBE
330
1EB6
100
AcDbEntity
  8
Defpoints
 62
     0
440
 16777216
100
AcDbPoint
 10
615720.7288562795
 20
176242.3060944195
 30
0.0
  0
POINT
  5
1EBF
330
1EB6
100
AcDbEntity
  8
Defpoints
 62
     0
440
 16777216
100
AcDbPoint
 10
619320.7288562796
 20
176242.3060944195
 30
0.0
  0
POINT
  5
1EC0
330
1EB6
100
AcDbEntity
  8
Defpoints
 62
     0
440
 16777216
100
AcDbPoint
 10
619320.7288562796
 20
176242.6860944196
 30
0.0
  0
ENDBLK
  5
1EC1
330
1EB6
100
AcDbEntity
  8
0
 62
     7
420
 16777215
100
AcDbBlockEnd
  0
BLOCK
  5
1EC3
330
1EC2
100
AcDbEntity
  8
0
 62
     7
420
 16777215
100
AcDbBlockBegin
  2
*D200
 70
     1
 10
0.0
 20
0.0
 30
0.0
  3
*D200
  1

  0
LINE
  5
1EC4
330
1EC2
100
AcDbEntity
  8
CALLOUT TEXT
440
 16777216
370
    -2
100
AcDbLine
 10
595020.7291614553
 20
161150.4470295696
 30
0.0
 11
595020.7291614553
 21
161125.4470295697
 31
0.0
  0
LINE
  5
1EC5
330
1EC2
100
AcDbEntity
  8
CALLOUT TEXT
440
 16777216
370
    -2
100
AcDbLine
 10
597645.7291614553
 20
161150.4470295696
 30
0.0
 11
597645.7291614553
 21
161125.4470295697
 31
0.0
  0
LINE
  5
1EC6
330
1EC2
100
AcDbEntity
  8
CALLOUT TEXT
440
 16777216
370
    -2
100
AcDbLine
 10
594970.7291614553
 20
161075.4470295696
 30
0.0
 11
597695.7291614553
 21
161075.4470295696
 31
0.0
  0
INSERT
  5
1EC7
330
1EC2
100
AcDbEntity
  8
CALLOUT TEXT
440
 16777216
370
    -2
100
AcDbBlockReference
  2
_ArchTick
 10
595020.7291614553
 20
161075.4470295696
 30
0.0
 41
75.0
 42
75.0
 43
75.0
 50
180.0
  0
INSERT
  5
1EC8
330
1EC2
100
AcDbEntity
  8
CALLOUT TEXT
440
 16777216
370
    -2
100
AcDbBlockReference
  2
_ArchTick
 10
597645.7291614553
 20
161075.4470295696
 30
0.0
 41
75.0
 42
75.0
 43
75.0
  0
MTEXT
  5
1EC9
330
1EC2
100
AcDbEntity
  8
CALLOUT TEXT
440
 16777216
100
AcDbMText
 10
596333.2291614553
 20
161262.9470295696
 30
0.0
 40
225.0
 41
0.0
 46
0.0
 71
     5
 72
     1
  1
\A1;2625
  7
dim
 73
     1
 44
1.0
  0
POINT
  5
1ECA
330
1EC2
100
AcDbEntity
  8
Defpoints
 62
     0
440
 16777216
100
AcDbPoint
 10
595020.7291614553
 20
161075.4470295696
 30
0.0
  0
POINT
  5
1ECB
330
1EC2
100
AcDbEntity
  8
Defpoints
 62
     0
440
 16777216
100
AcDbPoint
 10
597645.7291614553
 20
161075.4470295696
 30
0.0
  0
POINT
  5
1ECC
330
1EC2
100
AcDbEntity
  8
Defpoints
 62
     0
440
 16777216
100
AcDbPoint
 10
597645.7291614553
 20
161075.4470295696
 30
0.0
  0
ENDBLK
  5
1ECD
330
1EC2
100
AcDbEntity
  8
0
 62
     7
420
 16777215
100
AcDbBlockEnd
  0
BLOCK
  5
1ECF
330
1ECE
100
AcDbEntity
  8
0
 62
     7
420
 16777215
100
AcDbBlockBegin
  2
*D201
 70
     1
 10
0.0
 20
0.0
 30
0.0
  3
*D201
  1

  0
LINE
  5
1ED0
330
1ECE
100
AcDbEntity
  8
CALLOUT TEXT
440
 16777216
370
    -2
100
AcDbLine
 10
597645.7291614553
 20
161150.4470295696
 30
0.0
 11
597645.7291614553
 21
161125.4470295697
 31
0.0
  0
LINE
  5
1ED1
330
1ECE
100
AcDbEntity
  8
CALLOUT TEXT
440
 16777216
370
    -2
100
AcDbLine
 10
602327.2865332686
 20
161149.1061577801
 30
0.0
 11
602327.2865332686
 21
161125.4470295697
 31
0.0
  0
LINE
  5
1ED2
330
1ECE
100
AcDbEntity
  8
CALLOUT TEXT
440
 16777216
370
    -2
100
AcDbLine
 10
597595.7291614553
 20
161075.4470295696
 30
0.0
 11
602377.2865332687
 21
161075.4470295696
 31
0.0
  0
INSERT
  5
1ED3
330
1ECE
100
AcDbEntity
  8
CALLOUT TEXT
440
 16777216
370
    -2
100
AcDbBlockReference
  2
_ArchTick
 10
597645.7291614553
 20
161075.4470295696
 30
0.0
 41
75.0
 42
75.0
 43
75.0
 50
180.0
  0
INSERT
  5
1ED4
330
1ECE
100
AcDbEntity
  8
CALLOUT TEXT
440
 16777216
370
    -2
100
AcDbBlockReference
  2
_ArchTick
 10
602327.2865332686
 20
161075.4470295696
 30
0.0
 41
75.0
 42
75.0
 43
75.0
  0
MTEXT
  5
1ED5
330
1ECE
100
AcDbEntity
  8
CALLOUT TEXT
440
 16777216
100
AcDbMText
 10
599986.507847362
 20
161262.9470295696
 30
0.0
 40
225.0
 41
0.0
 46
0.0
 71
     5
 72
     1
  1
\A1;4682
  7
dim
 73
     1
 44
1.0
  0
POINT
  5
1ED6
330
1ECE
100
AcDbEntity
  8
Defpoints
 62
     0
440
 16777216
100
AcDbPoint
 10
597645.7291614553
 20
161075.4470295696
 30
0.0
  0
POINT
  5
1ED7
330
1ECE
100
AcDbEntity
  8
Defpoints
 62
     0
440
 16777216
100
AcDbPoint
 10
602327.2865332686
 20
161074.1061577801
 30
0.0000000000000142
  0
POINT
  5
1ED8
330
1ECE
100
AcDbEntity
  8
Defpoints
 62
     0
440
 16777216
100
AcDbPoint
 10
602327.2865332686
 20
161075.4470295696
 30
0.0
  0
ENDBLK
  5
1ED9
330
1ECE
100
AcDbEntity
  8
0
 62
     7
420
 16777215
100
AcDbBlockEnd
  0
BLOCK
  5
1EDB
330
1EDA
100
AcDbEntity
  8
0
 62
     7
420
 16777215
100
AcDbBlockBegin
  2
*D202
 70
     1
 10
0.0
 20
0.0
 30
0.0
  3
*D202
  1

  0
LINE
  5
1EDC
330
1EDA
100
AcDbEntity
  8
CALLOUT TEXT
440
 16777216
370
    -2
100
AcDbLine
 10
602895.8292865047
 20
161001.0849315427
 30
0.0
 11
602895.8292865047
 21
161025.4470295696
 31
0.0
  0
LINE
  5
1EDD
330
1EDA
100
AcDbEntity
  8
CALLOUT TEXT
440
 16777216
370
    -2
100
AcDbLine
 10
603570.7295959577
 20
161150.4469753417
 30
0.0
 11
603570.7295959577
 21
161125.4470295697
 31
0.0
  0
LINE
  5
1EDE
330
1EDA
100
AcDbEntity
  8
CALLOUT TEXT
440
 16777216
370
    -2
100
AcDbLine
 10
602845.8292865046
 20
161075.4470295696
 30
0.0
 11
603620.7295959577
 21
161075.4470295696
 31
0.0
  0
INSERT
  5
1EDF
330
1EDA
100
AcDbEntity
  8
CALLOUT TEXT
440
 16777216
370
    -2
100
AcDbBlockReference
  2
_ArchTick
 10
602895.8292865047
 20
161075.4470295696
 30
0.0
 41
75.0
 42
75.0
 43
75.0
 50
180.0
  0
INSERT
  5
1EE0
330
1EDA
100
AcDbEntity
  8
CALLOUT TEXT
440
 16777216
370
    -2
100
AcDbBlockReference
  2
_ArchTick
 10
603570.7295959577
 20
161075.4470295696
 30
0.0
 41
75.0
 42
75.0
 43
75.0
  0
MTEXT
  5
1EE1
330
1EDA
100
AcDbEntity
  8
CALLOUT TEXT
440
 16777216
100
AcDbMText
 10
603233.2794412312
 20
161262.9470295696
 30
0.0
 40
225.0
 41
0.0
 46
0.0
 71
     5
 72
     1
  1
\A1;675
  7
dim
 73
     1
 44
1.0
  0
POINT
  5
1EE2
330
1EDA
100
AcDbEntity
  8
Defpoints
 62
     0
440
 16777216
100
AcDbPoint
 10
602895.8292865047
 20
161076.0849315427
 30
0.0
  0
POINT
  5
1EE3
330
1EDA
100
AcDbEntity
  8
Defpoints
 62
     0
440
 16777216
100
AcDbPoint
 10
603570.7295959577
 20
161075.4469753417
 30
0.0
  0
POINT
  5
1EE4
330
1EDA
100
AcDbEntity
  8
Defpoints
 62
     0
440
 16777216
100
AcDbPoint
 10
603570.7295959577
 20
161075.4470295696
 30
0.0
  0
ENDBLK
  5
1EE5
330
1EDA
100
AcDbEntity
  8
0
 62
     7
420
 16777215
100
AcDbBlockEnd
  0
BLOCK
  5
1EE7
330
1EE6
100
AcDbEntity
  8
0
 62
     7
420
 16777215
100
AcDbBlockBegin
  2
*D203
 70
     1
 10
0.0
 20
0.0
 30
0.0
  3
*D203
  1

  0
LINE
  5
1EE8
330
1EE6
100
AcDbEntity
  8
CALLOUT TEXT
440
 16777216
370
    -2
100
AcDbLine
 10
603570.7295959577
 20
161150.4469753417
 30
0.0
 11
603570.7295959577
 21
161125.4470295697
 31
0.0
  0
LINE
  5
1EE9
330
1EE6
100
AcDbEntity
  8
CALLOUT TEXT
440
 16777216
370
    -2
100
AcDbLine
 10
606995.7300769827
 20
161150.4470295696
 30
0.0
 11
606995.7300769827
 21
161125.4470295697
 31
0.0
  0
LINE
  5
1EEA
330
1EE6
100
AcDbEntity
  8
CALLOUT TEXT
440
 16777216
370
    -2
100
AcDbLine
 10
603520.7295959577
 20
161075.4470295696
 30
0.0
 11
607045.7300769827
 21
161075.4470295696
 31
0.0
  0
INSERT
  5
1EEB
330
1EE6
100
AcDbEntity
  8
CALLOUT TEXT
440
 16777216
370
    -2
100
AcDbBlockReference
  2
_ArchTick
 10
603570.7295959577
 20
161075.4470295696
 30
0.0
 41
75.0
 42
75.0
 43
75.0
 50
180.0
  0
INSERT
  5
1EEC
330
1EE6
100
AcDbEntity
  8
CALLOUT TEXT
440
 16777216
370
    -2
100
AcDbBlockReference
  2
_ArchTick
 10
606995.7300769827
 20
161075.4470295696
 30
0.0
 41
75.0
 42
75.0
 43
75.0
  0
MTEXT
  5
1EED
330
1EE6
100
AcDbEntity
  8
CALLOUT TEXT
440
 16777216
100
AcDbMText
 10
605283.2298364702
 20
161262.9470295696
 30
0.0
 40
225.0
 41
0.0
 46
0.0
 71
     5
 72
     1
  1
\A1;3425
  7
dim
 73
     1
 44
1.0
  0
POINT
  5
1EEE
330
1EE6
100
AcDbEntity
  8
Defpoints
 62
     0
440
 16777216
100
AcDbPoint
 10
603570.7295959577
 20
161075.4469753417
 30
0.0
  0
POINT
  5
1EEF
330
1EE6
100
AcDbEntity
  8
Defpoints
 62
     0
440
 16777216
100
AcDbPoint
 10
606995.7300769827
 20
161075.4470295696
 30
0.0000000000000142
  0
POINT
  5
1EF0
330
1EE6
100
AcDbEntity
  8
Defpoints
 62
     0
440
 16777216
100
AcDbPoint
 10
606995.7300769827
 20
161075.4470295696
 30
0.0
  0
ENDBLK
  5
1EF1
330
1EE6
100
AcDbEntity
  8
0
 62
     7
420
 16777215
100
AcDbBlockEnd
  0
BLOCK
  5
1EF3
330
1EF2
100
AcDbEntity
  8
0
 62
     7
420
 16777215
100
AcDbBlockBegin
  2
*D204
 70
     1
 10
0.0
 20
0.0
 30
0.0
  3
*D204
  1

  0
LINE
  5
1EF4
330
1EF2
100
AcDbEntity
  8
CALLOUT TEXT
440
 16777216
370
    -2
100
AcDbLine
 10
606995.7300769827
 20
161150.4470295696
 30
0.0
 11
606995.7300769827
 21
161125.4470295697
 31
0.0
  0
LINE
  5
1EF5
330
1EF2
100
AcDbEntity
  8
CALLOUT TEXT
440
 16777216
370
    -2
100
AcDbLine
 10
608595.7295887017
 20
161000.4470295698
 30
0.0
 11
608595.7295887017
 21
161025.4470295696
 31
0.0
  0
LINE
  5
1EF6
330
1EF2
100
AcDbEntity
  8
CALLOUT TEXT
440
 16777216
370
    -2
100
AcDbLine
 10
606945.7300769826
 20
161075.4470295696
 30
0.0
 11
608645.7295887018
 21
161075.4470295696
 31
0.0
  0
INSERT
  5
1EF7
330
1EF2
100
AcDbEntity
  8
CALLOUT TEXT
440
 16777216
370
    -2
100
AcDbBlockReference
  2
_ArchTick
 10
606995.7300769827
 20
161075.4470295696
 30
0.0
 41
75.0
 42
75.0
 43
75.0
 50
180.0
  0
INSERT
  5
1EF8
330
1EF2
100
AcDbEntity
  8
CALLOUT TEXT
440
 16777216
370
    -2
100
AcDbBlockReference
  2
_ArchTick
 10
608595.7295887017
 20
161075.4470295696
 30
0.0
 41
75.0
 42
75.0
 43
75.0
  0
MTEXT
  5
1EF9
330
1EF2
100
AcDbEntity
  8
CALLOUT TEXT
440
 16777216
100
AcDbMText
 10
607795.7298328422
 20
161262.9470295696
 30
0.0
 40
225.0
 41
0.0
 46
0.0
 71
     5
 72
     1
  1
\A1;1600
  7
dim
 73
     1
 44
1.0
  0
POINT
  5
1EFA
330
1EF2
100
AcDbEntity
  8
Defpoints
 62
     0
440
 16777216
100
AcDbPoint
 10
606995.7300769827
 20
161075.4470295696
 30
0.0000000000000142
  0
POINT
  5
1EFB
330
1EF2
100
AcDbEntity
  8
Defpoints
 62
     0
440
 16777216
100
AcDbPoint
 10
608595.7295887017
 20
161075.4470295698
 30
0.0
  0
POINT
  5
1EFC
330
1EF2
100
AcDbEntity
  8
Defpoints
 62
     0
440
 16777216
100
AcDbPoint
 10
608595.7295887017
 20
161075.4470295696
 30
0.0
  0
ENDBLK
  5
1EFD
330
1EF2
100
AcDbEntity
  8
0
 62
     7
420
 16777215
100
AcDbBlockEnd
  0
BLOCK
  5
1EFF
330
1EFE
100
AcDbEntity
  8
0
 62
     7
420
 16777215
100
AcDbBlockBegin
  2
*D205
 70
     1
 10
0.0
 20
0.0
 30
0.0
  3
*D205
  1

  0
LINE
  5
1F00
330
1EFE
100
AcDbEntity
  8
CALLOUT TEXT
440
 16777216
370
    -2
100
AcDbLine
 10
608595.7295887017
 20
161000.4470295698
 30
0.0
 11
608595.7295887017
 21
161025.4470295696
 31
0.0
  0
LINE
  5
1F01
330
1EFE
100
AcDbEntity
  8
CALLOUT TEXT
440
 16777216
370
    -2
100
AcDbLine
 10
609270.7295887014
 20
161150.4470295696
 30
0.0
 11
609270.7295887014
 21
161125.4470295697
 31
0.0
  0
LINE
  5
1F02
330
1EFE
100
AcDbEntity
  8
CALLOUT TEXT
440
 16777216
370
    -2
100
AcDbLine
 10
608545.7295887017
 20
161075.4470295696
 30
0.0
 11
609320.7295887014
 21
161075.4470295696
 31
0.0
  0
INSERT
  5
1F03
330
1EFE
100
AcDbEntity
  8
CALLOUT TEXT
440
 16777216
370
    -2
100
AcDbBlockReference
  2
_ArchTick
 10
608595.7295887017
 20
161075.4470295696
 30
0.0
 41
75.0
 42
75.0
 43
75.0
 50
180.0
  0
INSERT
  5
1F04
330
1EFE
100
AcDbEntity
  8
CALLOUT TEXT
440
 16777216
370
    -2
100
AcDbBlockReference
  2
_ArchTick
 10
609270.7295887014
 20
161075.4470295696
 30
0.0
 41
75.0
 42
75.0
 43
75.0
  0
MTEXT
  5
1F05
330
1EFE
100
AcDbEntity
  8
CALLOUT TEXT
440
 16777216
100
AcDbMText
 10
608933.2295887016
 20
161262.9470295696
 30
0.0
 40
225.0
 41
0.0
 46
0.0
 71
     5
 72
     1
  1
\A1;675
  7
dim
 73
     1
 44
1.0
  0
POINT
  5
1F06
330
1EFE
100
AcDbEntity
  8
Defpoints
 62
     0
440
 16777216
100
AcDbPoint
 10
608595.7295887017
 20
161075.4470295698
 30
0.0
  0
POINT
  5
1F07
330
1EFE
100
AcDbEntity
  8
Defpoints
 62
     0
440
 16777216
100
AcDbPoint
 10
609270.7295887014
 20
161075.4470295696
 30
0.0
  0
POINT
  5
1F08
330
1EFE
100
AcDbEntity
  8
Defpoints
 62
     0
440
 16777216
100
AcDbPoint
 10
609270.7295887014
 20
161075.4470295696
 30
0.0
  0
ENDBLK
  5
1F09
330
1EFE
100
AcDbEntity
  8
0
 62
     7
420
 16777215
100
AcDbBlockEnd
  0
BLOCK
  5
1F0B
330
1F0A
100
AcDbEntity
  8
0
 62
     7
420
 16777215
100
AcDbBlockBegin
  2
*D206
 70
     1
 10
0.0
 20
0.0
 30
0.0
  3
*D206
  1

  0
LINE
  5
1F0C
330
1F0A
100
AcDbEntity
  8
CALLOUT TEXT
440
 16777216
370
    -2
100
AcDbLine
 10
609270.7295887014
 20
161150.4470295696
 30
0.0
 11
609270.7295887014
 21
161125.4470295697
 31
0.0
  0
LINE
  5
1F0D
330
1F0A
100
AcDbEntity
  8
CALLOUT TEXT
440
 16777216
370
    -2
100
AcDbLine
 10
611670.7300769826
 20
161150.4470295696
 30
0.0
 11
611670.7300769826
 21
161125.4470295697
 31
0.0
  0
LINE
  5
1F0E
330
1F0A
100
AcDbEntity
  8
CALLOUT TEXT
440
 16777216
370
    -2
100
AcDbLine
 10
609220.7295887014
 20
161075.4470295696
 30
0.0
 11
611720.7300769827
 21
161075.4470295696
 31
0.0
  0
INSERT
  5
1F0F
330
1F0A
100
AcDbEntity
  8
CALLOUT TEXT
440
 16777216
370
    -2
100
AcDbBlockReference
  2
_ArchTick
 10
609270.7295887014
 20
161075.4470295696
 30
0.0
 41
75.0
 42
75.0
 43
75.0
 50
180.0
  0
INSERT
  5
1F10
330
1F0A
100
AcDbEntity
  8
CALLOUT TEXT
440
 16777216
370
    -2
100
AcDbBlockReference
  2
_ArchTick
 10
611670.7300769826
 20
161075.4470295696
 30
0.0
 41
75.0
 42
75.0
 43
75.0
  0
MTEXT
  5
1F11
330
1F0A
100
AcDbEntity
  8
CALLOUT TEXT
440
 16777216
100
AcDbMText
 10
610470.729832842
 20
161262.9470295696
 30
0.0
 40
225.0
 41
0.0
 46
0.0
 71
     5
 72
     1
  1
\A1;2400
  7
dim
 73
     1
 44
1.0
  0
POINT
  5
1F12
330
1F0A
100
AcDbEntity
  8
Defpoints
 62
     0
440
 16777216
100
AcDbPoint
 10
609270.7295887014
 20
161075.4470295696
 30
0.0
  0
POINT
  5
1F13
330
1F0A
100
AcDbEntity
  8
Defpoints
 62
     0
440
 16777216
100
AcDbPoint
 10
611670.7300769826
 20
161075.4470295696
 30
0.0000000000000142
  0
POINT
  5
1F14
330
1F0A
100
AcDbEntity
  8
Defpoints
 62
     0
440
 16777216
100
AcDbPoint
 10
611670.7300769826
 20
161075.4470295696
 30
0.0
  0
ENDBLK
  5
1F15
330
1F0A
100
AcDbEntity
  8
0
 62
     7
420
 16777215
100
AcDbBlockEnd
  0
BLOCK
  5
1F17
330
1F16
100
AcDbEntity
  8
0
 62
     7
420
 16777215
100
AcDbBlockBegin
  2
*D207
 70
     1
 10
0.0
 20
0.0
 30
0.0
  3
*D207
  1

  0
LINE
  5
1F18
330
1F16
100
AcDbEntity
  8
CALLOUT TEXT
440
 16777216
370
    -2
100
AcDbLine
 10
611670.7300769826
 20
161150.4470295696
 30
0.0
 11
611670.7300769826
 21
161125.4470295697
 31
0.0
  0
LINE
  5
1F19
330
1F16
100
AcDbEntity
  8
CALLOUT TEXT
440
 16777216
370
    -2
100
AcDbLine
 10
614295.7288562795
 20
161150.4470295696
 30
0.0
 11
614295.7288562795
 21
161125.4470295697
 31
0.0
  0
LINE
  5
1F1A
330
1F16
100
AcDbEntity
  8
CALLOUT TEXT
440
 16777216
370
    -2
100
AcDbLine
 10
611620.7300769826
 20
161075.4470295696
 30
0.0
 11
614345.7288562796
 21
161075.4470295696
 31
0.0
  0
INSERT
  5
1F1B
330
1F16
100
AcDbEntity
  8
CALLOUT TEXT
440
 16777216
370
    -2
100
AcDbBlockReference
  2
_ArchTick
 10
611670.7300769826
 20
161075.4470295696
 30
0.0
 41
75.0
 42
75.0
 43
75.0
 50
180.0
  0
INSERT
  5
1F1C
330
1F16
100
AcDbEntity
  8
CALLOUT TEXT
440
 16777216
370
    -2
100
AcDbBlockReference
  2
_ArchTick
 10
614295.7288562795
 20
161075.4470295696
 30
0.0
 41
75.0
 42
75.0
 43
75.0
  0
MTEXT
  5
1F1D
330
1F16
100
AcDbEntity
  8
CALLOUT TEXT
440
 16777216
100
AcDbMText
 10
612983.2294666311
 20
161262.9470295696
 30
0.0
 40
225.0
 41
0.0
 46
0.0
 71
     5
 72
     1
  1
\A1;2625
  7
dim
 73
     1
 44
1.0
  0
POINT
  5
1F1E
330
1F16
100
AcDbEntity
  8
Defpoints
 62
     0
440
 16777216
100
AcDbPoint
 10
611670.7300769826
 20
161075.4470295696
 30
0.0000000000000142
  0
POINT
  5
1F1F
330
1F16
100
AcDbEntity
  8
Defpoints
 62
     0
440
 16777216
100
AcDbPoint
 10
614295.7288562795
 20
161075.4470295696
 30
0.0
  0
POINT
  5
1F20
330
1F16
100
AcDbEntity
  8
Defpoints
 62
     0
440
 16777216
100
AcDbPoint
 10
614295.7288562795
 20
161075.4470295696
 30
0.0
  0
ENDBLK
  5
1F21
330
1F16
100
AcDbEntity
  8
0
 62
     7
420
 16777215
100
AcDbBlockEnd
  0
BLOCK
  5
1F23
330
1F22
100
AcDbEntity
  8
0
 62
     7
420
 16777215
100
AcDbBlockBegin
  2
*D208
 70
     1
 10
0.0
 20
0.0
 30
0.0
  3
*D208
  1

  0
LINE
  5
1F24
330
1F22
100
AcDbEntity
  8
CALLOUT TEXT
440
 16777216
370
    -2
100
AcDbLine
 10
614295.7288562795
 20
161150.4470295696
 30
0.0
 11
614295.7288562795
 21
161125.4470295697
 31
0.0
  0
LINE
  5
1F25
330
1F22
100
AcDbEntity
  8
CALLOUT TEXT
440
 16777216
370
    -2
100
AcDbLine
 10
615720.7288562795
 20
161150.0670295696
 30
0.0
 11
615720.7288562795
 21
161125.4470295697
 31
0.0
  0
LINE
  5
1F26
330
1F22
100
AcDbEntity
  8
CALLOUT TEXT
440
 16777216
370
    -2
100
AcDbLine
 10
614245.7288562795
 20
161075.4470295696
 30
0.0
 11
615770.7288562796
 21
161075.4470295696
 31
0.0
  0
INSERT
  5
1F27
330
1F22
100
AcDbEntity
  8
CALLOUT TEXT
440
 16777216
370
    -2
100
AcDbBlockReference
  2
_ArchTick
 10
614295.7288562795
 20
161075.4470295696
 30
0.0
 41
75.0
 42
75.0
 43
75.0
 50
180.0
  0
INSERT
  5
1F28
330
1F22
100
AcDbEntity
  8
CALLOUT TEXT
440
 16777216
370
    -2
100
AcDbBlockReference
  2
_ArchTick
 10
615720.7288562795
 20
161075.4470295696
 30
0.0
 41
75.0
 42
75.0
 43
75.0
  0
MTEXT
  5
1F29
330
1F22
100
AcDbEntity
  8
CALLOUT TEXT
440
 16777216
100
AcDbMText
 10
615008.2288562796
 20
161262.9470295696
 30
0.0
 40
225.0
 41
0.0
 46
0.0
 71
     5
 72
     1
  1
\A1;1425
  7
dim
 73
     1
 44
1.0
  0
POINT
  5
1F2A
330
1F22
100
AcDbEntity
  8
Defpoints
 62
     0
440
 16777216
100
AcDbPoint
 10
614295.7288562795
 20
161075.4470295696
 30
0.0
  0
POINT
  5
1F2B
330
1F22
100
AcDbEntity
  8
Defpoints
 62
     0
440
 16777216
100
AcDbPoint
 10
615720.7288562795
 20
161075.0670295696
 30
0.0
  0
POINT
  5
1F2C
330
1F22
100
AcDbEntity
  8
Defpoints
 62
     0
440
 16777216
100
AcDbPoint
 10
615720.7288562795
 20
161075.4470295696
 30
0.0
  0
ENDBLK
  5
1F2D
330
1F22
100
AcDbEntity
  8
0
 62
     7
420
 16777215
100
AcDbBlockEnd
  0
BLOCK
  5
1F2F
330
1F2E
100
AcDbEntity
  8
0
 62
     7
420
 16777215
100
AcDbBlockBegin
  2
*D209
 70
     1
 10
0.0
 20
0.0
 30
0.0
  3
*D209
  1

  0
LINE
  5
1F30
330
1F2E
100
AcDbEntity
  8
CALLOUT TEXT
440
 16777216
370
    -2
100
AcDbLine
 10
615720.7288562795
 20
161150.0670295696
 30
0.0
 11
615720.7288562795
 21
161125.4470295697
 31
0.0
  0
LINE
  5
1F31
330
1F2E
100
AcDbEntity
  8
CALLOUT TEXT
440
 16777216
370
    -2
100
AcDbLine
 10
619320.7288562796
 20
161150.0670295696
 30
0.0
 11
619320.7288562796
 21
161125.4470295697
 31
0.0
  0
LINE
  5
1F32
330
1F2E
100
AcDbEntity
  8
CALLOUT TEXT
440
 16777216
370
    -2
100
AcDbLine
 10
615670.7288562795
 20
161075.4470295696
 30
0.0
 11
619370.7288562795
 21
161075.4470295696
 31
0.0
  0
INSERT
  5
1F33
330
1F2E
100
AcDbEntity
  8
CALLOUT TEXT
440
 16777216
370
    -2
100
AcDbBlockReference
  2
_ArchTick
 10
615720.7288562795
 20
161075.4470295696
 30
0.0
 41
75.0
 42
75.0
 43
75.0
 50
180.0
  0
INSERT
  5
1F34
330
1F2E
100
AcDbEntity
  8
CALLOUT TEXT
440
 16777216
370
    -2
100
AcDbBlockReference
  2
_ArchTick
 10
619320.7288562796
 20
161075.4470295696
 30
0.0
 41
75.0
 42
75.0
 43
75.0
  0
MTEXT
  5
1F35
330
1F2E
100
AcDbEntity
  8
CALLOUT TEXT
440
 16777216
100
AcDbMText
 10
617520.7288562795
 20
161262.9470295696
 30
0.0
 40
225.0
 41
0.0
 46
0.0
 71
     5
 72
     1
  1
\A1;3600
  7
dim
 73
     1
 44
1.0
  0
POINT
  5
1F36
330
1F2E
100
AcDbEntity
  8
Defpoints
 62
     0
440
 16777216
100
AcDbPoint
 10
615720.7288562795
 20
161075.0670295696
 30
0.0
  0
POINT
  5
1F37
330
1F2E
100
AcDbEntity
  8
Defpoints
 62
     0
440
 16777216
100
AcDbPoint
 10
619320.7288562796
 20
161075.0670295696
 30
0.0
  0
POINT
  5
1F38
330
1F2E
100
AcDbEntity
  8
Defpoints
 62
     0
440
 16777216
100
AcDbPoint
 10
619320.7288562796
 20
161075.4470295696
 30
0.0
  0
ENDBLK
  5
1F39
330
1F2E
100
AcDbEntity
  8
0
 62
     7
420
 16777215
100
AcDbBlockEnd
  0
BLOCK
  5
1F3B
330
1F3A
100
AcDbEntity
  8
0
 62
     7
420
 16777215
100
AcDbBlockBegin
  2
*D210
 70
     1
 10
0.0
 20
0.0
 30
0.0
  3
*D210
  1

  0
LINE
  5
1F3C
330
1F3A
100
AcDbEntity
  8
CALLOUT TEXT
440
 16777216
370
    -2
100
AcDbLine
 10
620851.2326162085
 20
174591.1114458479
 30
0.0
 11
620826.2326162112
 21
174591.1114458479
 31
0.0
  0
LINE
  5
1F3D
330
1F3A
100
AcDbEntity
  8
CALLOUT TEXT
440
 16777216
370
    -2
100
AcDbLine
 10
620851.2326162085
 20
173991.4422563948
 30
0.0
 11
620826.2326162112
 21
173991.4422563948
 31
0.0
  0
LINE
  5
1F3E
330
1F3A
100
AcDbEntity
  8
CALLOUT TEXT
440
 16777216
370
    -2
100
AcDbLine
 10
620776.2326162112
 20
174641.111445848
 30
0.0
 11
620776.2326162112
 21
173941.4422563948
 31
0.0
  0
LINE
  5
1F3F
330
1F3A
100
AcDbEntity
  8
CALLOUT TEXT
440
 16777216
370
    -2
100
AcDbLine
 10
620776.2326162112
 20
174291.2768511214
 30
0.0
 11
620479.5364471747
 21
174441.2768511215
 31
0.0
  0
LINE
  5
1F40
330
1F3A
100
AcDbEntity
  8
CALLOUT TEXT
440
 16777216
370
    -2
100
AcDbLine
 10
620479.5364471747
 20
174441.2768511215
 30
0.0
 11
620479.5364471747
 21
175054.1339939786
 31
0.0
  0
MTEXT
  5
1F41
330
1F3A
100
AcDbEntity
  8
CALLOUT TEXT
440
 16777216
100
AcDbMText
 10
620292.0364471746
 20
174747.7054225498
 30
0.0
 40
225.0
 41
0.0
 46
0.0
 71
     5
 72
     1
  1
\A1;600
  7
dim
 11
0.0000000000000001
 21
1.0
 31
0.0
 73
     1
 44
1.0
  0
INSERT
  5
1F42
330
1F3A
100
AcDbEntity
  8
CALLOUT TEXT
440
 16777216
370
    -2
100
AcDbBlockReference
  2
_ArchTick
 10
620776.2326162112
 20
174591.1114458479
 30
0.0
 41
75.0
 42
75.0
 43
75.0
 50
90.0
  0
INSERT
  5
1F43
330
1F3A
100
AcDbEntity
  8
CALLOUT TEXT
440
 16777216
370
    -2
100
AcDbBlockReference
  2
_ArchTick
 10
620776.2326162112
 20
173991.4422563948
 30
0.0
 41
75.0
 42
75.0
 43
75.0
 50
270.0
  0
POINT
  5
1F44
330
1F3A
100
AcDbEntity
  8
Defpoints
 62
     0
440
 16777216
100
AcDbPoint
 10
620776.2326162085
 20
174591.1114458479
 30
0.0
  0
POINT
  5
1F45
330
1F3A
100
AcDbEntity
  8
Defpoints
 62
     0
440
 16777216
100
AcDbPoint
 10
620776.2326162085
 20
173991.4422563948
 30
0.0
  0
POINT
  5
1F46
330
1F3A
100
AcDbEntity
  8
Defpoints
 62
     0
440
 16777216
100
AcDbPoint
 10
620776.2326162112
 20
173991.4422563948
 30
0.0
  0
ENDBLK
  5
1F47
330
1F3A
100
AcDbEntity
  8
0
 62
     7
420
 16777215
100
AcDbBlockEnd
  0
BLOCK
  5
1F49
330
1F48
100
AcDbEntity
  8
0
 62
     7
420
 16777215
100
AcDbBlockBegin
  2
*D211
 70
     1
 10
0.0
 20
0.0
 30
0.0
  3
*D211
  1

  0
LINE
  5
1F4A
330
1F48
100
AcDbEntity
  8
CALLOUT TEXT
440
 16777216
370
    -2
100
AcDbLine
 10
620851.2326162085
 20
173991.4422563948
 30
0.0
 11
620826.2326162113
 21
173991.4422563948
 31
0.0
  0
LINE
  5
1F4B
330
1F48
100
AcDbEntity
  8
CALLOUT TEXT
440
 16777216
370
    -2
100
AcDbLine
 10
620838.3371975049
 20
173016.111445848
 30
0.0
 11
620826.2326162113
 21
173016.111445848
 31
0.0
  0
LINE
  5
1F4C
330
1F48
100
AcDbEntity
  8
CALLOUT TEXT
440
 16777216
370
    -2
100
AcDbLine
 10
620776.2326162113
 20
174041.4422563948
 30
0.0
 11
620776.2326162113
 21
172966.111445848
 31
0.0
  0
INSERT
  5
1F4D
330
1F48
100
AcDbEntity
  8
CALLOUT TEXT
440
 16777216
370
    -2
100
AcDbBlockReference
  2
_ArchTick
 10
620776.2326162113
 20
173991.4422563948
 30
0.0
 41
75.0
 42
75.0
 43
75.0
 50
90.0
  0
INSERT
  5
1F4E
330
1F48
100
AcDbEntity
  8
CALLOUT TEXT
440
 16777216
370
    -2
100
AcDbBlockReference
  2
_ArchTick
 10
620776.2326162113
 20
173016.111445848
 30
0.0
 41
75.0
 42
75.0
 43
75.0
 50
270.0
  0
MTEXT
  5
1F4F
330
1F48
100
AcDbEntity
  8
CALLOUT TEXT
440
 16777216
100
AcDbMText
 10
620588.7326162113
 20
173503.7768511212
 30
0.0
 40
225.0
 41
0.0
 46
0.0
 71
     5
 72
     1
  1
\A1;975
  7
dim
 11
0.0000000000000001
 21
1.0
 31
0.0
 73
     1
 44
1.0
  0
POINT
  5
1F50
330
1F48
100
AcDbEntity
  8
Defpoints
 62
     0
440
 16777216
100
AcDbPoint
 10
620776.2326162085
 20
173991.4422563948
 30
0.0
  0
POINT
  5
1F51
330
1F48
100
AcDbEntity
  8
Defpoints
 62
     0
440
 16777216
100
AcDbPoint
 10
620763.3371975049
 20
173016.111445848
 30
0.0
  0
POINT
  5
1F52
330
1F48
100
AcDbEntity
  8
Defpoints
 62
     0
440
 16777216
100
AcDbPoint
 10
620776.2326162113
 20
173016.111445848
 30
0.0
  0
ENDBLK
  5
1F53
330
1F48
100
AcDbEntity
  8
0
 62
     7
420
 16777215
100
AcDbBlockEnd
  0
BLOCK
  5
1F55
330
1F54
100
AcDbEntity
  8
0
 62
     7
420
 16777215
100
AcDbBlockBegin
  2
*D212
 70
     1
 10
0.0
 20
0.0
 30
0.0
  3
*D212
  1

  0
LINE
  5
1F56
330
1F54
100
AcDbEntity
  8
CALLOUT TEXT
440
 16777216
370
    -2
100
AcDbLine
 10
620838.3371975049
 20
173016.111445848
 30
0.0
 11
620826.2326162116
 21
173016.111445848
 31
0.0
  0
LINE
  5
1F57
330
1F54
100
AcDbEntity
  8
CALLOUT TEXT
440
 16777216
370
    -2
100
AcDbLine
 10
620709.7618695274
 20
170312.3480181136
 30
0.0
 11
620726.2326162116
 21
170312.3480181136
 31
0.0
  0
LINE
  5
1F58
330
1F54
100
AcDbEntity
  8
CALLOUT TEXT
440
 16777216
370
    -2
100
AcDbLine
 10
620776.2326162115
 20
173066.1114458479
 30
0.0
 11
620776.2326162115
 21
170262.3480181136
 31
0.0
  0
INSERT
  5
1F59
330
1F54
100
AcDbEntity
  8
CALLOUT TEXT
440
 16777216
370
    -2
100
AcDbBlockReference
  2
_ArchTick
 10
620776.2326162115
 20
173016.111445848
 30
0.0
 41
75.0
 42
75.0
 43
75.0
 50
90.0
  0
INSERT
  5
1F5A
330
1F54
100
AcDbEntity
  8
CALLOUT TEXT
440
 16777216
370
    -2
100
AcDbBlockReference
  2
_ArchTick
 10
620776.2326162115
 20
170312.3480181136
 30
0.0
 41
75.0
 42
75.0
 43
75.0
 50
270.0
  0
MTEXT
  5
1F5B
330
1F54
100
AcDbEntity
  8
CALLOUT TEXT
440
 16777216
100
AcDbMText
 10
620588.7326162114
 20
171664.2297319805
 30
0.0
 40
225.0
 41
0.0
 46
0.0
 71
     5
 72
     1
  1
\A1;2704
  7
dim
 11
0.0000000000000001
 21
1.0
 31
0.0
 73
     1
 44
1.0
  0
POINT
  5
1F5C
330
1F54
100
AcDbEntity
  8
Defpoints
 62
     0
440
 16777216
100
AcDbPoint
 10
620763.3371975049
 20
173016.111445848
 30
0.0
  0
POINT
  5
1F5D
330
1F54
100
AcDbEntity
  8
Defpoints
 62
     0
440
 16777216
100
AcDbPoint
 10
620784.7618695274
 20
170312.3480181136
 30
0.0
  0
POINT
  5
1F5E
330
1F54
100
AcDbEntity
  8
Defpoints
 62
     0
440
 16777216
100
AcDbPoint
 10
620776.2326162115
 20
170312.3480181136
 30
0.0
  0
ENDBLK
  5
1F5F
330
1F54
100
AcDbEntity
  8
0
 62
     7
420
 16777215
100
AcDbBlockEnd
  0
BLOCK
  5
1F61
330
1F60
100
AcDbEntity
  8
0
 62
     7
420
 16777215
100
AcDbBlockBegin
  2
*D213
 70
     1
 10
0.0
 20
0.0
 30
0.0
  3
*D213
  1

  0
LINE
  5
1F62
330
1F60
100
AcDbEntity
  8
CALLOUT TEXT
440
 16777216
370
    -2
100
AcDbLine
 10
620709.7618695274
 20
170312.3480181136
 30
0.0
 11
620726.2326162118
 21
170312.3480181136
 31
0.0
  0
LINE
  5
1F63
330
1F60
100
AcDbEntity
  8
CALLOUT TEXT
440
 16777216
370
    -2
100
AcDbLine
 10
620849.9126127139
 20
169191.111445848
 30
0.0
 11
620826.2326162118
 21
169191.111445848
 31
0.0
  0
LINE
  5
1F64
330
1F60
100
AcDbEntity
  8
CALLOUT TEXT
440
 16777216
370
    -2
100
AcDbLine
 10
620776.2326162118
 20
170362.3480181136
 30
0.0
 11
620776.2326162118
 21
169141.111445848
 31
0.0
  0
INSERT
  5
1F65
330
1F60
100
AcDbEntity
  8
CALLOUT TEXT
440
 16777216
370
    -2
100
AcDbBlockReference
  2
_ArchTick
 10
620776.2326162118
 20
170312.3480181136
 30
0.0
 41
75.0
 42
75.0
 43
75.0
 50
90.0
  0
INSERT
  5
1F66
330
1F60
100
AcDbEntity
  8
CALLOUT TEXT
440
 16777216
370
    -2
100
AcDbBlockReference
  2
_ArchTick
 10
620776.2326162118
 20
169191.111445848
 30
0.0
 41
75.0
 42
75.0
 43
75.0
 50
270.0
  0
MTEXT
  5
1F67
330
1F60
100
AcDbEntity
  8
CALLOUT TEXT
440
 16777216
100
AcDbMText
 10
620588.7326162116
 20
169751.7297319805
 30
0.0
 40
225.0
 41
0.0
 46
0.0
 71
     5
 72
     1
  1
\A1;1121
  7
dim
 11
0.0000000000000001
 21
1.0
 31
0.0
 73
     1
 44
1.0
  0
POINT
  5
1F68
330
1F60
100
AcDbEntity
  8
Defpoints
 62
     0
440
 16777216
100
AcDbPoint
 10
620784.7618695274
 20
170312.3480181136
 30
0.0
  0
POINT
  5
1F69
330
1F60
100
AcDbEntity
  8
Defpoints
 62
     0
440
 16777216
100
AcDbPoint
 10
620774.9126127139
 20
169191.111445848
 30
0.0
  0
POINT
  5
1F6A
330
1F60
100
AcDbEntity
  8
Defpoints
 62
     0
440
 16777216
100
AcDbPoint
 10
620776.2326162118
 20
169191.111445848
 30
0.0
  0
ENDBLK
  5
1F6B
330
1F60
100
AcDbEntity
  8
0
 62
     7
420
 16777215
100
AcDbBlockEnd
  0
BLOCK
  5
1F6D
330
1F6C
100
AcDbEntity
  8
0
 62
     7
420
 16777215
100
AcDbBlockBegin
  2
*D214
 70
     1
 10
0.0
 20
0.0
 30
0.0
  3
*D214
  1

  0
LINE
  5
1F6E
330
1F6C
100
AcDbEntity
  8
CALLOUT TEXT
440
 16777216
370
    -2
100
AcDbLine
 10
620849.9126127139
 20
169191.111445848
 30
0.0
 11
620826.232616212
 21
169191.111445848
 31
0.0
  0
LINE
  5
1F6F
330
1F6C
100
AcDbEntity
  8
CALLOUT TEXT
440
 16777216
370
    -2
100
AcDbLine
 10
620713.823418729
 20
166341.111445848
 30
0.0
 11
620726.232616212
 21
166341.111445848
 31
0.0
  0
LINE
  5
1F70
330
1F6C
100
AcDbEntity
  8
CALLOUT TEXT
440
 16777216
370
    -2
100
AcDbLine
 10
620776.232616212
 20
169241.1114458479
 30
0.0
 11
620776.232616212
 21
166291.111445848
 31
0.0
  0
INSERT
  5
1F71
330
1F6C
100
AcDbEntity
  8
CALLOUT TEXT
440
 16777216
370
    -2
100
AcDbBlockReference
  2
_ArchTick
 10
620776.232616212
 20
169191.111445848
 30
0.0
 41
75.0
 42
75.0
 43
75.0
 50
90.0
  0
INSERT
  5
1F72
330
1F6C
100
AcDbEntity
  8
CALLOUT TEXT
440
 16777216
370
    -2
100
AcDbBlockReference
  2
_ArchTick
 10
620776.232616212
 20
166341.111445848
 30
0.0
 41
75.0
 42
75.0
 43
75.0
 50
270.0
  0
MTEXT
  5
1F73
330
1F6C
100
AcDbEntity
  8
CALLOUT TEXT
440
 16777216
100
AcDbMText
 10
620588.7326162119
 20
167766.1114458478
 30
0.0
 40
225.0
 41
0.0
 46
0.0
 71
     5
 72
     1
  1
\A1;2850
  7
dim
 11
0.0000000000000001
 21
1.0
 31
0.0
 73
     1
 44
1.0
  0
POINT
  5
1F74
330
1F6C
100
AcDbEntity
  8
Defpoints
 62
     0
440
 16777216
100
AcDbPoint
 10
620774.9126127139
 20
169191.111445848
 30
0.0
  0
POINT
  5
1F75
330
1F6C
100
AcDbEntity
  8
Defpoints
 62
     0
440
 16777216
100
AcDbPoint
 10
620788.823418729
 20
166341.111445848
 30
0.0
  0
POINT
  5
1F76
330
1F6C
100
AcDbEntity
  8
Defpoints
 62
     0
440
 16777216
100
AcDbPoint
 10
620776.232616212
 20
166341.111445848
 30
0.0
  0
ENDBLK
  5
1F77
330
1F6C
100
AcDbEntity
  8
0
 62
     7
420
 16777215
100
AcDbBlockEnd
  0
BLOCK
  5
1F79
330
1F78
100
AcDbEntity
  8
0
 62
     7
420
 16777215
100
AcDbBlockBegin
  2
*D215
 70
     1
 10
0.0
 20
0.0
 30
0.0
  3
*D215
  1

  0
LINE
  5
1F7A
330
1F78
100
AcDbEntity
  8
CALLOUT TEXT
440
 16777216
370
    -2
100
AcDbLine
 10
620713.823418729
 20
166341.111445848
 30
0.0
 11
620726.2326162123
 21
166341.111445848
 31
0.0
  0
LINE
  5
1F7B
330
1F78
100
AcDbEntity
  8
CALLOUT TEXT
440
 16777216
370
    -2
100
AcDbLine
 10
620703.2633908167
 20
164466.111445848
 30
0.0
 11
620726.2326162123
 21
164466.111445848
 31
0.0
  0
LINE
  5
1F7C
330
1F78
100
AcDbEntity
  8
CALLOUT TEXT
440
 16777216
370
    -2
100
AcDbLine
 10
620776.2326162122
 20
166391.1114458479
 30
0.0
 11
620776.2326162122
 21
164416.111445848
 31
0.0
  0
INSERT
  5
1F7D
330
1F78
100
AcDbEntity
  8
CALLOUT TEXT
440
 16777216
370
    -2
100
AcDbBlockReference
  2
_ArchTick
 10
620776.2326162122
 20
166341.111445848
 30
0.0
 41
75.0
 42
75.0
 43
75.0
 50
90.0
  0
INSERT
  5
1F7E
330
1F78
100
AcDbEntity
  8
CALLOUT TEXT
440
 16777216
370
    -2
100
AcDbBlockReference
  2
_ArchTick
 10
620776.2326162122
 20
164466.111445848
 30
0.0
 41
75.0
 42
75.0
 43
75.0
 50
270.0
  0
MTEXT
  5
1F7F
330
1F78
100
AcDbEntity
  8
CALLOUT TEXT
440
 16777216
100
AcDbMText
 10
620588.7326162121
 20
165403.6114458477
 30
0.0
 40
225.0
 41
0.0
 46
0.0
 71
     5
 72
     1
  1
\A1;1875
  7
dim
 11
0.0000000000000001
 21
1.0
 31
0.0
 73
     1
 44
1.0
  0
POINT
  5
1F80
330
1F78
100
AcDbEntity
  8
Defpoints
 62
     0
440
 16777216
100
AcDbPoint
 10
620788.823418729
 20
166341.111445848
 30
0.0
  0
POINT
  5
1F81
330
1F78
100
AcDbEntity
  8
Defpoints
 62
     0
440
 16777216
100
AcDbPoint
 10
620778.2633908167
 20
164466.111445848
 30
0.0
  0
POINT
  5
1F82
330
1F78
100
AcDbEntity
  8
Defpoints
 62
     0
440
 16777216
100
AcDbPoint
 10
620776.2326162122
 20
164466.111445848
 30
0.0
  0
ENDBLK
  5
1F83
330
1F78
100
AcDbEntity
  8
0
 62
     7
420
 16777215
100
AcDbBlockEnd
  0
BLOCK
  5
1F85
330
1F84
100
AcDbEntity
  8
0
 62
     7
420
 16777215
100
AcDbBlockBegin
  2
*D216
 70
     1
 10
0.0
 20
0.0
 30
0.0
  3
*D216
  1

  0
LINE
  5
1F86
330
1F84
100
AcDbEntity
  8
CALLOUT TEXT
440
 16777216
370
    -2
100
AcDbLine
 10
620703.2633908167
 20
164466.111445848
 30
0.0
 11
620726.2326162124
 21
164466.111445848
 31
0.0
  0
LINE
  5
1F87
330
1F84
100
AcDbEntity
  8
CALLOUT TEXT
440
 16777216
370
    -2
100
AcDbLine
 10
620712.0972603187
 20
162666.1117510237
 30
0.0
 11
620726.2326162124
 21
162666.1117510237
 31
0.0
  0
LINE
  5
1F88
330
1F84
100
AcDbEntity
  8
CALLOUT TEXT
440
 16777216
370
    -2
100
AcDbLine
 10
620776.2326162125
 20
164516.1114458479
 30
0.0
 11
620776.2326162125
 21
162616.1117510237
 31
0.0
  0
INSERT
  5
1F89
330
1F84
100
AcDbEntity
  8
CALLOUT TEXT
440
 16777216
370
    -2
100
AcDbBlockReference
  2
_ArchTick
 10
620776.2326162125
 20
164466.111445848
 30
0.0
 41
75.0
 42
75.0
 43
75.0
 50
90.0
  0
INSERT
  5
1F8A
330
1F84
100
AcDbEntity
  8
CALLOUT TEXT
440
 16777216
370
    -2
100
AcDbBlockReference
  2
_ArchTick
 10
620776.2326162125
 20
162666.1117510237
 30
0.0
 41
75.0
 42
75.0
 43
75.0
 50
270.0
  0
MTEXT
  5
1F8B
330
1F84
100
AcDbEntity
  8
CALLOUT TEXT
440
 16777216
100
AcDbMText
 10
620588.7326162123
 20
163566.1115984357
 30
0.0
 40
225.0
 41
0.0
 46
0.0
 71
     5
 72
     1
  1
\A1;1800
  7
dim
 11
0.0000000000000001
 21
1.0
 31
0.0
 73
     1
 44
1.0
  0
POINT
  5
1F8C
330
1F84
100
AcDbEntity
  8
Defpoints
 62
     0
440
 16777216
100
AcDbPoint
 10
620778.2633908167
 20
164466.111445848
 30
0.0
  0
POINT
  5
1F8D
330
1F84
100
AcDbEntity
  8
Defpoints
 62
     0
440
 16777216
100
AcDbPoint
 10
620787.0972603187
 20
162666.1117510237
 30
0.0
  0
POINT
  5
1F8E
330
1F84
100
AcDbEntity
  8
Defpoints
 62
     0
440
 16777216
100
AcDbPoint
 10
620776.2326162125
 20
162666.1117510237
 30
0.0
  0
ENDBLK
  5
1F8F
330
1F84
100
AcDbEntity
  8
0
 62
     7
420
 16777215
100
AcDbBlockEnd
  0
BLOCK
  5
1F91
330
1F90
100
AcDbEntity
  8
0
 62
     7
420
 16777215
100
AcDbBlockBegin
  2
*D217
 70
     1
 10
0.0
 20
0.0
 30
0.0
  3
*D217
  1

  0
LINE
  5
1F92
330
1F90
100
AcDbEntity
  8
CALLOUT TEXT
440
 16777216
370
    -2
100
AcDbLine
 10
593578.1688107041
 20
170312.3480181136
 30
0.0
 11
593594.9717841066
 21
170312.3480181136
 31
0.0
  0
LINE
  5
1F93
330
1F90
100
AcDbEntity
  8
CALLOUT TEXT
440
 16777216
370
    -2
100
AcDbLine
 10
593718.651780609
 20
169191.111445848
 30
0.0
 11
593694.9717841066
 21
169191.111445848
 31
0.0
  0
LINE
  5
1F94
330
1F90
100
AcDbEntity
  8
CALLOUT TEXT
440
 16777216
370
    -2
100
AcDbLine
 10
593644.9717841066
 20
170362.3480181136
 30
0.0
 11
593644.9717841066
 21
169141.111445848
 31
0.0
  0
INSERT
  5
1F95
330
1F90
100
AcDbEntity
  8
CALLOUT TEXT
440
 16777216
370
    -2
100
AcDbBlockReference
  2
_ArchTick
 10
593644.9717841066
 20
170312.3480181136
 30
0.0
 41
75.0
 42
75.0
 43
75.0
 50
90.0
  0
INSERT
  5
1F96
330
1F90
100
AcDbEntity
  8
CALLOUT TEXT
440
 16777216
370
    -2
100
AcDbBlockReference
  2
_ArchTick
 10
593644.9717841066
 20
169191.111445848
 30
0.0
 41
75.0
 42
75.0
 43
75.0
 50
270.0
  0
MTEXT
  5
1F97
330
1F90
100
AcDbEntity
  8
CALLOUT TEXT
440
 16777216
100
AcDbMText
 10
593457.4717841065
 20
169751.7297319806
 30
0.0
 40
225.0
 41
0.0
 46
0.0
 71
     5
 72
     1
  1
\A1;1121
  7
dim
 11
0.0000000000000001
 21
1.0
 31
0.0
 73
     1
 44
1.0
  0
POINT
  5
1F98
330
1F90
100
AcDbEntity
  8
Defpoints
 62
     0
440
 16777216
100
AcDbPoint
 10
593653.1688107041
 20
170312.3480181136
 30
0.0
  0
POINT
  5
1F99
330
1F90
100
AcDbEntity
  8
Defpoints
 62
     0
440
 16777216
100
AcDbPoint
 10
593643.651780609
 20
169191.111445848
 30
0.0
  0
POINT
  5
1F9A
330
1F90
100
AcDbEntity
  8
Defpoints
 62
     0
440
 16777216
100
AcDbPoint
 10
593644.9717841066
 20
169191.111445848
 30
0.0
  0
ENDBLK
  5
1F9B
330
1F90
100
AcDbEntity
  8
0
 62
     7
420
 16777215
100
AcDbBlockEnd
  0
BLOCK
  5
1F9D
330
1F9C
100
AcDbEntity
  8
0
 62
     7
420
 16777215
100
AcDbBlockBegin
  2
*D218
 70
     1
 10
0.0
 20
0.0
 30
0.0
  3
*D218
  1

  0
LINE
  5
1F9E
330
1F9C
100
AcDbEntity
  8
CALLOUT TEXT
440
 16777216
370
    -2
100
AcDbLine
 10
593718.651780609
 20
169191.111445848
 30
0.0
 11
593694.9717841068
 21
169191.111445848
 31
0.0
  0
LINE
  5
1F9F
330
1F9C
100
AcDbEntity
  8
CALLOUT TEXT
440
 16777216
370
    -2
100
AcDbLine
 10
593582.093359197
 20
166341.111445848
 30
0.0
 11
593594.9717841069
 21
166341.111445848
 31
0.0
  0
LINE
  5
1FA0
330
1F9C
100
AcDbEntity
  8
CALLOUT TEXT
440
 16777216
370
    -2
100
AcDbLine
 10
593644.9717841068
 20
169241.111445848
 30
0.0
 11
593644.9717841068
 21
166291.111445848
 31
0.0
  0
INSERT
  5
1FA1
330
1F9C
100
AcDbEntity
  8
CALLOUT TEXT
440
 16777216
370
    -2
100
AcDbBlockReference
  2
_ArchTick
 10
593644.9717841068
 20
169191.111445848
 30
0.0
 41
75.0
 42
75.0
 43
75.0
 50
90.0
  0
INSERT
  5
1FA2
330
1F9C
100
AcDbEntity
  8
CALLOUT TEXT
440
 16777216
370
    -2
100
AcDbBlockReference
  2
_ArchTick
 10
593644.9717841068
 20
166341.111445848
 30
0.0
 41
75.0
 42
75.0
 43
75.0
 50
270.0
  0
MTEXT
  5
1FA3
330
1F9C
100
AcDbEntity
  8
CALLOUT TEXT
440
 16777216
100
AcDbMText
 10
593457.4717841067
 20
167766.1114458478
 30
0.0
 40
225.0
 41
0.0
 46
0.0
 71
     5
 72
     1
  1
\A1;2850
  7
dim
 11
0.0000000000000001
 21
1.0
 31
0.0
 73
     1
 44
1.0
  0
POINT
  5
1FA4
330
1F9C
100
AcDbEntity
  8
Defpoints
 62
     0
440
 16777216
100
AcDbPoint
 10
593643.651780609
 20
169191.111445848
 30
0.0
  0
POINT
  5
1FA5
330
1F9C
100
AcDbEntity
  8
Defpoints
 62
     0
440
 16777216
100
AcDbPoint
 10
593657.093359197
 20
166341.111445848
 30
0.0
  0
POINT
  5
1FA6
330
1F9C
100
AcDbEntity
  8
Defpoints
 62
     0
440
 16777216
100
AcDbPoint
 10
593644.9717841068
 20
166341.111445848
 30
0.0
  0
ENDBLK
  5
1FA7
330
1F9C
100
AcDbEntity
  8
0
 62
     7
420
 16777215
100
AcDbBlockEnd
  0
BLOCK
  5
1FA9
330
1FA8
100
AcDbEntity
  8
0
 62
     7
420
 16777215
100
AcDbBlockBegin
  2
*D219
 70
     1
 10
0.0
 20
0.0
 30
0.0
  3
*D219
  1

  0
LINE
  5
1FAA
330
1FA8
100
AcDbEntity
  8
CALLOUT TEXT
440
 16777216
370
    -2
100
AcDbLine
 10
593582.093359197
 20
166341.111445848
 30
0.0
 11
593594.8587585221
 21
166341.111445848
 31
0.0
  0
LINE
  5
1FAB
330
1FA8
100
AcDbEntity
  8
CALLOUT TEXT
440
 16777216
370
    -2
100
AcDbLine
 10
593571.8895331269
 20
164466.111445848
 30
0.0
 11
593594.8587585221
 21
164466.111445848
 31
0.0
  0
LINE
  5
1FAC
330
1FA8
100
AcDbEntity
  8
CALLOUT TEXT
440
 16777216
370
    -2
100
AcDbLine
 10
593644.8587585221
 20
166391.111445848
 30
0.0
 11
593644.8587585221
 21
164416.111445848
 31
0.0
  0
INSERT
  5
1FAD
330
1FA8
100
AcDbEntity
  8
CALLOUT TEXT
440
 16777216
370
    -2
100
AcDbBlockReference
  2
_ArchTick
 10
593644.8587585221
 20
166341.111445848
 30
0.0
 41
75.0
 42
75.0
 43
75.0
 50
90.0
  0
INSERT
  5
1FAE
330
1FA8
100
AcDbEntity
  8
CALLOUT TEXT
440
 16777216
370
    -2
100
AcDbBlockReference
  2
_ArchTick
 10
593644.8587585221
 20
164466.111445848
 30
0.0
 41
75.0
 42
75.0
 43
75.0
 50
270.0
  0
MTEXT
  5
1FAF
330
1FA8
100
AcDbEntity
  8
CALLOUT TEXT
440
 16777216
100
AcDbMText
 10
593457.3587585219
 20
165403.6114458478
 30
0.0
 40
225.0
 41
0.0
 46
0.0
 71
     5
 72
     1
  1
\A1;1875
  7
dim
 11
0.0000000000000001
 21
1.0
 31
0.0
 73
     1
 44
1.0
  0
POINT
  5
1FB0
330
1FA8
100
AcDbEntity
  8
Defpoints
 62
     0
440
 16777216
100
AcDbPoint
 10
593657.093359197
 20
166341.111445848
 30
0.0
  0
POINT
  5
1FB1
330
1FA8
100
AcDbEntity
  8
Defpoints
 62
     0
440
 16777216
100
AcDbPoint
 10
593646.8895331269
 20
164466.111445848
 30
0.0
  0
POINT
  5
1FB2
330
1FA8
100
AcDbEntity
  8
Defpoints
 62
     0
440
 16777216
100
AcDbPoint
 10
593644.8587585221
 20
164466.111445848
 30
0.0
  0
ENDBLK
  5
1FB3
330
1FA8
100
AcDbEntity
  8
0
 62
     7
420
 16777215
100
AcDbBlockEnd
  0
BLOCK
  5
1FB5
330
1FB4
100
AcDbEntity
  8
0
 62
     7
420
 16777215
100
AcDbBlockBegin
  2
*D220
 70
     1
 10
0.0
 20
0.0
 30
0.0
  3
*D220
  1

  0
LINE
  5
1FB6
330
1FB4
100
AcDbEntity
  8
CALLOUT TEXT
440
 16777216
370
    -2
100
AcDbLine
 10
593571.8895331269
 20
164466.111445848
 30
0.0
 11
593594.8587585223
 21
164466.111445848
 31
0.0
  0
LINE
  5
1FB7
330
1FB4
100
AcDbEntity
  8
CALLOUT TEXT
440
 16777216
370
    -2
100
AcDbLine
 10
593580.4254260879
 20
162666.1117510238
 30
0.0
 11
593594.8587585223
 21
162666.1117510238
 31
0.0
  0
LINE
  5
1FB8
330
1FB4
100
AcDbEntity
  8
CALLOUT TEXT
440
 16777216
370
    -2
100
AcDbLine
 10
593644.8587585223
 20
164516.111445848
 30
0.0
 11
593644.8587585223
 21
162616.1117510238
 31
0.0
  0
INSERT
  5
1FB9
330
1FB4
100
AcDbEntity
  8
CALLOUT TEXT
440
 16777216
370
    -2
100
AcDbBlockReference
  2
_ArchTick
 10
593644.8587585223
 20
164466.111445848
 30
0.0
 41
75.0
 42
75.0
 43
75.0
 50
90.0
  0
INSERT
  5
1FBA
330
1FB4
100
AcDbEntity
  8
CALLOUT TEXT
440
 16777216
370
    -2
100
AcDbBlockReference
  2
_ArchTick
 10
593644.8587585223
 20
162666.1117510238
 30
0.0
 41
75.0
 42
75.0
 43
75.0
 50
270.0
  0
MTEXT
  5
1FBB
330
1FB4
100
AcDbEntity
  8
CALLOUT TEXT
440
 16777216
100
AcDbMText
 10
593457.3587585222
 20
163566.1115984357
 30
0.0
 40
225.0
 41
0.0
 46
0.0
 71
     5
 72
     1
  1
\A1;1800
  7
dim
 11
0.0000000000000001
 21
1.0
 31
0.0
 73
     1
 44
1.0
  0
POINT
  5
1FBC
330
1FB4
100
AcDbEntity
  8
Defpoints
 62
     0
440
 16777216
100
AcDbPoint
 10
593646.8895331269
 20
164466.111445848
 30
0.0
  0
POINT
  5
1FBD
330
1FB4
100
AcDbEntity
  8
Defpoints
 62
     0
440
 16777216
100
AcDbPoint
 10
593655.425426088
 20
162666.1117510238
 30
0.0
  0
POINT
  5
1FBE
330
1FB4
100
AcDbEntity
  8
Defpoints
 62
     0
440
 16777216
100
AcDbPoint
 10
593644.8587585223
 20
162666.1117510238
 30
0.0
  0
ENDBLK
  5
1FBF
330
1FB4
100
AcDbEntity
  8
0
 62
     7
420
 16777215
100
AcDbBlockEnd
  0
BLOCK
  5
1FC1
330
1FC0
100
AcDbEntity
  8
0
 62
     7
420
 16777215
100
AcDbBlockBegin
  2
*D221
 70
     1
 10
0.0
 20
0.0
 30
0.0
  3
*D221
  1

  0
LINE
  5
1FC2
330
1FC0
100
AcDbEntity
  8
CALLOUT TEXT
440
 16777216
370
    -2
100
AcDbLine
 10
593719.9272588731
 20
174591.111445848
 30
0.0
 11
593694.9272588756
 21
174591.111445848
 31
0.0
  0
LINE
  5
1FC3
330
1FC0
100
AcDbEntity
  8
CALLOUT TEXT
440
 16777216
370
    -2
100
AcDbLine
 10
593719.9272588731
 20
173991.4422563949
 30
0.0
 11
593694.9272588756
 21
173991.4422563949
 31
0.0
  0
LINE
  5
1FC4
330
1FC0
100
AcDbEntity
  8
CALLOUT TEXT
440
 16777216
370
    -2
100
AcDbLine
 10
593644.9272588756
 20
174641.111445848
 30
0.0
 11
593644.9272588756
 21
173941.4422563949
 31
0.0
  0
LINE
  5
1FC5
330
1FC0
100
AcDbEntity
  8
CALLOUT TEXT
440
 16777216
370
    -2
100
AcDbLine
 10
593644.9272588756
 20
174291.2768511214
 30
0.0
 11
593348.2310898394
 21
174441.2768511215
 31
0.0
  0
LINE
  5
1FC6
330
1FC0
100
AcDbEntity
  8
CALLOUT TEXT
440
 16777216
370
    -2
100
AcDbLine
 10
593348.2310898394
 20
174441.2768511215
 30
0.0
 11
593348.2310898394
 21
175054.1339939786
 31
0.0
  0
MTEXT
  5
1FC7
330
1FC0
100
AcDbEntity
  8
CALLOUT TEXT
440
 16777216
100
AcDbMText
 10
593160.7310898392
 20
174747.7054225499
 30
0.0
 40
225.0
 41
0.0
 46
0.0
 71
     5
 72
     1
  1
\A1;600
  7
dim
 11
0.0000000000000001
 21
1.0
 31
0.0
 73
     1
 44
1.0
  0
INSERT
  5
1FC8
330
1FC0
100
AcDbEntity
  8
CALLOUT TEXT
440
 16777216
370
    -2
100
AcDbBlockReference
  2
_ArchTick
 10
593644.9272588756
 20
174591.111445848
 30
0.0
 41
75.0
 42
75.0
 43
75.0
 50
90.0
  0
INSERT
  5
1FC9
330
1FC0
100
AcDbEntity
  8
CALLOUT TEXT
440
 16777216
370
    -2
100
AcDbBlockReference
  2
_ArchTick
 10
593644.9272588756
 20
173991.4422563949
 30
0.0
 41
75.0
 42
75.0
 43
75.0
 50
270.0
  0
POINT
  5
1FCA
330
1FC0
100
AcDbEntity
  8
Defpoints
 62
     0
440
 16777216
100
AcDbPoint
 10
593644.9272588731
 20
174591.111445848
 30
0.0
  0
POINT
  5
1FCB
330
1FC0
100
AcDbEntity
  8
Defpoints
 62
     0
440
 16777216
100
AcDbPoint
 10
593644.9272588731
 20
173991.4422563949
 30
0.0
  0
POINT
  5
1FCC
330
1FC0
100
AcDbEntity
  8
Defpoints
 62
     0
440
 16777216
100
AcDbPoint
 10
593644.9272588756
 20
173991.4422563949
 30
0.0
  0
ENDBLK
  5
1FCD
330
1FC0
100
AcDbEntity
  8
0
 62
     7
420
 16777215
100
AcDbBlockEnd
  0
BLOCK
  5
1FCF
330
1FCE
100
AcDbEntity
  8
0
 62
     7
420
 16777215
100
AcDbBlockBegin
  2
*D222
 70
     1
 10
0.0
 20
0.0
 30
0.0
  3
*D222
  1

  0
LINE
  5
1FD0
330
1FCE
100
AcDbEntity
  8
CALLOUT TEXT
440
 16777216
370
    -2
100
AcDbLine
 10
593719.9272588731
 20
173991.4422563949
 30
0.0
 11
593694.9272588757
 21
173991.4422563949
 31
0.0
  0
LINE
  5
1FD1
330
1FCE
100
AcDbEntity
  8
CALLOUT TEXT
440
 16777216
370
    -2
100
AcDbLine
 10
593707.4668174192
 20
173016.111445848
 30
0.0
 11
593694.9272588757
 21
173016.111445848
 31
0.0
  0
LINE
  5
1FD2
330
1FCE
100
AcDbEntity
  8
CALLOUT TEXT
440
 16777216
370
    -2
100
AcDbLine
 10
593644.9272588757
 20
174041.4422563949
 30
0.0
 11
593644.9272588757
 21
172966.111445848
 31
0.0
  0
INSERT
  5
1FD3
330
1FCE
100
AcDbEntity
  8
CALLOUT TEXT
440
 16777216
370
    -2
100
AcDbBlockReference
  2
_ArchTick
 10
593644.9272588757
 20
173991.4422563949
 30
0.0
 41
75.0
 42
75.0
 43
75.0
 50
90.0
  0
INSERT
  5
1FD4
330
1FCE
100
AcDbEntity
  8
CALLOUT TEXT
440
 16777216
370
    -2
100
AcDbBlockReference
  2
_ArchTick
 10
593644.9272588757
 20
173016.111445848
 30
0.0
 41
75.0
 42
75.0
 43
75.0
 50
270.0
  0
MTEXT
  5
1FD5
330
1FCE
100
AcDbEntity
  8
CALLOUT TEXT
440
 16777216
100
AcDbMText
 10
593457.4272588756
 20
173503.7768511212
 30
0.0
 40
225.0
 41
0.0
 46
0.0
 71
     5
 72
     1
  1
\A1;975
  7
dim
 11
0.0000000000000001
 21
1.0
 31
0.0
 73
     1
 44
1.0
  0
POINT
  5
1FD6
330
1FCE
100
AcDbEntity
  8
Defpoints
 62
     0
440
 16777216
100
AcDbPoint
 10
593644.9272588731
 20
173991.4422563949
 30
0.0
  0
POINT
  5
1FD7
330
1FCE
100
AcDbEntity
  8
Defpoints
 62
     0
440
 16777216
100
AcDbPoint
 10
593632.4668174192
 20
173016.111445848
 30
0.0
  0
POINT
  5
1FD8
330
1FCE
100
AcDbEntity
  8
Defpoints
 62
     0
440
 16777216
100
AcDbPoint
 10
593644.9272588757
 20
173016.111445848
 30
0.0
  0
ENDBLK
  5
1FD9
330
1FCE
100
AcDbEntity
  8
0
 62
     7
420
 16777215
100
AcDbBlockEnd
  0
BLOCK
  5
1FDB
330
1FDA
100
AcDbEntity
  8
0
 62
     7
420
 16777215
100
AcDbBlockBegin
  2
*D223
 70
     1
 10
0.0
 20
0.0
 30
0.0
  3
*D223
  1

  0
LINE
  5
1FDC
330
1FDA
100
AcDbEntity
  8
CALLOUT TEXT
440
 16777216
370
    -2
100
AcDbLine
 10
593707.4668174192
 20
173016.111445848
 30
0.0
 11
593694.639557388
 21
173016.111445848
 31
0.0
  0
LINE
  5
1FDD
330
1FDA
100
AcDbEntity
  8
CALLOUT TEXT
440
 16777216
370
    -2
100
AcDbLine
 10
593578.1688107041
 20
170312.3480181136
 30
0.0
 11
593594.6395573879
 21
170312.3480181136
 31
0.0
  0
LINE
  5
1FDE
330
1FDA
100
AcDbEntity
  8
CALLOUT TEXT
440
 16777216
370
    -2
100
AcDbLine
 10
593644.6395573879
 20
173066.111445848
 30
0.0
 11
593644.6395573879
 21
170262.3480181136
 31
0.0
  0
INSERT
  5
1FDF
330
1FDA
100
AcDbEntity
  8
CALLOUT TEXT
440
 16777216
370
    -2
100
AcDbBlockReference
  2
_ArchTick
 10
593644.6395573879
 20
173016.111445848
 30
0.0
 41
75.0
 42
75.0
 43
75.0
 50
90.0
  0
INSERT
  5
1FE0
330
1FDA
100
AcDbEntity
  8
CALLOUT TEXT
440
 16777216
370
    -2
100
AcDbBlockReference
  2
_ArchTick
 10
593644.6395573879
 20
170312.3480181136
 30
0.0
 41
75.0
 42
75.0
 43
75.0
 50
270.0
  0
MTEXT
  5
1FE1
330
1FDA
100
AcDbEntity
  8
CALLOUT TEXT
440
 16777216
100
AcDbMText
 10
593457.1395573878
 20
171664.2297319806
 30
0.0
 40
225.0
 41
0.0
 46
0.0
 71
     5
 72
     1
  1
\A1;2704
  7
dim
 11
0.0000000000000001
 21
1.0
 31
0.0
 73
     1
 44
1.0
  0
POINT
  5
1FE2
330
1FDA
100
AcDbEntity
  8
Defpoints
 62
     0
440
 16777216
100
AcDbPoint
 10
593632.4668174192
 20
173016.111445848
 30
0.0
  0
POINT
  5
1FE3
330
1FDA
100
AcDbEntity
  8
Defpoints
 62
     0
440
 16777216
100
AcDbPoint
 10
593653.1688107041
 20
170312.3480181136
 30
0.0
  0
POINT
  5
1FE4
330
1FDA
100
AcDbEntity
  8
Defpoints
 62
     0
440
 16777216
100
AcDbPoint
 10
593644.6395573879
 20
170312.3480181136
 30
0.0
  0
ENDBLK
  5
1FE5
330
1FDA
100
AcDbEntity
  8
0
 62
     7
420
 16777215
100
AcDbBlockEnd
  0
BLOCK
  5
1FE7
330
1FE6
100
AcDbEntity
  8
0
 62
     7
420
 16777215
100
AcDbBlockBegin
  2
*D224
 70
     1
 10
0.0
 20
0.0
 30
0.0
  3
*D224
  1

  0
LINE
  5
1FE8
330
1FE6
100
AcDbEntity
  8
CALLOUT TEXT
440
 16777216
370
    -2
100
AcDbLine
 10
602327.2865332686
 20
161149.1061577801
 30
0.0
 11
602327.2865332686
 21
161125.4470295697
 31
0.0
  0
LINE
  5
1FE9
330
1FE6
100
AcDbEntity
  8
CALLOUT TEXT
440
 16777216
370
    -2
100
AcDbLine
 10
602895.8292865045
 20
161001.0849315427
 30
0.0
 11
602895.8292865045
 21
161025.4470295696
 31
0.0
  0
LINE
  5
1FEA
330
1FE6
100
AcDbEntity
  8
CALLOUT TEXT
440
 16777216
370
    -2
100
AcDbLine
 10
602277.2865332687
 20
161075.4470295696
 30
0.0
 11
602945.8292865045
 21
161075.4470295696
 31
0.0
  0
LINE
  5
1FEB
330
1FE6
100
AcDbEntity
  8
CALLOUT TEXT
440
 16777216
370
    -2
100
AcDbLine
 10
602611.5579098866
 20
161075.4470295696
 30
0.0
 11
602402.3665696301
 21
161353.5473554241
 31
0.0
  0
LINE
  5
1FEC
330
1FE6
100
AcDbEntity
  8
CALLOUT TEXT
440
 16777216
370
    -2
100
AcDbLine
 10
602402.3665696301
 20
161353.5473554241
 30
0.0
 11
601798.0808553445
 21
161353.5473554241
 31
0.0
  0
MTEXT
  5
1FED
330
1FE6
100
AcDbEntity
  8
CALLOUT TEXT
440
 16777216
100
AcDbMText
 10
602100.2237124872
 20
161541.0473554241
 30
0.0
 40
225.0
 41
0.0
 46
0.0
 71
     5
 72
     1
  1
\A1;569
  7
dim
 73
     1
 44
1.0
  0
INSERT
  5
1FEE
330
1FE6
100
AcDbEntity
  8
CALLOUT TEXT
440
 16777216
370
    -2
100
AcDbBlockReference
  2
_ArchTick
 10
602327.2865332686
 20
161075.4470295696
 30
0.0
 41
75.0
 42
75.0
 43
75.0
 50
180.0
  0
INSERT
  5
1FEF
330
1FE6
100
AcDbEntity
  8
CALLOUT TEXT
440
 16777216
370
    -2
100
AcDbBlockReference
  2
_ArchTick
 10
602895.8292865045
 20
161075.4470295696
 30
0.0
 41
75.0
 42
75.0
 43
75.0
  0
POINT
  5
1FF0
330
1FE6
100
AcDbEntity
  8
Defpoints
 62
     0
440
 16777216
100
AcDbPoint
 10
602327.2865332686
 20
161074.1061577801
 30
0.0000000000000142
  0
POINT
  5
1FF1
330
1FE6
100
AcDbEntity
  8
Defpoints
 62
     0
440
 16777216
100
AcDbPoint
 10
602895.8292865045
 20
161076.0849315427
 30
0.0
  0
POINT
  5
1FF2
330
1FE6
100
AcDbEntity
  8
Defpoints
 62
     0
440
 16777216
100
AcDbPoint
 10
602895.8292865045
 20
161075.4470295696
 30
0.0
  0
ENDBLK
  5
1FF3
330
1FE6
100
AcDbEntity
  8
0
 62
     7
420
 16777215
100
AcDbBlockEnd
  0
BLOCK
  5
1FF5
330
1FF4
100
AcDbEntity
  8
0
 62
     7
420
 16777215
100
AcDbBlockBegin
  2
*D225
 70
     1
 10
0.0
 20
0.0
 30
0.0
  3
*D225
  1

  0
LINE
  5
1FF6
330
1FF4
100
AcDbEntity
  8
CALLOUT TEXT
440
 16777216
370
    -2
100
AcDbLine
 10
643981.7308216935
 20
176317.6860944195
 30
0.0
 11
643981.7308216935
 21
176292.6860944196
 31
0.0
  0
LINE
  5
1FF7
330
1FF4
100
AcDbEntity
  8
CALLOUT TEXT
440
 16777216
370
    -2
100
AcDbLine
 10
645581.7303334126
 20
176167.6860944197
 30
0.0
 11
645581.7303334126
 21
176192.6860944195
 31
0.0
  0
LINE
  5
1FF8
330
1FF4
100
AcDbEntity
  8
CALLOUT TEXT
440
 16777216
370
    -2
100
AcDbLine
 10
643931.7308216934
 20
176242.6860944196
 30
0.0
 11
645631.7303334126
 21
176242.6860944196
 31
0.0
  0
INSERT
  5
1FF9
330
1FF4
100
AcDbEntity
  8
CALLOUT TEXT
440
 16777216
370
    -2
100
AcDbBlockReference
  2
_ArchTick
 10
643981.7308216935
 20
176242.6860944196
 30
0.0
 41
75.0
 42
75.0
 43
75.0
 50
180.0
  0
INSERT
  5
1FFA
330
1FF4
100
AcDbEntity
  8
CALLOUT TEXT
440
 16777216
370
    -2
100
AcDbBlockReference
  2
_ArchTick
 10
645581.7303334126
 20
176242.6860944196
 30
0.0
 41
75.0
 42
75.0
 43
75.0
  0
MTEXT
  5
1FFB
330
1FF4
100
AcDbEntity
  8
CALLOUT TEXT
440
 16777216
100
AcDbMText
 10
644781.7305775529
 20
176430.1860944195
 30
0.0
 40
225.0
 41
0.0
 46
0.0
 71
     5
 72
     1
  1
\A1;1600
  7
dim
 73
     1
 44
1.0
  0
POINT
  5
1FFC
330
1FF4
100
AcDbEntity
  8
Defpoints
 62
     0
440
 16777216
100
AcDbPoint
 10
643981.7308216935
 20
176242.6860944196
 30
0.0000000000000142
  0
POINT
  5
1FFD
330
1FF4
100
AcDbEntity
  8
Defpoints
 62
     0
440
 16777216
100
AcDbPoint
 10
645581.7303334126
 20
176242.6860944197
 30
0.0
  0
POINT
  5
1FFE
330
1FF4
100
AcDbEntity
  8
Defpoints
 62
     0
440
 16777216
100
AcDbPoint
 10
645581.7303334126
 20
176242.6860944196
 30
0.0
  0
ENDBLK
  5
1FFF
330
1FF4
100
AcDbEntity
  8
0
 62
     7
420
 16777215
100
AcDbBlockEnd
  0
BLOCK
  5
2001
330
2000
100
AcDbEntity
  8
0
 62
     7
420
 16777215
100
AcDbBlockBegin
  2
*D226
 70
     1
 10
0.0
 20
0.0
 30
0.0
  3
*D226
  1

  0
LINE
  5
2002
330
2000
100
AcDbEntity
  8
CALLOUT TEXT
440
 16777216
370
    -2
100
AcDbLine
 10
645581.7303334126
 20
176167.6860944197
 30
0.0
 11
645581.7303334126
 21
176192.6860944195
 31
0.0
  0
LINE
  5
2003
330
2000
100
AcDbEntity
  8
CALLOUT TEXT
440
 16777216
370
    -2
100
AcDbLine
 10
646256.7303334122
 20
176317.6860944195
 30
0.0
 11
646256.7303334122
 21
176292.6860944196
 31
0.0
  0
LINE
  5
2004
330
2000
100
AcDbEntity
  8
CALLOUT TEXT
440
 16777216
370
    -2
100
AcDbLine
 10
645531.7303334125
 20
176242.6860944196
 30
0.0
 11
646306.7303334122
 21
176242.6860944196
 31
0.0
  0
INSERT
  5
2005
330
2000
100
AcDbEntity
  8
CALLOUT TEXT
440
 16777216
370
    -2
100
AcDbBlockReference
  2
_ArchTick
 10
645581.7303334126
 20
176242.6860944196
 30
0.0
 41
75.0
 42
75.0
 43
75.0
 50
180.0
  0
INSERT
  5
2006
330
2000
100
AcDbEntity
  8
CALLOUT TEXT
440
 16777216
370
    -2
100
AcDbBlockReference
  2
_ArchTick
 10
646256.7303334122
 20
176242.6860944196
 30
0.0
 41
75.0
 42
75.0
 43
75.0
  0
MTEXT
  5
2007
330
2000
100
AcDbEntity
  8
CALLOUT TEXT
440
 16777216
100
AcDbMText
 10
645919.2303334123
 20
176430.1860944195
 30
0.0
 40
225.0
 41
0.0
 46
0.0
 71
     5
 72
     1
  1
\A1;675
  7
dim
 73
     1
 44
1.0
  0
POINT
  5
2008
330
2000
100
AcDbEntity
  8
Defpoints
 62
     0
440
 16777216
100
AcDbPoint
 10
645581.7303334126
 20
176242.6860944197
 30
0.0
  0
POINT
  5
2009
330
2000
100
AcDbEntity
  8
Defpoints
 62
     0
440
 16777216
100
AcDbPoint
 10
646256.7303334122
 20
176242.6860944196
 30
0.0
  0
POINT
  5
200A
330
2000
100
AcDbEntity
  8
Defpoints
 62
     0
440
 16777216
100
AcDbPoint
 10
646256.7303334122
 20
176242.6860944196
 30
0.0
  0
ENDBLK
  5
200B
330
2000
100
AcDbEntity
  8
0
 62
     7
420
 16777215
100
AcDbBlockEnd
  0
BLOCK
  5
200D
330
200C
100
AcDbEntity
  8
0
 62
     7
420
 16777215
100
AcDbBlockBegin
  2
*D227
 70
     1
 10
0.0
 20
0.0
 30
0.0
  3
*D227
  1

  0
LINE
  5
200E
330
200C
100
AcDbEntity
  8
CALLOUT TEXT
440
 16777216
370
    -2
100
AcDbLine
 10
646256.7303334122
 20
176317.6860944195
 30
0.0
 11
646256.7303334122
 21
176292.6860944196
 31
0.0
  0
LINE
  5
200F
330
200C
100
AcDbEntity
  8
CALLOUT TEXT
440
 16777216
370
    -2
100
AcDbLine
 10
648656.7308216935
 20
176317.6860944195
 30
0.0
 11
648656.7308216935
 21
176292.6860944196
 31
0.0
  0
LINE
  5
2010
330
200C
100
AcDbEntity
  8
CALLOUT TEXT
440
 16777216
370
    -2
100
AcDbLine
 10
646206.7303334122
 20
176242.6860944196
 30
0.0
 11
648706.7308216935
 21
176242.6860944196
 31
0.0
  0
INSERT
  5
2011
330
200C
100
AcDbEntity
  8
CALLOUT TEXT
440
 16777216
370
    -2
100
AcDbBlockReference
  2
_ArchTick
 10
646256.7303334122
 20
176242.6860944196
 30
0.0
 41
75.0
 42
75.0
 43
75.0
 50
180.0
  0
INSERT
  5
2012
330
200C
100
AcDbEntity
  8
CALLOUT TEXT
440
 16777216
370
    -2
100
AcDbBlockReference
  2
_ArchTick
 10
648656.7308216935
 20
176242.6860944196
 30
0.0
 41
75.0
 42
75.0
 43
75.0
  0
MTEXT
  5
2013
330
200C
100
AcDbEntity
  8
CALLOUT TEXT
440
 16777216
100
AcDbMText
 10
647456.7305775528
 20
176430.1860944195
 30
0.0
 40
225.0
 41
0.0
 46
0.0
 71
     5
 72
     1
  1
\A1;2400
  7
dim
 73
     1
 44
1.0
  0
POINT
  5
2014
330
200C
100
AcDbEntity
  8
Defpoints
 62
     0
440
 16777216
100
AcDbPoint
 10
646256.7303334122
 20
176242.6860944196
 30
0.0
  0
POINT
  5
2015
330
200C
100
AcDbEntity
  8
Defpoints
 62
     0
440
 16777216
100
AcDbPoint
 10
648656.7308216935
 20
176242.6860944196
 30
0.0000000000000142
  0
POINT
  5
2016
330
200C
100
AcDbEntity
  8
Defpoints
 62
     0
440
 16777216
100
AcDbPoint
 10
648656.7308216935
 20
176242.6860944196
 30
0.0
  0
ENDBLK
  5
2017
330
200C
100
AcDbEntity
  8
0
 62
     7
420
 16777215
100
AcDbBlockEnd
  0
BLOCK
  5
2019
330
2018
100
AcDbEntity
  8
0
 62
     7
420
 16777215
100
AcDbBlockBegin
  2
*D228
 70
     1
 10
0.0
 20
0.0
 30
0.0
  3
*D228
  1

  0
LINE
  5
201A
330
2018
100
AcDbEntity
  8
CALLOUT TEXT
440
 16777216
370
    -2
100
AcDbLine
 10
648656.7308216935
 20
176317.6860944195
 30
0.0
 11
648656.7308216935
 21
176292.6860944196
 31
0.0
  0
LINE
  5
201B
330
2018
100
AcDbEntity
  8
CALLOUT TEXT
440
 16777216
370
    -2
100
AcDbLine
 10
651281.7296009903
 20
176317.6860944195
 30
0.0
 11
651281.7296009903
 21
176292.6860944196
 31
0.0
  0
LINE
  5
201C
330
2018
100
AcDbEntity
  8
CALLOUT TEXT
440
 16777216
370
    -2
100
AcDbLine
 10
648606.7308216934
 20
176242.6860944196
 30
0.0
 11
651331.7296009903
 21
176242.6860944196
 31
0.0
  0
INSERT
  5
201D
330
2018
100
AcDbEntity
  8
CALLOUT TEXT
440
 16777216
370
    -2
100
AcDbBlockReference
  2
_ArchTick
 10
648656.7308216935
 20
176242.6860944196
 30
0.0
 41
75.0
 42
75.0
 43
75.0
 50
180.0
  0
INSERT
  5
201E
330
2018
100
AcDbEntity
  8
CALLOUT TEXT
440
 16777216
370
    -2
100
AcDbBlockReference
  2
_ArchTick
 10
651281.7296009903
 20
176242.6860944196
 30
0.0
 41
75.0
 42
75.0
 43
75.0
  0
MTEXT
  5
201F
330
2018
100
AcDbEntity
  8
CALLOUT TEXT
440
 16777216
100
AcDbMText
 10
649969.230211342
 20
176430.1860944195
 30
0.0
 40
225.0
 41
0.0
 46
0.0
 71
     5
 72
     1
  1
\A1;2625
  7
dim
 73
     1
 44
1.0
  0
POINT
  5
2020
330
2018
100
AcDbEntity
  8
Defpoints
 62
     0
440
 16777216
100
AcDbPoint
 10
648656.7308216935
 20
176242.6860944196
 30
0.0000000000000142
  0
POINT
  5
2021
330
2018
100
AcDbEntity
  8
Defpoints
 62
     0
440
 16777216
100
AcDbPoint
 10
651281.7296009903
 20
176242.6860944196
 30
0.0
  0
POINT
  5
2022
330
2018
100
AcDbEntity
  8
Defpoints
 62
     0
440
 16777216
100
AcDbPoint
 10
651281.7296009903
 20
176242.6860944196
 30
0.0
  0
ENDBLK
  5
2023
330
2018
100
AcDbEntity
  8
0
 62
     7
420
 16777215
100
AcDbBlockEnd
  0
BLOCK
  5
2025
330
2024
100
AcDbEntity
  8
0
 62
     7
420
 16777215
100
AcDbBlockBegin
  2
*D229
 70
     1
 10
0.0
 20
0.0
 30
0.0
  3
*D229
  1

  0
LINE
  5
2026
330
2024
100
AcDbEntity
  8
CALLOUT TEXT
440
 16777216
370
    -2
100
AcDbLine
 10
632006.7299061661
 20
176317.6860944195
 30
0.0
 11
632006.7299061661
 21
176292.6860944196
 31
0.0
  0
LINE
  5
2027
330
2024
100
AcDbEntity
  8
CALLOUT TEXT
440
 16777216
370
    -2
100
AcDbLine
 10
634631.7299061661
 20
176317.6860944195
 30
0.0
 11
634631.7299061661
 21
176292.6860944196
 31
0.0
  0
LINE
  5
2028
330
2024
100
AcDbEntity
  8
CALLOUT TEXT
440
 16777216
370
    -2
100
AcDbLine
 10
631956.7299061661
 20
176242.6860944196
 30
0.0
 11
634681.7299061662
 21
176242.6860944196
 31
0.0
  0
INSERT
  5
2029
330
2024
100
AcDbEntity
  8
CALLOUT TEXT
440
 16777216
370
    -2
100
AcDbBlockReference
  2
_ArchTick
 10
632006.7299061661
 20
176242.6860944196
 30
0.0
 41
75.0
 42
75.0
 43
75.0
 50
180.0
  0
INSERT
  5
202A
330
2024
100
AcDbEntity
  8
CALLOUT TEXT
440
 16777216
370
    -2
100
AcDbBlockReference
  2
_ArchTick
 10
634631.7299061661
 20
176242.6860944196
 30
0.0
 41
75.0
 42
75.0
 43
75.0
  0
MTEXT
  5
202B
330
2024
100
AcDbEntity
  8
CALLOUT TEXT
440
 16777216
100
AcDbMText
 10
633319.2299061661
 20
176430.1860944195
 30
0.0
 40
225.0
 41
0.0
 46
0.0
 71
     5
 72
     1
  1
\A1;2625
  7
dim
 73
     1
 44
1.0
  0
POINT
  5
202C
330
2024
100
AcDbEntity
  8
Defpoints
 62
     0
440
 16777216
100
AcDbPoint
 10
632006.7299061661
 20
176242.6860944196
 30
0.0
  0
POINT
  5
202D
330
2024
100
AcDbEntity
  8
Defpoints
 62
     0
440
 16777216
100
AcDbPoint
 10
634631.7299061661
 20
176242.6860944196
 30
0.0
  0
POINT
  5
202E
330
2024
100
AcDbEntity
  8
Defpoints
 62
     0
440
 16777216
100
AcDbPoint
 10
634631.7299061661
 20
176242.6860944196
 30
0.0
  0
ENDBLK
  5
202F
330
2024
100
AcDbEntity
  8
0
 62
     7
420
 16777215
100
AcDbBlockEnd
  0
BLOCK
  5
2031
330
2030
100
AcDbEntity
  8
0
 62
     7
420
 16777215
100
AcDbBlockBegin
  2
*D230
 70
     1
 10
0.0
 20
0.0
 30
0.0
  3
*D230
  1

  0
LINE
  5
2032
330
2030
100
AcDbEntity
  8
CALLOUT TEXT
440
 16777216
370
    -2
100
AcDbLine
 10
634631.7299061661
 20
176317.6860944195
 30
0.0
 11
634631.7299061661
 21
176292.6860944196
 31
0.0
  0
LINE
  5
2033
330
2030
100
AcDbEntity
  8
CALLOUT TEXT
440
 16777216
370
    -2
100
AcDbLine
 10
639313.2872779794
 20
176316.3452226301
 30
0.0
 11
639313.2872779794
 21
176292.6860944196
 31
0.0
  0
LINE
  5
2034
330
2030
100
AcDbEntity
  8
CALLOUT TEXT
440
 16777216
370
    -2
100
AcDbLine
 10
634581.7299061661
 20
176242.6860944196
 30
0.0
 11
639363.2872779794
 21
176242.6860944196
 31
0.0
  0
INSERT
  5
2035
330
2030
100
AcDbEntity
  8
CALLOUT TEXT
440
 16777216
370
    -2
100
AcDbBlockReference
  2
_ArchTick
 10
634631.7299061661
 20
176242.6860944196
 30
0.0
 41
75.0
 42
75.0
 43
75.0
 50
180.0
  0
INSERT
  5
2036
330
2030
100
AcDbEntity
  8
CALLOUT TEXT
440
 16777216
370
    -2
100
AcDbBlockReference
  2
_ArchTick
 10
639313.2872779794
 20
176242.6860944196
 30
0.0
 41
75.0
 42
75.0
 43
75.0
  0
MTEXT
  5
2037
330
2030
100
AcDbEntity
  8
CALLOUT TEXT
440
 16777216
100
AcDbMText
 10
636972.5085920728
 20
176430.1860944195
 30
0.0
 40
225.0
 41
0.0
 46
0.0
 71
     5
 72
     1
  1
\A1;4682
  7
dim
 73
     1
 44
1.0
  0
POINT
  5
2038
330
2030
100
AcDbEntity
  8
Defpoints
 62
     0
440
 16777216
100
AcDbPoint
 10
634631.7299061661
 20
176242.6860944196
 30
0.0
  0
POINT
  5
2039
330
2030
100
AcDbEntity
  8
Defpoints
 62
     0
440
 16777216
100
AcDbPoint
 10
639313.2872779794
 20
176241.3452226301
 30
0.0000000000000142
  0
POINT
  5
203A
330
2030
100
AcDbEntity
  8
Defpoints
 62
     0
440
 16777216
100
AcDbPoint
 10
639313.2872779794
 20
176242.6860944196
 30
0.0
  0
ENDBLK
  5
203B
330
2030
100
AcDbEntity
  8
0
 62
     7
420
 16777215
100
AcDbBlockEnd
  0
BLOCK
  5
203D
330
203C
100
AcDbEntity
  8
0
 62
     7
420
 16777215
100
AcDbBlockBegin
  2
*D231
 70
     1
 10
0.0
 20
0.0
 30
0.0
  3
*D231
  1

  0
LINE
  5
203E
330
203C
100
AcDbEntity
  8
CALLOUT TEXT
440
 16777216
370
    -2
100
AcDbLine
 10
639313.2872779794
 20
176316.3452226301
 30
0.0
 11
639313.2872779794
 21
176292.6860944196
 31
0.0
  0
LINE
  5
203F
330
203C
100
AcDbEntity
  8
CALLOUT TEXT
440
 16777216
370
    -2
100
AcDbLine
 10
639881.8300312155
 20
176168.3239963926
 30
0.0
 11
639881.8300312155
 21
176192.6860944195
 31
0.0
  0
LINE
  5
2040
330
203C
100
AcDbEntity
  8
CALLOUT TEXT
440
 16777216
370
    -2
100
AcDbLine
 10
639263.2872779794
 20
176242.6860944196
 30
0.0
 11
639931.8300312155
 21
176242.6860944196
 31
0.0
  0
LINE
  5
2041
330
203C
100
AcDbEntity
  8
CALLOUT TEXT
440
 16777216
370
    -2
100
AcDbLine
 10
639597.5586545976
 20
176242.6860944196
 30
0.0
 11
639388.367314341
 21
176520.7864202739
 31
0.0
  0
LINE
  5
2042
330
203C
100
AcDbEntity
  8
CALLOUT TEXT
440
 16777216
370
    -2
100
AcDbLine
 10
639388.367314341
 20
176520.7864202739
 30
0.0
 11
638784.0816000553
 21
176520.7864202739
 31
0.0
  0
MTEXT
  5
2043
330
203C
100
AcDbEntity
  8
CALLOUT TEXT
440
 16777216
100
AcDbMText
 10
639086.2244571982
 20
176708.286420274
 30
0.0
 40
225.0
 41
0.0
 46
0.0
 71
     5
 72
     1
  1
\A1;569
  7
dim
 73
     1
 44
1.0
  0
INSERT
  5
2044
330
203C
100
AcDbEntity
  8
CALLOUT TEXT
440
 16777216
370
    -2
100
AcDbBlockReference
  2
_ArchTick
 10
639313.2872779794
 20
176242.6860944196
 30
0.0
 41
75.0
 42
75.0
 43
75.0
 50
180.0
  0
INSERT
  5
2045
330
203C
100
AcDbEntity
  8
CALLOUT TEXT
440
 16777216
370
    -2
100
AcDbBlockReference
  2
_ArchTick
 10
639881.8300312155
 20
176242.6860944196
 30
0.0
 41
75.0
 42
75.0
 43
75.0
  0
POINT
  5
2046
330
203C
100
AcDbEntity
  8
Defpoints
 62
     0
440
 16777216
100
AcDbPoint
 10
639313.2872779794
 20
176241.3452226301
 30
0.0000000000000142
  0
POINT
  5
2047
330
203C
100
AcDbEntity
  8
Defpoints
 62
     0
440
 16777216
100
AcDbPoint
 10
639881.8300312155
 20
176243.3239963926
 30
0.0
  0
POINT
  5
2048
330
203C
100
AcDbEntity
  8
Defpoints
 62
     0
440
 16777216
100
AcDbPoint
 10
639881.8300312155
 20
176242.6860944196
 30
0.0
  0
ENDBLK
  5
2049
330
203C
100
AcDbEntity
  8
0
 62
     7
420
 16777215
100
AcDbBlockEnd
  0
BLOCK
  5
204B
330
204A
100
AcDbEntity
  8
0
 62
     7
420
 16777215
100
AcDbBlockBegin
  2
*D232
 70
     1
 10
0.0
 20
0.0
 30
0.0
  3
*D232
  1

  0
LINE
  5
204C
330
204A
100
AcDbEntity
  8
CALLOUT TEXT
440
 16777216
370
    -2
100
AcDbLine
 10
639881.8300312155
 20
176168.3239963926
 30
0.0
 11
639881.8300312155
 21
176192.6860944195
 31
0.0
  0
LINE
  5
204D
330
204A
100
AcDbEntity
  8
CALLOUT TEXT
440
 16777216
370
    -2
100
AcDbLine
 10
640556.7303406686
 20
176317.6860401917
 30
0.0
 11
640556.7303406686
 21
176292.6860944196
 31
0.0
  0
LINE
  5
204E
330
204A
100
AcDbEntity
  8
CALLOUT TEXT
440
 16777216
370
    -2
100
AcDbLine
 10
639831.8300312155
 20
176242.6860944196
 30
0.0
 11
640606.7303406685
 21
176242.6860944196
 31
0.0
  0
INSERT
  5
204F
330
204A
100
AcDbEntity
  8
CALLOUT TEXT
440
 16777216
370
    -2
100
AcDbBlockReference
  2
_ArchTick
 10
639881.8300312155
 20
176242.6860944196
 30
0.0
 41
75.0
 42
75.0
 43
75.0
 50
180.0
  0
INSERT
  5
2050
330
204A
100
AcDbEntity
  8
CALLOUT TEXT
440
 16777216
370
    -2
100
AcDbBlockReference
  2
_ArchTick
 10
640556.7303406686
 20
176242.6860944196
 30
0.0
 41
75.0
 42
75.0
 43
75.0
  0
MTEXT
  5
2051
330
204A
100
AcDbEntity
  8
CALLOUT TEXT
440
 16777216
100
AcDbMText
 10
640219.280185942
 20
176430.1860944195
 30
0.0
 40
225.0
 41
0.0
 46
0.0
 71
     5
 72
     1
  1
\A1;675
  7
dim
 73
     1
 44
1.0
  0
POINT
  5
2052
330
204A
100
AcDbEntity
  8
Defpoints
 62
     0
440
 16777216
100
AcDbPoint
 10
639881.8300312155
 20
176243.3239963926
 30
0.0
  0
POINT
  5
2053
330
204A
100
AcDbEntity
  8
Defpoints
 62
     0
440
 16777216
100
AcDbPoint
 10
640556.7303406686
 20
176242.6860401917
 30
0.0
  0
POINT
  5
2054
330
204A
100
AcDbEntity
  8
Defpoints
 62
     0
440
 16777216
100
AcDbPoint
 10
640556.7303406686
 20
176242.6860944196
 30
0.0
  0
ENDBLK
  5
2055
330
204A
100
AcDbEntity
  8
0
 62
     7
420
 16777215
100
AcDbBlockEnd
  0
BLOCK
  5
2057
330
2056
100
AcDbEntity
  8
0
 62
     7
420
 16777215
100
AcDbBlockBegin
  2
*D233
 70
     1
 10
0.0
 20
0.0
 30
0.0
  3
*D233
  1

  0
LINE
  5
2058
330
2056
100
AcDbEntity
  8
CALLOUT TEXT
440
 16777216
370
    -2
100
AcDbLine
 10
640556.7303406686
 20
176317.6860401917
 30
0.0
 11
640556.7303406686
 21
176292.6860944196
 31
0.0
  0
LINE
  5
2059
330
2056
100
AcDbEntity
  8
CALLOUT TEXT
440
 16777216
370
    -2
100
AcDbLine
 10
643981.7308216935
 20
176317.6860944195
 30
0.0
 11
643981.7308216935
 21
176292.6860944196
 31
0.0
  0
LINE
  5
205A
330
2056
100
AcDbEntity
  8
CALLOUT TEXT
440
 16777216
370
    -2
100
AcDbLine
 10
640506.7303406685
 20
176242.6860944196
 30
0.0
 11
644031.7308216934
 21
176242.6860944196
 31
0.0
  0
INSERT
  5
205B
330
2056
100
AcDbEntity
  8
CALLOUT TEXT
440
 16777216
370
    -2
100
AcDbBlockReference
  2
_ArchTick
 10
640556.7303406686
 20
176242.6860944196
 30
0.0
 41
75.0
 42
75.0
 43
75.0
 50
180.0
  0
INSERT
  5
205C
330
2056
100
AcDbEntity
  8
CALLOUT TEXT
440
 16777216
370
    -2
100
AcDbBlockReference
  2
_ArchTick
 10
643981.7308216935
 20
176242.6860944196
 30
0.0
 41
75.0
 42
75.0
 43
75.0
  0
MTEXT
  5
205D
330
2056
100
AcDbEntity
  8
CALLOUT TEXT
440
 16777216
100
AcDbMText
 10
642269.2305811809
 20
176430.1860944195
 30
0.0
 40
225.0
 41
0.0
 46
0.0
 71
     5
 72
     1
  1
\A1;3425
  7
dim
 73
     1
 44
1.0
  0
POINT
  5
205E
330
2056
100
AcDbEntity
  8
Defpoints
 62
     0
440
 16777216
100
AcDbPoint
 10
640556.7303406686
 20
176242.6860401917
 30
0.0
  0
POINT
  5
205F
330
2056
100
AcDbEntity
  8
Defpoints
 62
     0
440
 16777216
100
AcDbPoint
 10
643981.7308216935
 20
176242.6860944196
 30
0.0000000000000142
  0
POINT
  5
2060
330
2056
100
AcDbEntity
  8
Defpoints
 62
     0
440
 16777216
100
AcDbPoint
 10
643981.7308216935
 20
176242.6860944196
 30
0.0
  0
ENDBLK
  5
2061
330
2056
100
AcDbEntity
  8
0
 62
     7
420
 16777215
100
AcDbBlockEnd
  0
BLOCK
  5
2063
330
2062
100
AcDbEntity
  8
0
 62
     7
420
 16777215
100
AcDbBlockBegin
  2
*D234
 70
     1
 10
0.0
 20
0.0
 30
0.0
  3
*D234
  1

  0
LINE
  5
2064
330
2062
100
AcDbEntity
  8
CALLOUT TEXT
440
 16777216
370
    -2
100
AcDbLine
 10
651281.7296009903
 20
176317.6860944195
 30
0.0
 11
651281.7296009903
 21
176292.6860944196
 31
0.0
  0
LINE
  5
2065
330
2062
100
AcDbEntity
  8
CALLOUT TEXT
440
 16777216
370
    -2
100
AcDbLine
 10
652706.7296009903
 20
176317.3060944195
 30
0.0
 11
652706.7296009903
 21
176292.6860944196
 31
0.0
  0
LINE
  5
2066
330
2062
100
AcDbEntity
  8
CALLOUT TEXT
440
 16777216
370
    -2
100
AcDbLine
 10
651231.7296009904
 20
176242.6860944196
 30
0.0
 11
652756.7296009903
 21
176242.6860944196
 31
0.0
  0
INSERT
  5
2067
330
2062
100
AcDbEntity
  8
CALLOUT TEXT
440
 16777216
370
    -2
100
AcDbBlockReference
  2
_ArchTick
 10
651281.7296009903
 20
176242.6860944196
 30
0.0
 41
75.0
 42
75.0
 43
75.0
 50
180.0
  0
INSERT
  5
2068
330
2062
100
AcDbEntity
  8
CALLOUT TEXT
440
 16777216
370
    -2
100
AcDbBlockReference
  2
_ArchTick
 10
652706.7296009903
 20
176242.6860944196
 30
0.0
 41
75.0
 42
75.0
 43
75.0
  0
MTEXT
  5
2069
330
2062
100
AcDbEntity
  8
CALLOUT TEXT
440
 16777216
100
AcDbMText
 10
651994.2296009903
 20
176430.1860944195
 30
0.0
 40
225.0
 41
0.0
 46
0.0
 71
     5
 72
     1
  1
\A1;1425
  7
dim
 73
     1
 44
1.0
  0
POINT
  5
206A
330
2062
100
AcDbEntity
  8
Defpoints
 62
     0
440
 16777216
100
AcDbPoint
 10
651281.7296009903
 20
176242.6860944196
 30
0.0
  0
POINT
  5
206B
330
2062
100
AcDbEntity
  8
Defpoints
 62
     0
440
 16777216
100
AcDbPoint
 10
652706.7296009903
 20
176242.3060944195
 30
0.0
  0
POINT
  5
206C
330
2062
100
AcDbEntity
  8
Defpoints
 62
     0
440
 16777216
100
AcDbPoint
 10
652706.7296009903
 20
176242.6860944196
 30
0.0
  0
ENDBLK
  5
206D
330
2062
100
AcDbEntity
  8
0
 62
     7
420
 16777215
100
AcDbBlockEnd
  0
BLOCK
  5
206F
330
206E
100
AcDbEntity
  8
0
 62
     7
420
 16777215
100
AcDbBlockBegin
  2
*D235
 70
     1
 10
0.0
 20
0.0
 30
0.0
  3
*D235
  1

  0
LINE
  5
2070
330
206E
100
AcDbEntity
  8
CALLOUT TEXT
440
 16777216
370
    -2
100
AcDbLine
 10
652706.7296009903
 20
176317.3060944195
 30
0.0
 11
652706.7296009903
 21
176292.6860944196
 31
0.0
  0
LINE
  5
2071
330
206E
100
AcDbEntity
  8
CALLOUT TEXT
440
 16777216
370
    -2
100
AcDbLine
 10
656306.7296009903
 20
176317.3060944195
 30
0.0
 11
656306.7296009903
 21
176292.6860944196
 31
0.0
  0
LINE
  5
2072
330
206E
100
AcDbEntity
  8
CALLOUT TEXT
440
 16777216
370
    -2
100
AcDbLine
 10
652656.7296009904
 20
176242.6860944196
 30
0.0
 11
656356.7296009903
 21
176242.6860944196
 31
0.0
  0
INSERT
  5
2073
330
206E
100
AcDbEntity
  8
CALLOUT TEXT
440
 16777216
370
    -2
100
AcDbBlockReference
  2
_ArchTick
 10
652706.7296009903
 20
176242.6860944196
 30
0.0
 41
75.0
 42
75.0
 43
75.0
 50
180.0
  0
INSERT
  5
2074
330
206E
100
AcDbEntity
  8
CALLOUT TEXT
440
 16777216
370
    -2
100
AcDbBlockReference
  2
_ArchTick
 10
656306.7296009903
 20
176242.6860944196
 30
0.0
 41
75.0
 42
75.0
 43
75.0
  0
MTEXT
  5
2075
330
206E
100
AcDbEntity
  8
CALLOUT TEXT
440
 16777216
100
AcDbMText
 10
654506.7296009903
 20
176430.1860944195
 30
0.0
 40
225.0
 41
0.0
 46
0.0
 71
     5
 72
     1
  1
\A1;3600
  7
dim
 73
     1
 44
1.0
  0
POINT
  5
2076
330
206E
100
AcDbEntity
  8
Defpoints
 62
     0
440
 16777216
100
AcDbPoint
 10
652706.7296009903
 20
176242.3060944195
 30
0.0
  0
POINT
  5
2077
330
206E
100
AcDbEntity
  8
Defpoints
 62
     0
440
 16777216
100
AcDbPoint
 10
656306.7296009903
 20
176242.3060944195
 30
0.0
  0
POINT
  5
2078
330
206E
100
AcDbEntity
  8
Defpoints
 62
     0
440
 16777216
100
AcDbPoint
 10
656306.7296009903
 20
176242.6860944196
 30
0.0
  0
ENDBLK
  5
2079
330
206E
100
AcDbEntity
  8
0
 62
     7
420
 16777215
100
AcDbBlockEnd
  0
BLOCK
  5
207B
330
207A
100
AcDbEntity
  8
0
 62
     7
420
 16777215
100
AcDbBlockBegin
  2
*D236
 70
     1
 10
0.0
 20
0.0
 30
0.0
  3
*D236
  1

  0
LINE
  5
207C
330
207A
100
AcDbEntity
  8
CALLOUT TEXT
440
 16777216
370
    -2
100
AcDbLine
 10
632006.7299061661
 20
161150.4470295696
 30
0.0
 11
632006.7299061661
 21
161125.4470295697
 31
0.0
  0
LINE
  5
207D
330
207A
100
AcDbEntity
  8
CALLOUT TEXT
440
 16777216
370
    -2
100
AcDbLine
 10
634631.7299061661
 20
161150.4470295696
 30
0.0
 11
634631.7299061661
 21
161125.4470295697
 31
0.0
  0
LINE
  5
207E
330
207A
100
AcDbEntity
  8
CALLOUT TEXT
440
 16777216
370
    -2
100
AcDbLine
 10
631956.7299061661
 20
161075.4470295696
 30
0.0
 11
634681.7299061662
 21
161075.4470295696
 31
0.0
  0
INSERT
  5
207F
330
207A
100
AcDbEntity
  8
CALLOUT TEXT
440
 16777216
370
    -2
100
AcDbBlockReference
  2
_ArchTick
 10
632006.7299061661
 20
161075.4470295696
 30
0.0
 41
75.0
 42
75.0
 43
75.0
 50
180.0
  0
INSERT
  5
2080
330
207A
100
AcDbEntity
  8
CALLOUT TEXT
440
 16777216
370
    -2
100
AcDbBlockReference
  2
_ArchTick
 10
634631.7299061661
 20
161075.4470295696
 30
0.0
 41
75.0
 42
75.0
 43
75.0
  0
MTEXT
  5
2081
330
207A
100
AcDbEntity
  8
CALLOUT TEXT
440
 16777216
100
AcDbMText
 10
633319.2299061661
 20
161262.9470295696
 30
0.0
 40
225.0
 41
0.0
 46
0.0
 71
     5
 72
     1
  1
\A1;2625
  7
dim
 73
     1
 44
1.0
  0
POINT
  5
2082
330
207A
100
AcDbEntity
  8
Defpoints
 62
     0
440
 16777216
100
AcDbPoint
 10
632006.7299061661
 20
161075.4470295696
 30
0.0
  0
POINT
  5
2083
330
207A
100
AcDbEntity
  8
Defpoints
 62
     0
440
 16777216
100
AcDbPoint
 10
634631.7299061661
 20
161075.4470295696
 30
0.0
  0
POINT
  5
2084
330
207A
100
AcDbEntity
  8
Defpoints
 62
     0
440
 16777216
100
AcDbPoint
 10
634631.7299061661
 20
161075.4470295696
 30
0.0
  0
ENDBLK
  5
2085
330
207A
100
AcDbEntity
  8
0
 62
     7
420
 16777215
100
AcDbBlockEnd
  0
BLOCK
  5
2087
330
2086
100
AcDbEntity
  8
0
 62
     7
420
 16777215
100
AcDbBlockBegin
  2
*D237
 70
     1
 10
0.0
 20
0.0
 30
0.0
  3
*D237
  1

  0
LINE
  5
2088
330
2086
100
AcDbEntity
  8
CALLOUT TEXT
440
 16777216
370
    -2
100
AcDbLine
 10
634631.7299061661
 20
161150.4470295696
 30
0.0
 11
634631.7299061661
 21
161125.4470295697
 31
0.0
  0
LINE
  5
2089
330
2086
100
AcDbEntity
  8
CALLOUT TEXT
440
 16777216
370
    -2
100
AcDbLine
 10
639313.2872779794
 20
161149.1061577801
 30
0.0
 11
639313.2872779794
 21
161125.4470295697
 31
0.0
  0
LINE
  5
208A
330
2086
100
AcDbEntity
  8
CALLOUT TEXT
440
 16777216
370
    -2
100
AcDbLine
 10
634581.7299061661
 20
161075.4470295696
 30
0.0
 11
639363.2872779794
 21
161075.4470295696
 31
0.0
  0
INSERT
  5
208B
330
2086
100
AcDbEntity
  8
CALLOUT TEXT
440
 16777216
370
    -2
100
AcDbBlockReference
  2
_ArchTick
 10
634631.7299061661
 20
161075.4470295696
 30
0.0
 41
75.0
 42
75.0
 43
75.0
 50
180.0
  0
INSERT
  5
208C
330
2086
100
AcDbEntity
  8
CALLOUT TEXT
440
 16777216
370
    -2
100
AcDbBlockReference
  2
_ArchTick
 10
639313.2872779794
 20
161075.4470295696
 30
0.0
 41
75.0
 42
75.0
 43
75.0
  0
MTEXT
  5
208D
330
2086
100
AcDbEntity
  8
CALLOUT TEXT
440
 16777216
100
AcDbMText
 10
636972.5085920728
 20
161262.9470295696
 30
0.0
 40
225.0
 41
0.0
 46
0.0
 71
     5
 72
     1
  1
\A1;4682
  7
dim
 73
     1
 44
1.0
  0
POINT
  5
208E
330
2086
100
AcDbEntity
  8
Defpoints
 62
     0
440
 16777216
100
AcDbPoint
 10
634631.7299061661
 20
161075.4470295696
 30
0.0
  0
POINT
  5
208F
330
2086
100
AcDbEntity
  8
Defpoints
 62
     0
440
 16777216
100
AcDbPoint
 10
639313.2872779794
 20
161074.1061577801
 30
0.0000000000000142
  0
POINT
  5
2090
330
2086
100
AcDbEntity
  8
Defpoints
 62
     0
440
 16777216
100
AcDbPoint
 10
639313.2872779794
 20
161075.4470295696
 30
0.0
  0
ENDBLK
  5
2091
330
2086
100
AcDbEntity
  8
0
 62
     7
420
 16777215
100
AcDbBlockEnd
  0
BLOCK
  5
2093
330
2092
100
AcDbEntity
  8
0
 62
     7
420
 16777215
100
AcDbBlockBegin
  2
*D238
 70
     1
 10
0.0
 20
0.0
 30
0.0
  3
*D238
  1

  0
LINE
  5
2094
330
2092
100
AcDbEntity
  8
CALLOUT TEXT
440
 16777216
370
    -2
100
AcDbLine
 10
639313.2872779794
 20
161149.1061577801
 30
0.0
 11
639313.2872779794
 21
161125.4470295697
 31
0.0
  0
LINE
  5
2095
330
2092
100
AcDbEntity
  8
CALLOUT TEXT
440
 16777216
370
    -2
100
AcDbLine
 10
639881.8300312155
 20
161001.0849315427
 30
0.0
 11
639881.8300312155
 21
161025.4470295696
 31
0.0
  0
LINE
  5
2096
330
2092
100
AcDbEntity
  8
CALLOUT TEXT
440
 16777216
370
    -2
100
AcDbLine
 10
639263.2872779794
 20
161075.4470295696
 30
0.0
 11
639931.8300312155
 21
161075.4470295696
 31
0.0
  0
LINE
  5
2097
330
2092
100
AcDbEntity
  8
CALLOUT TEXT
440
 16777216
370
    -2
100
AcDbLine
 10
639597.5586545976
 20
161075.4470295696
 30
0.0
 11
639388.367314341
 21
161353.5473554241
 31
0.0
  0
LINE
  5
2098
330
2092
100
AcDbEntity
  8
CALLOUT TEXT
440
 16777216
370
    -2
100
AcDbLine
 10
639388.367314341
 20
161353.5473554241
 30
0.0
 11
638784.0816000553
 21
161353.5473554241
 31
0.0
  0
MTEXT
  5
2099
330
2092
100
AcDbEntity
  8
CALLOUT TEXT
440
 16777216
100
AcDbMText
 10
639086.2244571982
 20
161541.0473554241
 30
0.0
 40
225.0
 41
0.0
 46
0.0
 71
     5
 72
     1
  1
\A1;569
  7
dim
 73
     1
 44
1.0
  0
INSERT
  5
209A
330
2092
100
AcDbEntity
  8
CALLOUT TEXT
440
 16777216
370
    -2
100
AcDbBlockReference
  2
_ArchTick
 10
639313.2872779794
 20
161075.4470295696
 30
0.0
 41
75.0
 42
75.0
 43
75.0
 50
180.0
  0
INSERT
  5
209B
330
2092
100
AcDbEntity
  8
CALLOUT TEXT
440
 16777216
370
    -2
100
AcDbBlockReference
  2
_ArchTick
 10
639881.8300312155
 20
161075.4470295696
 30
0.0
 41
75.0
 42
75.0
 43
75.0
  0
POINT
  5
209C
330
2092
100
AcDbEntity
  8
Defpoints
 62
     0
440
 16777216
100
AcDbPoint
 10
639313.2872779794
 20
161074.1061577801
 30
0.0000000000000142
  0
POINT
  5
209D
330
2092
100
AcDbEntity
  8
Defpoints
 62
     0
440
 16777216
100
AcDbPoint
 10
639881.8300312155
 20
161076.0849315427
 30
0.0
  0
POINT
  5
209E
330
2092
100
AcDbEntity
  8
Defpoints
 62
     0
440
 16777216
100
AcDbPoint
 10
639881.8300312155
 20
161075.4470295696
 30
0.0
  0
ENDBLK
  5
209F
330
2092
100
AcDbEntity
  8
0
 62
     7
420
 16777215
100
AcDbBlockEnd
  0
BLOCK
  5
20A1
330
20A0
100
AcDbEntity
  8
0
 62
     7
420
 16777215
100
AcDbBlockBegin
  2
*D239
 70
     1
 10
0.0
 20
0.0
 30
0.0
  3
*D239
  1

  0
LINE
  5
20A2
330
20A0
100
AcDbEntity
  8
CALLOUT TEXT
440
 16777216
370
    -2
100
AcDbLine
 10
639881.8300312155
 20
161001.0849315427
 30
0.0
 11
639881.8300312155
 21
161025.4470295696
 31
0.0
  0
LINE
  5
20A3
330
20A0
100
AcDbEntity
  8
CALLOUT TEXT
440
 16777216
370
    -2
100
AcDbLine
 10
640556.7303406686
 20
161150.4469753417
 30
0.0
 11
640556.7303406686
 21
161125.4470295697
 31
0.0
  0
LINE
  5
20A4
330
20A0
100
AcDbEntity
  8
CALLOUT TEXT
440
 16777216
370
    -2
100
AcDbLine
 10
639831.8300312155
 20
161075.4470295696
 30
0.0
 11
640606.7303406685
 21
161075.4470295696
 31
0.0
  0
INSERT
  5
20A5
330
20A0
100
AcDbEntity
  8
CALLOUT TEXT
440
 16777216
370
    -2
100
AcDbBlockReference
  2
_ArchTick
 10
639881.8300312155
 20
161075.4470295696
 30
0.0
 41
75.0
 42
75.0
 43
75.0
 50
180.0
  0
INSERT
  5
20A6
330
20A0
100
AcDbEntity
  8
CALLOUT TEXT
440
 16777216
370
    -2
100
AcDbBlockReference
  2
_ArchTick
 10
640556.7303406686
 20
161075.4470295696
 30
0.0
 41
75.0
 42
75.0
 43
75.0
  0
MTEXT
  5
20A7
330
20A0
100
AcDbEntity
  8
CALLOUT TEXT
440
 16777216
100
AcDbMText
 10
640219.280185942
 20
161262.9470295696
 30
0.0
 40
225.0
 41
0.0
 46
0.0
 71
     5
 72
     1
  1
\A1;675
  7
dim
 73
     1
 44
1.0
  0
POINT
  5
20A8
330
20A0
100
AcDbEntity
  8
Defpoints
 62
     0
440
 16777216
100
AcDbPoint
 10
639881.8300312155
 20
161076.0849315427
 30
0.0
  0
POINT
  5
20A9
330
20A0
100
AcDbEntity
  8
Defpoints
 62
     0
440
 16777216
100
AcDbPoint
 10
640556.7303406686
 20
161075.4469753417
 30
0.0
  0
POINT
  5
20AA
330
20A0
100
AcDbEntity
  8
Defpoints
 62
     0
440
 16777216
100
AcDbPoint
 10
640556.7303406686
 20
161075.4470295696
 30
0.0
  0
ENDBLK
  5
20AB
330
20A0
100
AcDbEntity
  8
0
 62
     7
420
 16777215
100
AcDbBlockEnd
  0
BLOCK
  5
20AD
330
20AC
100
AcDbEntity
  8
0
 62
     7
420
 16777215
100
AcDbBlockBegin
  2
*D240
 70
     1
 10
0.0
 20
0.0
 30
0.0
  3
*D240
  1

  0
LINE
  5
20AE
330
20AC
100
AcDbEntity
  8
CALLOUT TEXT
440
 16777216
370
    -2
100
AcDbLine
 10
640556.7303406686
 20
161150.4469753417
 30
0.0
 11
640556.7303406686
 21
161125.4470295697
 31
0.0
  0
LINE
  5
20AF
330
20AC
100
AcDbEntity
  8
CALLOUT TEXT
440
 16777216
370
    -2
100
AcDbLine
 10
643981.7308216935
 20
161150.4470295696
 30
0.0
 11
643981.7308216935
 21
161125.4470295697
 31
0.0
  0
LINE
  5
20B0
330
20AC
100
AcDbEntity
  8
CALLOUT TEXT
440
 16777216
370
    -2
100
AcDbLine
 10
640506.7303406685
 20
161075.4470295696
 30
0.0
 11
644031.7308216934
 21
161075.4470295696
 31
0.0
  0
INSERT
  5
20B1
330
20AC
100
AcDbEntity
  8
CALLOUT TEXT
440
 16777216
370
    -2
100
AcDbBlockReference
  2
_ArchTick
 10
640556.7303406686
 20
161075.4470295696
 30
0.0
 41
75.0
 42
75.0
 43
75.0
 50
180.0
  0
INSERT
  5
20B2
330
20AC
100
AcDbEntity
  8
CALLOUT TEXT
440
 16777216
370
    -2
100
AcDbBlockReference
  2
_ArchTick
 10
643981.7308216935
 20
161075.4470295696
 30
0.0
 41
75.0
 42
75.0
 43
75.0
  0
MTEXT
  5
20B3
330
20AC
100
AcDbEntity
  8
CALLOUT TEXT
440
 16777216
100
AcDbMText
 10
642269.2305811809
 20
161262.9470295696
 30
0.0
 40
225.0
 41
0.0
 46
0.0
 71
     5
 72
     1
  1
\A1;3425
  7
dim
 73
     1
 44
1.0
  0
POINT
  5
20B4
330
20AC
100
AcDbEntity
  8
Defpoints
 62
     0
440
 16777216
100
AcDbPoint
 10
640556.7303406686
 20
161075.4469753417
 30
0.0
  0
POINT
  5
20B5
330
20AC
100
AcDbEntity
  8
Defpoints
 62
     0
440
 16777216
100
AcDbPoint
 10
643981.7308216935
 20
161075.4470295696
 30
0.0000000000000142
  0
POINT
  5
20B6
330
20AC
100
AcDbEntity
  8
Defpoints
 62
     0
440
 16777216
100
AcDbPoint
 10
643981.7308216935
 20
161075.4470295696
 30
0.0
  0
ENDBLK
  5
20B7
330
20AC
100
AcDbEntity
  8
0
 62
     7
420
 16777215
100
AcDbBlockEnd
  0
BLOCK
  5
20B9
330
20B8
100
AcDbEntity
  8
0
 62
     7
420
 16777215
100
AcDbBlockBegin
  2
*D241
 70
     1
 10
0.0
 20
0.0
 30
0.0
  3
*D241
  1

  0
LINE
  5
20BA
330
20B8
100
AcDbEntity
  8
CALLOUT TEXT
440
 16777216
370
    -2
100
AcDbLine
 10
643981.7308216935
 20
161150.4470295696
 30
0.0
 11
643981.7308216935
 21
161125.4470295697
 31
0.0
  0
LINE
  5
20BB
330
20B8
100
AcDbEntity
  8
CALLOUT TEXT
440
 16777216
370
    -2
100
AcDbLine
 10
645581.7303334126
 20
161000.4470295698
 30
0.0
 11
645581.7303334126
 21
161025.4470295696
 31
0.0
  0
LINE
  5
20BC
330
20B8
100
AcDbEntity
  8
CALLOUT TEXT
440
 16777216
370
    -2
100
AcDbLine
 10
643931.7308216934
 20
161075.4470295696
 30
0.0
 11
645631.7303334126
 21
161075.4470295696
 31
0.0
  0
INSERT
  5
20BD
330
20B8
100
AcDbEntity
  8
CALLOUT TEXT
440
 16777216
370
    -2
100
AcDbBlockReference
  2
_ArchTick
 10
643981.7308216935
 20
161075.4470295696
 30
0.0
 41
75.0
 42
75.0
 43
75.0
 50
180.0
  0
INSERT
  5
20BE
330
20B8
100
AcDbEntity
  8
CALLOUT TEXT
440
 16777216
370
    -2
100
AcDbBlockReference
  2
_ArchTick
 10
645581.7303334126
 20
161075.4470295696
 30
0.0
 41
75.0
 42
75.0
 43
75.0
  0
MTEXT
  5
20BF
330
20B8
100
AcDbEntity
  8
CALLOUT TEXT
440
 16777216
100
AcDbMText
 10
644781.7305775529
 20
161262.9470295696
 30
0.0
 40
225.0
 41
0.0
 46
0.0
 71
     5
 72
     1
  1
\A1;1600
  7
dim
 73
     1
 44
1.0
  0
POINT
  5
20C0
330
20B8
100
AcDbEntity
  8
Defpoints
 62
     0
440
 16777216
100
AcDbPoint
 10
643981.7308216935
 20
161075.4470295696
 30
0.0000000000000142
  0
POINT
  5
20C1
330
20B8
100
AcDbEntity
  8
Defpoints
 62
     0
440
 16777216
100
AcDbPoint
 10
645581.7303334126
 20
161075.4470295698
 30
0.0
  0
POINT
  5
20C2
330
20B8
100
AcDbEntity
  8
Defpoints
 62
     0
440
 16777216
100
AcDbPoint
 10
645581.7303334126
 20
161075.4470295696
 30
0.0
  0
ENDBLK
  5
20C3
330
20B8
100
AcDbEntity
  8
0
 62
     7
420
 16777215
100
AcDbBlockEnd
  0
BLOCK
  5
20C5
330
20C4
100
AcDbEntity
  8
0
 62
     7
420
 16777215
100
AcDbBlockBegin
  2
*D242
 70
     1
 10
0.0
 20
0.0
 30
0.0
  3
*D242
  1

  0
LINE
  5
20C6
330
20C4
100
AcDbEntity
  8
CALLOUT TEXT
440
 16777216
370
    -2
100
AcDbLine
 10
645581.7303334126
 20
161000.4470295698
 30
0.0
 11
645581.7303334126
 21
161025.4470295696
 31
0.0
  0
LINE
  5
20C7
330
20C4
100
AcDbEntity
  8
CALLOUT TEXT
440
 16777216
370
    -2
100
AcDbLine
 10
646256.7303334122
 20
161150.4470295696
 30
0.0
 11
646256.7303334122
 21
161125.4470295697
 31
0.0
  0
LINE
  5
20C8
330
20C4
100
AcDbEntity
  8
CALLOUT TEXT
440
 16777216
370
    -2
100
AcDbLine
 10
645531.7303334125
 20
161075.4470295696
 30
0.0
 11
646306.7303334122
 21
161075.4470295696
 31
0.0
  0
INSERT
  5
20C9
330
20C4
100
AcDbEntity
  8
CALLOUT TEXT
440
 16777216
370
    -2
100
AcDbBlockReference
  2
_ArchTick
 10
645581.7303334126
 20
161075.4470295696
 30
0.0
 41
75.0
 42
75.0
 43
75.0
 50
180.0
  0
INSERT
  5
20CA
330
20C4
100
AcDbEntity
  8
CALLOUT TEXT
440
 16777216
370
    -2
100
AcDbBlockReference
  2
_ArchTick
 10
646256.7303334122
 20
161075.4470295696
 30
0.0
 41
75.0
 42
75.0
 43
75.0
  0
MTEXT
  5
20CB
330
20C4
100
AcDbEntity
  8
CALLOUT TEXT
440
 16777216
100
AcDbMText
 10
645919.2303334123
 20
161262.9470295696
 30
0.0
 40
225.0
 41
0.0
 46
0.0
 71
     5
 72
     1
  1
\A1;675
  7
dim
 73
     1
 44
1.0
  0
POINT
  5
20CC
330
20C4
100
AcDbEntity
  8
Defpoints
 62
     0
440
 16777216
100
AcDbPoint
 10
645581.7303334126
 20
161075.4470295698
 30
0.0
  0
POINT
  5
20CD
330
20C4
100
AcDbEntity
  8
Defpoints
 62
     0
440
 16777216
100
AcDbPoint
 10
646256.7303334122
 20
161075.4470295696
 30
0.0
  0
POINT
  5
20CE
330
20C4
100
AcDbEntity
  8
Defpoints
 62
     0
440
 16777216
100
AcDbPoint
 10
646256.7303334122
 20
161075.4470295696
 30
0.0
  0
ENDBLK
  5
20CF
330
20C4
100
AcDbEntity
  8
0
 62
     7
420
 16777215
100
AcDbBlockEnd
  0
BLOCK
  5
20D1
330
20D0
100
AcDbEntity
  8
0
 62
     7
420
 16777215
100
AcDbBlockBegin
  2
*D243
 70
     1
 10
0.0
 20
0.0
 30
0.0
  3
*D243
  1

  0
LINE
  5
20D2
330
20D0
100
AcDbEntity
  8
CALLOUT TEXT
440
 16777216
370
    -2
100
AcDbLine
 10
646256.7303334122
 20
161150.4470295696
 30
0.0
 11
646256.7303334122
 21
161125.4470295697
 31
0.0
  0
LINE
  5
20D3
330
20D0
100
AcDbEntity
  8
CALLOUT TEXT
440
 16777216
370
    -2
100
AcDbLine
 10
648656.7308216935
 20
161150.4470295696
 30
0.0
 11
648656.7308216935
 21
161125.4470295697
 31
0.0
  0
LINE
  5
20D4
330
20D0
100
AcDbEntity
  8
CALLOUT TEXT
440
 16777216
370
    -2
100
AcDbLine
 10
646206.7303334122
 20
161075.4470295696
 30
0.0
 11
648706.7308216935
 21
161075.4470295696
 31
0.0
  0
INSERT
  5
20D5
330
20D0
100
AcDbEntity
  8
CALLOUT TEXT
440
 16777216
370
    -2
100
AcDbBlockReference
  2
_ArchTick
 10
646256.7303334122
 20
161075.4470295696
 30
0.0
 41
75.0
 42
75.0
 43
75.0
 50
180.0
  0
INSERT
  5
20D6
330
20D0
100
AcDbEntity
  8
CALLOUT TEXT
440
 16777216
370
    -2
100
AcDbBlockReference
  2
_ArchTick
 10
648656.7308216935
 20
161075.4470295696
 30
0.0
 41
75.0
 42
75.0
 43
75.0
  0
MTEXT
  5
20D7
330
20D0
100
AcDbEntity
  8
CALLOUT TEXT
440
 16777216
100
AcDbMText
 10
647456.7305775528
 20
161262.9470295696
 30
0.0
 40
225.0
 41
0.0
 46
0.0
 71
     5
 72
     1
  1
\A1;2400
  7
dim
 73
     1
 44
1.0
  0
POINT
  5
20D8
330
20D0
100
AcDbEntity
  8
Defpoints
 62
     0
440
 16777216
100
AcDbPoint
 10
646256.7303334122
 20
161075.4470295696
 30
0.0
  0
POINT
  5
20D9
330
20D0
100
AcDbEntity
  8
Defpoints
 62
     0
440
 16777216
100
AcDbPoint
 10
648656.7308216935
 20
161075.4470295696
 30
0.0000000000000142
  0
POINT
  5
20DA
330
20D0
100
AcDbEntity
  8
Defpoints
 62
     0
440
 16777216
100
AcDbPoint
 10
648656.7308216935
 20
161075.4470295696
 30
0.0
  0
ENDBLK
  5
20DB
330
20D0
100
AcDbEntity
  8
0
 62
     7
420
 16777215
100
AcDbBlockEnd
  0
BLOCK
  5
20DD
330
20DC
100
AcDbEntity
  8
0
 62
     7
420
 16777215
100
AcDbBlockBegin
  2
*D244
 70
     1
 10
0.0
 20
0.0
 30
0.0
  3
*D244
  1

  0
LINE
  5
20DE
330
20DC
100
AcDbEntity
  8
CALLOUT TEXT
440
 16777216
370
    -2
100
AcDbLine
 10
648656.7308216935
 20
161150.4470295696
 30
0.0
 11
648656.7308216935
 21
161125.4470295697
 31
0.0
  0
LINE
  5
20DF
330
20DC
100
AcDbEntity
  8
CALLOUT TEXT
440
 16777216
370
    -2
100
AcDbLine
 10
651281.7296009903
 20
161150.4470295696
 30
0.0
 11
651281.7296009903
 21
161125.4470295697
 31
0.0
  0
LINE
  5
20E0
330
20DC
100
AcDbEntity
  8
CALLOUT TEXT
440
 16777216
370
    -2
100
AcDbLine
 10
648606.7308216934
 20
161075.4470295696
 30
0.0
 11
651331.7296009903
 21
161075.4470295696
 31
0.0
  0
INSERT
  5
20E1
330
20DC
100
AcDbEntity
  8
CALLOUT TEXT
440
 16777216
370
    -2
100
AcDbBlockReference
  2
_ArchTick
 10
648656.7308216935
 20
161075.4470295696
 30
0.0
 41
75.0
 42
75.0
 43
75.0
 50
180.0
  0
INSERT
  5
20E2
330
20DC
100
AcDbEntity
  8
CALLOUT TEXT
440
 16777216
370
    -2
100
AcDbBlockReference
  2
_ArchTick
 10
651281.7296009903
 20
161075.4470295696
 30
0.0
 41
75.0
 42
75.0
 43
75.0
  0
MTEXT
  5
20E3
330
20DC
100
AcDbEntity
  8
CALLOUT TEXT
440
 16777216
100
AcDbMText
 10
649969.230211342
 20
161262.9470295696
 30
0.0
 40
225.0
 41
0.0
 46
0.0
 71
     5
 72
     1
  1
\A1;2625
  7
dim
 73
     1
 44
1.0
  0
POINT
  5
20E4
330
20DC
100
AcDbEntity
  8
Defpoints
 62
     0
440
 16777216
100
AcDbPoint
 10
648656.7308216935
 20
161075.4470295696
 30
0.0000000000000142
  0
POINT
  5
20E5
330
20DC
100
AcDbEntity
  8
Defpoints
 62
     0
440
 16777216
100
AcDbPoint
 10
651281.7296009903
 20
161075.4470295696
 30
0.0
  0
POINT
  5
20E6
330
20DC
100
AcDbEntity
  8
Defpoints
 62
     0
440
 16777216
100
AcDbPoint
 10
651281.7296009903
 20
161075.4470295696
 30
0.0
  0
ENDBLK
  5
20E7
330
20DC
100
AcDbEntity
  8
0
 62
     7
420
 16777215
100
AcDbBlockEnd
  0
BLOCK
  5
20E9
330
20E8
100
AcDbEntity
  8
0
 62
     7
420
 16777215
100
AcDbBlockBegin
  2
*D245
 70
     1
 10
0.0
 20
0.0
 30
0.0
  3
*D245
  1

  0
LINE
  5
20EA
330
20E8
100
AcDbEntity
  8
CALLOUT TEXT
440
 16777216
370
    -2
100
AcDbLine
 10
651281.7296009903
 20
161150.4470295696
 30
0.0
 11
651281.7296009903
 21
161125.4470295697
 31
0.0
  0
LINE
  5
20EB
330
20E8
100
AcDbEntity
  8
CALLOUT TEXT
440
 16777216
370
    -2
100
AcDbLine
 10
652706.7296009903
 20
161150.0670295696
 30
0.0
 11
652706.7296009903
 21
161125.4470295697
 31
0.0
  0
LINE
  5
20EC
330
20E8
100
AcDbEntity
  8
CALLOUT TEXT
440
 16777216
370
    -2
100
AcDbLine
 10
651231.7296009904
 20
161075.4470295696
 30
0.0
 11
652756.7296009903
 21
161075.4470295696
 31
0.0
  0
INSERT
  5
20ED
330
20E8
100
AcDbEntity
  8
CALLOUT TEXT
440
 16777216
370
    -2
100
AcDbBlockReference
  2
_ArchTick
 10
651281.7296009903
 20
161075.4470295696
 30
0.0
 41
75.0
 42
75.0
 43
75.0
 50
180.0
  0
INSERT
  5
20EE
330
20E8
100
AcDbEntity
  8
CALLOUT TEXT
440
 16777216
370
    -2
100
AcDbBlockReference
  2
_ArchTick
 10
652706.7296009903
 20
161075.4470295696
 30
0.0
 41
75.0
 42
75.0
 43
75.0
  0
MTEXT
  5
20EF
330
20E8
100
AcDbEntity
  8
CALLOUT TEXT
440
 16777216
100
AcDbMText
 10
651994.2296009903
 20
161262.9470295696
 30
0.0
 40
225.0
 41
0.0
 46
0.0
 71
     5
 72
     1
  1
\A1;1425
  7
dim
 73
     1
 44
1.0
  0
POINT
  5
20F0
330
20E8
100
AcDbEntity
  8
Defpoints
 62
     0
440
 16777216
100
AcDbPoint
 10
651281.7296009903
 20
161075.4470295696
 30
0.0
  0
POINT
  5
20F1
330
20E8
100
AcDbEntity
  8
Defpoints
 62
     0
440
 16777216
100
AcDbPoint
 10
652706.7296009903
 20
161075.0670295696
 30
0.0
  0
POINT
  5
20F2
330
20E8
100
AcDbEntity
  8
Defpoints
 62
     0
440
 16777216
100
AcDbPoint
 10
652706.7296009903
 20
161075.4470295696
 30
0.0
  0
ENDBLK
  5
20F3
330
20E8
100
AcDbEntity
  8
0
 62
     7
420
 16777215
100
AcDbBlockEnd
  0
BLOCK
  5
20F5
330
20F4
100
AcDbEntity
  8
0
 62
     7
420
 16777215
100
AcDbBlockBegin
  2
*D246
 70
     1
 10
0.0
 20
0.0
 30
0.0
  3
*D246
  1

  0
LINE
  5
20F6
330
20F4
100
AcDbEntity
  8
CALLOUT TEXT
440
 16777216
370
    -2
100
AcDbLine
 10
652706.7296009903
 20
161150.0670295696
 30
0.0
 11
652706.7296009903
 21
161125.4470295697
 31
0.0
  0
LINE
  5
20F7
330
20F4
100
AcDbEntity
  8
CALLOUT TEXT
440
 16777216
370
    -2
100
AcDbLine
 10
656306.7296009903
 20
161150.0670295696
 30
0.0
 11
656306.7296009903
 21
161125.4470295697
 31
0.0
  0
LINE
  5
20F8
330
20F4
100
AcDbEntity
  8
CALLOUT TEXT
440
 16777216
370
    -2
100
AcDbLine
 10
652656.7296009904
 20
161075.4470295696
 30
0.0
 11
656356.7296009903
 21
161075.4470295696
 31
0.0
  0
INSERT
  5
20F9
330
20F4
100
AcDbEntity
  8
CALLOUT TEXT
440
 16777216
370
    -2
100
AcDbBlockReference
  2
_ArchTick
 10
652706.7296009903
 20
161075.4470295696
 30
0.0
 41
75.0
 42
75.0
 43
75.0
 50
180.0
  0
INSERT
  5
20FA
330
20F4
100
AcDbEntity
  8
CALLOUT TEXT
440
 16777216
370
    -2
100
AcDbBlockReference
  2
_ArchTick
 10
656306.7296009903
 20
161075.4470295696
 30
0.0
 41
75.0
 42
75.0
 43
75.0
  0
MTEXT
  5
20FB
330
20F4
100
AcDbEntity
  8
CALLOUT TEXT
440
 16777216
100
AcDbMText
 10
654506.7296009903
 20
161262.9470295696
 30
0.0
 40
225.0
 41
0.0
 46
0.0
 71
     5
 72
     1
  1
\A1;3600
  7
dim
 73
     1
 44
1.0
  0
POINT
  5
20FC
330
20F4
100
AcDbEntity
  8
Defpoints
 62
     0
440
 16777216
100
AcDbPoint
 10
652706.7296009903
 20
161075.0670295696
 30
0.0
  0
POINT
  5
20FD
330
20F4
100
AcDbEntity
  8
Defpoints
 62
     0
440
 16777216
100
AcDbPoint
 10
656306.7296009903
 20
161075.0670295696
 30
0.0
  0
POINT
  5
20FE
330
20F4
100
AcDbEntity
  8
Defpoints
 62
     0
440
 16777216
100
AcDbPoint
 10
656306.7296009903
 20
161075.4470295696
 30
0.0
  0
ENDBLK
  5
20FF
330
20F4
100
AcDbEntity
  8
0
 62
     7
420
 16777215
100
AcDbBlockEnd
  0
BLOCK
  5
2101
330
2100
100
AcDbEntity
  8
0
 62
     7
420
 16777215
100
AcDbBlockBegin
  2
*D247
 70
     1
 10
0.0
 20
0.0
 30
0.0
  3
*D247
  1

  0
LINE
  5
2102
330
2100
100
AcDbEntity
  8
CALLOUT TEXT
440
 16777216
370
    -2
100
AcDbLine
 10
658122.96334711
 20
174591.1114458479
 30
0.0
 11
658097.9633471125
 21
174591.1114458479
 31
0.0
  0
LINE
  5
2103
330
2100
100
AcDbEntity
  8
CALLOUT TEXT
440
 16777216
370
    -2
100
AcDbLine
 10
658122.96334711
 20
173991.4422563948
 30
0.0
 11
658097.9633471125
 21
173991.4422563948
 31
0.0
  0
LINE
  5
2104
330
2100
100
AcDbEntity
  8
CALLOUT TEXT
440
 16777216
370
    -2
100
AcDbLine
 10
658047.9633471125
 20
174641.111445848
 30
0.0
 11
658047.9633471125
 21
173941.4422563948
 31
0.0
  0
LINE
  5
2105
330
2100
100
AcDbEntity
  8
CALLOUT TEXT
440
 16777216
370
    -2
100
AcDbLine
 10
658047.9633471125
 20
174291.2768511214
 30
0.0
 11
657751.2671780763
 21
174441.2768511215
 31
0.0
  0
LINE
  5
2106
330
2100
100
AcDbEntity
  8
CALLOUT TEXT
440
 16777216
370
    -2
100
AcDbLine
 10
657751.2671780763
 20
174441.2768511215
 30
0.0
 11
657751.2671780763
 21
175054.1339939786
 31
0.0
  0
MTEXT
  5
2107
330
2100
100
AcDbEntity
  8
CALLOUT TEXT
440
 16777216
100
AcDbMText
 10
657563.7671780762
 20
174747.7054225498
 30
0.0
 40
225.0
 41
0.0
 46
0.0
 71
     5
 72
     1
  1
\A1;600
  7
dim
 11
0.0000000000000001
 21
1.0
 31
0.0
 73
     1
 44
1.0
  0
INSERT
  5
2108
330
2100
100
AcDbEntity
  8
CALLOUT TEXT
440
 16777216
370
    -2
100
AcDbBlockReference
  2
_ArchTick
 10
658047.9633471125
 20
174591.1114458479
 30
0.0
 41
75.0
 42
75.0
 43
75.0
 50
90.0
  0
INSERT
  5
2109
330
2100
100
AcDbEntity
  8
CALLOUT TEXT
440
 16777216
370
    -2
100
AcDbBlockReference
  2
_ArchTick
 10
658047.9633471125
 20
173991.4422563948
 30
0.0
 41
75.0
 42
75.0
 43
75.0
 50
270.0
  0
POINT
  5
210A
330
2100
100
AcDbEntity
  8
Defpoints
 62
     0
440
 16777216
100
AcDbPoint
 10
658047.9633471101
 20
174591.1114458479
 30
0.0
  0
POINT
  5
210B
330
2100
100
AcDbEntity
  8
Defpoints
 62
     0
440
 16777216
100
AcDbPoint
 10
658047.9633471101
 20
173991.4422563948
 30
0.0
  0
POINT
  5
210C
330
2100
100
AcDbEntity
  8
Defpoints
 62
     0
440
 16777216
100
AcDbPoint
 10
658047.9633471125
 20
173991.4422563948
 30
0.0
  0
ENDBLK
  5
210D
330
2100
100
AcDbEntity
  8
0
 62
     7
420
 16777215
100
AcDbBlockEnd
  0
BLOCK
  5
210F
330
210E
100
AcDbEntity
  8
0
 62
     7
420
 16777215
100
AcDbBlockBegin
  2
*D248
 70
     1
 10
0.0
 20
0.0
 30
0.0
  3
*D248
  1

  0
LINE
  5
2110
330
210E
100
AcDbEntity
  8
CALLOUT TEXT
440
 16777216
370
    -2
100
AcDbLine
 10
658122.96334711
 20
173991.4422563948
 30
0.0
 11
658097.9633471127
 21
173991.4422563948
 31
0.0
  0
LINE
  5
2111
330
210E
100
AcDbEntity
  8
CALLOUT TEXT
440
 16777216
370
    -2
100
AcDbLine
 10
658110.0679284066
 20
173016.111445848
 30
0.0
 11
658097.9633471127
 21
173016.111445848
 31
0.0
  0
LINE
  5
2112
330
210E
100
AcDbEntity
  8
CALLOUT TEXT
440
 16777216
370
    -2
100
AcDbLine
 10
658047.9633471127
 20
174041.4422563948
 30
0.0
 11
658047.9633471127
 21
172966.111445848
 31
0.0
  0
INSERT
  5
2113
330
210E
100
AcDbEntity
  8
CALLOUT TEXT
440
 16777216
370
    -2
100
AcDbBlockReference
  2
_ArchTick
 10
658047.9633471127
 20
173991.4422563948
 30
0.0
 41
75.0
 42
75.0
 43
75.0
 50
90.0
  0
INSERT
  5
2114
330
210E
100
AcDbEntity
  8
CALLOUT TEXT
440
 16777216
370
    -2
100
AcDbBlockReference
  2
_ArchTick
 10
658047.9633471127
 20
173016.111445848
 30
0.0
 41
75.0
 42
75.0
 43
75.0
 50
270.0
  0
MTEXT
  5
2115
330
210E
100
AcDbEntity
  8
CALLOUT TEXT
440
 16777216
100
AcDbMText
 10
657860.4633471126
 20
173503.7768511212
 30
0.0
 40
225.0
 41
0.0
 46
0.0
 71
     5
 72
     1
  1
\A1;975
  7
dim
 11
0.0000000000000001
 21
1.0
 31
0.0
 73
     1
 44
1.0
  0
POINT
  5
2116
330
210E
100
AcDbEntity
  8
Defpoints
 62
     0
440
 16777216
100
AcDbPoint
 10
658047.9633471101
 20
173991.4422563948
 30
0.0
  0
POINT
  5
2117
330
210E
100
AcDbEntity
  8
Defpoints
 62
     0
440
 16777216
100
AcDbPoint
 10
658035.0679284065
 20
173016.111445848
 30
0.0
  0
POINT
  5
2118
330
210E
100
AcDbEntity
  8
Defpoints
 62
     0
440
 16777216
100
AcDbPoint
 10
658047.9633471127
 20
173016.111445848
 30
0.0
  0
ENDBLK
  5
2119
330
210E
100
AcDbEntity
  8
0
 62
     7
420
 16777215
100
AcDbBlockEnd
  0
BLOCK
  5
211B
330
211A
100
AcDbEntity
  8
0
 62
     7
420
 16777215
100
AcDbBlockBegin
  2
*D249
 70
     1
 10
0.0
 20
0.0
 30
0.0
  3
*D249
  1

  0
LINE
  5
211C
330
211A
100
AcDbEntity
  8
CALLOUT TEXT
440
 16777216
370
    -2
100
AcDbLine
 10
658110.0679284066
 20
173016.111445848
 30
0.0
 11
658097.9633471129
 21
173016.111445848
 31
0.0
  0
LINE
  5
211D
330
211A
100
AcDbEntity
  8
CALLOUT TEXT
440
 16777216
370
    -2
100
AcDbLine
 10
657981.492600429
 20
170312.3480181136
 30
0.0
 11
657997.9633471129
 21
170312.3480181136
 31
0.0
  0
LINE
  5
211E
330
211A
100
AcDbEntity
  8
CALLOUT TEXT
440
 16777216
370
    -2
100
AcDbLine
 10
658047.9633471128
 20
173066.1114458479
 30
0.0
 11
658047.9633471128
 21
170262.3480181136
 31
0.0
  0
INSERT
  5
211F
330
211A
100
AcDbEntity
  8
CALLOUT TEXT
440
 16777216
370
    -2
100
AcDbBlockReference
  2
_ArchTick
 10
658047.9633471128
 20
173016.111445848
 30
0.0
 41
75.0
 42
75.0
 43
75.0
 50
90.0
  0
INSERT
  5
2120
330
211A
100
AcDbEntity
  8
CALLOUT TEXT
440
 16777216
370
    -2
100
AcDbBlockReference
  2
_ArchTick
 10
658047.9633471128
 20
170312.3480181136
 30
0.0
 41
75.0
 42
75.0
 43
75.0
 50
270.0
  0
MTEXT
  5
2121
330
211A
100
AcDbEntity
  8
CALLOUT TEXT
440
 16777216
100
AcDbMText
 10
657860.4633471127
 20
171664.2297319805
 30
0.0
 40
225.0
 41
0.0
 46
0.0
 71
     5
 72
     1
  1
\A1;2704
  7
dim
 11
0.0000000000000001
 21
1.0
 31
0.0
 73
     1
 44
1.0
  0
POINT
  5
2122
330
211A
100
AcDbEntity
  8
Defpoints
 62
     0
440
 16777216
100
AcDbPoint
 10
658035.0679284065
 20
173016.111445848
 30
0.0
  0
POINT
  5
2123
330
211A
100
AcDbEntity
  8
Defpoints
 62
     0
440
 16777216
100
AcDbPoint
 10
658056.4926004289
 20
170312.3480181136
 30
0.0
  0
POINT
  5
2124
330
211A
100
AcDbEntity
  8
Defpoints
 62
     0
440
 16777216
100
AcDbPoint
 10
658047.9633471128
 20
170312.3480181136
 30
0.0
  0
ENDBLK
  5
2125
330
211A
100
AcDbEntity
  8
0
 62
     7
420
 16777215
100
AcDbBlockEnd
  0
BLOCK
  5
2127
330
2126
100
AcDbEntity
  8
0
 62
     7
420
 16777215
100
AcDbBlockBegin
  2
*D250
 70
     1
 10
0.0
 20
0.0
 30
0.0
  3
*D250
  1

  0
LINE
  5
2128
330
2126
100
AcDbEntity
  8
CALLOUT TEXT
440
 16777216
370
    -2
100
AcDbLine
 10
657981.492600429
 20
170312.3480181136
 30
0.0
 11
657997.9633471132
 21
170312.3480181136
 31
0.0
  0
LINE
  5
2129
330
2126
100
AcDbEntity
  8
CALLOUT TEXT
440
 16777216
370
    -2
100
AcDbLine
 10
658121.6433436155
 20
169191.111445848
 30
0.0
 11
658097.963347113
 21
169191.111445848
 31
0.0
  0
LINE
  5
212A
330
2126
100
AcDbEntity
  8
CALLOUT TEXT
440
 16777216
370
    -2
100
AcDbLine
 10
658047.9633471131
 20
170362.3480181136
 30
0.0
 11
658047.9633471131
 21
169141.111445848
 31
0.0
  0
INSERT
  5
212B
330
2126
100
AcDbEntity
  8
CALLOUT TEXT
440
 16777216
370
    -2
100
AcDbBlockReference
  2
_ArchTick
 10
658047.9633471131
 20
170312.3480181136
 30
0.0
 41
75.0
 42
75.0
 43
75.0
 50
90.0
  0
INSERT
  5
212C
330
2126
100
AcDbEntity
  8
CALLOUT TEXT
440
 16777216
370
    -2
100
AcDbBlockReference
  2
_ArchTick
 10
658047.9633471131
 20
169191.111445848
 30
0.0
 41
75.0
 42
75.0
 43
75.0
 50
270.0
  0
MTEXT
  5
212D
330
2126
100
AcDbEntity
  8
CALLOUT TEXT
440
 16777216
100
AcDbMText
 10
657860.463347113
 20
169751.7297319805
 30
0.0
 40
225.0
 41
0.0
 46
0.0
 71
     5
 72
     1
  1
\A1;1121
  7
dim
 11
0.0000000000000001
 21
1.0
 31
0.0
 73
     1
 44
1.0
  0
POINT
  5
212E
330
2126
100
AcDbEntity
  8
Defpoints
 62
     0
440
 16777216
100
AcDbPoint
 10
658056.4926004289
 20
170312.3480181136
 30
0.0
  0
POINT
  5
212F
330
2126
100
AcDbEntity
  8
Defpoints
 62
     0
440
 16777216
100
AcDbPoint
 10
658046.6433436154
 20
169191.111445848
 30
0.0
  0
POINT
  5
2130
330
2126
100
AcDbEntity
  8
Defpoints
 62
     0
440
 16777216
100
AcDbPoint
 10
658047.9633471131
 20
169191.111445848
 30
0.0
  0
ENDBLK
  5
2131
330
2126
100
AcDbEntity
  8
0
 62
     7
420
 16777215
100
AcDbBlockEnd
  0
BLOCK
  5
2133
330
2132
100
AcDbEntity
  8
0
 62
     7
420
 16777215
100
AcDbBlockBegin
  2
*D251
 70
     1
 10
0.0
 20
0.0
 30
0.0
  3
*D251
  1

  0
LINE
  5
2134
330
2132
100
AcDbEntity
  8
CALLOUT TEXT
440
 16777216
370
    -2
100
AcDbLine
 10
658121.6433436155
 20
169191.111445848
 30
0.0
 11
658097.9633471134
 21
169191.111445848
 31
0.0
  0
LINE
  5
2135
330
2132
100
AcDbEntity
  8
CALLOUT TEXT
440
 16777216
370
    -2
100
AcDbLine
 10
657985.5541496306
 20
166341.111445848
 30
0.0
 11
657997.9633471133
 21
166341.111445848
 31
0.0
  0
LINE
  5
2136
330
2132
100
AcDbEntity
  8
CALLOUT TEXT
440
 16777216
370
    -2
100
AcDbLine
 10
658047.9633471134
 20
169241.1114458479
 30
0.0
 11
658047.9633471134
 21
166291.111445848
 31
0.0
  0
INSERT
  5
2137
330
2132
100
AcDbEntity
  8
CALLOUT TEXT
440
 16777216
370
    -2
100
AcDbBlockReference
  2
_ArchTick
 10
658047.9633471134
 20
169191.111445848
 30
0.0
 41
75.0
 42
75.0
 43
75.0
 50
90.0
  0
INSERT
  5
2138
330
2132
100
AcDbEntity
  8
CALLOUT TEXT
440
 16777216
370
    -2
100
AcDbBlockReference
  2
_ArchTick
 10
658047.9633471134
 20
166341.111445848
 30
0.0
 41
75.0
 42
75.0
 43
75.0
 50
270.0
  0
MTEXT
  5
2139
330
2132
100
AcDbEntity
  8
CALLOUT TEXT
440
 16777216
100
AcDbMText
 10
657860.4633471133
 20
167766.1114458478
 30
0.0
 40
225.0
 41
0.0
 46
0.0
 71
     5
 72
     1
  1
\A1;2850
  7
dim
 11
0.0000000000000001
 21
1.0
 31
0.0
 73
     1
 44
1.0
  0
POINT
  5
213A
330
2132
100
AcDbEntity
  8
Defpoints
 62
     0
440
 16777216
100
AcDbPoint
 10
658046.6433436154
 20
169191.111445848
 30
0.0
  0
POINT
  5
213B
330
2132
100
AcDbEntity
  8
Defpoints
 62
     0
440
 16777216
100
AcDbPoint
 10
658060.5541496307
 20
166341.111445848
 30
0.0
  0
POINT
  5
213C
330
2132
100
AcDbEntity
  8
Defpoints
 62
     0
440
 16777216
100
AcDbPoint
 10
658047.9633471134
 20
166341.111445848
 30
0.0
  0
ENDBLK
  5
213D
330
2132
100
AcDbEntity
  8
0
 62
     7
420
 16777215
100
AcDbBlockEnd
  0
BLOCK
  5
213F
330
213E
100
AcDbEntity
  8
0
 62
     7
420
 16777215
100
AcDbBlockBegin
  2
*D252
 70
     1
 10
0.0
 20
0.0
 30
0.0
  3
*D252
  1

  0
LINE
  5
2140
330
213E
100
AcDbEntity
  8
CALLOUT TEXT
440
 16777216
370
    -2
100
AcDbLine
 10
657985.5541496306
 20
166341.111445848
 30
0.0
 11
657997.9633471136
 21
166341.111445848
 31
0.0
  0
LINE
  5
2141
330
213E
100
AcDbEntity
  8
CALLOUT TEXT
440
 16777216
370
    -2
100
AcDbLine
 10
657974.9941217183
 20
164466.111445848
 30
0.0
 11
657997.9633471136
 21
164466.111445848
 31
0.0
  0
LINE
  5
2142
330
213E
100
AcDbEntity
  8
CALLOUT TEXT
440
 16777216
370
    -2
100
AcDbLine
 10
658047.9633471135
 20
166391.1114458479
 30
0.0
 11
658047.9633471135
 21
164416.111445848
 31
0.0
  0
INSERT
  5
2143
330
213E
100
AcDbEntity
  8
CALLOUT TEXT
440
 16777216
370
    -2
100
AcDbBlockReference
  2
_ArchTick
 10
658047.9633471135
 20
166341.111445848
 30
0.0
 41
75.0
 42
75.0
 43
75.0
 50
90.0
  0
INSERT
  5
2144
330
213E
100
AcDbEntity
  8
CALLOUT TEXT
440
 16777216
370
    -2
100
AcDbBlockReference
  2
_ArchTick
 10
658047.9633471135
 20
164466.111445848
 30
0.0
 41
75.0
 42
75.0
 43
75.0
 50
270.0
  0
MTEXT
  5
2145
330
213E
100
AcDbEntity
  8
CALLOUT TEXT
440
 16777216
100
AcDbMText
 10
657860.4633471134
 20
165403.6114458477
 30
0.0
 40
225.0
 41
0.0
 46
0.0
 71
     5
 72
     1
  1
\A1;1875
  7
dim
 11
0.0000000000000001
 21
1.0
 31
0.0
 73
     1
 44
1.0
  0
POINT
  5
2146
330
213E
100
AcDbEntity
  8
Defpoints
 62
     0
440
 16777216
100
AcDbPoint
 10
658060.5541496307
 20
166341.111445848
 30
0.0
  0
POINT
  5
2147
330
213E
100
AcDbEntity
  8
Defpoints
 62
     0
440
 16777216
100
AcDbPoint
 10
658049.9941217183
 20
164466.111445848
 30
0.0
  0
POINT
  5
2148
330
213E
100
AcDbEntity
  8
Defpoints
 62
     0
440
 16777216
100
AcDbPoint
 10
658047.9633471135
 20
164466.111445848
 30
0.0
  0
ENDBLK
  5
2149
330
213E
100
AcDbEntity
  8
0
 62
     7
420
 16777215
100
AcDbBlockEnd
  0
BLOCK
  5
214B
330
214A
100
AcDbEntity
  8
0
 62
     7
420
 16777215
100
AcDbBlockBegin
  2
*D253
 70
     1
 10
0.0
 20
0.0
 30
0.0
  3
*D253
  1

  0
LINE
  5
214C
330
214A
100
AcDbEntity
  8
CALLOUT TEXT
440
 16777216
370
    -2
100
AcDbLine
 10
657974.9941217183
 20
164466.111445848
 30
0.0
 11
657997.9633471139
 21
164466.111445848
 31
0.0
  0
LINE
  5
214D
330
214A
100
AcDbEntity
  8
CALLOUT TEXT
440
 16777216
370
    -2
100
AcDbLine
 10
657983.8279912204
 20
162666.1117510237
 30
0.0
 11
657997.9633471139
 21
162666.1117510237
 31
0.0
  0
LINE
  5
214E
330
214A
100
AcDbEntity
  8
CALLOUT TEXT
440
 16777216
370
    -2
100
AcDbLine
 10
658047.9633471139
 20
164516.1114458479
 30
0.0
 11
658047.9633471139
 21
162616.1117510237
 31
0.0
  0
INSERT
  5
214F
330
214A
100
AcDbEntity
  8
CALLOUT TEXT
440
 16777216
370
    -2
100
AcDbBlockReference
  2
_ArchTick
 10
658047.9633471139
 20
164466.111445848
 30
0.0
 41
75.0
 42
75.0
 43
75.0
 50
90.0
  0
INSERT
  5
2150
330
214A
100
AcDbEntity
  8
CALLOUT TEXT
440
 16777216
370
    -2
100
AcDbBlockReference
  2
_ArchTick
 10
658047.9633471139
 20
162666.1117510237
 30
0.0
 41
75.0
 42
75.0
 43
75.0
 50
270.0
  0
MTEXT
  5
2151
330
214A
100
AcDbEntity
  8
CALLOUT TEXT
440
 16777216
100
AcDbMText
 10
657860.4633471137
 20
163566.1115984357
 30
0.0
 40
225.0
 41
0.0
 46
0.0
 71
     5
 72
     1
  1
\A1;1800
  7
dim
 11
0.0000000000000001
 21
1.0
 31
0.0
 73
     1
 44
1.0
  0
POINT
  5
2152
330
214A
100
AcDbEntity
  8
Defpoints
 62
     0
440
 16777216
100
AcDbPoint
 10
658049.9941217183
 20
164466.111445848
 30
0.0
  0
POINT
  5
2153
330
214A
100
AcDbEntity
  8
Defpoints
 62
     0
440
 16777216
100
AcDbPoint
 10
658058.8279912203
 20
162666.1117510237
 30
0.0
  0
POINT
  5
2154
330
214A
100
AcDbEntity
  8
Defpoints
 62
     0
440
 16777216
100
AcDbPoint
 10
658047.9633471139
 20
162666.1117510237
 30
0.0
  0
ENDBLK
  5
2155
330
214A
100
AcDbEntity
  8
0
 62
     7
420
 16777215
100
AcDbBlockEnd
  0
BLOCK
  5
2157
330
2156
100
AcDbEntity
  8
0
 62
     7
420
 16777215
100
AcDbBlockBegin
  2
*D254
 70
     1
 10
0.0
 20
0.0
 30
0.0
  3
*D254
  1

  0
LINE
  5
2158
330
2156
100
AcDbEntity
  8
CALLOUT TEXT
440
 16777216
370
    -2
100
AcDbLine
 10
630571.0011018097
 20
170312.3480181136
 30
0.0
 11
630587.7082975268
 21
170312.3480181136
 31
0.0
  0
LINE
  5
2159
330
2156
100
AcDbEntity
  8
CALLOUT TEXT
440
 16777216
370
    -2
100
AcDbLine
 10
630711.3882940292
 20
169191.111445848
 30
0.0
 11
630687.7082975269
 21
169191.111445848
 31
0.0
  0
LINE
  5
215A
330
2156
100
AcDbEntity
  8
CALLOUT TEXT
440
 16777216
370
    -2
100
AcDbLine
 10
630637.7082975268
 20
170362.3480181136
 30
0.0
 11
630637.7082975268
 21
169141.111445848
 31
0.0
  0
INSERT
  5
215B
330
2156
100
AcDbEntity
  8
CALLOUT TEXT
440
 16777216
370
    -2
100
AcDbBlockReference
  2
_ArchTick
 10
630637.7082975268
 20
170312.3480181136
 30
0.0
 41
75.0
 42
75.0
 43
75.0
 50
90.0
  0
INSERT
  5
215C
330
2156
100
AcDbEntity
  8
CALLOUT TEXT
440
 16777216
370
    -2
100
AcDbBlockReference
  2
_ArchTick
 10
630637.7082975268
 20
169191.111445848
 30
0.0
 41
75.0
 42
75.0
 43
75.0
 50
270.0
  0
MTEXT
  5
215D
330
2156
100
AcDbEntity
  8
CALLOUT TEXT
440
 16777216
100
AcDbMText
 10
630450.2082975267
 20
169751.7297319806
 30
0.0
 40
225.0
 41
0.0
 46
0.0
 71
     5
 72
     1
  1
\A1;1121
  7
dim
 11
0.0000000000000001
 21
1.0
 31
0.0
 73
     1
 44
1.0
  0
POINT
  5
215E
330
2156
100
AcDbEntity
  8
Defpoints
 62
     0
440
 16777216
100
AcDbPoint
 10
630646.0011018097
 20
170312.3480181136
 30
0.0
  0
POINT
  5
215F
330
2156
100
AcDbEntity
  8
Defpoints
 62
     0
440
 16777216
100
AcDbPoint
 10
630636.3882940292
 20
169191.111445848
 30
0.0
  0
POINT
  5
2160
330
2156
100
AcDbEntity
  8
Defpoints
 62
     0
440
 16777216
100
AcDbPoint
 10
630637.7082975268
 20
169191.111445848
 30
0.0
  0
ENDBLK
  5
2161
330
2156
100
AcDbEntity
  8
0
 62
     7
420
 16777215
100
AcDbBlockEnd
  0
BLOCK
  5
2163
330
2162
100
AcDbEntity
  8
0
 62
     7
420
 16777215
100
AcDbBlockBegin
  2
*D255
 70
     1
 10
0.0
 20
0.0
 30
0.0
  3
*D255
  1

  0
LINE
  5
2164
330
2162
100
AcDbEntity
  8
CALLOUT TEXT
440
 16777216
370
    -2
100
AcDbLine
 10
630711.3882940294
 20
169191.111445848
 30
0.0
 11
630687.7082975272
 21
169191.111445848
 31
0.0
  0
LINE
  5
2165
330
2162
100
AcDbEntity
  8
CALLOUT TEXT
440
 16777216
370
    -2
100
AcDbLine
 10
630574.9651462555
 20
166341.111445848
 30
0.0
 11
630587.7082975273
 21
166341.111445848
 31
0.0
  0
LINE
  5
2166
330
2162
100
AcDbEntity
  8
CALLOUT TEXT
440
 16777216
370
    -2
100
AcDbLine
 10
630637.7082975274
 20
169241.111445848
 30
0.0
 11
630637.7082975274
 21
166291.111445848
 31
0.0
  0
INSERT
  5
2167
330
2162
100
AcDbEntity
  8
CALLOUT TEXT
440
 16777216
370
    -2
100
AcDbBlockReference
  2
_ArchTick
 10
630637.7082975274
 20
169191.111445848
 30
0.0
 41
75.0
 42
75.0
 43
75.0
 50
90.0
  0
INSERT
  5
2168
330
2162
100
AcDbEntity
  8
CALLOUT TEXT
440
 16777216
370
    -2
100
AcDbBlockReference
  2
_ArchTick
 10
630637.7082975274
 20
166341.111445848
 30
0.0
 41
75.0
 42
75.0
 43
75.0
 50
270.0
  0
MTEXT
  5
2169
330
2162
100
AcDbEntity
  8
CALLOUT TEXT
440
 16777216
100
AcDbMText
 10
630450.2082975272
 20
167766.1114458478
 30
0.0
 40
225.0
 41
0.0
 46
0.0
 71
     5
 72
     1
  1
\A1;2850
  7
dim
 11
0.0000000000000001
 21
1.0
 31
0.0
 73
     1
 44
1.0
  0
POINT
  5
216A
330
2162
100
AcDbEntity
  8
Defpoints
 62
     0
440
 16777216
100
AcDbPoint
 10
630636.3882940294
 20
169191.111445848
 30
0.0
  0
POINT
  5
216B
330
2162
100
AcDbEntity
  8
Defpoints
 62
     0
440
 16777216
100
AcDbPoint
 10
630649.9651462555
 20
166341.111445848
 30
0.0
  0
POINT
  5
216C
330
2162
100
AcDbEntity
  8
Defpoints
 62
     0
440
 16777216
100
AcDbPoint
 10
630637.7082975274
 20
166341.111445848
 30
0.0
  0
ENDBLK
  5
216D
330
2162
100
AcDbEntity
  8
0
 62
     7
420
 16777215
100
AcDbBlockEnd
  0
BLOCK
  5
216F
330
216E
100
AcDbEntity
  8
0
 62
     7
420
 16777215
100
AcDbBlockBegin
  2
*D256
 70
     1
 10
0.0
 20
0.0
 30
0.0
  3
*D256
  1

  0
LINE
  5
2170
330
216E
100
AcDbEntity
  8
CALLOUT TEXT
440
 16777216
370
    -2
100
AcDbLine
 10
630574.9651462553
 20
166341.111445848
 30
0.0
 11
630587.6278561033
 21
166341.111445848
 31
0.0
  0
LINE
  5
2171
330
216E
100
AcDbEntity
  8
CALLOUT TEXT
440
 16777216
370
    -2
100
AcDbLine
 10
630564.6586307083
 20
164466.111445848
 30
0.0
 11
630587.6278561033
 21
164466.111445848
 31
0.0
  0
LINE
  5
2172
330
216E
100
AcDbEntity
  8
CALLOUT TEXT
440
 16777216
370
    -2
100
AcDbLine
 10
630637.6278561033
 20
166391.111445848
 30
0.0
 11
630637.6278561033
 21
164416.111445848
 31
0.0
  0
INSERT
  5
2173
330
216E
100
AcDbEntity
  8
CALLOUT TEXT
440
 16777216
370
    -2
100
AcDbBlockReference
  2
_ArchTick
 10
630637.6278561033
 20
166341.111445848
 30
0.0
 41
75.0
 42
75.0
 43
75.0
 50
90.0
  0
INSERT
  5
2174
330
216E
100
AcDbEntity
  8
CALLOUT TEXT
440
 16777216
370
    -2
100
AcDbBlockReference
  2
_ArchTick
 10
630637.6278561033
 20
164466.111445848
 30
0.0
 41
75.0
 42
75.0
 43
75.0
 50
270.0
  0
MTEXT
  5
2175
330
216E
100
AcDbEntity
  8
CALLOUT TEXT
440
 16777216
100
AcDbMText
 10
630450.1278561032
 20
165403.6114458478
 30
0.0
 40
225.0
 41
0.0
 46
0.0
 71
     5
 72
     1
  1
\A1;1875
  7
dim
 11
0.0000000000000001
 21
1.0
 31
0.0
 73
     1
 44
1.0
  0
POINT
  5
2176
330
216E
100
AcDbEntity
  8
Defpoints
 62
     0
440
 16777216
100
AcDbPoint
 10
630649.9651462553
 20
166341.111445848
 30
0.0
  0
POINT
  5
2177
330
216E
100
AcDbEntity
  8
Defpoints
 62
     0
440
 16777216
100
AcDbPoint
 10
630639.6586307083
 20
164466.111445848
 30
0.0
  0
POINT
  5
2178
330
216E
100
AcDbEntity
  8
Defpoints
 62
     0
440
 16777216
100
AcDbPoint
 10
630637.6278561033
 20
164466.111445848
 30
0.0
  0
ENDBLK
  5
2179
330
216E
100
AcDbEntity
  8
0
 62
     7
420
 16777215
100
AcDbBlockEnd
  0
BLOCK
  5
217B
330
217A
100
AcDbEntity
  8
0
 62
     7
420
 16777215
100
AcDbBlockBegin
  2
*D257
 70
     1
 10
0.0
 20
0.0
 30
0.0
  3
*D257
  1

  0
LINE
  5
217C
330
217A
100
AcDbEntity
  8
CALLOUT TEXT
440
 16777216
370
    -2
100
AcDbLine
 10
630564.6586307083
 20
164466.111445848
 30
0.0
 11
630587.6278561035
 21
164466.111445848
 31
0.0
  0
LINE
  5
217D
330
217A
100
AcDbEntity
  8
CALLOUT TEXT
440
 16777216
370
    -2
100
AcDbLine
 10
630573.2804273663
 20
162666.1117510238
 30
0.0
 11
630587.6278561035
 21
162666.1117510238
 31
0.0
  0
LINE
  5
217E
330
217A
100
AcDbEntity
  8
CALLOUT TEXT
440
 16777216
370
    -2
100
AcDbLine
 10
630637.6278561035
 20
164516.111445848
 30
0.0
 11
630637.6278561035
 21
162616.1117510238
 31
0.0
  0
INSERT
  5
217F
330
217A
100
AcDbEntity
  8
CALLOUT TEXT
440
 16777216
370
    -2
100
AcDbBlockReference
  2
_ArchTick
 10
630637.6278561035
 20
164466.111445848
 30
0.0
 41
75.0
 42
75.0
 43
75.0
 50
90.0
  0
INSERT
  5
2180
330
217A
100
AcDbEntity
  8
CALLOUT TEXT
440
 16777216
370
    -2
100
AcDbBlockReference
  2
_ArchTick
 10
630637.6278561035
 20
162666.1117510238
 30
0.0
 41
75.0
 42
75.0
 43
75.0
 50
270.0
  0
MTEXT
  5
2181
330
217A
100
AcDbEntity
  8
CALLOUT TEXT
440
 16777216
100
AcDbMText
 10
630450.1278561033
 20
163566.1115984357
 30
0.0
 40
225.0
 41
0.0
 46
0.0
 71
     5
 72
     1
  1
\A1;1800
  7
dim
 11
0.0000000000000001
 21
1.0
 31
0.0
 73
     1
 44
1.0
  0
POINT
  5
2182
330
217A
100
AcDbEntity
  8
Defpoints
 62
     0
440
 16777216
100
AcDbPoint
 10
630639.6586307083
 20
164466.111445848
 30
0.0
  0
POINT
  5
2183
330
217A
100
AcDbEntity
  8
Defpoints
 62
     0
440
 16777216
100
AcDbPoint
 10
630648.2804273663
 20
162666.1117510238
 30
0.0
  0
POINT
  5
2184
330
217A
100
AcDbEntity
  8
Defpoints
 62
     0
440
 16777216
100
AcDbPoint
 10
630637.6278561035
 20
162666.1117510238
 30
0.0
  0
ENDBLK
  5
2185
330
217A
100
AcDbEntity
  8
0
 62
     7
420
 16777215
100
AcDbBlockEnd
  0
BLOCK
  5
2187
330
2186
100
AcDbEntity
  8
0
 62
     7
420
 16777215
100
AcDbBlockBegin
  2
*D258
 70
     1
 10
0.0
 20
0.0
 30
0.0
  3
*D258
  1

  0
LINE
  5
2188
330
2186
100
AcDbEntity
  8
CALLOUT TEXT
440
 16777216
370
    -2
100
AcDbLine
 10
630712.6766084782
 20
174591.111445848
 30
0.0
 11
630687.6766084805
 21
174591.111445848
 31
0.0
  0
LINE
  5
2189
330
2186
100
AcDbEntity
  8
CALLOUT TEXT
440
 16777216
370
    -2
100
AcDbLine
 10
630712.6766084782
 20
173991.4422563949
 30
0.0
 11
630687.6766084805
 21
173991.4422563949
 31
0.0
  0
LINE
  5
218A
330
2186
100
AcDbEntity
  8
CALLOUT TEXT
440
 16777216
370
    -2
100
AcDbLine
 10
630637.6766084804
 20
174641.111445848
 30
0.0
 11
630637.6766084804
 21
173941.4422563949
 31
0.0
  0
LINE
  5
218B
330
2186
100
AcDbEntity
  8
CALLOUT TEXT
440
 16777216
370
    -2
100
AcDbLine
 10
630637.6766084804
 20
174291.2768511214
 30
0.0
 11
630340.9804394444
 21
174441.2768511215
 31
0.0
  0
LINE
  5
218C
330
2186
100
AcDbEntity
  8
CALLOUT TEXT
440
 16777216
370
    -2
100
AcDbLine
 10
630340.9804394444
 20
174441.2768511215
 30
0.0
 11
630340.9804394444
 21
175054.1339939786
 31
0.0
  0
MTEXT
  5
218D
330
2186
100
AcDbEntity
  8
CALLOUT TEXT
440
 16777216
100
AcDbMText
 10
630153.4804394443
 20
174747.7054225499
 30
0.0
 40
225.0
 41
0.0
 46
0.0
 71
     5
 72
     1
  1
\A1;600
  7
dim
 11
0.0000000000000001
 21
1.0
 31
0.0
 73
     1
 44
1.0
  0
INSERT
  5
218E
330
2186
100
AcDbEntity
  8
CALLOUT TEXT
440
 16777216
370
    -2
100
AcDbBlockReference
  2
_ArchTick
 10
630637.6766084804
 20
174591.111445848
 30
0.0
 41
75.0
 42
75.0
 43
75.0
 50
90.0
  0
INSERT
  5
218F
330
2186
100
AcDbEntity
  8
CALLOUT TEXT
440
 16777216
370
    -2
100
AcDbBlockReference
  2
_ArchTick
 10
630637.6766084804
 20
173991.4422563949
 30
0.0
 41
75.0
 42
75.0
 43
75.0
 50
270.0
  0
POINT
  5
2190
330
2186
100
AcDbEntity
  8
Defpoints
 62
     0
440
 16777216
100
AcDbPoint
 10
630637.6766084782
 20
174591.111445848
 30
0.0
  0
POINT
  5
2191
330
2186
100
AcDbEntity
  8
Defpoints
 62
     0
440
 16777216
100
AcDbPoint
 10
630637.6766084782
 20
173991.4422563949
 30
0.0
  0
POINT
  5
2192
330
2186
100
AcDbEntity
  8
Defpoints
 62
     0
440
 16777216
100
AcDbPoint
 10
630637.6766084804
 20
173991.4422563949
 30
0.0
  0
ENDBLK
  5
2193
330
2186
100
AcDbEntity
  8
0
 62
     7
420
 16777215
100
AcDbBlockEnd
  0
BLOCK
  5
2195
330
2194
100
AcDbEntity
  8
0
 62
     7
420
 16777215
100
AcDbBlockBegin
  2
*D259
 70
     1
 10
0.0
 20
0.0
 30
0.0
  3
*D259
  1

  0
LINE
  5
2196
330
2194
100
AcDbEntity
  8
CALLOUT TEXT
440
 16777216
370
    -2
100
AcDbLine
 10
630712.6766084782
 20
173991.4422563949
 30
0.0
 11
630687.6766084805
 21
173991.4422563949
 31
0.0
  0
LINE
  5
2197
330
2194
100
AcDbEntity
  8
CALLOUT TEXT
440
 16777216
370
    -2
100
AcDbLine
 10
630700.0907673745
 20
173016.111445848
 30
0.0
 11
630687.6766084805
 21
173016.111445848
 31
0.0
  0
LINE
  5
2198
330
2194
100
AcDbEntity
  8
CALLOUT TEXT
440
 16777216
370
    -2
100
AcDbLine
 10
630637.6766084806
 20
174041.4422563949
 30
0.0
 11
630637.6766084806
 21
172966.111445848
 31
0.0
  0
INSERT
  5
2199
330
2194
100
AcDbEntity
  8
CALLOUT TEXT
440
 16777216
370
    -2
100
AcDbBlockReference
  2
_ArchTick
 10
630637.6766084806
 20
173991.4422563949
 30
0.0
 41
75.0
 42
75.0
 43
75.0
 50
90.0
  0
INSERT
  5
219A
330
2194
100
AcDbEntity
  8
CALLOUT TEXT
440
 16777216
370
    -2
100
AcDbBlockReference
  2
_ArchTick
 10
630637.6766084806
 20
173016.111445848
 30
0.0
 41
75.0
 42
75.0
 43
75.0
 50
270.0
  0
MTEXT
  5
219B
330
2194
100
AcDbEntity
  8
CALLOUT TEXT
440
 16777216
100
AcDbMText
 10
630450.1766084804
 20
173503.7768511212
 30
0.0
 40
225.0
 41
0.0
 46
0.0
 71
     5
 72
     1
  1
\A1;975
  7
dim
 11
0.0000000000000001
 21
1.0
 31
0.0
 73
     1
 44
1.0
  0
POINT
  5
219C
330
2194
100
AcDbEntity
  8
Defpoints
 62
     0
440
 16777216
100
AcDbPoint
 10
630637.6766084782
 20
173991.4422563949
 30
0.0
  0
POINT
  5
219D
330
2194
100
AcDbEntity
  8
Defpoints
 62
     0
440
 16777216
100
AcDbPoint
 10
630625.0907673746
 20
173016.111445848
 30
0.0
  0
POINT
  5
219E
330
2194
100
AcDbEntity
  8
Defpoints
 62
     0
440
 16777216
100
AcDbPoint
 10
630637.6766084806
 20
173016.111445848
 30
0.0
  0
ENDBLK
  5
219F
330
2194
100
AcDbEntity
  8
0
 62
     7
420
 16777215
100
AcDbBlockEnd
  0
BLOCK
  5
21A1
330
21A0
100
AcDbEntity
  8
0
 62
     7
420
 16777215
100
AcDbBlockBegin
  2
*D260
 70
     1
 10
0.0
 20
0.0
 30
0.0
  3
*D260
  1

  0
LINE
  5
21A2
330
21A0
100
AcDbEntity
  8
CALLOUT TEXT
440
 16777216
370
    -2
100
AcDbLine
 10
630700.0907673745
 20
173016.111445848
 30
0.0
 11
630687.4718484935
 21
173016.111445848
 31
0.0
  0
LINE
  5
21A3
330
21A0
100
AcDbEntity
  8
CALLOUT TEXT
440
 16777216
370
    -2
100
AcDbLine
 10
630571.0011018098
 20
170312.3480181136
 30
0.0
 11
630587.4718484934
 21
170312.3480181136
 31
0.0
  0
LINE
  5
21A4
330
21A0
100
AcDbEntity
  8
CALLOUT TEXT
440
 16777216
370
    -2
100
AcDbLine
 10
630637.4718484935
 20
173066.111445848
 30
0.0
 11
630637.4718484935
 21
170262.3480181136
 31
0.0
  0
INSERT
  5
21A5
330
21A0
100
AcDbEntity
  8
CALLOUT TEXT
440
 16777216
370
    -2
100
AcDbBlockReference
  2
_ArchTick
 10
630637.4718484935
 20
173016.111445848
 30
0.0
 41
75.0
 42
75.0
 43
75.0
 50
90.0
  0
INSERT
  5
21A6
330
21A0
100
AcDbEntity
  8
CALLOUT TEXT
440
 16777216
370
    -2
100
AcDbBlockReference
  2
_ArchTick
 10
630637.4718484935
 20
170312.3480181136
 30
0.0
 41
75.0
 42
75.0
 43
75.0
 50
270.0
  0
MTEXT
  5
21A7
330
21A0
100
AcDbEntity
  8
CALLOUT TEXT
440
 16777216
100
AcDbMText
 10
630449.9718484933
 20
171664.2297319806
 30
0.0
 40
225.0
 41
0.0
 46
0.0
 71
     5
 72
     1
  1
\A1;2704
  7
dim
 11
0.0000000000000001
 21
1.0
 31
0.0
 73
     1
 44
1.0
  0
POINT
  5
21A8
330
21A0
100
AcDbEntity
  8
Defpoints
 62
     0
440
 16777216
100
AcDbPoint
 10
630625.0907673746
 20
173016.111445848
 30
0.0
  0
POINT
  5
21A9
330
21A0
100
AcDbEntity
  8
Defpoints
 62
     0
440
 16777216
100
AcDbPoint
 10
630646.0011018098
 20
170312.3480181136
 30
0.0
  0
POINT
  5
21AA
330
21A0
100
AcDbEntity
  8
Defpoints
 62
     0
440
 16777216
100
AcDbPoint
 10
630637.4718484935
 20
170312.3480181136
 30
0.0
  0
ENDBLK
  5
21AB
330
21A0
100
AcDbEntity
  8
0
 62
     7
420
 16777215
100
AcDbBlockEnd
  0
BLOCK
  5
2910
330
290F
100
AcDbEntity
  8
0
100
AcDbBlockBegin
  2
*D262
 70
     1
 10
0.0
 20
0.0
 30
0.0
  3
*D262
  1

  0
LINE
  5
2BD3
330
290F
100
AcDbEntity
  8
CALLOUT TEXT
440
 16777216
370
    -2
100
AcDbLine
 10
3329.060853100324
 20
26281.38657483118
 30
0.0
 11
3329.060853100324
 21
26256.38657483118
 31
0.0
  0
LINE
  5
2BD4
330
290F
100
AcDbEntity
  8
CALLOUT TEXT
440
 16777216
370
    -2
100
AcDbLine
 10
5954.060853100323
 20
26281.38657483118
 30
0.0
 11
5954.060853100323
 21
26256.38657483118
 31
0.0
  0
LINE
  5
2BD5
330
290F
100
AcDbEntity
  8
CALLOUT TEXT
440
 16777216
370
    -2
100
AcDbLine
 10
3279.060853100324
 20
26206.38657483118
 30
0.0
 11
6004.060853100323
 21
26206.38657483118
 31
0.0
  0
INSERT
  5
2BD6
330
290F
100
AcDbEntity
  8
CALLOUT TEXT
440
 16777216
370
    -2
100
AcDbBlockReference
  2
_ArchTick
 10
3329.060853100324
 20
26206.38657483118
 30
0.0
 41
75.0
 42
75.0
 43
75.0
 50
180.0
  0
INSERT
  5
2BD7
330
290F
100
AcDbEntity
  8
CALLOUT TEXT
440
 16777216
370
    -2
100
AcDbBlockReference
  2
_ArchTick
 10
5954.060853100323
 20
26206.38657483118
 30
0.0
 41
75.0
 42
75.0
 43
75.0
  0
MTEXT
  5
2BD8
330
290F
100
AcDbEntity
  8
CALLOUT TEXT
440
 16777216
100
AcDbMText
 10
4641.560853100323
 20
26393.88657483118
 30
0.0
 40
225.0
 41
0.0
 46
0.0
 71
     5
 72
     1
  1
\A1;2625
  7
dim
 73
     1
 44
1.0
  0
POINT
  5
2BD9
330
290F
100
AcDbEntity
  8
Defpoints
 62
     0
440
 16777216
100
AcDbPoint
 10
3329.060853100324
 20
26206.38657483118
 30
0.0
  0
POINT
  5
2BDA
330
290F
100
AcDbEntity
  8
Defpoints
 62
     0
440
 16777216
100
AcDbPoint
 10
5954.060853100323
 20
26206.38657483118
 30
0.0
  0
POINT
  5
2BDB
330
290F
100
AcDbEntity
  8
Defpoints
 62
     0
440
 16777216
100
AcDbPoint
 10
5954.060853100323
 20
26206.38657483118
 30
0.0
  0
ENDBLK
  5
2911
330
290F
100
AcDbEntity
  8
0
100
AcDbBlockEnd
  0
BLOCK
  5
291C
330
291B
100
AcDbEntity
  8
0
100
AcDbBlockBegin
  2
*D263
 70
     1
 10
0.0
 20
0.0
 30
0.0
  3
*D263
  1

  0
LINE
  5
2BDC
330
291B
100
AcDbEntity
  8
CALLOUT TEXT
440
 16777216
370
    -2
100
AcDbLine
 10
5954.060853100323
 20
26281.38657483118
 30
0.0
 11
5954.060853100323
 21
26256.38657483118
 31
0.0
  0
LINE
  5
2BDD
330
291B
100
AcDbEntity
  8
CALLOUT TEXT
440
 16777216
370
    -2
100
AcDbLine
 10
10635.61822491366
 20
26280.04570304169
 30
0.0
 11
10635.61822491366
 21
26256.38657483118
 31
0.0
  0
LINE
  5
2BDE
330
291B
100
AcDbEntity
  8
CALLOUT TEXT
440
 16777216
370
    -2
100
AcDbLine
 10
5904.060853100324
 20
26206.38657483118
 30
0.0
 11
10685.61822491366
 21
26206.38657483118
 31
0.0
  0
INSERT
  5
2BDF
330
291B
100
AcDbEntity
  8
CALLOUT TEXT
440
 16777216
370
    -2
100
AcDbBlockReference
  2
_ArchTick
 10
5954.060853100323
 20
26206.38657483118
 30
0.0
 41
75.0
 42
75.0
 43
75.0
 50
180.0
  0
INSERT
  5
2BE0
330
291B
100
AcDbEntity
  8
CALLOUT TEXT
440
 16777216
370
    -2
100
AcDbBlockReference
  2
_ArchTick
 10
10635.61822491366
 20
26206.38657483118
 30
0.0
 41
75.0
 42
75.0
 43
75.0
  0
MTEXT
  5
2BE1
330
291B
100
AcDbEntity
  8
CALLOUT TEXT
440
 16777216
100
AcDbMText
 10
8294.839539006993
 20
26393.88657483118
 30
0.0
 40
225.0
 41
0.0
 46
0.0
 71
     5
 72
     1
  1
\A1;4682
  7
dim
 73
     1
 44
1.0
  0
POINT
  5
2BE2
330
291B
100
AcDbEntity
  8
Defpoints
 62
     0
440
 16777216
100
AcDbPoint
 10
5954.060853100323
 20
26206.38657483118
 30
0.0
  0
POINT
  5
2BE3
330
291B
100
AcDbEntity
  8
Defpoints
 62
     0
440
 16777216
100
AcDbPoint
 10
10635.61822491366
 20
26205.04570304169
 30
0.0000000000000142
  0
POINT
  5
2BE4
330
291B
100
AcDbEntity
  8
Defpoints
 62
     0
440
 16777216
100
AcDbPoint
 10
10635.61822491366
 20
26206.38657483118
 30
0.0
  0
ENDBLK
  5
291D
330
291B
100
AcDbEntity
  8
0
100
AcDbBlockEnd
  0
BLOCK
  5
2928
330
2927
100
AcDbEntity
  8
0
100
AcDbBlockBegin
  2
*D264
 70
     1
 10
0.0
 20
0.0
 30
0.0
  3
*D264
  1

  0
LINE
  5
2BE5
330
2927
100
AcDbEntity
  8
CALLOUT TEXT
440
 16777216
370
    -2
100
AcDbLine
 10
10635.61822491366
 20
26280.04570304169
 30
0.0
 11
10635.61822491366
 21
26256.38657483118
 31
0.0
  0
LINE
  5
2BE6
330
2927
100
AcDbEntity
  8
CALLOUT TEXT
440
 16777216
370
    -2
100
AcDbLine
 10
11204.16097814968
 20
26132.02447680425
 30
0.0
 11
11204.16097814968
 21
26156.38657483118
 31
0.0
  0
LINE
  5
2BE7
330
2927
100
AcDbEntity
  8
CALLOUT TEXT
440
 16777216
370
    -2
100
AcDbLine
 10
10585.61822491366
 20
26206.38657483118
 30
0.0
 11
11254.16097814968
 21
26206.38657483118
 31
0.0
  0
LINE
  5
2BE8
330
2927
100
AcDbEntity
  8
CALLOUT TEXT
440
 16777216
370
    -2
100
AcDbLine
 10
10919.88960153167
 20
26206.38657483118
 30
0.0
 11
10710.69826127525
 21
26484.48690068559
 31
0.0
  0
LINE
  5
2BE9
330
2927
100
AcDbEntity
  8
CALLOUT TEXT
440
 16777216
370
    -2
100
AcDbLine
 10
10710.69826127525
 20
26484.48690068559
 30
0.0
 11
10106.41254698953
 21
26484.48690068559
 31
0.0
  0
MTEXT
  5
2BEA
330
2927
100
AcDbEntity
  8
CALLOUT TEXT
440
 16777216
100
AcDbMText
 10
10408.55540413239
 20
26671.98690068559
 30
0.0
 40
225.0
 41
0.0
 46
0.0
 71
     5
 72
     1
  1
\A1;569
  7
dim
 73
     1
 44
1.0
  0
INSERT
  5
2BEB
330
2927
100
AcDbEntity
  8
CALLOUT TEXT
440
 16777216
370
    -2
100
AcDbBlockReference
  2
_ArchTick
 10
10635.61822491366
 20
26206.38657483118
 30
0.0
 41
75.0
 42
75.0
 43
75.0
 50
180.0
  0
INSERT
  5
2BEC
330
2927
100
AcDbEntity
  8
CALLOUT TEXT
440
 16777216
370
    -2
100
AcDbBlockReference
  2
_ArchTick
 10
11204.16097814968
 20
26206.38657483118
 30
0.0
 41
75.0
 42
75.0
 43
75.0
  0
POINT
  5
2BED
330
2927
100
AcDbEntity
  8
Defpoints
 62
     0
440
 16777216
100
AcDbPoint
 10
10635.61822491366
 20
26205.04570304169
 30
0.0000000000000142
  0
POINT
  5
2BEE
330
2927
100
AcDbEntity
  8
Defpoints
 62
     0
440
 16777216
100
AcDbPoint
 10
11204.16097814968
 20
26207.02447680425
 30
0.0
  0
POINT
  5
2BEF
330
2927
100
AcDbEntity
  8
Defpoints
 62
     0
440
 16777216
100
AcDbPoint
 10
11204.16097814968
 20
26206.38657483118
 30
0.0
  0
ENDBLK
  5
2929
330
2927
100
AcDbEntity
  8
0
100
AcDbBlockEnd
  0
BLOCK
  5
2936
330
2935
100
AcDbEntity
  8
0
100
AcDbBlockBegin
  2
*D265
 70
     1
 10
0.0
 20
0.0
 30
0.0
  3
*D265
  1

  0
LINE
  5
2BF0
330
2935
100
AcDbEntity
  8
CALLOUT TEXT
440
 16777216
370
    -2
100
AcDbLine
 10
11204.16097814968
 20
26132.02447680425
 30
0.0
 11
11204.16097814968
 21
26156.38657483118
 31
0.0
  0
LINE
  5
2BF1
330
2935
100
AcDbEntity
  8
CALLOUT TEXT
440
 16777216
370
    -2
100
AcDbLine
 10
11879.0612876027
 20
26281.3865206033
 30
0.0
 11
11879.0612876027
 21
26256.38657483118
 31
0.0
  0
LINE
  5
2BF2
330
2935
100
AcDbEntity
  8
CALLOUT TEXT
440
 16777216
370
    -2
100
AcDbLine
 10
11154.16097814968
 20
26206.38657483118
 30
0.0
 11
11929.0612876027
 21
26206.38657483118
 31
0.0
  0
INSERT
  5
2BF3
330
2935
100
AcDbEntity
  8
CALLOUT TEXT
440
 16777216
370
    -2
100
AcDbBlockReference
  2
_ArchTick
 10
11204.16097814968
 20
26206.38657483118
 30
0.0
 41
75.0
 42
75.0
 43
75.0
 50
180.0
  0
INSERT
  5
2BF4
330
2935
100
AcDbEntity
  8
CALLOUT TEXT
440
 16777216
370
    -2
100
AcDbBlockReference
  2
_ArchTick
 10
11879.0612876027
 20
26206.38657483118
 30
0.0
 41
75.0
 42
75.0
 43
75.0
  0
MTEXT
  5
2BF5
330
2935
100
AcDbEntity
  8
CALLOUT TEXT
440
 16777216
100
AcDbMText
 10
11541.61113287619
 20
26393.88657483118
 30
0.0
 40
225.0
 41
0.0
 46
0.0
 71
     5
 72
     1
  1
\A1;675
  7
dim
 73
     1
 44
1.0
  0
POINT
  5
2BF6
330
2935
100
AcDbEntity
  8
Defpoints
 62
     0
440
 16777216
100
AcDbPoint
 10
11204.16097814968
 20
26207.02447680425
 30
0.0
  0
POINT
  5
2BF7
330
2935
100
AcDbEntity
  8
Defpoints
 62
     0
440
 16777216
100
AcDbPoint
 10
11879.0612876027
 20
26206.38652060329
 30
0.0
  0
POINT
  5
2BF8
330
2935
100
AcDbEntity
  8
Defpoints
 62
     0
440
 16777216
100
AcDbPoint
 10
11879.0612876027
 20
26206.38657483118
 30
0.0
  0
ENDBLK
  5
2937
330
2935
100
AcDbEntity
  8
0
100
AcDbBlockEnd
  0
BLOCK
  5
2942
330
2941
100
AcDbEntity
  8
0
100
AcDbBlockBegin
  2
*D266
 70
     1
 10
0.0
 20
0.0
 30
0.0
  3
*D266
  1

  0
LINE
  5
2BF9
330
2941
100
AcDbEntity
  8
CALLOUT TEXT
440
 16777216
370
    -2
100
AcDbLine
 10
11879.0612876027
 20
26281.3865206033
 30
0.0
 11
11879.0612876027
 21
26256.38657483118
 31
0.0
  0
LINE
  5
2BFA
330
2941
100
AcDbEntity
  8
CALLOUT TEXT
440
 16777216
370
    -2
100
AcDbLine
 10
15304.06176862767
 20
26281.38657483118
 30
0.0
 11
15304.06176862767
 21
26256.38657483118
 31
0.0
  0
LINE
  5
2BFB
330
2941
100
AcDbEntity
  8
CALLOUT TEXT
440
 16777216
370
    -2
100
AcDbLine
 10
11829.0612876027
 20
26206.38657483118
 30
0.0
 11
15354.06176862766
 21
26206.38657483118
 31
0.0
  0
INSERT
  5
2BFC
330
2941
100
AcDbEntity
  8
CALLOUT TEXT
440
 16777216
370
    -2
100
AcDbBlockReference
  2
_ArchTick
 10
11879.0612876027
 20
26206.38657483118
 30
0.0
 41
75.0
 42
75.0
 43
75.0
 50
180.0
  0
INSERT
  5
2BFD
330
2941
100
AcDbEntity
  8
CALLOUT TEXT
440
 16777216
370
    -2
100
AcDbBlockReference
  2
_ArchTick
 10
15304.06176862767
 20
26206.38657483118
 30
0.0
 41
75.0
 42
75.0
 43
75.0
  0
MTEXT
  5
2BFE
330
2941
100
AcDbEntity
  8
CALLOUT TEXT
440
 16777216
100
AcDbMText
 10
13591.56152811518
 20
26393.88657483118
 30
0.0
 40
225.0
 41
0.0
 46
0.0
 71
     5
 72
     1
  1
\A1;3425
  7
dim
 73
     1
 44
1.0
  0
POINT
  5
2BFF
330
2941
100
AcDbEntity
  8
Defpoints
 62
     0
440
 16777216
100
AcDbPoint
 10
11879.0612876027
 20
26206.38652060329
 30
0.0
  0
POINT
  5
2C00
330
2941
100
AcDbEntity
  8
Defpoints
 62
     0
440
 16777216
100
AcDbPoint
 10
15304.06176862767
 20
26206.38657483118
 30
0.0000000000000142
  0
POINT
  5
2C01
330
2941
100
AcDbEntity
  8
Defpoints
 62
     0
440
 16777216
100
AcDbPoint
 10
15304.06176862767
 20
26206.38657483118
 30
0.0
  0
ENDBLK
  5
2943
330
2941
100
AcDbEntity
  8
0
100
AcDbBlockEnd
  0
BLOCK
  5
294E
330
294D
100
AcDbEntity
  8
0
100
AcDbBlockBegin
  2
*D267
 70
     1
 10
0.0
 20
0.0
 30
0.0
  3
*D267
  1

  0
LINE
  5
2C02
330
294D
100
AcDbEntity
  8
CALLOUT TEXT
440
 16777216
370
    -2
100
AcDbLine
 10
15304.06176862767
 20
26281.38657483118
 30
0.0
 11
15304.06176862767
 21
26256.38657483118
 31
0.0
  0
LINE
  5
2C03
330
294D
100
AcDbEntity
  8
CALLOUT TEXT
440
 16777216
370
    -2
100
AcDbLine
 10
16904.06128034676
 20
26131.38657483133
 30
0.0
 11
16904.06128034676
 21
26156.38657483118
 31
0.0
  0
LINE
  5
2C04
330
294D
100
AcDbEntity
  8
CALLOUT TEXT
440
 16777216
370
    -2
100
AcDbLine
 10
15254.06176862767
 20
26206.38657483118
 30
0.0
 11
16954.06128034677
 21
26206.38657483118
 31
0.0
  0
INSERT
  5
2C05
330
294D
100
AcDbEntity
  8
CALLOUT TEXT
440
 16777216
370
    -2
100
AcDbBlockReference
  2
_ArchTick
 10
15304.06176862767
 20
26206.38657483118
 30
0.0
 41
75.0
 42
75.0
 43
75.0
 50
180.0
  0
INSERT
  5
2C06
330
294D
100
AcDbEntity
  8
CALLOUT TEXT
440
 16777216
370
    -2
100
AcDbBlockReference
  2
_ArchTick
 10
16904.06128034676
 20
26206.38657483118
 30
0.0
 41
75.0
 42
75.0
 43
75.0
  0
MTEXT
  5
2C07
330
294D
100
AcDbEntity
  8
CALLOUT TEXT
440
 16777216
100
AcDbMText
 10
16104.06152448722
 20
26393.88657483118
 30
0.0
 40
225.0
 41
0.0
 46
0.0
 71
     5
 72
     1
  1
\A1;1600
  7
dim
 73
     1
 44
1.0
  0
POINT
  5
2C08
330
294D
100
AcDbEntity
  8
Defpoints
 62
     0
440
 16777216
100
AcDbPoint
 10
15304.06176862767
 20
26206.38657483118
 30
0.0000000000000142
  0
POINT
  5
2C09
330
294D
100
AcDbEntity
  8
Defpoints
 62
     0
440
 16777216
100
AcDbPoint
 10
16904.06128034676
 20
26206.38657483133
 30
0.0
  0
POINT
  5
2C0A
330
294D
100
AcDbEntity
  8
Defpoints
 62
     0
440
 16777216
100
AcDbPoint
 10
16904.06128034676
 20
26206.38657483118
 30
0.0
  0
ENDBLK
  5
294F
330
294D
100
AcDbEntity
  8
0
100
AcDbBlockEnd
  0
BLOCK
  5
295A
330
2959
100
AcDbEntity
  8
0
100
AcDbBlockBegin
  2
*D268
 70
     1
 10
0.0
 20
0.0
 30
0.0
  3
*D268
  1

  0
LINE
  5
2C0B
330
2959
100
AcDbEntity
  8
CALLOUT TEXT
440
 16777216
370
    -2
100
AcDbLine
 10
16904.06128034676
 20
26131.38657483133
 30
0.0
 11
16904.06128034676
 21
26156.38657483118
 31
0.0
  0
LINE
  5
2C0C
330
2959
100
AcDbEntity
  8
CALLOUT TEXT
440
 16777216
370
    -2
100
AcDbLine
 10
17579.06128034641
 20
26281.38657483118
 30
0.0
 11
17579.06128034641
 21
26256.38657483118
 31
0.0
  0
LINE
  5
2C0D
330
2959
100
AcDbEntity
  8
CALLOUT TEXT
440
 16777216
370
    -2
100
AcDbLine
 10
16854.06128034677
 20
26206.38657483118
 30
0.0
 11
17629.06128034642
 21
26206.38657483118
 31
0.0
  0
INSERT
  5
2C0E
330
2959
100
AcDbEntity
  8
CALLOUT TEXT
440
 16777216
370
    -2
100
AcDbBlockReference
  2
_ArchTick
 10
16904.06128034676
 20
26206.38657483118
 30
0.0
 41
75.0
 42
75.0
 43
75.0
 50
180.0
  0
INSERT
  5
2C0F
330
2959
100
AcDbEntity
  8
CALLOUT TEXT
440
 16777216
370
    -2
100
AcDbBlockReference
  2
_ArchTick
 10
17579.06128034641
 20
26206.38657483118
 30
0.0
 41
75.0
 42
75.0
 43
75.0
  0
MTEXT
  5
2C10
330
2959
100
AcDbEntity
  8
CALLOUT TEXT
440
 16777216
100
AcDbMText
 10
17241.56128034659
 20
26393.88657483118
 30
0.0
 40
225.0
 41
0.0
 46
0.0
 71
     5
 72
     1
  1
\A1;675
  7
dim
 73
     1
 44
1.0
  0
POINT
  5
2C11
330
2959
100
AcDbEntity
  8
Defpoints
 62
     0
440
 16777216
100
AcDbPoint
 10
16904.06128034676
 20
26206.38657483133
 30
0.0
  0
POINT
  5
2C12
330
2959
100
AcDbEntity
  8
Defpoints
 62
     0
440
 16777216
100
AcDbPoint
 10
17579.06128034641
 20
26206.38657483118
 30
0.0
  0
POINT
  5
2C13
330
2959
100
AcDbEntity
  8
Defpoints
 62
     0
440
 16777216
100
AcDbPoint
 10
17579.06128034641
 20
26206.38657483118
 30
0.0
  0
ENDBLK
  5
295B
330
2959
100
AcDbEntity
  8
0
100
AcDbBlockEnd
  0
BLOCK
  5
2966
330
2965
100
AcDbEntity
  8
0
100
AcDbBlockBegin
  2
*D269
 70
     1
 10
0.0
 20
0.0
 30
0.0
  3
*D269
  1

  0
LINE
  5
2C14
330
2965
100
AcDbEntity
  8
CALLOUT TEXT
440
 16777216
370
    -2
100
AcDbLine
 10
17579.06128034641
 20
26281.38657483118
 30
0.0
 11
17579.06128034641
 21
26256.38657483118
 31
0.0
  0
LINE
  5
2C15
330
2965
100
AcDbEntity
  8
CALLOUT TEXT
440
 16777216
370
    -2
100
AcDbLine
 10
19979.06176862766
 20
26281.38657483118
 30
0.0
 11
19979.06176862766
 21
26256.38657483118
 31
0.0
  0
LINE
  5
2C16
330
2965
100
AcDbEntity
  8
CALLOUT TEXT
440
 16777216
370
    -2
100
AcDbLine
 10
17529.06128034642
 20
26206.38657483118
 30
0.0
 11
20029.06176862767
 21
26206.38657483118
 31
0.0
  0
INSERT
  5
2C17
330
2965
100
AcDbEntity
  8
CALLOUT TEXT
440
 16777216
370
    -2
100
AcDbBlockReference
  2
_ArchTick
 10
17579.06128034641
 20
26206.38657483118
 30
0.0
 41
75.0
 42
75.0
 43
75.0
 50
180.0
  0
INSERT
  5
2C18
330
2965
100
AcDbEntity
  8
CALLOUT TEXT
440
 16777216
370
    -2
100
AcDbBlockReference
  2
_ArchTick
 10
19979.06176862766
 20
26206.38657483118
 30
0.0
 41
75.0
 42
75.0
 43
75.0
  0
MTEXT
  5
2C19
330
2965
100
AcDbEntity
  8
CALLOUT TEXT
440
 16777216
100
AcDbMText
 10
18779.06152448704
 20
26393.88657483118
 30
0.0
 40
225.0
 41
0.0
 46
0.0
 71
     5
 72
     1
  1
\A1;2400
  7
dim
 73
     1
 44
1.0
  0
POINT
  5
2C1A
330
2965
100
AcDbEntity
  8
Defpoints
 62
     0
440
 16777216
100
AcDbPoint
 10
17579.06128034641
 20
26206.38657483118
 30
0.0
  0
POINT
  5
2C1B
330
2965
100
AcDbEntity
  8
Defpoints
 62
     0
440
 16777216
100
AcDbPoint
 10
19979.06176862766
 20
26206.38657483118
 30
0.0000000000000142
  0
POINT
  5
2C1C
330
2965
100
AcDbEntity
  8
Defpoints
 62
     0
440
 16777216
100
AcDbPoint
 10
19979.06176862766
 20
26206.38657483118
 30
0.0
  0
ENDBLK
  5
2967
330
2965
100
AcDbEntity
  8
0
100
AcDbBlockEnd
  0
BLOCK
  5
2972
330
2971
100
AcDbEntity
  8
0
100
AcDbBlockBegin
  2
*D270
 70
     1
 10
0.0
 20
0.0
 30
0.0
  3
*D270
  1

  0
LINE
  5
2C1D
330
2971
100
AcDbEntity
  8
CALLOUT TEXT
440
 16777216
370
    -2
100
AcDbLine
 10
19979.06176862766
 20
26281.38657483118
 30
0.0
 11
19979.06176862766
 21
26256.38657483118
 31
0.0
  0
LINE
  5
2C1E
330
2971
100
AcDbEntity
  8
CALLOUT TEXT
440
 16777216
370
    -2
100
AcDbLine
 10
22604.06054792454
 20
26281.38657483118
 30
0.0
 11
22604.06054792454
 21
26256.38657483118
 31
0.0
  0
LINE
  5
2C1F
330
2971
100
AcDbEntity
  8
CALLOUT TEXT
440
 16777216
370
    -2
100
AcDbLine
 10
19929.06176862766
 20
26206.38657483118
 30
0.0
 11
22654.06054792454
 21
26206.38657483118
 31
0.0
  0
INSERT
  5
2C20
330
2971
100
AcDbEntity
  8
CALLOUT TEXT
440
 16777216
370
    -2
100
AcDbBlockReference
  2
_ArchTick
 10
19979.06176862766
 20
26206.38657483118
 30
0.0
 41
75.0
 42
75.0
 43
75.0
 50
180.0
  0
INSERT
  5
2C21
330
2971
100
AcDbEntity
  8
CALLOUT TEXT
440
 16777216
370
    -2
100
AcDbBlockReference
  2
_ArchTick
 10
22604.06054792454
 20
26206.38657483118
 30
0.0
 41
75.0
 42
75.0
 43
75.0
  0
MTEXT
  5
2C22
330
2971
100
AcDbEntity
  8
CALLOUT TEXT
440
 16777216
100
AcDbMText
 10
21291.56115827611
 20
26393.88657483118
 30
0.0
 40
225.0
 41
0.0
 46
0.0
 71
     5
 72
     1
  1
\A1;2625
  7
dim
 73
     1
 44
1.0
  0
POINT
  5
2C23
330
2971
100
AcDbEntity
  8
Defpoints
 62
     0
440
 16777216
100
AcDbPoint
 10
19979.06176862766
 20
26206.38657483118
 30
0.0000000000000142
  0
POINT
  5
2C24
330
2971
100
AcDbEntity
  8
Defpoints
 62
     0
440
 16777216
100
AcDbPoint
 10
22604.06054792454
 20
26206.38657483118
 30
0.0
  0
POINT
  5
2C25
330
2971
100
AcDbEntity
  8
Defpoints
 62
     0
440
 16777216
100
AcDbPoint
 10
22604.06054792454
 20
26206.38657483118
 30
0.0
  0
ENDBLK
  5
2973
330
2971
100
AcDbEntity
  8
0
100
AcDbBlockEnd
  0
BLOCK
  5
297E
330
297D
100
AcDbEntity
  8
0
100
AcDbBlockBegin
  2
*D271
 70
     1
 10
0.0
 20
0.0
 30
0.0
  3
*D271
  1

  0
LINE
  5
2C26
330
297D
100
AcDbEntity
  8
CALLOUT TEXT
440
 16777216
370
    -2
100
AcDbLine
 10
22604.06054792454
 20
26281.38657483118
 30
0.0
 11
22604.06054792454
 21
26256.38657483118
 31
0.0
  0
LINE
  5
2C27
330
297D
100
AcDbEntity
  8
CALLOUT TEXT
440
 16777216
370
    -2
100
AcDbLine
 10
24029.06054792454
 20
26281.00657483118
 30
0.0
 11
24029.06054792454
 21
26256.38657483118
 31
0.0
  0
LINE
  5
2C28
330
297D
100
AcDbEntity
  8
CALLOUT TEXT
440
 16777216
370
    -2
100
AcDbLine
 10
22554.06054792454
 20
26206.38657483118
 30
0.0
 11
24079.06054792454
 21
26206.38657483118
 31
0.0
  0
INSERT
  5
2C29
330
297D
100
AcDbEntity
  8
CALLOUT TEXT
440
 16777216
370
    -2
100
AcDbBlockReference
  2
_ArchTick
 10
22604.06054792454
 20
26206.38657483118
 30
0.0
 41
75.0
 42
75.0
 43
75.0
 50
180.0
  0
INSERT
  5
2C2A
330
297D
100
AcDbEntity
  8
CALLOUT TEXT
440
 16777216
370
    -2
100
AcDbBlockReference
  2
_ArchTick
 10
24029.06054792454
 20
26206.38657483118
 30
0.0
 41
75.0
 42
75.0
 43
75.0
  0
MTEXT
  5
2C2B
330
297D
100
AcDbEntity
  8
CALLOUT TEXT
440
 16777216
100
AcDbMText
 10
23316.56054792454
 20
26393.88657483118
 30
0.0
 40
225.0
 41
0.0
 46
0.0
 71
     5
 72
     1
  1
\A1;1425
  7
dim
 73
     1
 44
1.0
  0
POINT
  5
2C2C
330
297D
100
AcDbEntity
  8
Defpoints
 62
     0
440
 16777216
100
AcDbPoint
 10
22604.06054792454
 20
26206.38657483118
 30
0.0
  0
POINT
  5
2C2D
330
297D
100
AcDbEntity
  8
Defpoints
 62
     0
440
 16777216
100
AcDbPoint
 10
24029.06054792454
 20
26206.00657483118
 30
0.0
  0
POINT
  5
2C2E
330
297D
100
AcDbEntity
  8
Defpoints
 62
     0
440
 16777216
100
AcDbPoint
 10
24029.06054792454
 20
26206.38657483118
 30
0.0
  0
ENDBLK
  5
297F
330
297D
100
AcDbEntity
  8
0
100
AcDbBlockEnd
  0
BLOCK
  5
298A
330
2989
100
AcDbEntity
  8
0
100
AcDbBlockBegin
  2
*D272
 70
     1
 10
0.0
 20
0.0
 30
0.0
  3
*D272
  1

  0
LINE
  5
2C2F
330
2989
100
AcDbEntity
  8
CALLOUT TEXT
440
 16777216
370
    -2
100
AcDbLine
 10
24029.06054792454
 20
26281.00657483118
 30
0.0
 11
24029.06054792454
 21
26256.38657483118
 31
0.0
  0
LINE
  5
2C30
330
2989
100
AcDbEntity
  8
CALLOUT TEXT
440
 16777216
370
    -2
100
AcDbLine
 10
27629.06054792454
 20
26281.00657483118
 30
0.0
 11
27629.06054792454
 21
26256.38657483118
 31
0.0
  0
LINE
  5
2C31
330
2989
100
AcDbEntity
  8
CALLOUT TEXT
440
 16777216
370
    -2
100
AcDbLine
 10
23979.06054792454
 20
26206.38657483118
 30
0.0
 11
27679.06054792454
 21
26206.38657483118
 31
0.0
  0
INSERT
  5
2C32
330
2989
100
AcDbEntity
  8
CALLOUT TEXT
440
 16777216
370
    -2
100
AcDbBlockReference
  2
_ArchTick
 10
24029.06054792454
 20
26206.38657483118
 30
0.0
 41
75.0
 42
75.0
 43
75.0
 50
180.0
  0
INSERT
  5
2C33
330
2989
100
AcDbEntity
  8
CALLOUT TEXT
440
 16777216
370
    -2
100
AcDbBlockReference
  2
_ArchTick
 10
27629.06054792454
 20
26206.38657483118
 30
0.0
 41
75.0
 42
75.0
 43
75.0
  0
MTEXT
  5
2C34
330
2989
100
AcDbEntity
  8
CALLOUT TEXT
440
 16777216
100
AcDbMText
 10
25829.06054792454
 20
26393.88657483118
 30
0.0
 40
225.0
 41
0.0
 46
0.0
 71
     5
 72
     1
  1
\A1;3600
  7
dim
 73
     1
 44
1.0
  0
POINT
  5
2C35
330
2989
100
AcDbEntity
  8
Defpoints
 62
     0
440
 16777216
100
AcDbPoint
 10
24029.06054792454
 20
26206.00657483118
 30
0.0
  0
POINT
  5
2C36
330
2989
100
AcDbEntity
  8
Defpoints
 62
     0
440
 16777216
100
AcDbPoint
 10
27629.06054792454
 20
26206.00657483118
 30
0.0
  0
POINT
  5
2C37
330
2989
100
AcDbEntity
  8
Defpoints
 62
     0
440
 16777216
100
AcDbPoint
 10
27629.06054792454
 20
26206.38657483118
 30
0.0
  0
ENDBLK
  5
298B
330
2989
100
AcDbEntity
  8
0
100
AcDbBlockEnd
  0
BLOCK
  5
2996
330
2995
100
AcDbEntity
  8
0
100
AcDbBlockBegin
  2
*D273
 70
     1
 10
0.0
 20
0.0
 30
0.0
  3
*D273
  1

  0
LINE
  5
2C38
330
2995
100
AcDbEntity
  8
CALLOUT TEXT
440
 16777216
370
    -2
100
AcDbLine
 10
3329.060853100324
 20
11114.14750998126
 30
0.0
 11
3329.060853100324
 21
11089.14750998126
 31
0.0
  0
LINE
  5
2C39
330
2995
100
AcDbEntity
  8
CALLOUT TEXT
440
 16777216
370
    -2
100
AcDbLine
 10
5954.060853100323
 20
11114.14750998126
 30
0.0
 11
5954.060853100323
 21
11089.14750998126
 31
0.0
  0
LINE
  5
2C3A
330
2995
100
AcDbEntity
  8
CALLOUT TEXT
440
 16777216
370
    -2
100
AcDbLine
 10
3279.060853100324
 20
11039.14750998126
 30
0.0
 11
6004.060853100323
 21
11039.14750998126
 31
0.0
  0
INSERT
  5
2C3B
330
2995
100
AcDbEntity
  8
CALLOUT TEXT
440
 16777216
370
    -2
100
AcDbBlockReference
  2
_ArchTick
 10
3329.060853100324
 20
11039.14750998126
 30
0.0
 41
75.0
 42
75.0
 43
75.0
 50
180.0
  0
INSERT
  5
2C3C
330
2995
100
AcDbEntity
  8
CALLOUT TEXT
440
 16777216
370
    -2
100
AcDbBlockReference
  2
_ArchTick
 10
5954.060853100323
 20
11039.14750998126
 30
0.0
 41
75.0
 42
75.0
 43
75.0
  0
MTEXT
  5
2C3D
330
2995
100
AcDbEntity
  8
CALLOUT TEXT
440
 16777216
100
AcDbMText
 10
4641.560853100323
 20
11226.64750998126
 30
0.0
 40
225.0
 41
0.0
 46
0.0
 71
     5
 72
     1
  1
\A1;2625
  7
dim
 73
     1
 44
1.0
  0
POINT
  5
2C3E
330
2995
100
AcDbEntity
  8
Defpoints
 62
     0
440
 16777216
100
AcDbPoint
 10
3329.060853100324
 20
11039.14750998126
 30
0.0
  0
POINT
  5
2C3F
330
2995
100
AcDbEntity
  8
Defpoints
 62
     0
440
 16777216
100
AcDbPoint
 10
5954.060853100323
 20
11039.14750998126
 30
0.0
  0
POINT
  5
2C40
330
2995
100
AcDbEntity
  8
Defpoints
 62
     0
440
 16777216
100
AcDbPoint
 10
5954.060853100323
 20
11039.14750998126
 30
0.0
  0
ENDBLK
  5
2997
330
2995
100
AcDbEntity
  8
0
100
AcDbBlockEnd
  0
BLOCK
  5
29A2
330
29A1
100
AcDbEntity
  8
0
100
AcDbBlockBegin
  2
*D274
 70
     1
 10
0.0
 20
0.0
 30
0.0
  3
*D274
  1

  0
LINE
  5
2C41
330
29A1
100
AcDbEntity
  8
CALLOUT TEXT
440
 16777216
370
    -2
100
AcDbLine
 10
5954.060853100323
 20
11114.14750998126
 30
0.0
 11
5954.060853100323
 21
11089.14750998126
 31
0.0
  0
LINE
  5
2C42
330
29A1
100
AcDbEntity
  8
CALLOUT TEXT
440
 16777216
370
    -2
100
AcDbLine
 10
10635.61822491366
 20
11112.80663819177
 30
0.0
 11
10635.61822491366
 21
11089.14750998126
 31
0.0
  0
LINE
  5
2C43
330
29A1
100
AcDbEntity
  8
CALLOUT TEXT
440
 16777216
370
    -2
100
AcDbLine
 10
5904.060853100324
 20
11039.14750998126
 30
0.0
 11
10685.61822491366
 21
11039.14750998126
 31
0.0
  0
INSERT
  5
2C44
330
29A1
100
AcDbEntity
  8
CALLOUT TEXT
440
 16777216
370
    -2
100
AcDbBlockReference
  2
_ArchTick
 10
5954.060853100323
 20
11039.14750998126
 30
0.0
 41
75.0
 42
75.0
 43
75.0
 50
180.0
  0
INSERT
  5
2C45
330
29A1
100
AcDbEntity
  8
CALLOUT TEXT
440
 16777216
370
    -2
100
AcDbBlockReference
  2
_ArchTick
 10
10635.61822491366
 20
11039.14750998126
 30
0.0
 41
75.0
 42
75.0
 43
75.0
  0
MTEXT
  5
2C46
330
29A1
100
AcDbEntity
  8
CALLOUT TEXT
440
 16777216
100
AcDbMText
 10
8294.839539006993
 20
11226.64750998126
 30
0.0
 40
225.0
 41
0.0
 46
0.0
 71
     5
 72
     1
  1
\A1;4682
  7
dim
 73
     1
 44
1.0
  0
POINT
  5
2C47
330
29A1
100
AcDbEntity
  8
Defpoints
 62
     0
440
 16777216
100
AcDbPoint
 10
5954.060853100323
 20
11039.14750998126
 30
0.0
  0
POINT
  5
2C48
330
29A1
100
AcDbEntity
  8
Defpoints
 62
     0
440
 16777216
100
AcDbPoint
 10
10635.61822491366
 20
11037.80663819177
 30
0.0000000000000142
  0
POINT
  5
2C49
330
29A1
100
AcDbEntity
  8
Defpoints
 62
     0
440
 16777216
100
AcDbPoint
 10
10635.61822491366
 20
11039.14750998126
 30
0.0
  0
ENDBLK
  5
29A3
330
29A1
100
AcDbEntity
  8
0
100
AcDbBlockEnd
  0
BLOCK
  5
29AE
330
29AD
100
AcDbEntity
  8
0
100
AcDbBlockBegin
  2
*D275
 70
     1
 10
0.0
 20
0.0
 30
0.0
  3
*D275
  1

  0
LINE
  5
2C4A
330
29AD
100
AcDbEntity
  8
CALLOUT TEXT
440
 16777216
370
    -2
100
AcDbLine
 10
11204.16097814968
 20
10964.78541195433
 30
0.0
 11
11204.16097814968
 21
10989.14750998126
 31
0.0
  0
LINE
  5
2C4B
330
29AD
100
AcDbEntity
  8
CALLOUT TEXT
440
 16777216
370
    -2
100
AcDbLine
 10
11879.0612876027
 20
11114.14745575338
 30
0.0
 11
11879.0612876027
 21
11089.14750998126
 31
0.0
  0
LINE
  5
2C4C
330
29AD
100
AcDbEntity
  8
CALLOUT TEXT
440
 16777216
370
    -2
100
AcDbLine
 10
11154.16097814968
 20
11039.14750998126
 30
0.0
 11
11929.0612876027
 21
11039.14750998126
 31
0.0
  0
INSERT
  5
2C4D
330
29AD
100
AcDbEntity
  8
CALLOUT TEXT
440
 16777216
370
    -2
100
AcDbBlockReference
  2
_ArchTick
 10
11204.16097814968
 20
11039.14750998126
 30
0.0
 41
75.0
 42
75.0
 43
75.0
 50
180.0
  0
INSERT
  5
2C4E
330
29AD
100
AcDbEntity
  8
CALLOUT TEXT
440
 16777216
370
    -2
100
AcDbBlockReference
  2
_ArchTick
 10
11879.0612876027
 20
11039.14750998126
 30
0.0
 41
75.0
 42
75.0
 43
75.0
  0
MTEXT
  5
2C4F
330
29AD
100
AcDbEntity
  8
CALLOUT TEXT
440
 16777216
100
AcDbMText
 10
11541.61113287619
 20
11226.64750998126
 30
0.0
 40
225.0
 41
0.0
 46
0.0
 71
     5
 72
     1
  1
\A1;675
  7
dim
 73
     1
 44
1.0
  0
POINT
  5
2C50
330
29AD
100
AcDbEntity
  8
Defpoints
 62
     0
440
 16777216
100
AcDbPoint
 10
11204.16097814968
 20
11039.78541195433
 30
0.0
  0
POINT
  5
2C51
330
29AD
100
AcDbEntity
  8
Defpoints
 62
     0
440
 16777216
100
AcDbPoint
 10
11879.0612876027
 20
11039.14745575338
 30
0.0
  0
POINT
  5
2C52
330
29AD
100
AcDbEntity
  8
Defpoints
 62
     0
440
 16777216
100
AcDbPoint
 10
11879.0612876027
 20
11039.14750998126
 30
0.0
  0
ENDBLK
  5
29AF
330
29AD
100
AcDbEntity
  8
0
100
AcDbBlockEnd
  0
BLOCK
  5
29BA
330
29B9
100
AcDbEntity
  8
0
100
AcDbBlockBegin
  2
*D276
 70
     1
 10
0.0
 20
0.0
 30
0.0
  3
*D276
  1

  0
LINE
  5
2C53
330
29B9
100
AcDbEntity
  8
CALLOUT TEXT
440
 16777216
370
    -2
100
AcDbLine
 10
11879.0612876027
 20
11114.14745575338
 30
0.0
 11
11879.0612876027
 21
11089.14750998126
 31
0.0
  0
LINE
  5
2C54
330
29B9
100
AcDbEntity
  8
CALLOUT TEXT
440
 16777216
370
    -2
100
AcDbLine
 10
15304.06176862767
 20
11114.14750998126
 30
0.0
 11
15304.06176862767
 21
11089.14750998126
 31
0.0
  0
LINE
  5
2C55
330
29B9
100
AcDbEntity
  8
CALLOUT TEXT
440
 16777216
370
    -2
100
AcDbLine
 10
11829.0612876027
 20
11039.14750998126
 30
0.0
 11
15354.06176862766
 21
11039.14750998126
 31
0.0
  0
INSERT
  5
2C56
330
29B9
100
AcDbEntity
  8
CALLOUT TEXT
440
 16777216
370
    -2
100
AcDbBlockReference
  2
_ArchTick
 10
11879.0612876027
 20
11039.14750998126
 30
0.0
 41
75.0
 42
75.0
 43
75.0
 50
180.0
  0
INSERT
  5
2C57
330
29B9
100
AcDbEntity
  8
CALLOUT TEXT
440
 16777216
370
    -2
100
AcDbBlockReference
  2
_ArchTick
 10
15304.06176862767
 20
11039.14750998126
 30
0.0
 41
75.0
 42
75.0
 43
75.0
  0
MTEXT
  5
2C58
330
29B9
100
AcDbEntity
  8
CALLOUT TEXT
440
 16777216
100
AcDbMText
 10
13591.56152811518
 20
11226.64750998126
 30
0.0
 40
225.0
 41
0.0
 46
0.0
 71
     5
 72
     1
  1
\A1;3425
  7
dim
 73
     1
 44
1.0
  0
POINT
  5
2C59
330
29B9
100
AcDbEntity
  8
Defpoints
 62
     0
440
 16777216
100
AcDbPoint
 10
11879.0612876027
 20
11039.14745575338
 30
0.0
  0
POINT
  5
2C5A
330
29B9
100
AcDbEntity
  8
Defpoints
 62
     0
440
 16777216
100
AcDbPoint
 10
15304.06176862767
 20
11039.14750998126
 30
0.0000000000000142
  0
POINT
  5
2C5B
330
29B9
100
AcDbEntity
  8
Defpoints
 62
     0
440
 16777216
100
AcDbPoint
 10
15304.06176862767
 20
11039.14750998126
 30
0.0
  0
ENDBLK
  5
29BB
330
29B9
100
AcDbEntity
  8
0
100
AcDbBlockEnd
  0
BLOCK
  5
29C6
330
29C5
100
AcDbEntity
  8
0
100
AcDbBlockBegin
  2
*D277
 70
     1
 10
0.0
 20
0.0
 30
0.0
  3
*D277
  1

  0
LINE
  5
2C5C
330
29C5
100
AcDbEntity
  8
CALLOUT TEXT
440
 16777216
370
    -2
100
AcDbLine
 10
15304.06176862767
 20
11114.14750998126
 30
0.0
 11
15304.06176862767
 21
11089.14750998126
 31
0.0
  0
LINE
  5
2C5D
330
29C5
100
AcDbEntity
  8
CALLOUT TEXT
440
 16777216
370
    -2
100
AcDbLine
 10
16904.06128034676
 20
10964.14750998141
 30
0.0
 11
16904.06128034676
 21
10989.14750998126
 31
0.0
  0
LINE
  5
2C5E
330
29C5
100
AcDbEntity
  8
CALLOUT TEXT
440
 16777216
370
    -2
100
AcDbLine
 10
15254.06176862767
 20
11039.14750998126
 30
0.0
 11
16954.06128034677
 21
11039.14750998126
 31
0.0
  0
INSERT
  5
2C5F
330
29C5
100
AcDbEntity
  8
CALLOUT TEXT
440
 16777216
370
    -2
100
AcDbBlockReference
  2
_ArchTick
 10
15304.06176862767
 20
11039.14750998126
 30
0.0
 41
75.0
 42
75.0
 43
75.0
 50
180.0
  0
INSERT
  5
2C60
330
29C5
100
AcDbEntity
  8
CALLOUT TEXT
440
 16777216
370
    -2
100
AcDbBlockReference
  2
_ArchTick
 10
16904.06128034676
 20
11039.14750998126
 30
0.0
 41
75.0
 42
75.0
 43
75.0
  0
MTEXT
  5
2C61
330
29C5
100
AcDbEntity
  8
CALLOUT TEXT
440
 16777216
100
AcDbMText
 10
16104.06152448722
 20
11226.64750998126
 30
0.0
 40
225.0
 41
0.0
 46
0.0
 71
     5
 72
     1
  1
\A1;1600
  7
dim
 73
     1
 44
1.0
  0
POINT
  5
2C62
330
29C5
100
AcDbEntity
  8
Defpoints
 62
     0
440
 16777216
100
AcDbPoint
 10
15304.06176862767
 20
11039.14750998126
 30
0.0000000000000142
  0
POINT
  5
2C63
330
29C5
100
AcDbEntity
  8
Defpoints
 62
     0
440
 16777216
100
AcDbPoint
 10
16904.06128034676
 20
11039.14750998141
 30
0.0
  0
POINT
  5
2C64
330
29C5
100
AcDbEntity
  8
Defpoints
 62
     0
440
 16777216
100
AcDbPoint
 10
16904.06128034676
 20
11039.14750998126
 30
0.0
  0
ENDBLK
  5
29C7
330
29C5
100
AcDbEntity
  8
0
100
AcDbBlockEnd
  0
BLOCK
  5
29D2
330
29D1
100
AcDbEntity
  8
0
100
AcDbBlockBegin
  2
*D278
 70
     1
 10
0.0
 20
0.0
 30
0.0
  3
*D278
  1

  0
LINE
  5
2C65
330
29D1
100
AcDbEntity
  8
CALLOUT TEXT
440
 16777216
370
    -2
100
AcDbLine
 10
16904.06128034676
 20
10964.14750998141
 30
0.0
 11
16904.06128034676
 21
10989.14750998126
 31
0.0
  0
LINE
  5
2C66
330
29D1
100
AcDbEntity
  8
CALLOUT TEXT
440
 16777216
370
    -2
100
AcDbLine
 10
17579.06128034641
 20
11114.14750998126
 30
0.0
 11
17579.06128034641
 21
11089.14750998126
 31
0.0
  0
LINE
  5
2C67
330
29D1
100
AcDbEntity
  8
CALLOUT TEXT
440
 16777216
370
    -2
100
AcDbLine
 10
16854.06128034677
 20
11039.14750998126
 30
0.0
 11
17629.06128034642
 21
11039.14750998126
 31
0.0
  0
INSERT
  5
2C68
330
29D1
100
AcDbEntity
  8
CALLOUT TEXT
440
 16777216
370
    -2
100
AcDbBlockReference
  2
_ArchTick
 10
16904.06128034676
 20
11039.14750998126
 30
0.0
 41
75.0
 42
75.0
 43
75.0
 50
180.0
  0
INSERT
  5
2C69
330
29D1
100
AcDbEntity
  8
CALLOUT TEXT
440
 16777216
370
    -2
100
AcDbBlockReference
  2
_ArchTick
 10
17579.06128034641
 20
11039.14750998126
 30
0.0
 41
75.0
 42
75.0
 43
75.0
  0
MTEXT
  5
2C6A
330
29D1
100
AcDbEntity
  8
CALLOUT TEXT
440
 16777216
100
AcDbMText
 10
17241.56128034659
 20
11226.64750998126
 30
0.0
 40
225.0
 41
0.0
 46
0.0
 71
     5
 72
     1
  1
\A1;675
  7
dim
 73
     1
 44
1.0
  0
POINT
  5
2C6B
330
29D1
100
AcDbEntity
  8
Defpoints
 62
     0
440
 16777216
100
AcDbPoint
 10
16904.06128034676
 20
11039.14750998141
 30
0.0
  0
POINT
  5
2C6C
330
29D1
100
AcDbEntity
  8
Defpoints
 62
     0
440
 16777216
100
AcDbPoint
 10
17579.06128034641
 20
11039.14750998126
 30
0.0
  0
POINT
  5
2C6D
330
29D1
100
AcDbEntity
  8
Defpoints
 62
     0
440
 16777216
100
AcDbPoint
 10
17579.06128034641
 20
11039.14750998126
 30
0.0
  0
ENDBLK
  5
29D3
330
29D1
100
AcDbEntity
  8
0
100
AcDbBlockEnd
  0
BLOCK
  5
29DE
330
29DD
100
AcDbEntity
  8
0
100
AcDbBlockBegin
  2
*D279
 70
     1
 10
0.0
 20
0.0
 30
0.0
  3
*D279
  1

  0
LINE
  5
2C6E
330
29DD
100
AcDbEntity
  8
CALLOUT TEXT
440
 16777216
370
    -2
100
AcDbLine
 10
17579.06128034641
 20
11114.14750998126
 30
0.0
 11
17579.06128034641
 21
11089.14750998126
 31
0.0
  0
LINE
  5
2C6F
330
29DD
100
AcDbEntity
  8
CALLOUT TEXT
440
 16777216
370
    -2
100
AcDbLine
 10
19979.06176862766
 20
11114.14750998126
 30
0.0
 11
19979.06176862766
 21
11089.14750998126
 31
0.0
  0
LINE
  5
2C70
330
29DD
100
AcDbEntity
  8
CALLOUT TEXT
440
 16777216
370
    -2
100
AcDbLine
 10
17529.06128034642
 20
11039.14750998126
 30
0.0
 11
20029.06176862767
 21
11039.14750998126
 31
0.0
  0
INSERT
  5
2C71
330
29DD
100
AcDbEntity
  8
CALLOUT TEXT
440
 16777216
370
    -2
100
AcDbBlockReference
  2
_ArchTick
 10
17579.06128034641
 20
11039.14750998126
 30
0.0
 41
75.0
 42
75.0
 43
75.0
 50
180.0
  0
INSERT
  5
2C72
330
29DD
100
AcDbEntity
  8
CALLOUT TEXT
440
 16777216
370
    -2
100
AcDbBlockReference
  2
_ArchTick
 10
19979.06176862766
 20
11039.14750998126
 30
0.0
 41
75.0
 42
75.0
 43
75.0
  0
MTEXT
  5
2C73
330
29DD
100
AcDbEntity
  8
CALLOUT TEXT
440
 16777216
100
AcDbMText
 10
18779.06152448704
 20
11226.64750998126
 30
0.0
 40
225.0
 41
0.0
 46
0.0
 71
     5
 72
     1
  1
\A1;2400
  7
dim
 73
     1
 44
1.0
  0
POINT
  5
2C74
330
29DD
100
AcDbEntity
  8
Defpoints
 62
     0
440
 16777216
100
AcDbPoint
 10
17579.06128034641
 20
11039.14750998126
 30
0.0
  0
POINT
  5
2C75
330
29DD
100
AcDbEntity
  8
Defpoints
 62
     0
440
 16777216
100
AcDbPoint
 10
19979.06176862766
 20
11039.14750998126
 30
0.0000000000000142
  0
POINT
  5
2C76
330
29DD
100
AcDbEntity
  8
Defpoints
 62
     0
440
 16777216
100
AcDbPoint
 10
19979.06176862766
 20
11039.14750998126
 30
0.0
  0
ENDBLK
  5
29DF
330
29DD
100
AcDbEntity
  8
0
100
AcDbBlockEnd
  0
BLOCK
  5
29EA
330
29E9
100
AcDbEntity
  8
0
100
AcDbBlockBegin
  2
*D280
 70
     1
 10
0.0
 20
0.0
 30
0.0
  3
*D280
  1

  0
LINE
  5
2C77
330
29E9
100
AcDbEntity
  8
CALLOUT TEXT
440
 16777216
370
    -2
100
AcDbLine
 10
19979.06176862766
 20
11114.14750998126
 30
0.0
 11
19979.06176862766
 21
11089.14750998126
 31
0.0
  0
LINE
  5
2C78
330
29E9
100
AcDbEntity
  8
CALLOUT TEXT
440
 16777216
370
    -2
100
AcDbLine
 10
22604.06054792454
 20
11114.14750998126
 30
0.0
 11
22604.06054792454
 21
11089.14750998126
 31
0.0
  0
LINE
  5
2C79
330
29E9
100
AcDbEntity
  8
CALLOUT TEXT
440
 16777216
370
    -2
100
AcDbLine
 10
19929.06176862766
 20
11039.14750998126
 30
0.0
 11
22654.06054792454
 21
11039.14750998126
 31
0.0
  0
INSERT
  5
2C7A
330
29E9
100
AcDbEntity
  8
CALLOUT TEXT
440
 16777216
370
    -2
100
AcDbBlockReference
  2
_ArchTick
 10
19979.06176862766
 20
11039.14750998126
 30
0.0
 41
75.0
 42
75.0
 43
75.0
 50
180.0
  0
INSERT
  5
2C7B
330
29E9
100
AcDbEntity
  8
CALLOUT TEXT
440
 16777216
370
    -2
100
AcDbBlockReference
  2
_ArchTick
 10
22604.06054792454
 20
11039.14750998126
 30
0.0
 41
75.0
 42
75.0
 43
75.0
  0
MTEXT
  5
2C7C
330
29E9
100
AcDbEntity
  8
CALLOUT TEXT
440
 16777216
100
AcDbMText
 10
21291.56115827611
 20
11226.64750998126
 30
0.0
 40
225.0
 41
0.0
 46
0.0
 71
     5
 72
     1
  1
\A1;2625
  7
dim
 73
     1
 44
1.0
  0
POINT
  5
2C7D
330
29E9
100
AcDbEntity
  8
Defpoints
 62
     0
440
 16777216
100
AcDbPoint
 10
19979.06176862766
 20
11039.14750998126
 30
0.0000000000000142
  0
POINT
  5
2C7E
330
29E9
100
AcDbEntity
  8
Defpoints
 62
     0
440
 16777216
100
AcDbPoint
 10
22604.06054792454
 20
11039.14750998126
 30
0.0
  0
POINT
  5
2C7F
330
29E9
100
AcDbEntity
  8
Defpoints
 62
     0
440
 16777216
100
AcDbPoint
 10
22604.06054792454
 20
11039.14750998126
 30
0.0
  0
ENDBLK
  5
29EB
330
29E9
100
AcDbEntity
  8
0
100
AcDbBlockEnd
  0
BLOCK
  5
29F6
330
29F5
100
AcDbEntity
  8
0
100
AcDbBlockBegin
  2
*D281
 70
     1
 10
0.0
 20
0.0
 30
0.0
  3
*D281
  1

  0
LINE
  5
2C80
330
29F5
100
AcDbEntity
  8
CALLOUT TEXT
440
 16777216
370
    -2
100
AcDbLine
 10
22604.06054792454
 20
11114.14750998126
 30
0.0
 11
22604.06054792454
 21
11089.14750998126
 31
0.0
  0
LINE
  5
2C81
330
29F5
100
AcDbEntity
  8
CALLOUT TEXT
440
 16777216
370
    -2
100
AcDbLine
 10
24029.06054792454
 20
11113.76750998126
 30
0.0
 11
24029.06054792454
 21
11089.14750998126
 31
0.0
  0
LINE
  5
2C82
330
29F5
100
AcDbEntity
  8
CALLOUT TEXT
440
 16777216
370
    -2
100
AcDbLine
 10
22554.06054792454
 20
11039.14750998126
 30
0.0
 11
24079.06054792454
 21
11039.14750998126
 31
0.0
  0
INSERT
  5
2C83
330
29F5
100
AcDbEntity
  8
CALLOUT TEXT
440
 16777216
370
    -2
100
AcDbBlockReference
  2
_ArchTick
 10
22604.06054792454
 20
11039.14750998126
 30
0.0
 41
75.0
 42
75.0
 43
75.0
 50
180.0
  0
INSERT
  5
2C84
330
29F5
100
AcDbEntity
  8
CALLOUT TEXT
440
 16777216
370
    -2
100
AcDbBlockReference
  2
_ArchTick
 10
24029.06054792454
 20
11039.14750998126
 30
0.0
 41
75.0
 42
75.0
 43
75.0
  0
MTEXT
  5
2C85
330
29F5
100
AcDbEntity
  8
CALLOUT TEXT
440
 16777216
100
AcDbMText
 10
23316.56054792454
 20
11226.64750998126
 30
0.0
 40
225.0
 41
0.0
 46
0.0
 71
     5
 72
     1
  1
\A1;1425
  7
dim
 73
     1
 44
1.0
  0
POINT
  5
2C86
330
29F5
100
AcDbEntity
  8
Defpoints
 62
     0
440
 16777216
100
AcDbPoint
 10
22604.06054792454
 20
11039.14750998126
 30
0.0
  0
POINT
  5
2C87
330
29F5
100
AcDbEntity
  8
Defpoints
 62
     0
440
 16777216
100
AcDbPoint
 10
24029.06054792454
 20
11038.76750998126
 30
0.0
  0
POINT
  5
2C88
330
29F5
100
AcDbEntity
  8
Defpoints
 62
     0
440
 16777216
100
AcDbPoint
 10
24029.06054792454
 20
11039.14750998126
 30
0.0
  0
ENDBLK
  5
29F7
330
29F5
100
AcDbEntity
  8
0
100
AcDbBlockEnd
  0
BLOCK
  5
2A02
330
2A01
100
AcDbEntity
  8
0
100
AcDbBlockBegin
  2
*D282
 70
     1
 10
0.0
 20
0.0
 30
0.0
  3
*D282
  1

  0
LINE
  5
2C89
330
2A01
100
AcDbEntity
  8
CALLOUT TEXT
440
 16777216
370
    -2
100
AcDbLine
 10
24029.06054792454
 20
11113.76750998126
 30
0.0
 11
24029.06054792454
 21
11089.14750998126
 31
0.0
  0
LINE
  5
2C8A
330
2A01
100
AcDbEntity
  8
CALLOUT TEXT
440
 16777216
370
    -2
100
AcDbLine
 10
27629.06054792454
 20
11113.76750998126
 30
0.0
 11
27629.06054792454
 21
11089.14750998126
 31
0.0
  0
LINE
  5
2C8B
330
2A01
100
AcDbEntity
  8
CALLOUT TEXT
440
 16777216
370
    -2
100
AcDbLine
 10
23979.06054792454
 20
11039.14750998126
 30
0.0
 11
27679.06054792454
 21
11039.14750998126
 31
0.0
  0
INSERT
  5
2C8C
330
2A01
100
AcDbEntity
  8
CALLOUT TEXT
440
 16777216
370
    -2
100
AcDbBlockReference
  2
_ArchTick
 10
24029.06054792454
 20
11039.14750998126
 30
0.0
 41
75.0
 42
75.0
 43
75.0
 50
180.0
  0
INSERT
  5
2C8D
330
2A01
100
AcDbEntity
  8
CALLOUT TEXT
440
 16777216
370
    -2
100
AcDbBlockReference
  2
_ArchTick
 10
27629.06054792454
 20
11039.14750998126
 30
0.0
 41
75.0
 42
75.0
 43
75.0
  0
MTEXT
  5
2C8E
330
2A01
100
AcDbEntity
  8
CALLOUT TEXT
440
 16777216
100
AcDbMText
 10
25829.06054792454
 20
11226.64750998126
 30
0.0
 40
225.0
 41
0.0
 46
0.0
 71
     5
 72
     1
  1
\A1;3600
  7
dim
 73
     1
 44
1.0
  0
POINT
  5
2C8F
330
2A01
100
AcDbEntity
  8
Defpoints
 62
     0
440
 16777216
100
AcDbPoint
 10
24029.06054792454
 20
11038.76750998126
 30
0.0
  0
POINT
  5
2C90
330
2A01
100
AcDbEntity
  8
Defpoints
 62
     0
440
 16777216
100
AcDbPoint
 10
27629.06054792454
 20
11038.76750998126
 30
0.0
  0
POINT
  5
2C91
330
2A01
100
AcDbEntity
  8
Defpoints
 62
     0
440
 16777216
100
AcDbPoint
 10
27629.06054792454
 20
11039.14750998126
 30
0.0
  0
ENDBLK
  5
2A03
330
2A01
100
AcDbEntity
  8
0
100
AcDbBlockEnd
  0
BLOCK
  5
2A0E
330
2A0D
100
AcDbEntity
  8
0
100
AcDbBlockBegin
  2
*D283
 70
     1
 10
0.0
 20
0.0
 30
0.0
  3
*D283
  1

  0
LINE
  5
2CE8
330
2A0D
100
AcDbEntity
  8
CALLOUT TEXT
440
 16777216
370
    -2
100
AcDbLine
 10
29159.5643078533
 20
24554.81192625952
 30
0.0
 11
29134.56430785623
 21
24554.81192625952
 31
0.0
  0
LINE
  5
2CE9
330
2A0D
100
AcDbEntity
  8
CALLOUT TEXT
440
 16777216
370
    -2
100
AcDbLine
 10
29159.5643078533
 20
23955.1427368064
 30
0.0
 11
29134.56430785623
 21
23955.1427368064
 31
0.0
  0
LINE
  5
2CEA
330
2A0D
100
AcDbEntity
  8
CALLOUT TEXT
440
 16777216
370
    -2
100
AcDbLine
 10
29084.56430785622
 20
24604.81192625953
 30
0.0
 11
29084.56430785623
 21
23905.14273680639
 31
0.0
  0
LINE
  5
2CEB
330
2A0D
100
AcDbEntity
  8
CALLOUT TEXT
440
 16777216
370
    -2
100
AcDbLine
 10
29084.56430785623
 20
24254.97733153296
 30
0.0
 11
28787.86813881965
 21
24404.97733153291
 31
0.0
  0
LINE
  5
2CEC
330
2A0D
100
AcDbEntity
  8
CALLOUT TEXT
440
 16777216
370
    -2
100
AcDbLine
 10
28787.86813881965
 20
24404.97733153291
 30
0.0
 11
28787.86813881964
 21
25017.83447439005
 31
0.0
  0
MTEXT
  5
2CED
330
2A0D
100
AcDbEntity
  8
CALLOUT TEXT
440
 16777216
100
AcDbMText
 10
28600.36813881965
 20
24711.40590296147
 30
0.0
 40
225.0
 41
0.0
 46
0.0
 71
     5
 72
     1
  1
\A1;600
  7
dim
 11
0.0000000000000001
 21
1.0
 31
0.0
 73
     1
 44
1.0
  0
INSERT
  5
2CEE
330
2A0D
100
AcDbEntity
  8
CALLOUT TEXT
440
 16777216
370
    -2
100
AcDbBlockReference
  2
_ArchTick
 10
29084.56430785623
 20
24554.81192625952
 30
0.0
 41
75.0
 42
75.0
 43
75.0
 50
90.0
  0
INSERT
  5
2CEF
330
2A0D
100
AcDbEntity
  8
CALLOUT TEXT
440
 16777216
370
    -2
100
AcDbBlockReference
  2
_ArchTick
 10
29084.56430785623
 20
23955.1427368064
 30
0.0
 41
75.0
 42
75.0
 43
75.0
 50
270.0
  0
POINT
  5
2CF0
330
2A0D
100
AcDbEntity
  8
Defpoints
 62
     0
440
 16777216
100
AcDbPoint
 10
29084.5643078533
 20
24554.81192625952
 30
0.0
  0
POINT
  5
2CF1
330
2A0D
100
AcDbEntity
  8
Defpoints
 62
     0
440
 16777216
100
AcDbPoint
 10
29084.5643078533
 20
23955.1427368064
 30
0.0
  0
POINT
  5
2CF2
330
2A0D
100
AcDbEntity
  8
Defpoints
 62
     0
440
 16777216
100
AcDbPoint
 10
29084.56430785623
 20
23955.1427368064
 30
0.0
  0
ENDBLK
  5
2A0F
330
2A0D
100
AcDbEntity
  8
0
100
AcDbBlockEnd
  0
BLOCK
  5
2A1C
330
2A1B
100
AcDbEntity
  8
0
100
AcDbBlockBegin
  2
*D284
 70
     1
 10
0.0
 20
0.0
 30
0.0
  3
*D284
  1

  0
LINE
  5
2CF3
330
2A1B
100
AcDbEntity
  8
CALLOUT TEXT
440
 16777216
370
    -2
100
AcDbLine
 10
29159.5643078533
 20
23955.1427368064
 30
0.0
 11
29134.56430785635
 21
23955.1427368064
 31
0.0
  0
LINE
  5
2CF4
330
2A1B
100
AcDbEntity
  8
CALLOUT TEXT
440
 16777216
370
    -2
100
AcDbLine
 10
29146.66888914975
 20
22979.81192625952
 30
0.0
 11
29134.56430785635
 21
22979.81192625952
 31
0.0
  0
LINE
  5
2CF5
330
2A1B
100
AcDbEntity
  8
CALLOUT TEXT
440
 16777216
370
    -2
100
AcDbLine
 10
29084.56430785634
 20
24005.1427368064
 30
0.0
 11
29084.56430785634
 21
22929.81192625952
 31
0.0
  0
INSERT
  5
2CF6
330
2A1B
100
AcDbEntity
  8
CALLOUT TEXT
440
 16777216
370
    -2
100
AcDbBlockReference
  2
_ArchTick
 10
29084.56430785634
 20
23955.1427368064
 30
0.0
 41
75.0
 42
75.0
 43
75.0
 50
90.0
  0
INSERT
  5
2CF7
330
2A1B
100
AcDbEntity
  8
CALLOUT TEXT
440
 16777216
370
    -2
100
AcDbBlockReference
  2
_ArchTick
 10
29084.56430785634
 20
22979.81192625952
 30
0.0
 41
75.0
 42
75.0
 43
75.0
 50
270.0
  0
MTEXT
  5
2CF8
330
2A1B
100
AcDbEntity
  8
CALLOUT TEXT
440
 16777216
100
AcDbMText
 10
28897.06430785634
 20
23467.47733153295
 30
0.0
 40
225.0
 41
0.0
 46
0.0
 71
     5
 72
     1
  1
\A1;975
  7
dim
 11
0.0000000000000001
 21
1.0
 31
0.0
 73
     1
 44
1.0
  0
POINT
  5
2CF9
330
2A1B
100
AcDbEntity
  8
Defpoints
 62
     0
440
 16777216
100
AcDbPoint
 10
29084.5643078533
 20
23955.1427368064
 30
0.0
  0
POINT
  5
2CFA
330
2A1B
100
AcDbEntity
  8
Defpoints
 62
     0
440
 16777216
100
AcDbPoint
 10
29071.66888914975
 20
22979.81192625952
 30
0.0
  0
POINT
  5
2CFB
330
2A1B
100
AcDbEntity
  8
Defpoints
 62
     0
440
 16777216
100
AcDbPoint
 10
29084.56430785634
 20
22979.81192625952
 30
0.0
  0
ENDBLK
  5
2A1D
330
2A1B
100
AcDbEntity
  8
0
100
AcDbBlockEnd
  0
BLOCK
  5
2A28
330
2A27
100
AcDbEntity
  8
0
100
AcDbBlockBegin
  2
*D285
 70
     1
 10
0.0
 20
0.0
 30
0.0
  3
*D285
  1

  0
LINE
  5
2CFC
330
2A27
100
AcDbEntity
  8
CALLOUT TEXT
440
 16777216
370
    -2
100
AcDbLine
 10
29146.66888914975
 20
22979.81192625952
 30
0.0
 11
29134.56430785658
 21
22979.81192625952
 31
0.0
  0
LINE
  5
2CFD
330
2A27
100
AcDbEntity
  8
CALLOUT TEXT
440
 16777216
370
    -2
100
AcDbLine
 10
29018.09356117221
 20
20276.04849852515
 30
0.0
 11
29034.56430785658
 21
20276.04849852515
 31
0.0
  0
LINE
  5
2CFE
330
2A27
100
AcDbEntity
  8
CALLOUT TEXT
440
 16777216
370
    -2
100
AcDbLine
 10
29084.56430785658
 20
23029.81192625952
 30
0.0
 11
29084.56430785658
 21
20226.04849852515
 31
0.0
  0
INSERT
  5
2CFF
330
2A27
100
AcDbEntity
  8
CALLOUT TEXT
440
 16777216
370
    -2
100
AcDbBlockReference
  2
_ArchTick
 10
29084.56430785658
 20
22979.81192625952
 30
0.0
 41
75.0
 42
75.0
 43
75.0
 50
90.0
  0
INSERT
  5
2D00
330
2A27
100
AcDbEntity
  8
CALLOUT TEXT
440
 16777216
370
    -2
100
AcDbBlockReference
  2
_ArchTick
 10
29084.56430785658
 20
20276.04849852515
 30
0.0
 41
75.0
 42
75.0
 43
75.0
 50
270.0
  0
MTEXT
  5
2D01
330
2A27
100
AcDbEntity
  8
CALLOUT TEXT
440
 16777216
100
AcDbMText
 10
28897.06430785658
 20
21627.93021239232
 30
0.0
 40
225.0
 41
0.0
 46
0.0
 71
     5
 72
     1
  1
\A1;2704
  7
dim
 11
0.0000000000000001
 21
1.0
 31
0.0
 73
     1
 44
1.0
  0
POINT
  5
2D02
330
2A27
100
AcDbEntity
  8
Defpoints
 62
     0
440
 16777216
100
AcDbPoint
 10
29071.66888914975
 20
22979.81192625952
 30
0.0
  0
POINT
  5
2D03
330
2A27
100
AcDbEntity
  8
Defpoints
 62
     0
440
 16777216
100
AcDbPoint
 10
29093.09356117221
 20
20276.04849852515
 30
0.0
  0
POINT
  5
2D04
330
2A27
100
AcDbEntity
  8
Defpoints
 62
     0
440
 16777216
100
AcDbPoint
 10
29084.56430785658
 20
20276.04849852515
 30
0.0
  0
ENDBLK
  5
2A29
330
2A27
100
AcDbEntity
  8
0
100
AcDbBlockEnd
  0
BLOCK
  5
2A34
330
2A33
100
AcDbEntity
  8
0
100
AcDbBlockBegin
  2
*D286
 70
     1
 10
0.0
 20
0.0
 30
0.0
  3
*D286
  1

  0
LINE
  5
2D05
330
2A33
100
AcDbEntity
  8
CALLOUT TEXT
440
 16777216
370
    -2
100
AcDbLine
 10
29018.09356117221
 20
20276.04849852515
 30
0.0
 11
29034.56430785681
 21
20276.04849852515
 31
0.0
  0
LINE
  5
2D06
330
2A33
100
AcDbEntity
  8
CALLOUT TEXT
440
 16777216
370
    -2
100
AcDbLine
 10
29158.24430435868
 20
19154.81192625952
 30
0.0
 11
29134.56430785681
 21
19154.81192625952
 31
0.0
  0
LINE
  5
2D07
330
2A33
100
AcDbEntity
  8
CALLOUT TEXT
440
 16777216
370
    -2
100
AcDbLine
 10
29084.56430785681
 20
20326.04849852515
 30
0.0
 11
29084.56430785681
 21
19104.81192625952
 31
0.0
  0
INSERT
  5
2D08
330
2A33
100
AcDbEntity
  8
CALLOUT TEXT
440
 16777216
370
    -2
100
AcDbBlockReference
  2
_ArchTick
 10
29084.56430785681
 20
20276.04849852515
 30
0.0
 41
75.0
 42
75.0
 43
75.0
 50
90.0
  0
INSERT
  5
2D09
330
2A33
100
AcDbEntity
  8
CALLOUT TEXT
440
 16777216
370
    -2
100
AcDbBlockReference
  2
_ArchTick
 10
29084.56430785681
 20
19154.81192625952
 30
0.0
 41
75.0
 42
75.0
 43
75.0
 50
270.0
  0
MTEXT
  5
2D0A
330
2A33
100
AcDbEntity
  8
CALLOUT TEXT
440
 16777216
100
AcDbMText
 10
28897.06430785681
 20
19715.43021239232
 30
0.0
 40
225.0
 41
0.0
 46
0.0
 71
     5
 72
     1
  1
\A1;1121
  7
dim
 11
0.0000000000000001
 21
1.0
 31
0.0
 73
     1
 44
1.0
  0
POINT
  5
2D0B
330
2A33
100
AcDbEntity
  8
Defpoints
 62
     0
440
 16777216
100
AcDbPoint
 10
29093.09356117221
 20
20276.04849852515
 30
0.0
  0
POINT
  5
2D0C
330
2A33
100
AcDbEntity
  8
Defpoints
 62
     0
440
 16777216
100
AcDbPoint
 10
29083.24430435868
 20
19154.81192625952
 30
0.0
  0
POINT
  5
2D0D
330
2A33
100
AcDbEntity
  8
Defpoints
 62
     0
440
 16777216
100
AcDbPoint
 10
29084.56430785681
 20
19154.81192625952
 30
0.0
  0
ENDBLK
  5
2A35
330
2A33
100
AcDbEntity
  8
0
100
AcDbBlockEnd
  0
BLOCK
  5
2A40
330
2A3F
100
AcDbEntity
  8
0
100
AcDbBlockBegin
  2
*D287
 70
     1
 10
0.0
 20
0.0
 30
0.0
  3
*D287
  1

  0
LINE
  5
2D0E
330
2A3F
100
AcDbEntity
  8
CALLOUT TEXT
440
 16777216
370
    -2
100
AcDbLine
 10
29158.24430435868
 20
19154.81192625952
 30
0.0
 11
29134.56430785704
 21
19154.81192625952
 31
0.0
  0
LINE
  5
2D0F
330
2A3F
100
AcDbEntity
  8
CALLOUT TEXT
440
 16777216
370
    -2
100
AcDbLine
 10
29022.15511037382
 20
16304.81192625952
 30
0.0
 11
29034.56430785704
 21
16304.81192625952
 31
0.0
  0
LINE
  5
2D10
330
2A3F
100
AcDbEntity
  8
CALLOUT TEXT
440
 16777216
370
    -2
100
AcDbLine
 10
29084.56430785705
 20
19204.81192625952
 30
0.0
 11
29084.56430785705
 21
16254.81192625952
 31
0.0
  0
INSERT
  5
2D11
330
2A3F
100
AcDbEntity
  8
CALLOUT TEXT
440
 16777216
370
    -2
100
AcDbBlockReference
  2
_ArchTick
 10
29084.56430785705
 20
19154.81192625952
 30
0.0
 41
75.0
 42
75.0
 43
75.0
 50
90.0
  0
INSERT
  5
2D12
330
2A3F
100
AcDbEntity
  8
CALLOUT TEXT
440
 16777216
370
    -2
100
AcDbBlockReference
  2
_ArchTick
 10
29084.56430785705
 20
16304.81192625952
 30
0.0
 41
75.0
 42
75.0
 43
75.0
 50
270.0
  0
MTEXT
  5
2D13
330
2A3F
100
AcDbEntity
  8
CALLOUT TEXT
440
 16777216
100
AcDbMText
 10
28897.06430785704
 20
17729.81192625951
 30
0.0
 40
225.0
 41
0.0
 46
0.0
 71
     5
 72
     1
  1
\A1;2850
  7
dim
 11
0.0000000000000001
 21
1.0
 31
0.0
 73
     1
 44
1.0
  0
POINT
  5
2D14
330
2A3F
100
AcDbEntity
  8
Defpoints
 62
     0
440
 16777216
100
AcDbPoint
 10
29083.24430435868
 20
19154.81192625952
 30
0.0
  0
POINT
  5
2D15
330
2A3F
100
AcDbEntity
  8
Defpoints
 62
     0
440
 16777216
100
AcDbPoint
 10
29097.15511037381
 20
16304.81192625952
 30
0.0
  0
POINT
  5
2D16
330
2A3F
100
AcDbEntity
  8
Defpoints
 62
     0
440
 16777216
100
AcDbPoint
 10
29084.56430785705
 20
16304.81192625952
 30
0.0
  0
ENDBLK
  5
2A41
330
2A3F
100
AcDbEntity
  8
0
100
AcDbBlockEnd
  0
BLOCK
  5
2A4C
330
2A4B
100
AcDbEntity
  8
0
100
AcDbBlockBegin
  2
*D288
 70
     1
 10
0.0
 20
0.0
 30
0.0
  3
*D288
  1

  0
LINE
  5
2D17
330
2A4B
100
AcDbEntity
  8
CALLOUT TEXT
440
 16777216
370
    -2
100
AcDbLine
 10
29022.15511037382
 20
16304.81192625952
 30
0.0
 11
29034.56430785728
 21
16304.81192625952
 31
0.0
  0
LINE
  5
2D18
330
2A4B
100
AcDbEntity
  8
CALLOUT TEXT
440
 16777216
370
    -2
100
AcDbLine
 10
29011.59508246156
 20
14429.81192625952
 30
0.0
 11
29034.56430785728
 21
14429.81192625952
 31
0.0
  0
LINE
  5
2D19
330
2A4B
100
AcDbEntity
  8
CALLOUT TEXT
440
 16777216
370
    -2
100
AcDbLine
 10
29084.56430785728
 20
16354.81192625952
 30
0.0
 11
29084.56430785728
 21
14379.81192625952
 31
0.0
  0
INSERT
  5
2D1A
330
2A4B
100
AcDbEntity
  8
CALLOUT TEXT
440
 16777216
370
    -2
100
AcDbBlockReference
  2
_ArchTick
 10
29084.56430785728
 20
16304.81192625952
 30
0.0
 41
75.0
 42
75.0
 43
75.0
 50
90.0
  0
INSERT
  5
2D1B
330
2A4B
100
AcDbEntity
  8
CALLOUT TEXT
440
 16777216
370
    -2
100
AcDbBlockReference
  2
_ArchTick
 10
29084.56430785728
 20
14429.81192625952
 30
0.0
 41
75.0
 42
75.0
 43
75.0
 50
270.0
  0
MTEXT
  5
2D1C
330
2A4B
100
AcDbEntity
  8
CALLOUT TEXT
440
 16777216
100
AcDbMText
 10
28897.06430785727
 20
15367.31192625951
 30
0.0
 40
225.0
 41
0.0
 46
0.0
 71
     5
 72
     1
  1
\A1;1875
  7
dim
 11
0.0000000000000001
 21
1.0
 31
0.0
 73
     1
 44
1.0
  0
POINT
  5
2D1D
330
2A4B
100
AcDbEntity
  8
Defpoints
 62
     0
440
 16777216
100
AcDbPoint
 10
29097.15511037381
 20
16304.81192625952
 30
0.0
  0
POINT
  5
2D1E
330
2A4B
100
AcDbEntity
  8
Defpoints
 62
     0
440
 16777216
100
AcDbPoint
 10
29086.59508246156
 20
14429.81192625952
 30
0.0
  0
POINT
  5
2D1F
330
2A4B
100
AcDbEntity
  8
Defpoints
 62
     0
440
 16777216
100
AcDbPoint
 10
29084.56430785728
 20
14429.81192625952
 30
0.0
  0
ENDBLK
  5
2A4D
330
2A4B
100
AcDbEntity
  8
0
100
AcDbBlockEnd
  0
BLOCK
  5
2A58
330
2A57
100
AcDbEntity
  8
0
100
AcDbBlockBegin
  2
*D289
 70
     1
 10
0.0
 20
0.0
 30
0.0
  3
*D289
  1

  0
LINE
  5
2D20
330
2A57
100
AcDbEntity
  8
CALLOUT TEXT
440
 16777216
370
    -2
100
AcDbLine
 10
29011.59508246156
 20
14429.81192625952
 30
0.0
 11
29034.56430785751
 21
14429.81192625952
 31
0.0
  0
LINE
  5
2D21
330
2A57
100
AcDbEntity
  8
CALLOUT TEXT
440
 16777216
370
    -2
100
AcDbLine
 10
29020.4289519635
 20
12629.8122314353
 30
0.0
 11
29034.56430785751
 21
12629.8122314353
 31
0.0
  0
LINE
  5
2D22
330
2A57
100
AcDbEntity
  8
CALLOUT TEXT
440
 16777216
370
    -2
100
AcDbLine
 10
29084.56430785751
 20
14479.81192625952
 30
0.0
 11
29084.56430785751
 21
12579.8122314353
 31
0.0
  0
INSERT
  5
2D23
330
2A57
100
AcDbEntity
  8
CALLOUT TEXT
440
 16777216
370
    -2
100
AcDbBlockReference
  2
_ArchTick
 10
29084.56430785751
 20
14429.81192625952
 30
0.0
 41
75.0
 42
75.0
 43
75.0
 50
90.0
  0
INSERT
  5
2D24
330
2A57
100
AcDbEntity
  8
CALLOUT TEXT
440
 16777216
370
    -2
100
AcDbBlockReference
  2
_ArchTick
 10
29084.56430785751
 20
12629.8122314353
 30
0.0
 41
75.0
 42
75.0
 43
75.0
 50
270.0
  0
MTEXT
  5
2D25
330
2A57
100
AcDbEntity
  8
CALLOUT TEXT
440
 16777216
100
AcDbMText
 10
28897.0643078575
 20
13529.8120788474
 30
0.0
 40
225.0
 41
0.0
 46
0.0
 71
     5
 72
     1
  1
\A1;1800
  7
dim
 11
0.0000000000000001
 21
1.0
 31
0.0
 73
     1
 44
1.0
  0
POINT
  5
2D26
330
2A57
100
AcDbEntity
  8
Defpoints
 62
     0
440
 16777216
100
AcDbPoint
 10
29086.59508246156
 20
14429.81192625952
 30
0.0
  0
POINT
  5
2D27
330
2A57
100
AcDbEntity
  8
Defpoints
 62
     0
440
 16777216
100
AcDbPoint
 10
29095.42895196351
 20
12629.8122314353
 30
0.0
  0
POINT
  5
2D28
330
2A57
100
AcDbEntity
  8
Defpoints
 62
     0
440
 16777216
100
AcDbPoint
 10
29084.56430785751
 20
12629.8122314353
 30
0.0
  0
ENDBLK
  5
2A59
330
2A57
100
AcDbEntity
  8
0
100
AcDbBlockEnd
  0
BLOCK
  5
2A64
330
2A63
100
AcDbEntity
  8
0
100
AcDbBlockBegin
  2
*D290
 70
     1
 10
0.0
 20
0.0
 30
0.0
  3
*D290
  1

  0
LINE
  5
2D29
330
2A63
100
AcDbEntity
  8
CALLOUT TEXT
440
 16777216
370
    -2
100
AcDbLine
 10
10635.61822491366
 20
11112.80663819177
 30
0.0
 11
10635.61822491366
 21
11089.14750998126
 31
0.0
  0
LINE
  5
2D2A
330
2A63
100
AcDbEntity
  8
CALLOUT TEXT
440
 16777216
370
    -2
100
AcDbLine
 10
11204.16097814956
 20
10964.78541195433
 30
0.0
 11
11204.16097814956
 21
10989.14750998126
 31
0.0
  0
LINE
  5
2D2B
330
2A63
100
AcDbEntity
  8
CALLOUT TEXT
440
 16777216
370
    -2
100
AcDbLine
 10
10585.61822491366
 20
11039.14750998126
 30
0.0
 11
11254.16097814956
 21
11039.14750998126
 31
0.0
  0
LINE
  5
2D2C
330
2A63
100
AcDbEntity
  8
CALLOUT TEXT
440
 16777216
370
    -2
100
AcDbLine
 10
10919.88960153161
 20
11039.14750998126
 30
0.0
 11
10710.69826127513
 21
11317.24783583567
 31
0.0
  0
LINE
  5
2D2D
330
2A63
100
AcDbEntity
  8
CALLOUT TEXT
440
 16777216
370
    -2
100
AcDbLine
 10
10710.69826127513
 20
11317.24783583567
 30
0.0
 11
10106.41254698942
 21
11317.24783583567
 31
0.0
  0
MTEXT
  5
2D2E
330
2A63
100
AcDbEntity
  8
CALLOUT TEXT
440
 16777216
100
AcDbMText
 10
10408.55540413227
 20
11504.74783583567
 30
0.0
 40
225.0
 41
0.0
 46
0.0
 71
     5
 72
     1
  1
\A1;569
  7
dim
 73
     1
 44
1.0
  0
INSERT
  5
2D2F
330
2A63
100
AcDbEntity
  8
CALLOUT TEXT
440
 16777216
370
    -2
100
AcDbBlockReference
  2
_ArchTick
 10
10635.61822491366
 20
11039.14750998126
 30
0.0
 41
75.0
 42
75.0
 43
75.0
 50
180.0
  0
INSERT
  5
2D30
330
2A63
100
AcDbEntity
  8
CALLOUT TEXT
440
 16777216
370
    -2
100
AcDbBlockReference
  2
_ArchTick
 10
11204.16097814956
 20
11039.14750998126
 30
0.0
 41
75.0
 42
75.0
 43
75.0
  0
POINT
  5
2D31
330
2A63
100
AcDbEntity
  8
Defpoints
 62
     0
440
 16777216
100
AcDbPoint
 10
10635.61822491366
 20
11037.80663819177
 30
0.0000000000000142
  0
POINT
  5
2D32
330
2A63
100
AcDbEntity
  8
Defpoints
 62
     0
440
 16777216
100
AcDbPoint
 10
11204.16097814956
 20
11039.78541195433
 30
0.0
  0
POINT
  5
2D33
330
2A63
100
AcDbEntity
  8
Defpoints
 62
     0
440
 16777216
100
AcDbPoint
 10
11204.16097814956
 20
11039.14750998126
 30
0.0
  0
ENDBLK
  5
2A65
330
2A63
100
AcDbEntity
  8
0
100
AcDbBlockEnd
  0
BLOCK
  5
2A72
330
2A71
100
AcDbEntity
  8
0
100
AcDbBlockBegin
  2
*D291
 70
     1
 10
0.0
 20
0.0
 30
0.0
  3
*D291
  1

  0
LINE
  5
2D34
330
2A71
100
AcDbEntity
  8
CALLOUT TEXT
440
 16777216
370
    -2
100
AcDbLine
 10
40315.06159781112
 20
26281.38657483118
 30
0.0
 11
40315.06159781112
 21
26256.38657483118
 31
0.0
  0
LINE
  5
2D35
330
2A71
100
AcDbEntity
  8
CALLOUT TEXT
440
 16777216
370
    -2
100
AcDbLine
 10
42940.06159781111
 20
26281.38657483118
 30
0.0
 11
42940.06159781111
 21
26256.38657483118
 31
0.0
  0
LINE
  5
2D36
330
2A71
100
AcDbEntity
  8
CALLOUT TEXT
440
 16777216
370
    -2
100
AcDbLine
 10
40265.06159781112
 20
26206.38657483118
 30
0.0
 11
42990.06159781112
 21
26206.38657483118
 31
0.0
  0
INSERT
  5
2D37
330
2A71
100
AcDbEntity
  8
CALLOUT TEXT
440
 16777216
370
    -2
100
AcDbBlockReference
  2
_ArchTick
 10
40315.06159781112
 20
26206.38657483118
 30
0.0
 41
75.0
 42
75.0
 43
75.0
 50
180.0
  0
INSERT
  5
2D38
330
2A71
100
AcDbEntity
  8
CALLOUT TEXT
440
 16777216
370
    -2
100
AcDbBlockReference
  2
_ArchTick
 10
42940.06159781111
 20
26206.38657483118
 30
0.0
 41
75.0
 42
75.0
 43
75.0
  0
MTEXT
  5
2D39
330
2A71
100
AcDbEntity
  8
CALLOUT TEXT
440
 16777216
100
AcDbMText
 10
41627.56159781111
 20
26393.88657483118
 30
0.0
 40
225.0
 41
0.0
 46
0.0
 71
     5
 72
     1
  1
\A1;2625
  7
dim
 73
     1
 44
1.0
  0
POINT
  5
2D3A
330
2A71
100
AcDbEntity
  8
Defpoints
 62
     0
440
 16777216
100
AcDbPoint
 10
40315.06159781112
 20
26206.38657483118
 30
0.0
  0
POINT
  5
2D3B
330
2A71
100
AcDbEntity
  8
Defpoints
 62
     0
440
 16777216
100
AcDbPoint
 10
42940.06159781111
 20
26206.38657483118
 30
0.0
  0
POINT
  5
2D3C
330
2A71
100
AcDbEntity
  8
Defpoints
 62
     0
440
 16777216
100
AcDbPoint
 10
42940.06159781111
 20
26206.38657483118
 30
0.0
  0
ENDBLK
  5
2A73
330
2A71
100
AcDbEntity
  8
0
100
AcDbBlockEnd
  0
BLOCK
  5
2A7E
330
2A7D
100
AcDbEntity
  8
0
100
AcDbBlockBegin
  2
*D292
 70
     1
 10
0.0
 20
0.0
 30
0.0
  3
*D292
  1

  0
LINE
  5
2D3D
330
2A7D
100
AcDbEntity
  8
CALLOUT TEXT
440
 16777216
370
    -2
100
AcDbLine
 10
42940.06159781111
 20
26281.38657483118
 30
0.0
 11
42940.06159781111
 21
26256.38657483118
 31
0.0
  0
LINE
  5
2D3E
330
2A7D
100
AcDbEntity
  8
CALLOUT TEXT
440
 16777216
370
    -2
100
AcDbLine
 10
47621.61896962445
 20
26280.04570304169
 30
0.0
 11
47621.61896962445
 21
26256.38657483118
 31
0.0
  0
LINE
  5
2D3F
330
2A7D
100
AcDbEntity
  8
CALLOUT TEXT
440
 16777216
370
    -2
100
AcDbLine
 10
42890.06159781111
 20
26206.38657483118
 30
0.0
 11
47671.61896962445
 21
26206.38657483118
 31
0.0
  0
INSERT
  5
2D40
330
2A7D
100
AcDbEntity
  8
CALLOUT TEXT
440
 16777216
370
    -2
100
AcDbBlockReference
  2
_ArchTick
 10
42940.06159781111
 20
26206.38657483118
 30
0.0
 41
75.0
 42
75.0
 43
75.0
 50
180.0
  0
INSERT
  5
2D41
330
2A7D
100
AcDbEntity
  8
CALLOUT TEXT
440
 16777216
370
    -2
100
AcDbBlockReference
  2
_ArchTick
 10
47621.61896962445
 20
26206.38657483118
 30
0.0
 41
75.0
 42
75.0
 43
75.0
  0
MTEXT
  5
2D42
330
2A7D
100
AcDbEntity
  8
CALLOUT TEXT
440
 16777216
100
AcDbMText
 10
45280.84028371778
 20
26393.88657483118
 30
0.0
 40
225.0
 41
0.0
 46
0.0
 71
     5
 72
     1
  1
\A1;4682
  7
dim
 73
     1
 44
1.0
  0
POINT
  5
2D43
330
2A7D
100
AcDbEntity
  8
Defpoints
 62
     0
440
 16777216
100
AcDbPoint
 10
42940.06159781111
 20
26206.38657483118
 30
0.0
  0
POINT
  5
2D44
330
2A7D
100
AcDbEntity
  8
Defpoints
 62
     0
440
 16777216
100
AcDbPoint
 10
47621.61896962445
 20
26205.04570304169
 30
0.0000000000000142
  0
POINT
  5
2D45
330
2A7D
100
AcDbEntity
  8
Defpoints
 62
     0
440
 16777216
100
AcDbPoint
 10
47621.61896962445
 20
26206.38657483118
 30
0.0
  0
ENDBLK
  5
2A7F
330
2A7D
100
AcDbEntity
  8
0
100
AcDbBlockEnd
  0
BLOCK
  5
2A8A
330
2A89
100
AcDbEntity
  8
0
100
AcDbBlockBegin
  2
*D293
 70
     1
 10
0.0
 20
0.0
 30
0.0
  3
*D293
  1

  0
LINE
  5
2D46
330
2A89
100
AcDbEntity
  8
CALLOUT TEXT
440
 16777216
370
    -2
100
AcDbLine
 10
47621.61896962445
 20
26280.04570304169
 30
0.0
 11
47621.61896962445
 21
26256.38657483118
 31
0.0
  0
LINE
  5
2D47
330
2A89
100
AcDbEntity
  8
CALLOUT TEXT
440
 16777216
370
    -2
100
AcDbLine
 10
48190.16172286047
 20
26132.02447680425
 30
0.0
 11
48190.16172286047
 21
26156.38657483118
 31
0.0
  0
LINE
  5
2D48
330
2A89
100
AcDbEntity
  8
CALLOUT TEXT
440
 16777216
370
    -2
100
AcDbLine
 10
47571.61896962445
 20
26206.38657483118
 30
0.0
 11
48240.16172286047
 21
26206.38657483118
 31
0.0
  0
LINE
  5
2D49
330
2A89
100
AcDbEntity
  8
CALLOUT TEXT
440
 16777216
370
    -2
100
AcDbLine
 10
47905.89034624246
 20
26206.38657483118
 30
0.0
 11
47696.69900598604
 21
26484.48690068559
 31
0.0
  0
LINE
  5
2D4A
330
2A89
100
AcDbEntity
  8
CALLOUT TEXT
440
 16777216
370
    -2
100
AcDbLine
 10
47696.69900598604
 20
26484.48690068559
 30
0.0
 11
47092.41329170032
 21
26484.48690068559
 31
0.0
  0
MTEXT
  5
2D4B
330
2A89
100
AcDbEntity
  8
CALLOUT TEXT
440
 16777216
100
AcDbMText
 10
47394.55614884318
 20
26671.98690068559
 30
0.0
 40
225.0
 41
0.0
 46
0.0
 71
     5
 72
     1
  1
\A1;569
  7
dim
 73
     1
 44
1.0
  0
INSERT
  5
2D4C
330
2A89
100
AcDbEntity
  8
CALLOUT TEXT
440
 16777216
370
    -2
100
AcDbBlockReference
  2
_ArchTick
 10
47621.61896962445
 20
26206.38657483118
 30
0.0
 41
75.0
 42
75.0
 43
75.0
 50
180.0
  0
INSERT
  5
2D4D
330
2A89
100
AcDbEntity
  8
CALLOUT TEXT
440
 16777216
370
    -2
100
AcDbBlockReference
  2
_ArchTick
 10
48190.16172286047
 20
26206.38657483118
 30
0.0
 41
75.0
 42
75.0
 43
75.0
  0
POINT
  5
2D4E
330
2A89
100
AcDbEntity
  8
Defpoints
 62
     0
440
 16777216
100
AcDbPoint
 10
47621.61896962445
 20
26205.04570304169
 30
0.0000000000000142
  0
POINT
  5
2D4F
330
2A89
100
AcDbEntity
  8
Defpoints
 62
     0
440
 16777216
100
AcDbPoint
 10
48190.16172286047
 20
26207.02447680425
 30
0.0
  0
POINT
  5
2D50
330
2A89
100
AcDbEntity
  8
Defpoints
 62
     0
440
 16777216
100
AcDbPoint
 10
48190.16172286047
 20
26206.38657483118
 30
0.0
  0
ENDBLK
  5
2A8B
330
2A89
100
AcDbEntity
  8
0
100
AcDbBlockEnd
  0
BLOCK
  5
2A98
330
2A97
100
AcDbEntity
  8
0
100
AcDbBlockBegin
  2
*D294
 70
     1
 10
0.0
 20
0.0
 30
0.0
  3
*D294
  1

  0
LINE
  5
2D51
330
2A97
100
AcDbEntity
  8
CALLOUT TEXT
440
 16777216
370
    -2
100
AcDbLine
 10
48190.16172286047
 20
26132.02447680425
 30
0.0
 11
48190.16172286047
 21
26156.38657483118
 31
0.0
  0
LINE
  5
2D52
330
2A97
100
AcDbEntity
  8
CALLOUT TEXT
440
 16777216
370
    -2
100
AcDbLine
 10
48865.06203231349
 20
26281.3865206033
 30
0.0
 11
48865.06203231349
 21
26256.38657483118
 31
0.0
  0
LINE
  5
2D53
330
2A97
100
AcDbEntity
  8
CALLOUT TEXT
440
 16777216
370
    -2
100
AcDbLine
 10
48140.16172286047
 20
26206.38657483118
 30
0.0
 11
48915.06203231349
 21
26206.38657483118
 31
0.0
  0
INSERT
  5
2D54
330
2A97
100
AcDbEntity
  8
CALLOUT TEXT
440
 16777216
370
    -2
100
AcDbBlockReference
  2
_ArchTick
 10
48190.16172286047
 20
26206.38657483118
 30
0.0
 41
75.0
 42
75.0
 43
75.0
 50
180.0
  0
INSERT
  5
2D55
330
2A97
100
AcDbEntity
  8
CALLOUT TEXT
440
 16777216
370
    -2
100
AcDbBlockReference
  2
_ArchTick
 10
48865.06203231349
 20
26206.38657483118
 30
0.0
 41
75.0
 42
75.0
 43
75.0
  0
MTEXT
  5
2D56
330
2A97
100
AcDbEntity
  8
CALLOUT TEXT
440
 16777216
100
AcDbMText
 10
48527.61187758698
 20
26393.88657483118
 30
0.0
 40
225.0
 41
0.0
 46
0.0
 71
     5
 72
     1
  1
\A1;675
  7
dim
 73
     1
 44
1.0
  0
POINT
  5
2D57
330
2A97
100
AcDbEntity
  8
Defpoints
 62
     0
440
 16777216
100
AcDbPoint
 10
48190.16172286047
 20
26207.02447680425
 30
0.0
  0
POINT
  5
2D58
330
2A97
100
AcDbEntity
  8
Defpoints
 62
     0
440
 16777216
100
AcDbPoint
 10
48865.06203231349
 20
26206.38652060329
 30
0.0
  0
POINT
  5
2D59
330
2A97
100
AcDbEntity
  8
Defpoints
 62
     0
440
 16777216
100
AcDbPoint
 10
48865.06203231349
 20
26206.38657483118
 30
0.0
  0
ENDBLK
  5
2A99
330
2A97
100
AcDbEntity
  8
0
100
AcDbBlockEnd
  0
BLOCK
  5
2AA4
330
2AA3
100
AcDbEntity
  8
0
100
AcDbBlockBegin
  2
*D295
 70
     1
 10
0.0
 20
0.0
 30
0.0
  3
*D295
  1

  0
LINE
  5
2D5A
330
2AA3
100
AcDbEntity
  8
CALLOUT TEXT
440
 16777216
370
    -2
100
AcDbLine
 10
48865.06203231349
 20
26281.3865206033
 30
0.0
 11
48865.06203231349
 21
26256.38657483118
 31
0.0
  0
LINE
  5
2D5B
330
2AA3
100
AcDbEntity
  8
CALLOUT TEXT
440
 16777216
370
    -2
100
AcDbLine
 10
52290.06251333846
 20
26281.38657483118
 30
0.0
 11
52290.06251333846
 21
26256.38657483118
 31
0.0
  0
LINE
  5
2D5C
330
2AA3
100
AcDbEntity
  8
CALLOUT TEXT
440
 16777216
370
    -2
100
AcDbLine
 10
48815.06203231349
 20
26206.38657483118
 30
0.0
 11
52340.06251333846
 21
26206.38657483118
 31
0.0
  0
INSERT
  5
2D5D
330
2AA3
100
AcDbEntity
  8
CALLOUT TEXT
440
 16777216
370
    -2
100
AcDbBlockReference
  2
_ArchTick
 10
48865.06203231349
 20
26206.38657483118
 30
0.0
 41
75.0
 42
75.0
 43
75.0
 50
180.0
  0
INSERT
  5
2D5E
330
2AA3
100
AcDbEntity
  8
CALLOUT TEXT
440
 16777216
370
    -2
100
AcDbBlockReference
  2
_ArchTick
 10
52290.06251333846
 20
26206.38657483118
 30
0.0
 41
75.0
 42
75.0
 43
75.0
  0
MTEXT
  5
2D5F
330
2AA3
100
AcDbEntity
  8
CALLOUT TEXT
440
 16777216
100
AcDbMText
 10
50577.56227282597
 20
26393.88657483118
 30
0.0
 40
225.0
 41
0.0
 46
0.0
 71
     5
 72
     1
  1
\A1;3425
  7
dim
 73
     1
 44
1.0
  0
POINT
  5
2D60
330
2AA3
100
AcDbEntity
  8
Defpoints
 62
     0
440
 16777216
100
AcDbPoint
 10
48865.06203231349
 20
26206.38652060329
 30
0.0
  0
POINT
  5
2D61
330
2AA3
100
AcDbEntity
  8
Defpoints
 62
     0
440
 16777216
100
AcDbPoint
 10
52290.06251333846
 20
26206.38657483118
 30
0.0000000000000142
  0
POINT
  5
2D62
330
2AA3
100
AcDbEntity
  8
Defpoints
 62
     0
440
 16777216
100
AcDbPoint
 10
52290.06251333846
 20
26206.38657483118
 30
0.0
  0
ENDBLK
  5
2AA5
330
2AA3
100
AcDbEntity
  8
0
100
AcDbBlockEnd
  0
BLOCK
  5
2AB0
330
2AAF
100
AcDbEntity
  8
0
100
AcDbBlockBegin
  2
*D296
 70
     1
 10
0.0
 20
0.0
 30
0.0
  3
*D296
  1

  0
LINE
  5
2D63
330
2AAF
100
AcDbEntity
  8
CALLOUT TEXT
440
 16777216
370
    -2
100
AcDbLine
 10
52290.06251333846
 20
26281.38657483118
 30
0.0
 11
52290.06251333846
 21
26256.38657483118
 31
0.0
  0
LINE
  5
2D64
330
2AAF
100
AcDbEntity
  8
CALLOUT TEXT
440
 16777216
370
    -2
100
AcDbLine
 10
53890.06202505756
 20
26131.38657483133
 30
0.0
 11
53890.06202505756
 21
26156.38657483118
 31
0.0
  0
LINE
  5
2D65
330
2AAF
100
AcDbEntity
  8
CALLOUT TEXT
440
 16777216
370
    -2
100
AcDbLine
 10
52240.06251333846
 20
26206.38657483118
 30
0.0
 11
53940.06202505756
 21
26206.38657483118
 31
0.0
  0
INSERT
  5
2D66
330
2AAF
100
AcDbEntity
  8
CALLOUT TEXT
440
 16777216
370
    -2
100
AcDbBlockReference
  2
_ArchTick
 10
52290.06251333846
 20
26206.38657483118
 30
0.0
 41
75.0
 42
75.0
 43
75.0
 50
180.0
  0
INSERT
  5
2D67
330
2AAF
100
AcDbEntity
  8
CALLOUT TEXT
440
 16777216
370
    -2
100
AcDbBlockReference
  2
_ArchTick
 10
53890.06202505756
 20
26206.38657483118
 30
0.0
 41
75.0
 42
75.0
 43
75.0
  0
MTEXT
  5
2D68
330
2AAF
100
AcDbEntity
  8
CALLOUT TEXT
440
 16777216
100
AcDbMText
 10
53090.06226919801
 20
26393.88657483118
 30
0.0
 40
225.0
 41
0.0
 46
0.0
 71
     5
 72
     1
  1
\A1;1600
  7
dim
 73
     1
 44
1.0
  0
POINT
  5
2D69
330
2AAF
100
AcDbEntity
  8
Defpoints
 62
     0
440
 16777216
100
AcDbPoint
 10
52290.06251333846
 20
26206.38657483118
 30
0.0000000000000142
  0
POINT
  5
2D6A
330
2AAF
100
AcDbEntity
  8
Defpoints
 62
     0
440
 16777216
100
AcDbPoint
 10
53890.06202505756
 20
26206.38657483133
 30
0.0
  0
POINT
  5
2D6B
330
2AAF
100
AcDbEntity
  8
Defpoints
 62
     0
440
 16777216
100
AcDbPoint
 10
53890.06202505756
 20
26206.38657483118
 30
0.0
  0
ENDBLK
  5
2AB1
330
2AAF
100
AcDbEntity
  8
0
100
AcDbBlockEnd
  0
BLOCK
  5
2ABC
330
2ABB
100
AcDbEntity
  8
0
100
AcDbBlockBegin
  2
*D297
 70
     1
 10
0.0
 20
0.0
 30
0.0
  3
*D297
  1

  0
LINE
  5
2D6C
330
2ABB
100
AcDbEntity
  8
CALLOUT TEXT
440
 16777216
370
    -2
100
AcDbLine
 10
53890.06202505756
 20
26131.38657483133
 30
0.0
 11
53890.06202505756
 21
26156.38657483118
 31
0.0
  0
LINE
  5
2D6D
330
2ABB
100
AcDbEntity
  8
CALLOUT TEXT
440
 16777216
370
    -2
100
AcDbLine
 10
54565.06202505721
 20
26281.38657483118
 30
0.0
 11
54565.06202505721
 21
26256.38657483118
 31
0.0
  0
LINE
  5
2D6E
330
2ABB
100
AcDbEntity
  8
CALLOUT TEXT
440
 16777216
370
    -2
100
AcDbLine
 10
53840.06202505756
 20
26206.38657483118
 30
0.0
 11
54615.06202505721
 21
26206.38657483118
 31
0.0
  0
INSERT
  5
2D6F
330
2ABB
100
AcDbEntity
  8
CALLOUT TEXT
440
 16777216
370
    -2
100
AcDbBlockReference
  2
_ArchTick
 10
53890.06202505756
 20
26206.38657483118
 30
0.0
 41
75.0
 42
75.0
 43
75.0
 50
180.0
  0
INSERT
  5
2D70
330
2ABB
100
AcDbEntity
  8
CALLOUT TEXT
440
 16777216
370
    -2
100
AcDbBlockReference
  2
_ArchTick
 10
54565.06202505721
 20
26206.38657483118
 30
0.0
 41
75.0
 42
75.0
 43
75.0
  0
MTEXT
  5
2D71
330
2ABB
100
AcDbEntity
  8
CALLOUT TEXT
440
 16777216
100
AcDbMText
 10
54227.56202505738
 20
26393.88657483118
 30
0.0
 40
225.0
 41
0.0
 46
0.0
 71
     5
 72
     1
  1
\A1;675
  7
dim
 73
     1
 44
1.0
  0
POINT
  5
2D72
330
2ABB
100
AcDbEntity
  8
Defpoints
 62
     0
440
 16777216
100
AcDbPoint
 10
53890.06202505756
 20
26206.38657483133
 30
0.0
  0
POINT
  5
2D73
330
2ABB
100
AcDbEntity
  8
Defpoints
 62
     0
440
 16777216
100
AcDbPoint
 10
54565.06202505721
 20
26206.38657483118
 30
0.0
  0
POINT
  5
2D74
330
2ABB
100
AcDbEntity
  8
Defpoints
 62
     0
440
 16777216
100
AcDbPoint
 10
54565.06202505721
 20
26206.38657483118
 30
0.0
  0
ENDBLK
  5
2ABD
330
2ABB
100
AcDbEntity
  8
0
100
AcDbBlockEnd
  0
BLOCK
  5
2AC8
330
2AC7
100
AcDbEntity
  8
0
100
AcDbBlockBegin
  2
*D298
 70
     1
 10
0.0
 20
0.0
 30
0.0
  3
*D298
  1

  0
LINE
  5
2D75
330
2AC7
100
AcDbEntity
  8
CALLOUT TEXT
440
 16777216
370
    -2
100
AcDbLine
 10
54565.06202505721
 20
26281.38657483118
 30
0.0
 11
54565.06202505721
 21
26256.38657483118
 31
0.0
  0
LINE
  5
2D76
330
2AC7
100
AcDbEntity
  8
CALLOUT TEXT
440
 16777216
370
    -2
100
AcDbLine
 10
56965.06251333846
 20
26281.38657483118
 30
0.0
 11
56965.06251333846
 21
26256.38657483118
 31
0.0
  0
LINE
  5
2D77
330
2AC7
100
AcDbEntity
  8
CALLOUT TEXT
440
 16777216
370
    -2
100
AcDbLine
 10
54515.06202505721
 20
26206.38657483118
 30
0.0
 11
57015.06251333846
 21
26206.38657483118
 31
0.0
  0
INSERT
  5
2D78
330
2AC7
100
AcDbEntity
  8
CALLOUT TEXT
440
 16777216
370
    -2
100
AcDbBlockReference
  2
_ArchTick
 10
54565.06202505721
 20
26206.38657483118
 30
0.0
 41
75.0
 42
75.0
 43
75.0
 50
180.0
  0
INSERT
  5
2D79
330
2AC7
100
AcDbEntity
  8
CALLOUT TEXT
440
 16777216
370
    -2
100
AcDbBlockReference
  2
_ArchTick
 10
56965.06251333846
 20
26206.38657483118
 30
0.0
 41
75.0
 42
75.0
 43
75.0
  0
MTEXT
  5
2D7A
330
2AC7
100
AcDbEntity
  8
CALLOUT TEXT
440
 16777216
100
AcDbMText
 10
55765.06226919783
 20
26393.88657483118
 30
0.0
 40
225.0
 41
0.0
 46
0.0
 71
     5
 72
     1
  1
\A1;2400
  7
dim
 73
     1
 44
1.0
  0
POINT
  5
2D7B
330
2AC7
100
AcDbEntity
  8
Defpoints
 62
     0
440
 16777216
100
AcDbPoint
 10
54565.06202505721
 20
26206.38657483118
 30
0.0
  0
POINT
  5
2D7C
330
2AC7
100
AcDbEntity
  8
Defpoints
 62
     0
440
 16777216
100
AcDbPoint
 10
56965.06251333846
 20
26206.38657483118
 30
0.0000000000000142
  0
POINT
  5
2D7D
330
2AC7
100
AcDbEntity
  8
Defpoints
 62
     0
440
 16777216
100
AcDbPoint
 10
56965.06251333846
 20
26206.38657483118
 30
0.0
  0
ENDBLK
  5
2AC9
330
2AC7
100
AcDbEntity
  8
0
100
AcDbBlockEnd
  0
BLOCK
  5
2AD4
330
2AD3
100
AcDbEntity
  8
0
100
AcDbBlockBegin
  2
*D299
 70
     1
 10
0.0
 20
0.0
 30
0.0
  3
*D299
  1

  0
LINE
  5
2D7E
330
2AD3
100
AcDbEntity
  8
CALLOUT TEXT
440
 16777216
370
    -2
100
AcDbLine
 10
56965.06251333846
 20
26281.38657483118
 30
0.0
 11
56965.06251333846
 21
26256.38657483118
 31
0.0
  0
LINE
  5
2D7F
330
2AD3
100
AcDbEntity
  8
CALLOUT TEXT
440
 16777216
370
    -2
100
AcDbLine
 10
59590.06129263533
 20
26281.38657483118
 30
0.0
 11
59590.06129263533
 21
26256.38657483118
 31
0.0
  0
LINE
  5
2D80
330
2AD3
100
AcDbEntity
  8
CALLOUT TEXT
440
 16777216
370
    -2
100
AcDbLine
 10
56915.06251333846
 20
26206.38657483118
 30
0.0
 11
59640.06129263533
 21
26206.38657483118
 31
0.0
  0
INSERT
  5
2D81
330
2AD3
100
AcDbEntity
  8
CALLOUT TEXT
440
 16777216
370
    -2
100
AcDbBlockReference
  2
_ArchTick
 10
56965.06251333846
 20
26206.38657483118
 30
0.0
 41
75.0
 42
75.0
 43
75.0
 50
180.0
  0
INSERT
  5
2D82
330
2AD3
100
AcDbEntity
  8
CALLOUT TEXT
440
 16777216
370
    -2
100
AcDbBlockReference
  2
_ArchTick
 10
59590.06129263533
 20
26206.38657483118
 30
0.0
 41
75.0
 42
75.0
 43
75.0
  0
MTEXT
  5
2D83
330
2AD3
100
AcDbEntity
  8
CALLOUT TEXT
440
 16777216
100
AcDbMText
 10
58277.56190298689
 20
26393.88657483118
 30
0.0
 40
225.0
 41
0.0
 46
0.0
 71
     5
 72
     1
  1
\A1;2625
  7
dim
 73
     1
 44
1.0
  0
POINT
  5
2D84
330
2AD3
100
AcDbEntity
  8
Defpoints
 62
     0
440
 16777216
100
AcDbPoint
 10
56965.06251333846
 20
26206.38657483118
 30
0.0000000000000142
  0
POINT
  5
2D85
330
2AD3
100
AcDbEntity
  8
Defpoints
 62
     0
440
 16777216
100
AcDbPoint
 10
59590.06129263533
 20
26206.38657483118
 30
0.0
  0
POINT
  5
2D86
330
2AD3
100
AcDbEntity
  8
Defpoints
 62
     0
440
 16777216
100
AcDbPoint
 10
59590.06129263533
 20
26206.38657483118
 30
0.0
  0
ENDBLK
  5
2AD5
330
2AD3
100
AcDbEntity
  8
0
100
AcDbBlockEnd
  0
BLOCK
  5
2AE0
330
2ADF
100
AcDbEntity
  8
0
100
AcDbBlockBegin
  2
*D300
 70
     1
 10
0.0
 20
0.0
 30
0.0
  3
*D300
  1

  0
LINE
  5
2D87
330
2ADF
100
AcDbEntity
  8
CALLOUT TEXT
440
 16777216
370
    -2
100
AcDbLine
 10
59590.06129263533
 20
26281.38657483118
 30
0.0
 11
59590.06129263533
 21
26256.38657483118
 31
0.0
  0
LINE
  5
2D88
330
2ADF
100
AcDbEntity
  8
CALLOUT TEXT
440
 16777216
370
    -2
100
AcDbLine
 10
61015.06129263533
 20
26281.00657483118
 30
0.0
 11
61015.06129263533
 21
26256.38657483118
 31
0.0
  0
LINE
  5
2D89
330
2ADF
100
AcDbEntity
  8
CALLOUT TEXT
440
 16777216
370
    -2
100
AcDbLine
 10
59540.06129263533
 20
26206.38657483118
 30
0.0
 11
61065.06129263533
 21
26206.38657483118
 31
0.0
  0
INSERT
  5
2D8A
330
2ADF
100
AcDbEntity
  8
CALLOUT TEXT
440
 16777216
370
    -2
100
AcDbBlockReference
  2
_ArchTick
 10
59590.06129263533
 20
26206.38657483118
 30
0.0
 41
75.0
 42
75.0
 43
75.0
 50
180.0
  0
INSERT
  5
2D8B
330
2ADF
100
AcDbEntity
  8
CALLOUT TEXT
440
 16777216
370
    -2
100
AcDbBlockReference
  2
_ArchTick
 10
61015.06129263533
 20
26206.38657483118
 30
0.0
 41
75.0
 42
75.0
 43
75.0
  0
MTEXT
  5
2D8C
330
2ADF
100
AcDbEntity
  8
CALLOUT TEXT
440
 16777216
100
AcDbMText
 10
60302.56129263533
 20
26393.88657483118
 30
0.0
 40
225.0
 41
0.0
 46
0.0
 71
     5
 72
     1
  1
\A1;1425
  7
dim
 73
     1
 44
1.0
  0
POINT
  5
2D8D
330
2ADF
100
AcDbEntity
  8
Defpoints
 62
     0
440
 16777216
100
AcDbPoint
 10
59590.06129263533
 20
26206.38657483118
 30
0.0
  0
POINT
  5
2D8E
330
2ADF
100
AcDbEntity
  8
Defpoints
 62
     0
440
 16777216
100
AcDbPoint
 10
61015.06129263533
 20
26206.00657483118
 30
0.0
  0
POINT
  5
2D8F
330
2ADF
100
AcDbEntity
  8
Defpoints
 62
     0
440
 16777216
100
AcDbPoint
 10
61015.06129263533
 20
26206.38657483118
 30
0.0
  0
ENDBLK
  5
2AE1
330
2ADF
100
AcDbEntity
  8
0
100
AcDbBlockEnd
  0
BLOCK
  5
2AEC
330
2AEB
100
AcDbEntity
  8
0
100
AcDbBlockBegin
  2
*D301
 70
     1
 10
0.0
 20
0.0
 30
0.0
  3
*D301
  1

  0
LINE
  5
2D90
330
2AEB
100
AcDbEntity
  8
CALLOUT TEXT
440
 16777216
370
    -2
100
AcDbLine
 10
61015.06129263533
 20
26281.00657483118
 30
0.0
 11
61015.06129263533
 21
26256.38657483118
 31
0.0
  0
LINE
  5
2D91
330
2AEB
100
AcDbEntity
  8
CALLOUT TEXT
440
 16777216
370
    -2
100
AcDbLine
 10
64615.06129263534
 20
26281.00657483118
 30
0.0
 11
64615.06129263534
 21
26256.38657483118
 31
0.0
  0
LINE
  5
2D92
330
2AEB
100
AcDbEntity
  8
CALLOUT TEXT
440
 16777216
370
    -2
100
AcDbLine
 10
60965.06129263533
 20
26206.38657483118
 30
0.0
 11
64665.06129263533
 21
26206.38657483118
 31
0.0
  0
INSERT
  5
2D93
330
2AEB
100
AcDbEntity
  8
CALLOUT TEXT
440
 16777216
370
    -2
100
AcDbBlockReference
  2
_ArchTick
 10
61015.06129263533
 20
26206.38657483118
 30
0.0
 41
75.0
 42
75.0
 43
75.0
 50
180.0
  0
INSERT
  5
2D94
330
2AEB
100
AcDbEntity
  8
CALLOUT TEXT
440
 16777216
370
    -2
100
AcDbBlockReference
  2
_ArchTick
 10
64615.06129263534
 20
26206.38657483118
 30
0.0
 41
75.0
 42
75.0
 43
75.0
  0
MTEXT
  5
2D95
330
2AEB
100
AcDbEntity
  8
CALLOUT TEXT
440
 16777216
100
AcDbMText
 10
62815.06129263533
 20
26393.88657483118
 30
0.0
 40
225.0
 41
0.0
 46
0.0
 71
     5
 72
     1
  1
\A1;3600
  7
dim
 73
     1
 44
1.0
  0
POINT
  5
2D96
330
2AEB
100
AcDbEntity
  8
Defpoints
 62
     0
440
 16777216
100
AcDbPoint
 10
61015.06129263533
 20
26206.00657483118
 30
0.0
  0
POINT
  5
2D97
330
2AEB
100
AcDbEntity
  8
Defpoints
 62
     0
440
 16777216
100
AcDbPoint
 10
64615.06129263534
 20
26206.00657483118
 30
0.0
  0
POINT
  5
2D98
330
2AEB
100
AcDbEntity
  8
Defpoints
 62
     0
440
 16777216
100
AcDbPoint
 10
64615.06129263534
 20
26206.38657483118
 30
0.0
  0
ENDBLK
  5
2AED
330
2AEB
100
AcDbEntity
  8
0
100
AcDbBlockEnd
  0
BLOCK
  5
2AF8
330
2AF7
100
AcDbEntity
  8
0
100
AcDbBlockBegin
  2
*D302
 70
     1
 10
0.0
 20
0.0
 30
0.0
  3
*D302
  1

  0
LINE
  5
2D99
330
2AF7
100
AcDbEntity
  8
CALLOUT TEXT
440
 16777216
370
    -2
100
AcDbLine
 10
40315.06159781112
 20
11114.14750998126
 30
0.0
 11
40315.06159781112
 21
11089.14750998126
 31
0.0
  0
LINE
  5
2D9A
330
2AF7
100
AcDbEntity
  8
CALLOUT TEXT
440
 16777216
370
    -2
100
AcDbLine
 10
42940.06159781111
 20
11114.14750998126
 30
0.0
 11
42940.06159781111
 21
11089.14750998126
 31
0.0
  0
LINE
  5
2D9B
330
2AF7
100
AcDbEntity
  8
CALLOUT TEXT
440
 16777216
370
    -2
100
AcDbLine
 10
40265.06159781112
 20
11039.14750998126
 30
0.0
 11
42990.06159781112
 21
11039.14750998126
 31
0.0
  0
INSERT
  5
2D9C
330
2AF7
100
AcDbEntity
  8
CALLOUT TEXT
440
 16777216
370
    -2
100
AcDbBlockReference
  2
_ArchTick
 10
40315.06159781112
 20
11039.14750998126
 30
0.0
 41
75.0
 42
75.0
 43
75.0
 50
180.0
  0
INSERT
  5
2D9D
330
2AF7
100
AcDbEntity
  8
CALLOUT TEXT
440
 16777216
370
    -2
100
AcDbBlockReference
  2
_ArchTick
 10
42940.06159781111
 20
11039.14750998126
 30
0.0
 41
75.0
 42
75.0
 43
75.0
  0
MTEXT
  5
2D9E
330
2AF7
100
AcDbEntity
  8
CALLOUT TEXT
440
 16777216
100
AcDbMText
 10
41627.56159781111
 20
11226.64750998126
 30
0.0
 40
225.0
 41
0.0
 46
0.0
 71
     5
 72
     1
  1
\A1;2625
  7
dim
 73
     1
 44
1.0
  0
POINT
  5
2D9F
330
2AF7
100
AcDbEntity
  8
Defpoints
 62
     0
440
 16777216
100
AcDbPoint
 10
40315.06159781112
 20
11039.14750998126
 30
0.0
  0
POINT
  5
2DA0
330
2AF7
100
AcDbEntity
  8
Defpoints
 62
     0
440
 16777216
100
AcDbPoint
 10
42940.06159781111
 20
11039.14750998126
 30
0.0
  0
POINT
  5
2DA1
330
2AF7
100
AcDbEntity
  8
Defpoints
 62
     0
440
 16777216
100
AcDbPoint
 10
42940.06159781111
 20
11039.14750998126
 30
0.0
  0
ENDBLK
  5
2AF9
330
2AF7
100
AcDbEntity
  8
0
100
AcDbBlockEnd
  0
BLOCK
  5
2B04
330
2B03
100
AcDbEntity
  8
0
100
AcDbBlockBegin
  2
*D303
 70
     1
 10
0.0
 20
0.0
 30
0.0
  3
*D303
  1

  0
LINE
  5
2DA2
330
2B03
100
AcDbEntity
  8
CALLOUT TEXT
440
 16777216
370
    -2
100
AcDbLine
 10
42940.06159781111
 20
11114.14750998126
 30
0.0
 11
42940.06159781111
 21
11089.14750998126
 31
0.0
  0
LINE
  5
2DA3
330
2B03
100
AcDbEntity
  8
CALLOUT TEXT
440
 16777216
370
    -2
100
AcDbLine
 10
47621.61896962445
 20
11112.80663819177
 30
0.0
 11
47621.61896962445
 21
11089.14750998126
 31
0.0
  0
LINE
  5
2DA4
330
2B03
100
AcDbEntity
  8
CALLOUT TEXT
440
 16777216
370
    -2
100
AcDbLine
 10
42890.06159781111
 20
11039.14750998126
 30
0.0
 11
47671.61896962445
 21
11039.14750998126
 31
0.0
  0
INSERT
  5
2DA5
330
2B03
100
AcDbEntity
  8
CALLOUT TEXT
440
 16777216
370
    -2
100
AcDbBlockReference
  2
_ArchTick
 10
42940.06159781111
 20
11039.14750998126
 30
0.0
 41
75.0
 42
75.0
 43
75.0
 50
180.0
  0
INSERT
  5
2DA6
330
2B03
100
AcDbEntity
  8
CALLOUT TEXT
440
 16777216
370
    -2
100
AcDbBlockReference
  2
_ArchTick
 10
47621.61896962445
 20
11039.14750998126
 30
0.0
 41
75.0
 42
75.0
 43
75.0
  0
MTEXT
  5
2DA7
330
2B03
100
AcDbEntity
  8
CALLOUT TEXT
440
 16777216
100
AcDbMText
 10
45280.84028371778
 20
11226.64750998126
 30
0.0
 40
225.0
 41
0.0
 46
0.0
 71
     5
 72
     1
  1
\A1;4682
  7
dim
 73
     1
 44
1.0
  0
POINT
  5
2DA8
330
2B03
100
AcDbEntity
  8
Defpoints
 62
     0
440
 16777216
100
AcDbPoint
 10
42940.06159781111
 20
11039.14750998126
 30
0.0
  0
POINT
  5
2DA9
330
2B03
100
AcDbEntity
  8
Defpoints
 62
     0
440
 16777216
100
AcDbPoint
 10
47621.61896962445
 20
11037.80663819177
 30
0.0000000000000142
  0
POINT
  5
2DAA
330
2B03
100
AcDbEntity
  8
Defpoints
 62
     0
440
 16777216
100
AcDbPoint
 10
47621.61896962445
 20
11039.14750998126
 30
0.0
  0
ENDBLK
  5
2B05
330
2B03
100
AcDbEntity
  8
0
100
AcDbBlockEnd
  0
BLOCK
  5
2B10
330
2B0F
100
AcDbEntity
  8
0
100
AcDbBlockBegin
  2
*D304
 70
     1
 10
0.0
 20
0.0
 30
0.0
  3
*D304
  1

  0
LINE
  5
2DAB
330
2B0F
100
AcDbEntity
  8
CALLOUT TEXT
440
 16777216
370
    -2
100
AcDbLine
 10
47621.61896962445
 20
11112.80663819177
 30
0.0
 11
47621.61896962445
 21
11089.14750998126
 31
0.0
  0
LINE
  5
2DAC
330
2B0F
100
AcDbEntity
  8
CALLOUT TEXT
440
 16777216
370
    -2
100
AcDbLine
 10
48190.16172286047
 20
10964.78541195433
 30
0.0
 11
48190.16172286047
 21
10989.14750998126
 31
0.0
  0
LINE
  5
2DAD
330
2B0F
100
AcDbEntity
  8
CALLOUT TEXT
440
 16777216
370
    -2
100
AcDbLine
 10
47571.61896962445
 20
11039.14750998126
 30
0.0
 11
48240.16172286047
 21
11039.14750998126
 31
0.0
  0
LINE
  5
2DAE
330
2B0F
100
AcDbEntity
  8
CALLOUT TEXT
440
 16777216
370
    -2
100
AcDbLine
 10
47905.89034624246
 20
11039.14750998126
 30
0.0
 11
47696.69900598604
 21
11317.24783583567
 31
0.0
  0
LINE
  5
2DAF
330
2B0F
100
AcDbEntity
  8
CALLOUT TEXT
440
 16777216
370
    -2
100
AcDbLine
 10
47696.69900598604
 20
11317.24783583567
 30
0.0
 11
47092.41329170032
 21
11317.24783583567
 31
0.0
  0
MTEXT
  5
2DB0
330
2B0F
100
AcDbEntity
  8
CALLOUT TEXT
440
 16777216
100
AcDbMText
 10
47394.55614884318
 20
11504.74783583567
 30
0.0
 40
225.0
 41
0.0
 46
0.0
 71
     5
 72
     1
  1
\A1;569
  7
dim
 73
     1
 44
1.0
  0
INSERT
  5
2DB1
330
2B0F
100
AcDbEntity
  8
CALLOUT TEXT
440
 16777216
370
    -2
100
AcDbBlockReference
  2
_ArchTick
 10
47621.61896962445
 20
11039.14750998126
 30
0.0
 41
75.0
 42
75.0
 43
75.0
 50
180.0
  0
INSERT
  5
2DB2
330
2B0F
100
AcDbEntity
  8
CALLOUT TEXT
440
 16777216
370
    -2
100
AcDbBlockReference
  2
_ArchTick
 10
48190.16172286047
 20
11039.14750998126
 30
0.0
 41
75.0
 42
75.0
 43
75.0
  0
POINT
  5
2DB3
330
2B0F
100
AcDbEntity
  8
Defpoints
 62
     0
440
 16777216
100
AcDbPoint
 10
47621.61896962445
 20
11037.80663819177
 30
0.0000000000000142
  0
POINT
  5
2DB4
330
2B0F
100
AcDbEntity
  8
Defpoints
 62
     0
440
 16777216
100
AcDbPoint
 10
48190.16172286047
 20
11039.78541195433
 30
0.0
  0
POINT
  5
2DB5
330
2B0F
100
AcDbEntity
  8
Defpoints
 62
     0
440
 16777216
100
AcDbPoint
 10
48190.16172286047
 20
11039.14750998126
 30
0.0
  0
ENDBLK
  5
2B11
330
2B0F
100
AcDbEntity
  8
0
100
AcDbBlockEnd
  0
BLOCK
  5
2B1E
330
2B1D
100
AcDbEntity
  8
0
100
AcDbBlockBegin
  2
*D305
 70
     1
 10
0.0
 20
0.0
 30
0.0
  3
*D305
  1

  0
LINE
  5
2DB6
330
2B1D
100
AcDbEntity
  8
CALLOUT TEXT
440
 16777216
370
    -2
100
AcDbLine
 10
48190.16172286047
 20
10964.78541195433
 30
0.0
 11
48190.16172286047
 21
10989.14750998126
 31
0.0
  0
LINE
  5
2DB7
330
2B1D
100
AcDbEntity
  8
CALLOUT TEXT
440
 16777216
370
    -2
100
AcDbLine
 10
48865.06203231349
 20
11114.14745575338
 30
0.0
 11
48865.06203231349
 21
11089.14750998126
 31
0.0
  0
LINE
  5
2DB8
330
2B1D
100
AcDbEntity
  8
CALLOUT TEXT
440
 16777216
370
    -2
100
AcDbLine
 10
48140.16172286047
 20
11039.14750998126
 30
0.0
 11
48915.06203231349
 21
11039.14750998126
 31
0.0
  0
INSERT
  5
2DB9
330
2B1D
100
AcDbEntity
  8
CALLOUT TEXT
440
 16777216
370
    -2
100
AcDbBlockReference
  2
_ArchTick
 10
48190.16172286047
 20
11039.14750998126
 30
0.0
 41
75.0
 42
75.0
 43
75.0
 50
180.0
  0
INSERT
  5
2DBA
330
2B1D
100
AcDbEntity
  8
CALLOUT TEXT
440
 16777216
370
    -2
100
AcDbBlockReference
  2
_ArchTick
 10
48865.06203231349
 20
11039.14750998126
 30
0.0
 41
75.0
 42
75.0
 43
75.0
  0
MTEXT
  5
2DBB
330
2B1D
100
AcDbEntity
  8
CALLOUT TEXT
440
 16777216
100
AcDbMText
 10
48527.61187758698
 20
11226.64750998126
 30
0.0
 40
225.0
 41
0.0
 46
0.0
 71
     5
 72
     1
  1
\A1;675
  7
dim
 73
     1
 44
1.0
  0
POINT
  5
2DBC
330
2B1D
100
AcDbEntity
  8
Defpoints
 62
     0
440
 16777216
100
AcDbPoint
 10
48190.16172286047
 20
11039.78541195433
 30
0.0
  0
POINT
  5
2DBD
330
2B1D
100
AcDbEntity
  8
Defpoints
 62
     0
440
 16777216
100
AcDbPoint
 10
48865.06203231349
 20
11039.14745575338
 30
0.0
  0
POINT
  5
2DBE
330
2B1D
100
AcDbEntity
  8
Defpoints
 62
     0
440
 16777216
100
AcDbPoint
 10
48865.06203231349
 20
11039.14750998126
 30
0.0
  0
ENDBLK
  5
2B1F
330
2B1D
100
AcDbEntity
  8
0
100
AcDbBlockEnd
  0
BLOCK
  5
2B2A
330
2B29
100
AcDbEntity
  8
0
100
AcDbBlockBegin
  2
*D306
 70
     1
 10
0.0
 20
0.0
 30
0.0
  3
*D306
  1

  0
LINE
  5
2DBF
330
2B29
100
AcDbEntity
  8
CALLOUT TEXT
440
 16777216
370
    -2
100
AcDbLine
 10
48865.06203231349
 20
11114.14745575338
 30
0.0
 11
48865.06203231349
 21
11089.14750998126
 31
0.0
  0
LINE
  5
2DC0
330
2B29
100
AcDbEntity
  8
CALLOUT TEXT
440
 16777216
370
    -2
100
AcDbLine
 10
52290.06251333846
 20
11114.14750998126
 30
0.0
 11
52290.06251333846
 21
11089.14750998126
 31
0.0
  0
LINE
  5
2DC1
330
2B29
100
AcDbEntity
  8
CALLOUT TEXT
440
 16777216
370
    -2
100
AcDbLine
 10
48815.06203231349
 20
11039.14750998126
 30
0.0
 11
52340.06251333846
 21
11039.14750998126
 31
0.0
  0
INSERT
  5
2DC2
330
2B29
100
AcDbEntity
  8
CALLOUT TEXT
440
 16777216
370
    -2
100
AcDbBlockReference
  2
_ArchTick
 10
48865.06203231349
 20
11039.14750998126
 30
0.0
 41
75.0
 42
75.0
 43
75.0
 50
180.0
  0
INSERT
  5
2DC3
330
2B29
100
AcDbEntity
  8
CALLOUT TEXT
440
 16777216
370
    -2
100
AcDbBlockReference
  2
_ArchTick
 10
52290.06251333846
 20
11039.14750998126
 30
0.0
 41
75.0
 42
75.0
 43
75.0
  0
MTEXT
  5
2DC4
330
2B29
100
AcDbEntity
  8
CALLOUT TEXT
440
 16777216
100
AcDbMText
 10
50577.56227282597
 20
11226.64750998126
 30
0.0
 40
225.0
 41
0.0
 46
0.0
 71
     5
 72
     1
  1
\A1;3425
  7
dim
 73
     1
 44
1.0
  0
POINT
  5
2DC5
330
2B29
100
AcDbEntity
  8
Defpoints
 62
     0
440
 16777216
100
AcDbPoint
 10
48865.06203231349
 20
11039.14745575338
 30
0.0
  0
POINT
  5
2DC6
330
2B29
100
AcDbEntity
  8
Defpoints
 62
     0
440
 16777216
100
AcDbPoint
 10
52290.06251333846
 20
11039.14750998126
 30
0.0000000000000142
  0
POINT
  5
2DC7
330
2B29
100
AcDbEntity
  8
Defpoints
 62
     0
440
 16777216
100
AcDbPoint
 10
52290.06251333846
 20
11039.14750998126
 30
0.0
  0
ENDBLK
  5
2B2B
330
2B29
100
AcDbEntity
  8
0
100
AcDbBlockEnd
  0
BLOCK
  5
2B36
330
2B35
100
AcDbEntity
  8
0
100
AcDbBlockBegin
  2
*D307
 70
     1
 10
0.0
 20
0.0
 30
0.0
  3
*D307
  1

  0
LINE
  5
2DC8
330
2B35
100
AcDbEntity
  8
CALLOUT TEXT
440
 16777216
370
    -2
100
AcDbLine
 10
52290.06251333846
 20
11114.14750998126
 30
0.0
 11
52290.06251333846
 21
11089.14750998126
 31
0.0
  0
LINE
  5
2DC9
330
2B35
100
AcDbEntity
  8
CALLOUT TEXT
440
 16777216
370
    -2
100
AcDbLine
 10
53890.06202505756
 20
10964.14750998141
 30
0.0
 11
53890.06202505756
 21
10989.14750998126
 31
0.0
  0
LINE
  5
2DCA
330
2B35
100
AcDbEntity
  8
CALLOUT TEXT
440
 16777216
370
    -2
100
AcDbLine
 10
52240.06251333846
 20
11039.14750998126
 30
0.0
 11
53940.06202505756
 21
11039.14750998126
 31
0.0
  0
INSERT
  5
2DCB
330
2B35
100
AcDbEntity
  8
CALLOUT TEXT
440
 16777216
370
    -2
100
AcDbBlockReference
  2
_ArchTick
 10
52290.06251333846
 20
11039.14750998126
 30
0.0
 41
75.0
 42
75.0
 43
75.0
 50
180.0
  0
INSERT
  5
2DCC
330
2B35
100
AcDbEntity
  8
CALLOUT TEXT
440
 16777216
370
    -2
100
AcDbBlockReference
  2
_ArchTick
 10
53890.06202505756
 20
11039.14750998126
 30
0.0
 41
75.0
 42
75.0
 43
75.0
  0
MTEXT
  5
2DCD
330
2B35
100
AcDbEntity
  8
CALLOUT TEXT
440
 16777216
100
AcDbMText
 10
53090.06226919801
 20
11226.64750998126
 30
0.0
 40
225.0
 41
0.0
 46
0.0
 71
     5
 72
     1
  1
\A1;1600
  7
dim
 73
     1
 44
1.0
  0
POINT
  5
2DCE
330
2B35
100
AcDbEntity
  8
Defpoints
 62
     0
440
 16777216
100
AcDbPoint
 10
52290.06251333846
 20
11039.14750998126
 30
0.0000000000000142
  0
POINT
  5
2DCF
330
2B35
100
AcDbEntity
  8
Defpoints
 62
     0
440
 16777216
100
AcDbPoint
 10
53890.06202505756
 20
11039.14750998141
 30
0.0
  0
POINT
  5
2DD0
330
2B35
100
AcDbEntity
  8
Defpoints
 62
     0
440
 16777216
100
AcDbPoint
 10
53890.06202505756
 20
11039.14750998126
 30
0.0
  0
ENDBLK
  5
2B37
330
2B35
100
AcDbEntity
  8
0
100
AcDbBlockEnd
  0
BLOCK
  5
2B42
330
2B41
100
AcDbEntity
  8
0
100
AcDbBlockBegin
  2
*D308
 70
     1
 10
0.0
 20
0.0
 30
0.0
  3
*D308
  1

  0
LINE
  5
2DD1
330
2B41
100
AcDbEntity
  8
CALLOUT TEXT
440
 16777216
370
    -2
100
AcDbLine
 10
53890.06202505756
 20
10964.14750998141
 30
0.0
 11
53890.06202505756
 21
10989.14750998126
 31
0.0
  0
LINE
  5
2DD2
330
2B41
100
AcDbEntity
  8
CALLOUT TEXT
440
 16777216
370
    -2
100
AcDbLine
 10
54565.06202505721
 20
11114.14750998126
 30
0.0
 11
54565.06202505721
 21
11089.14750998126
 31
0.0
  0
LINE
  5
2DD3
330
2B41
100
AcDbEntity
  8
CALLOUT TEXT
440
 16777216
370
    -2
100
AcDbLine
 10
53840.06202505756
 20
11039.14750998126
 30
0.0
 11
54615.06202505721
 21
11039.14750998126
 31
0.0
  0
INSERT
  5
2DD4
330
2B41
100
AcDbEntity
  8
CALLOUT TEXT
440
 16777216
370
    -2
100
AcDbBlockReference
  2
_ArchTick
 10
53890.06202505756
 20
11039.14750998126
 30
0.0
 41
75.0
 42
75.0
 43
75.0
 50
180.0
  0
INSERT
  5
2DD5
330
2B41
100
AcDbEntity
  8
CALLOUT TEXT
440
 16777216
370
    -2
100
AcDbBlockReference
  2
_ArchTick
 10
54565.06202505721
 20
11039.14750998126
 30
0.0
 41
75.0
 42
75.0
 43
75.0
  0
MTEXT
  5
2DD6
330
2B41
100
AcDbEntity
  8
CALLOUT TEXT
440
 16777216
100
AcDbMText
 10
54227.56202505738
 20
11226.64750998126
 30
0.0
 40
225.0
 41
0.0
 46
0.0
 71
     5
 72
     1
  1
\A1;675
  7
dim
 73
     1
 44
1.0
  0
POINT
  5
2DD7
330
2B41
100
AcDbEntity
  8
Defpoints
 62
     0
440
 16777216
100
AcDbPoint
 10
53890.06202505756
 20
11039.14750998141
 30
0.0
  0
POINT
  5
2DD8
330
2B41
100
AcDbEntity
  8
Defpoints
 62
     0
440
 16777216
100
AcDbPoint
 10
54565.06202505721
 20
11039.14750998126
 30
0.0
  0
POINT
  5
2DD9
330
2B41
100
AcDbEntity
  8
Defpoints
 62
     0
440
 16777216
100
AcDbPoint
 10
54565.06202505721
 20
11039.14750998126
 30
0.0
  0
ENDBLK
  5
2B43
330
2B41
100
AcDbEntity
  8
0
100
AcDbBlockEnd
  0
BLOCK
  5
2B4E
330
2B4D
100
AcDbEntity
  8
0
100
AcDbBlockBegin
  2
*D309
 70
     1
 10
0.0
 20
0.0
 30
0.0
  3
*D309
  1

  0
LINE
  5
2DDA
330
2B4D
100
AcDbEntity
  8
CALLOUT TEXT
440
 16777216
370
    -2
100
AcDbLine
 10
54565.06202505721
 20
11114.14750998126
 30
0.0
 11
54565.06202505721
 21
11089.14750998126
 31
0.0
  0
LINE
  5
2DDB
330
2B4D
100
AcDbEntity
  8
CALLOUT TEXT
440
 16777216
370
    -2
100
AcDbLine
 10
56965.06251333846
 20
11114.14750998126
 30
0.0
 11
56965.06251333846
 21
11089.14750998126
 31
0.0
  0
LINE
  5
2DDC
330
2B4D
100
AcDbEntity
  8
CALLOUT TEXT
440
 16777216
370
    -2
100
AcDbLine
 10
54515.06202505721
 20
11039.14750998126
 30
0.0
 11
57015.06251333846
 21
11039.14750998126
 31
0.0
  0
INSERT
  5
2DDD
330
2B4D
100
AcDbEntity
  8
CALLOUT TEXT
440
 16777216
370
    -2
100
AcDbBlockReference
  2
_ArchTick
 10
54565.06202505721
 20
11039.14750998126
 30
0.0
 41
75.0
 42
75.0
 43
75.0
 50
180.0
  0
INSERT
  5
2DDE
330
2B4D
100
AcDbEntity
  8
CALLOUT TEXT
440
 16777216
370
    -2
100
AcDbBlockReference
  2
_ArchTick
 10
56965.06251333846
 20
11039.14750998126
 30
0.0
 41
75.0
 42
75.0
 43
75.0
  0
MTEXT
  5
2DDF
330
2B4D
100
AcDbEntity
  8
CALLOUT TEXT
440
 16777216
100
AcDbMText
 10
55765.06226919783
 20
11226.64750998126
 30
0.0
 40
225.0
 41
0.0
 46
0.0
 71
     5
 72
     1
  1
\A1;2400
  7
dim
 73
     1
 44
1.0
  0
POINT
  5
2DE0
330
2B4D
100
AcDbEntity
  8
Defpoints
 62
     0
440
 16777216
100
AcDbPoint
 10
54565.06202505721
 20
11039.14750998126
 30
0.0
  0
POINT
  5
2DE1
330
2B4D
100
AcDbEntity
  8
Defpoints
 62
     0
440
 16777216
100
AcDbPoint
 10
56965.06251333846
 20
11039.14750998126
 30
0.0000000000000142
  0
POINT
  5
2DE2
330
2B4D
100
AcDbEntity
  8
Defpoints
 62
     0
440
 16777216
100
AcDbPoint
 10
56965.06251333846
 20
11039.14750998126
 30
0.0
  0
ENDBLK
  5
2B4F
330
2B4D
100
AcDbEntity
  8
0
100
AcDbBlockEnd
  0
BLOCK
  5
2B5A
330
2B59
100
AcDbEntity
  8
0
100
AcDbBlockBegin
  2
*D310
 70
     1
 10
0.0
 20
0.0
 30
0.0
  3
*D310
  1

  0
LINE
  5
2DE3
330
2B59
100
AcDbEntity
  8
CALLOUT TEXT
440
 16777216
370
    -2
100
AcDbLine
 10
56965.06251333846
 20
11114.14750998126
 30
0.0
 11
56965.06251333846
 21
11089.14750998126
 31
0.0
  0
LINE
  5
2DE4
330
2B59
100
AcDbEntity
  8
CALLOUT TEXT
440
 16777216
370
    -2
100
AcDbLine
 10
59590.06129263533
 20
11114.14750998126
 30
0.0
 11
59590.06129263533
 21
11089.14750998126
 31
0.0
  0
LINE
  5
2DE5
330
2B59
100
AcDbEntity
  8
CALLOUT TEXT
440
 16777216
370
    -2
100
AcDbLine
 10
56915.06251333846
 20
11039.14750998126
 30
0.0
 11
59640.06129263533
 21
11039.14750998126
 31
0.0
  0
INSERT
  5
2DE6
330
2B59
100
AcDbEntity
  8
CALLOUT TEXT
440
 16777216
370
    -2
100
AcDbBlockReference
  2
_ArchTick
 10
56965.06251333846
 20
11039.14750998126
 30
0.0
 41
75.0
 42
75.0
 43
75.0
 50
180.0
  0
INSERT
  5
2DE7
330
2B59
100
AcDbEntity
  8
CALLOUT TEXT
440
 16777216
370
    -2
100
AcDbBlockReference
  2
_ArchTick
 10
59590.06129263533
 20
11039.14750998126
 30
0.0
 41
75.0
 42
75.0
 43
75.0
  0
MTEXT
  5
2DE8
330
2B59
100
AcDbEntity
  8
CALLOUT TEXT
440
 16777216
100
AcDbMText
 10
58277.56190298689
 20
11226.64750998126
 30
0.0
 40
225.0
 41
0.0
 46
0.0
 71
     5
 72
     1
  1
\A1;2625
  7
dim
 73
     1
 44
1.0
  0
POINT
  5
2DE9
330
2B59
100
AcDbEntity
  8
Defpoints
 62
     0
440
 16777216
100
AcDbPoint
 10
56965.06251333846
 20
11039.14750998126
 30
0.0000000000000142
  0
POINT
  5
2DEA
330
2B59
100
AcDbEntity
  8
Defpoints
 62
     0
440
 16777216
100
AcDbPoint
 10
59590.06129263533
 20
11039.14750998126
 30
0.0
  0
POINT
  5
2DEB
330
2B59
100
AcDbEntity
  8
Defpoints
 62
     0
440
 16777216
100
AcDbPoint
 10
59590.06129263533
 20
11039.14750998126
 30
0.0
  0
ENDBLK
  5
2B5B
330
2B59
100
AcDbEntity
  8
0
100
AcDbBlockEnd
  0
BLOCK
  5
2B66
330
2B65
100
AcDbEntity
  8
0
100
AcDbBlockBegin
  2
*D311
 70
     1
 10
0.0
 20
0.0
 30
0.0
  3
*D311
  1

  0
LINE
  5
2DEC
330
2B65
100
AcDbEntity
  8
CALLOUT TEXT
440
 16777216
370
    -2
100
AcDbLine
 10
59590.06129263533
 20
11114.14750998126
 30
0.0
 11
59590.06129263533
 21
11089.14750998126
 31
0.0
  0
LINE
  5
2DED
330
2B65
100
AcDbEntity
  8
CALLOUT TEXT
440
 16777216
370
    -2
100
AcDbLine
 10
61015.06129263533
 20
11113.76750998126
 30
0.0
 11
61015.06129263533
 21
11089.14750998126
 31
0.0
  0
LINE
  5
2DEE
330
2B65
100
AcDbEntity
  8
CALLOUT TEXT
440
 16777216
370
    -2
100
AcDbLine
 10
59540.06129263533
 20
11039.14750998126
 30
0.0
 11
61065.06129263533
 21
11039.14750998126
 31
0.0
  0
INSERT
  5
2DEF
330
2B65
100
AcDbEntity
  8
CALLOUT TEXT
440
 16777216
370
    -2
100
AcDbBlockReference
  2
_ArchTick
 10
59590.06129263533
 20
11039.14750998126
 30
0.0
 41
75.0
 42
75.0
 43
75.0
 50
180.0
  0
INSERT
  5
2DF0
330
2B65
100
AcDbEntity
  8
CALLOUT TEXT
440
 16777216
370
    -2
100
AcDbBlockReference
  2
_ArchTick
 10
61015.06129263533
 20
11039.14750998126
 30
0.0
 41
75.0
 42
75.0
 43
75.0
  0
MTEXT
  5
2DF1
330
2B65
100
AcDbEntity
  8
CALLOUT TEXT
440
 16777216
100
AcDbMText
 10
60302.56129263533
 20
11226.64750998126
 30
0.0
 40
225.0
 41
0.0
 46
0.0
 71
     5
 72
     1
  1
\A1;1425
  7
dim
 73
     1
 44
1.0
  0
POINT
  5
2DF2
330
2B65
100
AcDbEntity
  8
Defpoints
 62
     0
440
 16777216
100
AcDbPoint
 10
59590.06129263533
 20
11039.14750998126
 30
0.0
  0
POINT
  5
2DF3
330
2B65
100
AcDbEntity
  8
Defpoints
 62
     0
440
 16777216
100
AcDbPoint
 10
61015.06129263533
 20
11038.76750998126
 30
0.0
  0
POINT
  5
2DF4
330
2B65
100
AcDbEntity
  8
Defpoints
 62
     0
440
 16777216
100
AcDbPoint
 10
61015.06129263533
 20
11039.14750998126
 30
0.0
  0
ENDBLK
  5
2B67
330
2B65
100
AcDbEntity
  8
0
100
AcDbBlockEnd
  0
BLOCK
  5
2B72
330
2B71
100
AcDbEntity
  8
0
100
AcDbBlockBegin
  2
*D312
 70
     1
 10
0.0
 20
0.0
 30
0.0
  3
*D312
  1

  0
LINE
  5
2DF5
330
2B71
100
AcDbEntity
  8
CALLOUT TEXT
440
 16777216
370
    -2
100
AcDbLine
 10
61015.06129263533
 20
11113.76750998126
 30
0.0
 11
61015.06129263533
 21
11089.14750998126
 31
0.0
  0
LINE
  5
2DF6
330
2B71
100
AcDbEntity
  8
CALLOUT TEXT
440
 16777216
370
    -2
100
AcDbLine
 10
64615.06129263534
 20
11113.76750998126
 30
0.0
 11
64615.06129263534
 21
11089.14750998126
 31
0.0
  0
LINE
  5
2DF7
330
2B71
100
AcDbEntity
  8
CALLOUT TEXT
440
 16777216
370
    -2
100
AcDbLine
 10
60965.06129263533
 20
11039.14750998126
 30
0.0
 11
64665.06129263533
 21
11039.14750998126
 31
0.0
  0
INSERT
  5
2DF8
330
2B71
100
AcDbEntity
  8
CALLOUT TEXT
440
 16777216
370
    -2
100
AcDbBlockReference
  2
_ArchTick
 10
61015.06129263533
 20
11039.14750998126
 30
0.0
 41
75.0
 42
75.0
 43
75.0
 50
180.0
  0
INSERT
  5
2DF9
330
2B71
100
AcDbEntity
  8
CALLOUT TEXT
440
 16777216
370
    -2
100
AcDbBlockReference
  2
_ArchTick
 10
64615.06129263534
 20
11039.14750998126
 30
0.0
 41
75.0
 42
75.0
 43
75.0
  0
MTEXT
  5
2DFA
330
2B71
100
AcDbEntity
  8
CALLOUT TEXT
440
 16777216
100
AcDbMText
 10
62815.06129263533
 20
11226.64750998126
 30
0.0
 40
225.0
 41
0.0
 46
0.0
 71
     5
 72
     1
  1
\A1;3600
  7
dim
 73
     1
 44
1.0
  0
POINT
  5
2DFB
330
2B71
100
AcDbEntity
  8
Defpoints
 62
     0
440
 16777216
100
AcDbPoint
 10
61015.06129263533
 20
11038.76750998126
 30
0.0
  0
POINT
  5
2DFC
330
2B71
100
AcDbEntity
  8
Defpoints
 62
     0
440
 16777216
100
AcDbPoint
 10
64615.06129263534
 20
11038.76750998126
 30
0.0
  0
POINT
  5
2DFD
330
2B71
100
AcDbEntity
  8
Defpoints
 62
     0
440
 16777216
100
AcDbPoint
 10
64615.06129263534
 20
11039.14750998126
 30
0.0
  0
ENDBLK
  5
2B73
330
2B71
100
AcDbEntity
  8
0
100
AcDbBlockEnd
  0
BLOCK
  5
2B7E
330
2B7D
100
AcDbEntity
  8
0
100
AcDbBlockBegin
  2
*D313
 70
     1
 10
0.0
 20
0.0
 30
0.0
  3
*D313
  1

  0
LINE
  5
2E54
330
2B7D
100
AcDbEntity
  8
CALLOUT TEXT
440
 16777216
370
    -2
100
AcDbLine
 10
66431.2950387549
 20
24554.81192625952
 30
0.0
 11
66406.29503875761
 21
24554.81192625952
 31
0.0
  0
LINE
  5
2E55
330
2B7D
100
AcDbEntity
  8
CALLOUT TEXT
440
 16777216
370
    -2
100
AcDbLine
 10
66431.2950387549
 20
23955.1427368064
 30
0.0
 11
66406.29503875761
 21
23955.1427368064
 31
0.0
  0
LINE
  5
2E56
330
2B7D
100
AcDbEntity
  8
CALLOUT TEXT
440
 16777216
370
    -2
100
AcDbLine
 10
66356.29503875761
 20
24604.81192625953
 30
0.0
 11
66356.29503875761
 21
23905.14273680639
 31
0.0
  0
LINE
  5
2E57
330
2B7D
100
AcDbEntity
  8
CALLOUT TEXT
440
 16777216
370
    -2
100
AcDbLine
 10
66356.29503875761
 20
24254.97733153296
 30
0.0
 11
66059.59886972124
 21
24404.97733153291
 31
0.0
  0
LINE
  5
2E58
330
2B7D
100
AcDbEntity
  8
CALLOUT TEXT
440
 16777216
370
    -2
100
AcDbLine
 10
66059.59886972124
 20
24404.97733153291
 30
0.0
 11
66059.59886972124
 21
25017.83447439006
 31
0.0
  0
MTEXT
  5
2E59
330
2B7D
100
AcDbEntity
  8
CALLOUT TEXT
440
 16777216
100
AcDbMText
 10
65872.09886972122
 20
24711.40590296147
 30
0.0
 40
225.0
 41
0.0
 46
0.0
 71
     5
 72
     1
  1
\A1;600
  7
dim
 11
0.0000000000000001
 21
1.0
 31
0.0
 73
     1
 44
1.0
  0
INSERT
  5
2E5A
330
2B7D
100
AcDbEntity
  8
CALLOUT TEXT
440
 16777216
370
    -2
100
AcDbBlockReference
  2
_ArchTick
 10
66356.29503875761
 20
24554.81192625952
 30
0.0
 41
75.0
 42
75.0
 43
75.0
 50
90.0
  0
INSERT
  5
2E5B
330
2B7D
100
AcDbEntity
  8
CALLOUT TEXT
440
 16777216
370
    -2
100
AcDbBlockReference
  2
_ArchTick
 10
66356.29503875761
 20
23955.1427368064
 30
0.0
 41
75.0
 42
75.0
 43
75.0
 50
270.0
  0
POINT
  5
2E5C
330
2B7D
100
AcDbEntity
  8
Defpoints
 62
     0
440
 16777216
100
AcDbPoint
 10
66356.29503875491
 20
24554.81192625952
 30
0.0
  0
POINT
  5
2E5D
330
2B7D
100
AcDbEntity
  8
Defpoints
 62
     0
440
 16777216
100
AcDbPoint
 10
66356.29503875491
 20
23955.1427368064
 30
0.0
  0
POINT
  5
2E5E
330
2B7D
100
AcDbEntity
  8
Defpoints
 62
     0
440
 16777216
100
AcDbPoint
 10
66356.29503875761
 20
23955.1427368064
 30
0.0
  0
ENDBLK
  5
2B7F
330
2B7D
100
AcDbEntity
  8
0
100
AcDbBlockEnd
  0
BLOCK
  5
2B8C
330
2B8B
100
AcDbEntity
  8
0
100
AcDbBlockBegin
  2
*D314
 70
     1
 10
0.0
 20
0.0
 30
0.0
  3
*D314
  1

  0
LINE
  5
2E5F
330
2B8B
100
AcDbEntity
  8
CALLOUT TEXT
440
 16777216
370
    -2
100
AcDbLine
 10
66431.2950387549
 20
23955.1427368064
 30
0.0
 11
66406.29503875773
 21
23955.1427368064
 31
0.0
  0
LINE
  5
2E60
330
2B8B
100
AcDbEntity
  8
CALLOUT TEXT
440
 16777216
370
    -2
100
AcDbLine
 10
66418.39962005135
 20
22979.81192625952
 30
0.0
 11
66406.29503875773
 21
22979.81192625952
 31
0.0
  0
LINE
  5
2E61
330
2B8B
100
AcDbEntity
  8
CALLOUT TEXT
440
 16777216
370
    -2
100
AcDbLine
 10
66356.29503875772
 20
24005.1427368064
 30
0.0
 11
66356.29503875772
 21
22929.81192625952
 31
0.0
  0
INSERT
  5
2E62
330
2B8B
100
AcDbEntity
  8
CALLOUT TEXT
440
 16777216
370
    -2
100
AcDbBlockReference
  2
_ArchTick
 10
66356.29503875772
 20
23955.1427368064
 30
0.0
 41
75.0
 42
75.0
 43
75.0
 50
90.0
  0
INSERT
  5
2E63
330
2B8B
100
AcDbEntity
  8
CALLOUT TEXT
440
 16777216
370
    -2
100
AcDbBlockReference
  2
_ArchTick
 10
66356.29503875772
 20
22979.81192625952
 30
0.0
 41
75.0
 42
75.0
 43
75.0
 50
270.0
  0
MTEXT
  5
2E64
330
2B8B
100
AcDbEntity
  8
CALLOUT TEXT
440
 16777216
100
AcDbMText
 10
66168.79503875772
 20
23467.47733153294
 30
0.0
 40
225.0
 41
0.0
 46
0.0
 71
     5
 72
     1
  1
\A1;975
  7
dim
 11
0.0000000000000001
 21
1.0
 31
0.0
 73
     1
 44
1.0
  0
POINT
  5
2E65
330
2B8B
100
AcDbEntity
  8
Defpoints
 62
     0
440
 16777216
100
AcDbPoint
 10
66356.29503875491
 20
23955.1427368064
 30
0.0
  0
POINT
  5
2E66
330
2B8B
100
AcDbEntity
  8
Defpoints
 62
     0
440
 16777216
100
AcDbPoint
 10
66343.39962005135
 20
22979.81192625952
 30
0.0
  0
POINT
  5
2E67
330
2B8B
100
AcDbEntity
  8
Defpoints
 62
     0
440
 16777216
100
AcDbPoint
 10
66356.29503875772
 20
22979.81192625952
 30
0.0
  0
ENDBLK
  5
2B8D
330
2B8B
100
AcDbEntity
  8
0
100
AcDbBlockEnd
  0
BLOCK
  5
2B98
330
2B97
100
AcDbEntity
  8
0
100
AcDbBlockBegin
  2
*D315
 70
     1
 10
0.0
 20
0.0
 30
0.0
  3
*D315
  1

  0
LINE
  5
2E68
330
2B97
100
AcDbEntity
  8
CALLOUT TEXT
440
 16777216
370
    -2
100
AcDbLine
 10
66418.39962005135
 20
22979.81192625952
 30
0.0
 11
66406.29503875796
 21
22979.81192625952
 31
0.0
  0
LINE
  5
2E69
330
2B97
100
AcDbEntity
  8
CALLOUT TEXT
440
 16777216
370
    -2
100
AcDbLine
 10
66289.82429207381
 20
20276.04849852515
 30
0.0
 11
66306.29503875796
 21
20276.04849852515
 31
0.0
  0
LINE
  5
2E6A
330
2B97
100
AcDbEntity
  8
CALLOUT TEXT
440
 16777216
370
    -2
100
AcDbLine
 10
66356.29503875796
 20
23029.81192625952
 30
0.0
 11
66356.29503875796
 21
20226.04849852515
 31
0.0
  0
INSERT
  5
2E6B
330
2B97
100
AcDbEntity
  8
CALLOUT TEXT
440
 16777216
370
    -2
100
AcDbBlockReference
  2
_ArchTick
 10
66356.29503875796
 20
22979.81192625952
 30
0.0
 41
75.0
 42
75.0
 43
75.0
 50
90.0
  0
INSERT
  5
2E6C
330
2B97
100
AcDbEntity
  8
CALLOUT TEXT
440
 16777216
370
    -2
100
AcDbBlockReference
  2
_ArchTick
 10
66356.29503875796
 20
20276.04849852515
 30
0.0
 41
75.0
 42
75.0
 43
75.0
 50
270.0
  0
MTEXT
  5
2E6D
330
2B97
100
AcDbEntity
  8
CALLOUT TEXT
440
 16777216
100
AcDbMText
 10
66168.79503875795
 20
21627.93021239231
 30
0.0
 40
225.0
 41
0.0
 46
0.0
 71
     5
 72
     1
  1
\A1;2704
  7
dim
 11
0.0000000000000001
 21
1.0
 31
0.0
 73
     1
 44
1.0
  0
POINT
  5
2E6E
330
2B97
100
AcDbEntity
  8
Defpoints
 62
     0
440
 16777216
100
AcDbPoint
 10
66343.39962005135
 20
22979.81192625952
 30
0.0
  0
POINT
  5
2E6F
330
2B97
100
AcDbEntity
  8
Defpoints
 62
     0
440
 16777216
100
AcDbPoint
 10
66364.82429207381
 20
20276.04849852515
 30
0.0
  0
POINT
  5
2E70
330
2B97
100
AcDbEntity
  8
Defpoints
 62
     0
440
 16777216
100
AcDbPoint
 10
66356.29503875796
 20
20276.04849852515
 30
0.0
  0
ENDBLK
  5
2B99
330
2B97
100
AcDbEntity
  8
0
100
AcDbBlockEnd
  0
BLOCK
  5
2BA4
330
2BA3
100
AcDbEntity
  8
0
100
AcDbBlockBegin
  2
*D316
 70
     1
 10
0.0
 20
0.0
 30
0.0
  3
*D316
  1

  0
LINE
  5
2E71
330
2BA3
100
AcDbEntity
  8
CALLOUT TEXT
440
 16777216
370
    -2
100
AcDbLine
 10
66289.82429207381
 20
20276.04849852515
 30
0.0
 11
66306.2950387582
 21
20276.04849852515
 31
0.0
  0
LINE
  5
2E72
330
2BA3
100
AcDbEntity
  8
CALLOUT TEXT
440
 16777216
370
    -2
100
AcDbLine
 10
66429.97503526029
 20
19154.81192625952
 30
0.0
 11
66406.29503875819
 21
19154.81192625952
 31
0.0
  0
LINE
  5
2E73
330
2BA3
100
AcDbEntity
  8
CALLOUT TEXT
440
 16777216
370
    -2
100
AcDbLine
 10
66356.29503875819
 20
20326.04849852515
 30
0.0
 11
66356.29503875819
 21
19104.81192625952
 31
0.0
  0
INSERT
  5
2E74
330
2BA3
100
AcDbEntity
  8
CALLOUT TEXT
440
 16777216
370
    -2
100
AcDbBlockReference
  2
_ArchTick
 10
66356.29503875819
 20
20276.04849852515
 30
0.0
 41
75.0
 42
75.0
 43
75.0
 50
90.0
  0
INSERT
  5
2E75
330
2BA3
100
AcDbEntity
  8
CALLOUT TEXT
440
 16777216
370
    -2
100
AcDbBlockReference
  2
_ArchTick
 10
66356.29503875819
 20
19154.81192625952
 30
0.0
 41
75.0
 42
75.0
 43
75.0
 50
270.0
  0
MTEXT
  5
2E76
330
2BA3
100
AcDbEntity
  8
CALLOUT TEXT
440
 16777216
100
AcDbMText
 10
66168.79503875818
 20
19715.43021239231
 30
0.0
 40
225.0
 41
0.0
 46
0.0
 71
     5
 72
     1
  1
\A1;1121
  7
dim
 11
0.0000000000000001
 21
1.0
 31
0.0
 73
     1
 44
1.0
  0
POINT
  5
2E77
330
2BA3
100
AcDbEntity
  8
Defpoints
 62
     0
440
 16777216
100
AcDbPoint
 10
66364.82429207381
 20
20276.04849852515
 30
0.0
  0
POINT
  5
2E78
330
2BA3
100
AcDbEntity
  8
Defpoints
 62
     0
440
 16777216
100
AcDbPoint
 10
66354.97503526028
 20
19154.81192625952
 30
0.0
  0
POINT
  5
2E79
330
2BA3
100
AcDbEntity
  8
Defpoints
 62
     0
440
 16777216
100
AcDbPoint
 10
66356.29503875819
 20
19154.81192625952
 30
0.0
  0
ENDBLK
  5
2BA5
330
2BA3
100
AcDbEntity
  8
0
100
AcDbBlockEnd
  0
BLOCK
  5
2BB0
330
2BAF
100
AcDbEntity
  8
0
100
AcDbBlockBegin
  2
*D317
 70
     1
 10
0.0
 20
0.0
 30
0.0
  3
*D317
  1

  0
LINE
  5
2E7A
330
2BAF
100
AcDbEntity
  8
CALLOUT TEXT
440
 16777216
370
    -2
100
AcDbLine
 10
66429.97503526029
 20
19154.81192625952
 30
0.0
 11
66406.29503875842
 21
19154.81192625952
 31
0.0
  0
LINE
  5
2E7B
330
2BAF
100
AcDbEntity
  8
CALLOUT TEXT
440
 16777216
370
    -2
100
AcDbLine
 10
66293.88584127542
 20
16304.81192625952
 30
0.0
 11
66306.29503875843
 21
16304.81192625952
 31
0.0
  0
LINE
  5
2E7C
330
2BAF
100
AcDbEntity
  8
CALLOUT TEXT
440
 16777216
370
    -2
100
AcDbLine
 10
66356.29503875843
 20
19204.81192625952
 30
0.0
 11
66356.29503875843
 21
16254.81192625952
 31
0.0
  0
INSERT
  5
2E7D
330
2BAF
100
AcDbEntity
  8
CALLOUT TEXT
440
 16777216
370
    -2
100
AcDbBlockReference
  2
_ArchTick
 10
66356.29503875843
 20
19154.81192625952
 30
0.0
 41
75.0
 42
75.0
 43
75.0
 50
90.0
  0
INSERT
  5
2E7E
330
2BAF
100
AcDbEntity
  8
CALLOUT TEXT
440
 16777216
370
    -2
100
AcDbBlockReference
  2
_ArchTick
 10
66356.29503875843
 20
16304.81192625952
 30
0.0
 41
75.0
 42
75.0
 43
75.0
 50
270.0
  0
MTEXT
  5
2E7F
330
2BAF
100
AcDbEntity
  8
CALLOUT TEXT
440
 16777216
100
AcDbMText
 10
66168.79503875841
 20
17729.8119262595
 30
0.0
 40
225.0
 41
0.0
 46
0.0
 71
     5
 72
     1
  1
\A1;2850
  7
dim
 11
0.0000000000000001
 21
1.0
 31
0.0
 73
     1
 44
1.0
  0
POINT
  5
2E80
330
2BAF
100
AcDbEntity
  8
Defpoints
 62
     0
440
 16777216
100
AcDbPoint
 10
66354.97503526028
 20
19154.81192625952
 30
0.0
  0
POINT
  5
2E81
330
2BAF
100
AcDbEntity
  8
Defpoints
 62
     0
440
 16777216
100
AcDbPoint
 10
66368.88584127542
 20
16304.81192625952
 30
0.0
  0
POINT
  5
2E82
330
2BAF
100
AcDbEntity
  8
Defpoints
 62
     0
440
 16777216
100
AcDbPoint
 10
66356.29503875843
 20
16304.81192625952
 30
0.0
  0
ENDBLK
  5
2BB1
330
2BAF
100
AcDbEntity
  8
0
100
AcDbBlockEnd
  0
BLOCK
  5
2BBC
330
2BBB
100
AcDbEntity
  8
0
100
AcDbBlockBegin
  2
*D318
 70
     1
 10
0.0
 20
0.0
 30
0.0
  3
*D318
  1

  0
LINE
  5
2E83
330
2BBB
100
AcDbEntity
  8
CALLOUT TEXT
440
 16777216
370
    -2
100
AcDbLine
 10
66293.88584127542
 20
16304.81192625952
 30
0.0
 11
66306.29503875866
 21
16304.81192625952
 31
0.0
  0
LINE
  5
2E84
330
2BBB
100
AcDbEntity
  8
CALLOUT TEXT
440
 16777216
370
    -2
100
AcDbLine
 10
66283.32581336316
 20
14429.81192625952
 30
0.0
 11
66306.29503875866
 21
14429.81192625952
 31
0.0
  0
LINE
  5
2E85
330
2BBB
100
AcDbEntity
  8
CALLOUT TEXT
440
 16777216
370
    -2
100
AcDbLine
 10
66356.29503875866
 20
16354.81192625952
 30
0.0
 11
66356.29503875866
 21
14379.81192625952
 31
0.0
  0
INSERT
  5
2E86
330
2BBB
100
AcDbEntity
  8
CALLOUT TEXT
440
 16777216
370
    -2
100
AcDbBlockReference
  2
_ArchTick
 10
66356.29503875866
 20
16304.81192625952
 30
0.0
 41
75.0
 42
75.0
 43
75.0
 50
90.0
  0
INSERT
  5
2E87
330
2BBB
100
AcDbEntity
  8
CALLOUT TEXT
440
 16777216
370
    -2
100
AcDbBlockReference
  2
_ArchTick
 10
66356.29503875866
 20
14429.81192625952
 30
0.0
 41
75.0
 42
75.0
 43
75.0
 50
270.0
  0
MTEXT
  5
2E88
330
2BBB
100
AcDbEntity
  8
CALLOUT TEXT
440
 16777216
100
AcDbMText
 10
66168.79503875864
 20
15367.3119262595
 30
0.0
 40
225.0
 41
0.0
 46
0.0
 71
     5
 72
     1
  1
\A1;1875
  7
dim
 11
0.0000000000000001
 21
1.0
 31
0.0
 73
     1
 44
1.0
  0
POINT
  5
2E89
330
2BBB
100
AcDbEntity
  8
Defpoints
 62
     0
440
 16777216
100
AcDbPoint
 10
66368.88584127542
 20
16304.81192625952
 30
0.0
  0
POINT
  5
2E8A
330
2BBB
100
AcDbEntity
  8
Defpoints
 62
     0
440
 16777216
100
AcDbPoint
 10
66358.32581336316
 20
14429.81192625952
 30
0.0
  0
POINT
  5
2E8B
330
2BBB
100
AcDbEntity
  8
Defpoints
 62
     0
440
 16777216
100
AcDbPoint
 10
66356.29503875866
 20
14429.81192625952
 30
0.0
  0
ENDBLK
  5
2BBD
330
2BBB
100
AcDbEntity
  8
0
100
AcDbBlockEnd
  0
BLOCK
  5
2BC8
330
2BC7
100
AcDbEntity
  8
0
100
AcDbBlockBegin
  2
*D319
 70
     1
 10
0.0
 20
0.0
 30
0.0
  3
*D319
  1

  0
LINE
  5
2E8C
330
2BC7
100
AcDbEntity
  8
CALLOUT TEXT
440
 16777216
370
    -2
100
AcDbLine
 10
66283.32581336316
 20
14429.81192625952
 30
0.0
 11
66306.29503875889
 21
14429.81192625952
 31
0.0
  0
LINE
  5
2E8D
330
2BC7
100
AcDbEntity
  8
CALLOUT TEXT
440
 16777216
370
    -2
100
AcDbLine
 10
66292.1596828651
 20
12629.8122314353
 30
0.0
 11
66306.29503875889
 21
12629.8122314353
 31
0.0
  0
LINE
  5
2E8E
330
2BC7
100
AcDbEntity
  8
CALLOUT TEXT
440
 16777216
370
    -2
100
AcDbLine
 10
66356.29503875889
 20
14479.81192625952
 30
0.0
 11
66356.29503875889
 21
12579.8122314353
 31
0.0
  0
INSERT
  5
2E8F
330
2BC7
100
AcDbEntity
  8
CALLOUT TEXT
440
 16777216
370
    -2
100
AcDbBlockReference
  2
_ArchTick
 10
66356.29503875889
 20
14429.81192625952
 30
0.0
 41
75.0
 42
75.0
 43
75.0
 50
90.0
  0
INSERT
  5
2E90
330
2BC7
100
AcDbEntity
  8
CALLOUT TEXT
440
 16777216
370
    -2
100
AcDbBlockReference
  2
_ArchTick
 10
66356.29503875889
 20
12629.8122314353
 30
0.0
 41
75.0
 42
75.0
 43
75.0
 50
270.0
  0
MTEXT
  5
2E91
330
2BC7
100
AcDbEntity
  8
CALLOUT TEXT
440
 16777216
100
AcDbMText
 10
66168.79503875888
 20
13529.81207884739
 30
0.0
 40
225.0
 41
0.0
 46
0.0
 71
     5
 72
     1
  1
\A1;1800
  7
dim
 11
0.0000000000000001
 21
1.0
 31
0.0
 73
     1
 44
1.0
  0
POINT
  5
2E92
330
2BC7
100
AcDbEntity
  8
Defpoints
 62
     0
440
 16777216
100
AcDbPoint
 10
66358.32581336316
 20
14429.81192625952
 30
0.0
  0
POINT
  5
2E93
330
2BC7
100
AcDbEntity
  8
Defpoints
 62
     0
440
 16777216
100
AcDbPoint
 10
66367.15968286511
 20
12629.8122314353
 30
0.0
  0
POINT
  5
2E94
330
2BC7
100
AcDbEntity
  8
Defpoints
 62
     0
440
 16777216
100
AcDbPoint
 10
66356.29503875889
 20
12629.8122314353
 30
0.0
  0
ENDBLK
  5
2BC9
330
2BC7
100
AcDbEntity
  8
0
100
AcDbBlockEnd
  0
BLOCK
  5
2C93
330
2C92
100
AcDbEntity
  8
0
100
AcDbBlockBegin
  2
*D320
 70
     1
 10
0.0
 20
0.0
 30
0.0
  3
*D320
  1

  0
LINE
  5
2E95
330
2C92
100
AcDbEntity
  8
CALLOUT TEXT
440
 16777216
370
    -2
100
AcDbLine
 10
2028.258950517935
 20
24554.81192625958
 30
0.0
 11
2003.258950520613
 21
24554.81192625958
 31
0.0
  0
LINE
  5
2E96
330
2C92
100
AcDbEntity
  8
CALLOUT TEXT
440
 16777216
370
    -2
100
AcDbLine
 10
2028.258950517935
 20
23955.14273680646
 30
0.0
 11
2003.258950520613
 21
23955.14273680646
 31
0.0
  0
LINE
  5
2E97
330
2C92
100
AcDbEntity
  8
CALLOUT TEXT
440
 16777216
370
    -2
100
AcDbLine
 10
1953.258950520613
 20
24604.81192625958
 30
0.0
 11
1953.258950520613
 21
23905.14273680646
 31
0.0
  0
LINE
  5
2E98
330
2C92
100
AcDbEntity
  8
CALLOUT TEXT
440
 16777216
370
    -2
100
AcDbLine
 10
1953.258950520613
 20
24254.97733153302
 30
0.0
 11
1656.562781484281
 21
24404.97733153295
 31
0.0
  0
LINE
  5
2E99
330
2C92
100
AcDbEntity
  8
CALLOUT TEXT
440
 16777216
370
    -2
100
AcDbLine
 10
1656.562781484281
 20
24404.97733153295
 30
0.0
 11
1656.562781484281
 21
25017.8344743901
 31
0.0
  0
MTEXT
  5
2E9A
330
2C92
100
AcDbEntity
  8
CALLOUT TEXT
440
 16777216
100
AcDbMText
 10
1469.062781484287
 20
24711.40590296152
 30
0.0
 40
225.0
 41
0.0
 46
0.0
 71
     5
 72
     1
  1
\A1;600
  7
dim
 11
0.0000000000000001
 21
1.0
 31
0.0
 73
     1
 44
1.0
  0
INSERT
  5
2E9B
330
2C92
100
AcDbEntity
  8
CALLOUT TEXT
440
 16777216
370
    -2
100
AcDbBlockReference
  2
_ArchTick
 10
1953.258950520613
 20
24554.81192625958
 30
0.0
 41
75.0
 42
75.0
 43
75.0
 50
90.0
  0
INSERT
  5
2E9C
330
2C92
100
AcDbEntity
  8
CALLOUT TEXT
440
 16777216
370
    -2
100
AcDbBlockReference
  2
_ArchTick
 10
1953.258950520613
 20
23955.14273680646
 30
0.0
 41
75.0
 42
75.0
 43
75.0
 50
270.0
  0
POINT
  5
2E9D
330
2C92
100
AcDbEntity
  8
Defpoints
 62
     0
440
 16777216
100
AcDbPoint
 10
1953.258950517935
 20
24554.81192625958
 30
0.0
  0
POINT
  5
2E9E
330
2C92
100
AcDbEntity
  8
Defpoints
 62
     0
440
 16777216
100
AcDbPoint
 10
1953.258950517935
 20
23955.14273680646
 30
0.0
  0
POINT
  5
2E9F
330
2C92
100
AcDbEntity
  8
Defpoints
 62
     0
440
 16777216
100
AcDbPoint
 10
1953.258950520613
 20
23955.14273680646
 30
0.0
  0
ENDBLK
  5
2C94
330
2C92
100
AcDbEntity
  8
0
100
AcDbBlockEnd
  0
BLOCK
  5
2CA1
330
2CA0
100
AcDbEntity
  8
0
100
AcDbBlockBegin
  2
*D321
 70
     1
 10
0.0
 20
0.0
 30
0.0
  3
*D321
  1

  0
LINE
  5
2EA0
330
2CA0
100
AcDbEntity
  8
CALLOUT TEXT
440
 16777216
370
    -2
100
AcDbLine
 10
2028.258950517935
 20
23955.14273680646
 30
0.0
 11
2003.258950520729
 21
23955.14273680646
 31
0.0
  0
LINE
  5
2EA1
330
2CA0
100
AcDbEntity
  8
CALLOUT TEXT
440
 16777216
370
    -2
100
AcDbLine
 10
2015.798509063971
 20
22979.81192625958
 30
0.0
 11
2003.25895052073
 21
22979.81192625958
 31
0.0
  0
LINE
  5
2EA2
330
2CA0
100
AcDbEntity
  8
CALLOUT TEXT
440
 16777216
370
    -2
100
AcDbLine
 10
1953.258950520729
 20
24005.14273680645
 30
0.0
 11
1953.25895052073
 21
22929.81192625958
 31
0.0
  0
INSERT
  5
2EA3
330
2CA0
100
AcDbEntity
  8
CALLOUT TEXT
440
 16777216
370
    -2
100
AcDbBlockReference
  2
_ArchTick
 10
1953.258950520729
 20
23955.14273680646
 30
0.0
 41
75.0
 42
75.0
 43
75.0
 50
90.0
  0
INSERT
  5
2EA4
330
2CA0
100
AcDbEntity
  8
CALLOUT TEXT
440
 16777216
370
    -2
100
AcDbBlockReference
  2
_ArchTick
 10
1953.25895052073
 20
22979.81192625958
 30
0.0
 41
75.0
 42
75.0
 43
75.0
 50
270.0
  0
MTEXT
  5
2EA5
330
2CA0
100
AcDbEntity
  8
CALLOUT TEXT
440
 16777216
100
AcDbMText
 10
1765.758950520736
 20
23467.47733153301
 30
0.0
 40
225.0
 41
0.0
 46
0.0
 71
     5
 72
     1
  1
\A1;975
  7
dim
 11
0.0000000000000001
 21
1.0
 31
0.0
 73
     1
 44
1.0
  0
POINT
  5
2EA6
330
2CA0
100
AcDbEntity
  8
Defpoints
 62
     0
440
 16777216
100
AcDbPoint
 10
1953.258950517935
 20
23955.14273680646
 30
0.0
  0
POINT
  5
2EA7
330
2CA0
100
AcDbEntity
  8
Defpoints
 62
     0
440
 16777216
100
AcDbPoint
 10
1940.79850906397
 20
22979.81192625958
 30
0.0
  0
POINT
  5
2EA8
330
2CA0
100
AcDbEntity
  8
Defpoints
 62
     0
440
 16777216
100
AcDbPoint
 10
1953.25895052073
 20
22979.81192625958
 30
0.0
  0
ENDBLK
  5
2CA2
330
2CA0
100
AcDbEntity
  8
0
100
AcDbBlockEnd
  0
BLOCK
  5
2CAD
330
2CAC
100
AcDbEntity
  8
0
100
AcDbBlockBegin
  2
*D322
 70
     1
 10
0.0
 20
0.0
 30
0.0
  3
*D322
  1

  0
LINE
  5
2EA9
330
2CAC
100
AcDbEntity
  8
CALLOUT TEXT
440
 16777216
370
    -2
100
AcDbLine
 10
2015.798509063901
 20
22979.81192625958
 30
0.0
 11
2002.971249032886
 21
22979.81192625958
 31
0.0
  0
LINE
  5
2EAA
330
2CAC
100
AcDbEntity
  8
CALLOUT TEXT
440
 16777216
370
    -2
100
AcDbLine
 10
1886.500502348764
 20
20276.0484985252
 30
0.0
 11
1902.971249032886
 21
20276.0484985252
 31
0.0
  0
LINE
  5
2EAB
330
2CAC
100
AcDbEntity
  8
CALLOUT TEXT
440
 16777216
370
    -2
100
AcDbLine
 10
1952.971249032886
 20
23029.81192625958
 30
0.0
 11
1952.971249032886
 21
20226.04849852521
 31
0.0
  0
INSERT
  5
2EAC
330
2CAC
100
AcDbEntity
  8
CALLOUT TEXT
440
 16777216
370
    -2
100
AcDbBlockReference
  2
_ArchTick
 10
1952.971249032886
 20
22979.81192625958
 30
0.0
 41
75.0
 42
75.0
 43
75.0
 50
90.0
  0
INSERT
  5
2EAD
330
2CAC
100
AcDbEntity
  8
CALLOUT TEXT
440
 16777216
370
    -2
100
AcDbBlockReference
  2
_ArchTick
 10
1952.971249032886
 20
20276.0484985252
 30
0.0
 41
75.0
 42
75.0
 43
75.0
 50
270.0
  0
MTEXT
  5
2EAE
330
2CAC
100
AcDbEntity
  8
CALLOUT TEXT
440
 16777216
100
AcDbMText
 10
1765.471249032892
 20
21627.93021239239
 30
0.0
 40
225.0
 41
0.0
 46
0.0
 71
     5
 72
     1
  1
\A1;2704
  7
dim
 11
0.0000000000000001
 21
1.0
 31
0.0
 73
     1
 44
1.0
  0
POINT
  5
2EAF
330
2CAC
100
AcDbEntity
  8
Defpoints
 62
     0
440
 16777216
100
AcDbPoint
 10
1940.798509063901
 20
22979.81192625958
 30
0.0
  0
POINT
  5
2EB0
330
2CAC
100
AcDbEntity
  8
Defpoints
 62
     0
440
 16777216
100
AcDbPoint
 10
1961.500502348764
 20
20276.0484985252
 30
0.0
  0
POINT
  5
2EB1
330
2CAC
100
AcDbEntity
  8
Defpoints
 62
     0
440
 16777216
100
AcDbPoint
 10
1952.971249032886
 20
20276.0484985252
 30
0.0
  0
ENDBLK
  5
2CAE
330
2CAC
100
AcDbEntity
  8
0
100
AcDbBlockEnd
  0
BLOCK
  5
2CB9
330
2CB8
100
AcDbEntity
  8
0
100
AcDbBlockBegin
  2
*D323
 70
     1
 10
0.0
 20
0.0
 30
0.0
  3
*D323
  1

  0
LINE
  5
2EB2
330
2CB8
100
AcDbEntity
  8
CALLOUT TEXT
440
 16777216
370
    -2
100
AcDbLine
 10
1886.500502348861
 20
20276.0484985252
 30
0.0
 11
1903.303475751642
 21
20276.0484985252
 31
0.0
  0
LINE
  5
2EB3
330
2CB8
100
AcDbEntity
  8
CALLOUT TEXT
440
 16777216
370
    -2
100
AcDbLine
 10
2026.983472253761
 20
19154.81192625958
 30
0.0
 11
2003.303475751642
 21
19154.81192625958
 31
0.0
  0
LINE
  5
2EB4
330
2CB8
100
AcDbEntity
  8
CALLOUT TEXT
440
 16777216
370
    -2
100
AcDbLine
 10
1953.303475751642
 20
20326.0484985252
 30
0.0
 11
1953.303475751642
 21
19104.81192625958
 31
0.0
  0
INSERT
  5
2EB5
330
2CB8
100
AcDbEntity
  8
CALLOUT TEXT
440
 16777216
370
    -2
100
AcDbBlockReference
  2
_ArchTick
 10
1953.303475751642
 20
20276.0484985252
 30
0.0
 41
75.0
 42
75.0
 43
75.0
 50
90.0
  0
INSERT
  5
2EB6
330
2CB8
100
AcDbEntity
  8
CALLOUT TEXT
440
 16777216
370
    -2
100
AcDbBlockReference
  2
_ArchTick
 10
1953.303475751642
 20
19154.81192625958
 30
0.0
 41
75.0
 42
75.0
 43
75.0
 50
270.0
  0
MTEXT
  5
2EB7
330
2CB8
100
AcDbEntity
  8
CALLOUT TEXT
440
 16777216
100
AcDbMText
 10
1765.803475751647
 20
19715.43021239239
 30
0.0
 40
225.0
 41
0.0
 46
0.0
 71
     5
 72
     1
  1
\A1;1121
  7
dim
 11
0.0000000000000001
 21
1.0
 31
0.0
 73
     1
 44
1.0
  0
POINT
  5
2EB8
330
2CB8
100
AcDbEntity
  8
Defpoints
 62
     0
440
 16777216
100
AcDbPoint
 10
1961.500502348861
 20
20276.0484985252
 30
0.0
  0
POINT
  5
2EB9
330
2CB8
100
AcDbEntity
  8
Defpoints
 62
     0
440
 16777216
100
AcDbPoint
 10
1951.983472253761
 20
19154.81192625958
 30
0.0
  0
POINT
  5
2EBA
330
2CB8
100
AcDbEntity
  8
Defpoints
 62
     0
440
 16777216
100
AcDbPoint
 10
1953.303475751642
 20
19154.81192625958
 30
0.0
  0
ENDBLK
  5
2CBA
330
2CB8
100
AcDbEntity
  8
0
100
AcDbBlockEnd
  0
BLOCK
  5
2CC5
330
2CC4
100
AcDbEntity
  8
0
100
AcDbBlockBegin
  2
*D324
 70
     1
 10
0.0
 20
0.0
 30
0.0
  3
*D324
  1

  0
LINE
  5
2EBB
330
2CC4
100
AcDbEntity
  8
CALLOUT TEXT
440
 16777216
370
    -2
100
AcDbLine
 10
2026.983472253759
 20
19154.81192625958
 30
0.0
 11
2003.303475751872
 21
19154.81192625958
 31
0.0
  0
LINE
  5
2EBC
330
2CC4
100
AcDbEntity
  8
CALLOUT TEXT
440
 16777216
370
    -2
100
AcDbLine
 10
1890.425050841858
 20
16304.81192625958
 30
0.0
 11
1903.303475751872
 21
16304.81192625958
 31
0.0
  0
LINE
  5
2EBD
330
2CC4
100
AcDbEntity
  8
CALLOUT TEXT
440
 16777216
370
    -2
100
AcDbLine
 10
1953.303475751871
 20
19204.81192625958
 30
0.0
 11
1953.303475751872
 21
16254.81192625958
 31
0.0
  0
INSERT
  5
2EBE
330
2CC4
100
AcDbEntity
  8
CALLOUT TEXT
440
 16777216
370
    -2
100
AcDbBlockReference
  2
_ArchTick
 10
1953.303475751871
 20
19154.81192625958
 30
0.0
 41
75.0
 42
75.0
 43
75.0
 50
90.0
  0
INSERT
  5
2EBF
330
2CC4
100
AcDbEntity
  8
CALLOUT TEXT
440
 16777216
370
    -2
100
AcDbBlockReference
  2
_ArchTick
 10
1953.303475751872
 20
16304.81192625958
 30
0.0
 41
75.0
 42
75.0
 43
75.0
 50
270.0
  0
MTEXT
  5
2EC0
330
2CC4
100
AcDbEntity
  8
CALLOUT TEXT
440
 16777216
100
AcDbMText
 10
1765.803475751877
 20
17729.81192625957
 30
0.0
 40
225.0
 41
0.0
 46
0.0
 71
     5
 72
     1
  1
\A1;2850
  7
dim
 11
0.0000000000000001
 21
1.0
 31
0.0
 73
     1
 44
1.0
  0
POINT
  5
2EC1
330
2CC4
100
AcDbEntity
  8
Defpoints
 62
     0
440
 16777216
100
AcDbPoint
 10
1951.983472253759
 20
19154.81192625958
 30
0.0
  0
POINT
  5
2EC2
330
2CC4
100
AcDbEntity
  8
Defpoints
 62
     0
440
 16777216
100
AcDbPoint
 10
1965.425050841858
 20
16304.81192625958
 30
0.0
  0
POINT
  5
2EC3
330
2CC4
100
AcDbEntity
  8
Defpoints
 62
     0
440
 16777216
100
AcDbPoint
 10
1953.303475751872
 20
16304.81192625958
 30
0.0
  0
ENDBLK
  5
2CC6
330
2CC4
100
AcDbEntity
  8
0
100
AcDbBlockEnd
  0
BLOCK
  5
2CD1
330
2CD0
100
AcDbEntity
  8
0
100
AcDbBlockBegin
  2
*D325
 70
     1
 10
0.0
 20
0.0
 30
0.0
  3
*D325
  1

  0
LINE
  5
2EC4
330
2CD0
100
AcDbEntity
  8
CALLOUT TEXT
440
 16777216
370
    -2
100
AcDbLine
 10
1890.425050841835
 20
16304.81192625958
 30
0.0
 11
1903.190450167125
 21
16304.81192625958
 31
0.0
  0
LINE
  5
2EC5
330
2CD0
100
AcDbEntity
  8
CALLOUT TEXT
440
 16777216
370
    -2
100
AcDbLine
 10
1880.221224771654
 20
14429.81192625958
 30
0.0
 11
1903.190450167126
 21
14429.81192625958
 31
0.0
  0
LINE
  5
2EC6
330
2CD0
100
AcDbEntity
  8
CALLOUT TEXT
440
 16777216
370
    -2
100
AcDbLine
 10
1953.190450167125
 20
16354.81192625958
 30
0.0
 11
1953.190450167126
 21
14379.81192625958
 31
0.0
  0
INSERT
  5
2EC7
330
2CD0
100
AcDbEntity
  8
CALLOUT TEXT
440
 16777216
370
    -2
100
AcDbBlockReference
  2
_ArchTick
 10
1953.190450167125
 20
16304.81192625958
 30
0.0
 41
75.0
 42
75.0
 43
75.0
 50
90.0
  0
INSERT
  5
2EC8
330
2CD0
100
AcDbEntity
  8
CALLOUT TEXT
440
 16777216
370
    -2
100
AcDbBlockReference
  2
_ArchTick
 10
1953.190450167126
 20
14429.81192625958
 30
0.0
 41
75.0
 42
75.0
 43
75.0
 50
270.0
  0
MTEXT
  5
2EC9
330
2CD0
100
AcDbEntity
  8
CALLOUT TEXT
440
 16777216
100
AcDbMText
 10
1765.690450167129
 20
15367.31192625957
 30
0.0
 40
225.0
 41
0.0
 46
0.0
 71
     5
 72
     1
  1
\A1;1875
  7
dim
 11
0.0000000000000001
 21
1.0
 31
0.0
 73
     1
 44
1.0
  0
POINT
  5
2ECA
330
2CD0
100
AcDbEntity
  8
Defpoints
 62
     0
440
 16777216
100
AcDbPoint
 10
1965.425050841835
 20
16304.81192625958
 30
0.0
  0
POINT
  5
2ECB
330
2CD0
100
AcDbEntity
  8
Defpoints
 62
     0
440
 16777216
100
AcDbPoint
 10
1955.221224771654
 20
14429.81192625958
 30
0.0
  0
POINT
  5
2ECC
330
2CD0
100
AcDbEntity
  8
Defpoints
 62
     0
440
 16777216
100
AcDbPoint
 10
1953.190450167126
 20
14429.81192625958
 30
0.0
  0
ENDBLK
  5
2CD2
330
2CD0
100
AcDbEntity
  8
0
100
AcDbBlockEnd
  0
BLOCK
  5
2CDD
330
2CDC
100
AcDbEntity
  8
0
100
AcDbBlockBegin
  2
*D326
 70
     1
 10
0.0
 20
0.0
 30
0.0
  3
*D326
  1

  0
LINE
  5
2ECD
330
2CDC
100
AcDbEntity
  8
CALLOUT TEXT
440
 16777216
370
    -2
100
AcDbLine
 10
1880.221224771621
 20
14429.81192625958
 30
0.0
 11
1903.190450167325
 21
14429.81192625958
 31
0.0
  0
LINE
  5
2ECE
330
2CDC
100
AcDbEntity
  8
CALLOUT TEXT
440
 16777216
370
    -2
100
AcDbLine
 10
1888.757117732702
 20
12629.81223143536
 30
0.0
 11
1903.190450167326
 21
12629.81223143536
 31
0.0
  0
LINE
  5
2ECF
330
2CDC
100
AcDbEntity
  8
CALLOUT TEXT
440
 16777216
370
    -2
100
AcDbLine
 10
1953.190450167325
 20
14479.81192625958
 30
0.0
 11
1953.190450167326
 21
12579.81223143536
 31
0.0
  0
INSERT
  5
2ED0
330
2CDC
100
AcDbEntity
  8
CALLOUT TEXT
440
 16777216
370
    -2
100
AcDbBlockReference
  2
_ArchTick
 10
1953.190450167325
 20
14429.81192625958
 30
0.0
 41
75.0
 42
75.0
 43
75.0
 50
90.0
  0
INSERT
  5
2ED1
330
2CDC
100
AcDbEntity
  8
CALLOUT TEXT
440
 16777216
370
    -2
100
AcDbBlockReference
  2
_ArchTick
 10
1953.190450167326
 20
12629.81223143536
 30
0.0
 41
75.0
 42
75.0
 43
75.0
 50
270.0
  0
MTEXT
  5
2ED2
330
2CDC
100
AcDbEntity
  8
CALLOUT TEXT
440
 16777216
100
AcDbMText
 10
1765.690450167329
 20
13529.81207884746
 30
0.0
 40
225.0
 41
0.0
 46
0.0
 71
     5
 72
     1
  1
\A1;1800
  7
dim
 11
0.0000000000000001
 21
1.0
 31
0.0
 73
     1
 44
1.0
  0
POINT
  5
2ED3
330
2CDC
100
AcDbEntity
  8
Defpoints
 62
     0
440
 16777216
100
AcDbPoint
 10
1955.221224771621
 20
14429.81192625958
 30
0.0
  0
POINT
  5
2ED4
330
2CDC
100
AcDbEntity
  8
Defpoints
 62
     0
440
 16777216
100
AcDbPoint
 10
1963.757117732702
 20
12629.81223143536
 30
0.0
  0
POINT
  5
2ED5
330
2CDC
100
AcDbEntity
  8
Defpoints
 62
     0
440
 16777216
100
AcDbPoint
 10
1953.190450167326
 20
12629.81223143536
 30
0.0
  0
ENDBLK
  5
2CDE
330
2CDC
100
AcDbEntity
  8
0
100
AcDbBlockEnd
  0
BLOCK
  5
2DFF
330
2DFE
100
AcDbEntity
  8
0
100
AcDbBlockBegin
  2
*D327
 70
     1
 10
0.0
 20
0.0
 30
0.0
  3
*D327
  1

  0
LINE
  5
2ED6
330
2DFE
100
AcDbEntity
  8
CALLOUT TEXT
440
 16777216
370
    -2
100
AcDbLine
 10
39021.008300123
 20
24554.81192625958
 30
0.0
 11
38996.00830012546
 21
24554.81192625958
 31
0.0
  0
LINE
  5
2ED7
330
2DFE
100
AcDbEntity
  8
CALLOUT TEXT
440
 16777216
370
    -2
100
AcDbLine
 10
39021.008300123
 20
23955.14273680646
 30
0.0
 11
38996.00830012546
 21
23955.14273680646
 31
0.0
  0
LINE
  5
2ED8
330
2DFE
100
AcDbEntity
  8
CALLOUT TEXT
440
 16777216
370
    -2
100
AcDbLine
 10
38946.00830012546
 20
24604.81192625958
 30
0.0
 11
38946.00830012546
 21
23905.14273680646
 31
0.0
  0
LINE
  5
2ED9
330
2DFE
100
AcDbEntity
  8
CALLOUT TEXT
440
 16777216
370
    -2
100
AcDbLine
 10
38946.00830012546
 20
24254.97733153302
 30
0.0
 11
38649.31213108934
 21
24404.97733153297
 31
0.0
  0
LINE
  5
2EDA
330
2DFE
100
AcDbEntity
  8
CALLOUT TEXT
440
 16777216
370
    -2
100
AcDbLine
 10
38649.31213108934
 20
24404.97733153297
 30
0.0
 11
38649.31213108934
 21
25017.83447439011
 31
0.0
  0
MTEXT
  5
2EDB
330
2DFE
100
AcDbEntity
  8
CALLOUT TEXT
440
 16777216
100
AcDbMText
 10
38461.81213108934
 20
24711.40590296152
 30
0.0
 40
225.0
 41
0.0
 46
0.0
 71
     5
 72
     1
  1
\A1;600
  7
dim
 11
0.0000000000000001
 21
1.0
 31
0.0
 73
     1
 44
1.0
  0
INSERT
  5
2EDC
330
2DFE
100
AcDbEntity
  8
CALLOUT TEXT
440
 16777216
370
    -2
100
AcDbBlockReference
  2
_ArchTick
 10
38946.00830012546
 20
24554.81192625958
 30
0.0
 41
75.0
 42
75.0
 43
75.0
 50
90.0
  0
INSERT
  5
2EDD
330
2DFE
100
AcDbEntity
  8
CALLOUT TEXT
440
 16777216
370
    -2
100
AcDbBlockReference
  2
_ArchTick
 10
38946.00830012546
 20
23955.14273680646
 30
0.0
 41
75.0
 42
75.0
 43
75.0
 50
270.0
  0
POINT
  5
2EDE
330
2DFE
100
AcDbEntity
  8
Defpoints
 62
     0
440
 16777216
100
AcDbPoint
 10
38946.008300123
 20
24554.81192625958
 30
0.0
  0
POINT
  5
2EDF
330
2DFE
100
AcDbEntity
  8
Defpoints
 62
     0
440
 16777216
100
AcDbPoint
 10
38946.008300123
 20
23955.14273680646
 30
0.0
  0
POINT
  5
2EE0
330
2DFE
100
AcDbEntity
  8
Defpoints
 62
     0
440
 16777216
100
AcDbPoint
 10
38946.00830012546
 20
23955.14273680646
 30
0.0
  0
ENDBLK
  5
2E00
330
2DFE
100
AcDbEntity
  8
0
100
AcDbBlockEnd
  0
BLOCK
  5
2E0D
330
2E0C
100
AcDbEntity
  8
0
100
AcDbBlockBegin
  2
*D328
 70
     1
 10
0.0
 20
0.0
 30
0.0
  3
*D328
  1

  0
LINE
  5
2EE1
330
2E0C
100
AcDbEntity
  8
CALLOUT TEXT
440
 16777216
370
    -2
100
AcDbLine
 10
39021.008300123
 20
23955.14273680646
 30
0.0
 11
38996.00830012558
 21
23955.14273680646
 31
0.0
  0
LINE
  5
2EE2
330
2E0C
100
AcDbEntity
  8
CALLOUT TEXT
440
 16777216
370
    -2
100
AcDbLine
 10
39008.42245901931
 20
22979.81192625958
 30
0.0
 11
38996.00830012558
 21
22979.81192625958
 31
0.0
  0
LINE
  5
2EE3
330
2E0C
100
AcDbEntity
  8
CALLOUT TEXT
440
 16777216
370
    -2
100
AcDbLine
 10
38946.00830012558
 20
24005.14273680645
 30
0.0
 11
38946.00830012558
 21
22929.81192625958
 31
0.0
  0
INSERT
  5
2EE4
330
2E0C
100
AcDbEntity
  8
CALLOUT TEXT
440
 16777216
370
    -2
100
AcDbBlockReference
  2
_ArchTick
 10
38946.00830012558
 20
23955.14273680646
 30
0.0
 41
75.0
 42
75.0
 43
75.0
 50
90.0
  0
INSERT
  5
2EE5
330
2E0C
100
AcDbEntity
  8
CALLOUT TEXT
440
 16777216
370
    -2
100
AcDbBlockReference
  2
_ArchTick
 10
38946.00830012558
 20
22979.81192625958
 30
0.0
 41
75.0
 42
75.0
 43
75.0
 50
270.0
  0
MTEXT
  5
2EE6
330
2E0C
100
AcDbEntity
  8
CALLOUT TEXT
440
 16777216
100
AcDbMText
 10
38758.50830012558
 20
23467.477331533
 30
0.0
 40
225.0
 41
0.0
 46
0.0
 71
     5
 72
     1
  1
\A1;975
  7
dim
 11
0.0000000000000001
 21
1.0
 31
0.0
 73
     1
 44
1.0
  0
POINT
  5
2EE7
330
2E0C
100
AcDbEntity
  8
Defpoints
 62
     0
440
 16777216
100
AcDbPoint
 10
38946.008300123
 20
23955.14273680646
 30
0.0
  0
POINT
  5
2EE8
330
2E0C
100
AcDbEntity
  8
Defpoints
 62
     0
440
 16777216
100
AcDbPoint
 10
38933.42245901931
 20
22979.81192625958
 30
0.0
  0
POINT
  5
2EE9
330
2E0C
100
AcDbEntity
  8
Defpoints
 62
     0
440
 16777216
100
AcDbPoint
 10
38946.00830012558
 20
22979.81192625958
 30
0.0
  0
ENDBLK
  5
2E0E
330
2E0C
100
AcDbEntity
  8
0
100
AcDbBlockEnd
  0
BLOCK
  5
2E19
330
2E18
100
AcDbEntity
  8
0
100
AcDbBlockBegin
  2
*D329
 70
     1
 10
0.0
 20
0.0
 30
0.0
  3
*D329
  1

  0
LINE
  5
2EEA
330
2E18
100
AcDbEntity
  8
CALLOUT TEXT
440
 16777216
370
    -2
100
AcDbLine
 10
39008.42245901933
 20
22979.81192625958
 30
0.0
 11
38995.80354013852
 21
22979.81192625958
 31
0.0
  0
LINE
  5
2EEB
330
2E18
100
AcDbEntity
  8
CALLOUT TEXT
440
 16777216
370
    -2
100
AcDbLine
 10
38879.33279345462
 20
20276.0484985252
 30
0.0
 11
38895.80354013852
 21
20276.0484985252
 31
0.0
  0
LINE
  5
2EEC
330
2E18
100
AcDbEntity
  8
CALLOUT TEXT
440
 16777216
370
    -2
100
AcDbLine
 10
38945.80354013852
 20
23029.81192625958
 30
0.0
 11
38945.80354013852
 21
20226.04849852521
 31
0.0
  0
INSERT
  5
2EED
330
2E18
100
AcDbEntity
  8
CALLOUT TEXT
440
 16777216
370
    -2
100
AcDbBlockReference
  2
_ArchTick
 10
38945.80354013852
 20
22979.81192625958
 30
0.0
 41
75.0
 42
75.0
 43
75.0
 50
90.0
  0
INSERT
  5
2EEE
330
2E18
100
AcDbEntity
  8
CALLOUT TEXT
440
 16777216
370
    -2
100
AcDbBlockReference
  2
_ArchTick
 10
38945.80354013852
 20
20276.0484985252
 30
0.0
 41
75.0
 42
75.0
 43
75.0
 50
270.0
  0
MTEXT
  5
2EEF
330
2E18
100
AcDbEntity
  8
CALLOUT TEXT
440
 16777216
100
AcDbMText
 10
38758.30354013852
 20
21627.93021239238
 30
0.0
 40
225.0
 41
0.0
 46
0.0
 71
     5
 72
     1
  1
\A1;2704
  7
dim
 11
0.0000000000000001
 21
1.0
 31
0.0
 73
     1
 44
1.0
  0
POINT
  5
2EF0
330
2E18
100
AcDbEntity
  8
Defpoints
 62
     0
440
 16777216
100
AcDbPoint
 10
38933.42245901933
 20
22979.81192625958
 30
0.0
  0
POINT
  5
2EF1
330
2E18
100
AcDbEntity
  8
Defpoints
 62
     0
440
 16777216
100
AcDbPoint
 10
38954.33279345462
 20
20276.0484985252
 30
0.0
  0
POINT
  5
2EF2
330
2E18
100
AcDbEntity
  8
Defpoints
 62
     0
440
 16777216
100
AcDbPoint
 10
38945.80354013852
 20
20276.0484985252
 30
0.0
  0
ENDBLK
  5
2E1A
330
2E18
100
AcDbEntity
  8
0
100
AcDbBlockEnd
  0
BLOCK
  5
2E25
330
2E24
100
AcDbEntity
  8
0
100
AcDbBlockBegin
  2
*D330
 70
     1
 10
0.0
 20
0.0
 30
0.0
  3
*D330
  1

  0
LINE
  5
2EF3
330
2E24
100
AcDbEntity
  8
CALLOUT TEXT
440
 16777216
370
    -2
100
AcDbLine
 10
38879.33279345451
 20
20276.0484985252
 30
0.0
 11
38896.0399891719
 21
20276.0484985252
 31
0.0
  0
LINE
  5
2EF4
330
2E24
100
AcDbEntity
  8
CALLOUT TEXT
440
 16777216
370
    -2
100
AcDbLine
 10
39019.71998567401
 20
19154.81192625958
 30
0.0
 11
38996.0399891719
 21
19154.81192625958
 31
0.0
  0
LINE
  5
2EF5
330
2E24
100
AcDbEntity
  8
CALLOUT TEXT
440
 16777216
370
    -2
100
AcDbLine
 10
38946.0399891719
 20
20326.0484985252
 30
0.0
 11
38946.0399891719
 21
19104.81192625958
 31
0.0
  0
INSERT
  5
2EF6
330
2E24
100
AcDbEntity
  8
CALLOUT TEXT
440
 16777216
370
    -2
100
AcDbBlockReference
  2
_ArchTick
 10
38946.0399891719
 20
20276.0484985252
 30
0.0
 41
75.0
 42
75.0
 43
75.0
 50
90.0
  0
INSERT
  5
2EF7
330
2E24
100
AcDbEntity
  8
CALLOUT TEXT
440
 16777216
370
    -2
100
AcDbBlockReference
  2
_ArchTick
 10
38946.0399891719
 20
19154.81192625958
 30
0.0
 41
75.0
 42
75.0
 43
75.0
 50
270.0
  0
MTEXT
  5
2EF8
330
2E24
100
AcDbEntity
  8
CALLOUT TEXT
440
 16777216
100
AcDbMText
 10
38758.5399891719
 20
19715.43021239238
 30
0.0
 40
225.0
 41
0.0
 46
0.0
 71
     5
 72
     1
  1
\A1;1121
  7
dim
 11
0.0000000000000001
 21
1.0
 31
0.0
 73
     1
 44
1.0
  0
POINT
  5
2EF9
330
2E24
100
AcDbEntity
  8
Defpoints
 62
     0
440
 16777216
100
AcDbPoint
 10
38954.33279345451
 20
20276.0484985252
 30
0.0
  0
POINT
  5
2EFA
330
2E24
100
AcDbEntity
  8
Defpoints
 62
     0
440
 16777216
100
AcDbPoint
 10
38944.719985674
 20
19154.81192625958
 30
0.0
  0
POINT
  5
2EFB
330
2E24
100
AcDbEntity
  8
Defpoints
 62
     0
440
 16777216
100
AcDbPoint
 10
38946.0399891719
 20
19154.81192625958
 30
0.0
  0
ENDBLK
  5
2E26
330
2E24
100
AcDbEntity
  8
0
100
AcDbBlockEnd
  0
BLOCK
  5
2E31
330
2E30
100
AcDbEntity
  8
0
100
AcDbBlockBegin
  2
*D331
 70
     1
 10
0.0
 20
0.0
 30
0.0
  3
*D331
  1

  0
LINE
  5
2EFC
330
2E30
100
AcDbEntity
  8
CALLOUT TEXT
440
 16777216
370
    -2
100
AcDbLine
 10
39019.71998567417
 20
19154.81192625958
 30
0.0
 11
38996.03998917228
 21
19154.81192625958
 31
0.0
  0
LINE
  5
2EFD
330
2E30
100
AcDbEntity
  8
CALLOUT TEXT
440
 16777216
370
    -2
100
AcDbLine
 10
38883.29683790021
 20
16304.81192625958
 30
0.0
 11
38896.03998917229
 21
16304.81192625958
 31
0.0
  0
LINE
  5
2EFE
330
2E30
100
AcDbEntity
  8
CALLOUT TEXT
440
 16777216
370
    -2
100
AcDbLine
 10
38946.03998917228
 20
19204.81192625958
 30
0.0
 11
38946.03998917229
 21
16254.81192625958
 31
0.0
  0
INSERT
  5
2EFF
330
2E30
100
AcDbEntity
  8
CALLOUT TEXT
440
 16777216
370
    -2
100
AcDbBlockReference
  2
_ArchTick
 10
38946.03998917228
 20
19154.81192625958
 30
0.0
 41
75.0
 42
75.0
 43
75.0
 50
90.0
  0
INSERT
  5
2F00
330
2E30
100
AcDbEntity
  8
CALLOUT TEXT
440
 16777216
370
    -2
100
AcDbBlockReference
  2
_ArchTick
 10
38946.03998917229
 20
16304.81192625958
 30
0.0
 41
75.0
 42
75.0
 43
75.0
 50
270.0
  0
MTEXT
  5
2F01
330
2E30
100
AcDbEntity
  8
CALLOUT TEXT
440
 16777216
100
AcDbMText
 10
38758.53998917229
 20
17729.81192625956
 30
0.0
 40
225.0
 41
0.0
 46
0.0
 71
     5
 72
     1
  1
\A1;2850
  7
dim
 11
0.0000000000000001
 21
1.0
 31
0.0
 73
     1
 44
1.0
  0
POINT
  5
2F02
330
2E30
100
AcDbEntity
  8
Defpoints
 62
     0
440
 16777216
100
AcDbPoint
 10
38944.71998567416
 20
19154.81192625958
 30
0.0
  0
POINT
  5
2F03
330
2E30
100
AcDbEntity
  8
Defpoints
 62
     0
440
 16777216
100
AcDbPoint
 10
38958.29683790021
 20
16304.81192625958
 30
0.0
  0
POINT
  5
2F04
330
2E30
100
AcDbEntity
  8
Defpoints
 62
     0
440
 16777216
100
AcDbPoint
 10
38946.03998917229
 20
16304.81192625958
 30
0.0
  0
ENDBLK
  5
2E32
330
2E30
100
AcDbEntity
  8
0
100
AcDbBlockEnd
  0
BLOCK
  5
2E3D
330
2E3C
100
AcDbEntity
  8
0
100
AcDbBlockBegin
  2
*D332
 70
     1
 10
0.0
 20
0.0
 30
0.0
  3
*D332
  1

  0
LINE
  5
2F05
330
2E3C
100
AcDbEntity
  8
CALLOUT TEXT
440
 16777216
370
    -2
100
AcDbLine
 10
38883.29683790016
 20
16304.81192625958
 30
0.0
 11
38895.95954774832
 21
16304.81192625958
 31
0.0
  0
LINE
  5
2F06
330
2E3C
100
AcDbEntity
  8
CALLOUT TEXT
440
 16777216
370
    -2
100
AcDbLine
 10
38872.99032235306
 20
14429.81192625958
 30
0.0
 11
38895.95954774832
 21
14429.81192625958
 31
0.0
  0
LINE
  5
2F07
330
2E3C
100
AcDbEntity
  8
CALLOUT TEXT
440
 16777216
370
    -2
100
AcDbLine
 10
38945.95954774832
 20
16354.81192625958
 30
0.0
 11
38945.95954774832
 21
14379.81192625958
 31
0.0
  0
INSERT
  5
2F08
330
2E3C
100
AcDbEntity
  8
CALLOUT TEXT
440
 16777216
370
    -2
100
AcDbBlockReference
  2
_ArchTick
 10
38945.95954774832
 20
16304.81192625958
 30
0.0
 41
75.0
 42
75.0
 43
75.0
 50
90.0
  0
INSERT
  5
2F09
330
2E3C
100
AcDbEntity
  8
CALLOUT TEXT
440
 16777216
370
    -2
100
AcDbBlockReference
  2
_ArchTick
 10
38945.95954774832
 20
14429.81192625958
 30
0.0
 41
75.0
 42
75.0
 43
75.0
 50
270.0
  0
MTEXT
  5
2F0A
330
2E3C
100
AcDbEntity
  8
CALLOUT TEXT
440
 16777216
100
AcDbMText
 10
38758.45954774831
 20
15367.31192625956
 30
0.0
 40
225.0
 41
0.0
 46
0.0
 71
     5
 72
     1
  1
\A1;1875
  7
dim
 11
0.0000000000000001
 21
1.0
 31
0.0
 73
     1
 44
1.0
  0
POINT
  5
2F0B
330
2E3C
100
AcDbEntity
  8
Defpoints
 62
     0
440
 16777216
100
AcDbPoint
 10
38958.29683790016
 20
16304.81192625958
 30
0.0
  0
POINT
  5
2F0C
330
2E3C
100
AcDbEntity
  8
Defpoints
 62
     0
440
 16777216
100
AcDbPoint
 10
38947.99032235307
 20
14429.81192625958
 30
0.0
  0
POINT
  5
2F0D
330
2E3C
100
AcDbEntity
  8
Defpoints
 62
     0
440
 16777216
100
AcDbPoint
 10
38945.95954774832
 20
14429.81192625958
 30
0.0
  0
ENDBLK
  5
2E3E
330
2E3C
100
AcDbEntity
  8
0
100
AcDbBlockEnd
  0
BLOCK
  5
2E49
330
2E48
100
AcDbEntity
  8
0
100
AcDbBlockBegin
  2
*D333
 70
     1
 10
0.0
 20
0.0
 30
0.0
  3
*D333
  1

  0
LINE
  5
2F0E
330
2E48
100
AcDbEntity
  8
CALLOUT TEXT
440
 16777216
370
    -2
100
AcDbLine
 10
38872.9903223531
 20
14429.81192625958
 30
0.0
 11
38895.95954774859
 21
14429.81192625958
 31
0.0
  0
LINE
  5
2F0F
330
2E48
100
AcDbEntity
  8
CALLOUT TEXT
440
 16777216
370
    -2
100
AcDbLine
 10
38881.61211901113
 20
12629.81223143536
 30
0.0
 11
38895.95954774859
 21
12629.81223143536
 31
0.0
  0
LINE
  5
2F10
330
2E48
100
AcDbEntity
  8
CALLOUT TEXT
440
 16777216
370
    -2
100
AcDbLine
 10
38945.95954774858
 20
14479.81192625958
 30
0.0
 11
38945.95954774858
 21
12579.81223143536
 31
0.0
  0
INSERT
  5
2F11
330
2E48
100
AcDbEntity
  8
CALLOUT TEXT
440
 16777216
370
    -2
100
AcDbBlockReference
  2
_ArchTick
 10
38945.95954774858
 20
14429.81192625958
 30
0.0
 41
75.0
 42
75.0
 43
75.0
 50
90.0
  0
INSERT
  5
2F12
330
2E48
100
AcDbEntity
  8
CALLOUT TEXT
440
 16777216
370
    -2
100
AcDbBlockReference
  2
_ArchTick
 10
38945.95954774858
 20
12629.81223143536
 30
0.0
 41
75.0
 42
75.0
 43
75.0
 50
270.0
  0
MTEXT
  5
2F13
330
2E48
100
AcDbEntity
  8
CALLOUT TEXT
440
 16777216
100
AcDbMText
 10
38758.45954774858
 20
13529.81207884745
 30
0.0
 40
225.0
 41
0.0
 46
0.0
 71
     5
 72
     1
  1
\A1;1800
  7
dim
 11
0.0000000000000001
 21
1.0
 31
0.0
 73
     1
 44
1.0
  0
POINT
  5
2F14
330
2E48
100
AcDbEntity
  8
Defpoints
 62
     0
440
 16777216
100
AcDbPoint
 10
38947.9903223531
 20
14429.81192625958
 30
0.0
  0
POINT
  5
2F15
330
2E48
100
AcDbEntity
  8
Defpoints
 62
     0
440
 16777216
100
AcDbPoint
 10
38956.61211901113
 20
12629.81223143536
 30
0.0
  0
POINT
  5
2F16
330
2E48
100
AcDbEntity
  8
Defpoints
 62
     0
440
 16777216
100
AcDbPoint
 10
38945.95954774858
 20
12629.81223143536
 30
0.0
  0
ENDBLK
  5
2E4A
330
2E48
100
AcDbEntity
  8
0
100
AcDbBlockEnd
  0
ENDSEC
  0
SECTION
  2
ENTITIES
  0
LWPOLYLINE
  5
1AA2
330
1F
100
AcDbEntity
  8
COLUMN G-1
 62
     3
440
 33554687
100
AcDbPolyline
 90
        4
 70
     1
 43
0.0
 10
6091.394530273579
 20
53169.96299308093
 10
6316.394530273579
 20
53169.96299308093
 10
6316.394530273579
 20
53394.96299308093
 10
6091.394530273579
 20
53394.96299308093
  0
LWPOLYLINE
  5
1AA3
330
1F
100
AcDbEntity
  8
COLUMN G-1
 62
     3
440
 33554687
100
AcDbPolyline
 90
        4
 70
     1
 43
0.0
 10
20116.39501855483
 20
53169.96299308093
 10
20341.39501855483
 20
53169.96299308093
 10
20341.39501855483
 20
53394.96299308093
 10
20116.39501855483
 20
53394.96299308093
  0
LWPOLYLINE
  5
1AA4
330
1F
100
AcDbEntity
  8
COLUMN G-1
 62
     3
440
 33554687
100
AcDbPolyline
 90
        4
 70
     1
 43
0.0
 10
20116.39501855483
 20
43044.96299308093
 10
20341.39501855483
 20
43044.96299308093
 10
20341.39501855483
 20
43269.96299308093
 10
20116.39501855483
 20
43269.96299308093
  0
LWPOLYLINE
  5
1AA5
330
1F
100
AcDbEntity
  8
COLUMN G-1
 62
     3
440
 33554687
100
AcDbPolyline
 90
        4
 70
     1
 43
0.0
 10
20116.39501855483
 20
47769.96299308093
 10
20341.39501855483
 20
47769.96299308093
 10
20341.39501855483
 20
47994.96299308093
 10
20116.39501855483
 20
47994.96299308093
  0
LWPOLYLINE
  5
1AA6
330
1F
100
AcDbEntity
  8
COLUMN G-1
 62
     3
440
 33554687
100
AcDbPolyline
 90
        4
 70
     1
 43
0.0
 10
24166.39501855483
 20
44919.96299308095
 10
24391.39501855483
 20
44919.96299308095
 10
24391.39501855483
 20
45144.96299308095
 10
24166.39501855483
 20
45144.96299308095
  0
LWPOLYLINE
  5
1AA7
330
1F
100
AcDbEntity
  8
COLUMN G-1
 62
     3
440
 33554687
100
AcDbPolyline
 90
        4
 70
     1
 43
0.0
 10
27766.39501855483
 20
44919.96299308095
 10
27991.39501855483
 20
44919.96299308095
 10
27991.39501855483
 20
45144.96299308095
 10
27766.39501855483
 20
45144.96299308095
  0
LWPOLYLINE
  5
1AA8
330
1F
100
AcDbEntity
  8
COLUMN G-1
 62
     3
440
 33554687
100
AcDbPolyline
 90
        4
 70
     1
 43
0.0
 10
27766.39501855483
 20
41244.96323722155
 10
27991.39501855483
 20
41244.96323722155
 10
27991.39501855483
 20
41469.96323722155
 10
27766.39501855483
 20
41469.96323722155
  0
LWPOLYLINE
  5
1AA9
330
1F
100
AcDbEntity
  8
COLUMN G-1
 62
     3
440
 33554687
100
AcDbPolyline
 90
        4
 70
     1
 43
0.0
 10
27766.39501855483
 20
52570.29404776845
 10
27991.39501855483
 20
52570.29404776845
 10
27991.39501855483
 20
52795.29404776845
 10
27766.39501855483
 20
52795.29404776845
  0
LWPOLYLINE
  5
1AAA
330
1F
100
AcDbEntity
  8
COLUMN G-1
 62
     3
440
 33554687
100
AcDbPolyline
 90
        4
 70
     1
 43
0.0
 10
22741.39501855483
 20
47769.96299308093
 10
22966.39501855483
 20
47769.96299308093
 10
22966.39501855483
 20
47994.96299308093
 10
22741.39501855483
 20
47994.96299308093
  0
LWPOLYLINE
  5
1AAB
330
1F
100
AcDbEntity
  8
COLUMN G-1
 62
     3
440
 33554687
100
AcDbPolyline
 90
        4
 70
     1
 43
0.0
 10
22741.39501855483
 20
43044.96299308093
 10
22966.39501855483
 20
43044.96299308093
 10
22966.39501855483
 20
43269.96299308093
 10
22741.39501855483
 20
43269.96299308093
  0
LWPOLYLINE
  5
1AAC
330
1F
100
AcDbEntity
  8
COLUMN G-1
 62
     3
440
 33554687
100
AcDbPolyline
 90
        4
 70
     1
 43
0.0
 10
22741.39501855483
 20
52570.29404776845
 10
22966.39501855483
 20
52570.29404776845
 10
22966.39501855483
 20
52795.29404776845
 10
22741.39501855483
 20
52795.29404776845
  0
LWPOLYLINE
  5
1AAD
330
1F
100
AcDbEntity
  8
COLUMN G-1
 62
     3
440
 33554687
100
AcDbPolyline
 90
        4
 70
     1
 43
0.0
 10
27766.39501855483
 20
48895.19932120596
 10
27991.39501855483
 20
48895.19932120596
 10
27991.39501855483
 20
49120.19932120596
 10
27766.39501855483
 20
49120.19932120596
  0
LWPOLYLINE
  5
1AAE
330
1F
100
AcDbEntity
  8
COLUMN G-1
 62
     3
440
 33554687
100
AcDbPolyline
 90
        4
 70
     1
 43
0.0
 10
24166.39501855483
 20
48895.19932120596
 10
24391.39501855483
 20
48895.19932120596
 10
24391.39501855483
 20
49120.19932120596
 10
24166.39501855483
 20
49120.19932120596
  0
LWPOLYLINE
  5
1AAF
330
1F
100
AcDbEntity
  8
COLUMN G-1
 62
     3
440
 33554687
100
AcDbPolyline
 90
        4
 70
     1
 43
0.0
 10
6091.394530273579
 20
43044.96299308093
 10
6316.394530273579
 20
43044.96299308093
 10
6316.394530273579
 20
43269.96299308093
 10
6091.394530273579
 20
43269.96299308093
  0
LWPOLYLINE
  5
1AB0
330
1F
100
AcDbEntity
  8
COLUMN G-1
 62
     3
440
 33554687
100
AcDbPolyline
 90
        4
 70
     1
 43
0.0
 10
3466.394530273579
 20
47769.96299308093
 10
3691.394530273579
 20
47769.96299308093
 10
3691.394530273579
 20
47994.96299308093
 10
3466.394530273579
 20
47994.96299308093
  0
LWPOLYLINE
  5
1AB1
330
1F
100
AcDbEntity
  8
COLUMN G-1
 62
     3
440
 33554687
100
AcDbPolyline
 90
        4
 70
     1
 43
0.0
 10
3466.394530273579
 20
43044.96299308093
 10
3691.394530273579
 20
43044.96299308093
 10
3691.394530273579
 20
43269.96299308093
 10
3466.394530273579
 20
43269.96299308093
  0
LWPOLYLINE
  5
1AB2
330
1F
100
AcDbEntity
  8
COLUMN G-1
 62
     3
440
 33554687
100
AcDbPolyline
 90
        4
 70
     1
 43
0.0
 10
6091.394591308735
 20
41244.96326773913
 10
6541.394591308736
 20
41244.96326773913
 10
6541.394591308736
 20
41469.96326773913
 10
6091.394591308735
 20
41469.96326773913
  0
LWPOLYLINE
  5
1AB3
330
1F
100
AcDbEntity
  8
COLUMN G-1
 62
     3
440
 33554687
100
AcDbPolyline
 90
        4
 70
     1
 43
0.0
 10
12016.39501855483
 20
41244.96323722155
 10
12241.39501855483
 20
41244.96323722155
 10
12241.39501855483
 20
41469.96323722155
 10
12016.39501855483
 20
41469.96323722155
  0
LWPOLYLINE
  5
1AB4
330
1F
100
AcDbEntity
  8
COLUMN G-1
 62
     3
440
 33554687
100
AcDbPolyline
 90
        4
 70
     1
 43
0.0
 10
17716.39501855483
 20
41244.96323722155
 10
17941.39501855483
 20
41244.96323722155
 10
17941.39501855483
 20
41469.96323722155
 10
17716.39501855483
 20
41469.96323722155
  0
LWPOLYLINE
  5
1AB5
330
1F
100
AcDbEntity
  8
COLUMN G-1
 62
     3
440
 33554687
100
AcDbPolyline
 90
        4
 70
     1
 43
0.0
 10
22741.39501855483
 20
41244.96323722155
 10
22966.39501855483
 20
41244.96323722155
 10
22966.39501855483
 20
41469.96323722155
 10
22741.39501855483
 20
41469.96323722155
  0
LWPOLYLINE
  5
1AB6
330
1F
100
AcDbEntity
  8
COLUMN G-1
 62
     3
440
 33554687
100
AcDbPolyline
 90
        4
 70
     1
 43
0.0
 10
11341.39501855436
 20
41244.96323722155
 10
11566.39501855436
 20
41244.96323722155
 10
11566.39501855436
 20
41469.96323722155
 10
11341.39501855436
 20
41469.96323722155
  0
LWPOLYLINE
  5
1AB7
330
1F
100
AcDbEntity
  8
COLUMN G-1
 62
     3
440
 33554687
100
AcDbPolyline
 90
        4
 70
     1
 43
0.0
 10
17041.39501855483
 20
41244.96323722155
 10
17266.39501855483
 20
41244.96323722155
 10
17266.39501855483
 20
41469.96323722155
 10
17041.39501855483
 20
41469.96323722155
  0
LWPOLYLINE
  5
1AB8
330
1F
100
AcDbEntity
  8
COLUMN G-1
 62
     3
440
 33554687
100
AcDbPolyline
 90
        4
 70
     1
 43
0.0
 10
3466.394591308735
 20
41244.96326773913
 10
3691.394591308736
 20
41244.96326773913
 10
3691.394591308736
 20
41469.96326773913
 10
3466.394591308735
 20
41469.96326773913
  0
LWPOLYLINE
  5
1B0E
330
1F
100
AcDbEntity
  8
COLUMN 2-R
 62
     3
440
 33554687
100
AcDbPolyline
 90
        4
 70
     1
 43
0.0
 10
81445.24978971544
 20
53169.96299308093
 10
81670.24978971543
 20
53169.96299308093
 10
81670.24978971543
 20
53394.96299308093
 10
81445.24978971544
 20
53394.96299308093
  0
LWPOLYLINE
  5
1B0F
330
1F
100
AcDbEntity
  8
COLUMN 2-R
 62
     3
440
 33554687
100
AcDbPolyline
 90
        4
 70
     1
 43
0.0
 10
95470.25027799669
 20
53169.96299308093
 10
95695.25027799668
 20
53169.96299308093
 10
95695.25027799668
 20
53394.96299308093
 10
95470.25027799669
 20
53394.96299308093
  0
LWPOLYLINE
  5
1B10
330
1F
100
AcDbEntity
  8
COLUMN 2-R
 62
     3
440
 33554687
100
AcDbPolyline
 90
        4
 70
     1
 43
0.0
 10
95470.25027799669
 20
47769.96299308093
 10
95695.25027799668
 20
47769.96299308093
 10
95695.25027799668
 20
47994.96299308093
 10
95470.25027799669
 20
47994.96299308093
  0
LWPOLYLINE
  5
1B11
330
1F
100
AcDbEntity
  8
COLUMN 2-R
 62
     3
440
 33554687
100
AcDbPolyline
 90
        4
 70
     1
 43
0.0
 10
103120.2502779967
 20
44919.96299308093
 10
103345.2502779967
 20
44919.96299308093
 10
103345.2502779967
 20
45144.96299308093
 10
103120.2502779967
 20
45144.96299308093
  0
LWPOLYLINE
  5
1B12
330
1F
100
AcDbEntity
  8
COLUMN 2-R
 62
     3
440
 33554687
100
AcDbPolyline
 90
        4
 70
     1
 43
0.0
 10
103120.2502779967
 20
41244.96323722155
 10
103345.2502779967
 20
41244.96323722155
 10
103345.2502779967
 20
41469.96323722155
 10
103120.2502779967
 20
41469.96323722155
  0
LWPOLYLINE
  5
1B13
330
1F
100
AcDbEntity
  8
COLUMN 2-R
 62
     3
440
 33554687
100
AcDbPolyline
 90
        4
 70
     1
 43
0.0
 10
103120.2502779967
 20
52570.29404776843
 10
103345.2502779967
 20
52570.29404776843
 10
103345.2502779967
 20
52795.29404776843
 10
103120.2502779967
 20
52795.29404776843
  0
LWPOLYLINE
  5
1B14
330
1F
100
AcDbEntity
  8
COLUMN 2-R
 62
     3
440
 33554687
100
AcDbPolyline
 90
        4
 70
     1
 43
0.0
 10
98095.25027799669
 20
47769.96299308093
 10
98320.25027799669
 20
47769.96299308093
 10
98320.25027799669
 20
47994.96299308093
 10
98095.25027799669
 20
47994.96299308093
  0
LWPOLYLINE
  5
1B15
330
1F
100
AcDbEntity
  8
COLUMN 2-R
 62
     3
440
 33554687
100
AcDbPolyline
 90
        4
 70
     1
 43
0.0
 10
98095.25027799669
 20
43044.96299308093
 10
98320.25027799669
 20
43044.96299308093
 10
98320.25027799669
 20
43269.96299308093
 10
98095.25027799669
 20
43269.96299308093
  0
LWPOLYLINE
  5
1B16
330
1F
100
AcDbEntity
  8
COLUMN 2-R
 62
     3
440
 33554687
100
AcDbPolyline
 90
        4
 70
     1
 43
0.0
 10
98095.25027799669
 20
52570.29404776843
 10
98320.25027799669
 20
52570.29404776843
 10
98320.25027799669
 20
52795.29404776843
 10
98095.25027799669
 20
52795.29404776843
  0
LWPOLYLINE
  5
1B17
330
1F
100
AcDbEntity
  8
COLUMN 2-R
 62
     3
440
 33554687
100
AcDbPolyline
 90
        4
 70
     1
 43
0.0
 10
103120.2502779967
 20
48895.19932120593
 10
103345.2502779967
 20
48895.19932120593
 10
103345.2502779967
 20
49120.19932120593
 10
103120.2502779967
 20
49120.19932120593
  0
LWPOLYLINE
  5
1B18
330
1F
100
AcDbEntity
  8
COLUMN 2-R
 62
     3
440
 33554687
100
AcDbPolyline
 90
        4
 70
     1
 43
0.0
 10
78820.24978971544
 20
47769.96299308093
 10
79045.24978971544
 20
47769.96299308093
 10
79045.24978971544
 20
47994.96299308093
 10
78820.24978971544
 20
47994.96299308093
  0
LWPOLYLINE
  5
1B19
330
1F
100
AcDbEntity
  8
COLUMN 2-R
 62
     3
440
 33554687
100
AcDbPolyline
 90
        4
 70
     1
 43
0.0
 10
78820.24978971544
 20
43044.96299308093
 10
79045.24978971544
 20
43044.96299308093
 10
79045.24978971544
 20
43269.96299308093
 10
78820.24978971544
 20
43269.96299308093
  0
LWPOLYLINE
  5
1B1A
330
1F
100
AcDbEntity
  8
COLUMN 2-R
 62
     3
440
 33554687
100
AcDbPolyline
 90
        4
 70
     1
 43
0.0
 10
87370.25027799669
 20
41244.96323722155
 10
87595.2502779967
 20
41244.96323722155
 10
87595.2502779967
 20
41469.96323722155
 10
87370.25027799669
 20
41469.96323722155
  0
LWPOLYLINE
  5
1B1B
330
1F
100
AcDbEntity
  8
COLUMN 2-R
 62
     3
440
 33554687
100
AcDbPolyline
 90
        4
 70
     1
 43
0.0
 10
93070.25027799669
 20
41244.96323722155
 10
93295.25027799668
 20
41244.96323722155
 10
93295.25027799668
 20
41469.96323722155
 10
93070.25027799669
 20
41469.96323722155
  0
LWPOLYLINE
  5
1B1C
330
1F
100
AcDbEntity
  8
COLUMN 2-R
 62
     3
440
 33554687
100
AcDbPolyline
 90
        4
 70
     1
 43
0.0
 10
98095.25027799669
 20
41244.96323722155
 10
98320.25027799669
 20
41244.96323722155
 10
98320.25027799669
 20
41469.96323722155
 10
98095.25027799669
 20
41469.96323722155
  0
LWPOLYLINE
  5
1B1D
330
1F
100
AcDbEntity
  8
COLUMN 2-R
 62
     3
440
 33554687
100
AcDbPolyline
 90
        4
 70
     1
 43
0.0
 10
86695.25027799622
 20
41244.96323722155
 10
86920.25027799623
 20
41244.96323722155
 10
86920.25027799623
 20
41469.96323722155
 10
86695.25027799622
 20
41469.96323722155
  0
LWPOLYLINE
  5
1B1E
330
1F
100
AcDbEntity
  8
COLUMN 2-R
 62
     3
440
 33554687
100
AcDbPolyline
 90
        4
 70
     1
 43
0.0
 10
92395.25027799668
 20
41244.96326773913
 10
92620.25027799669
 20
41244.96326773913
 10
92620.25027799669
 20
41469.96326773913
 10
92395.25027799668
 20
41469.96326773913
  0
LWPOLYLINE
  5
1B20
330
1F
100
AcDbEntity
  8
COLUMN 2-R
 62
     3
440
 33554687
100
AcDbPolyline
 90
        4
 70
     1
 43
0.0
 10
78820.2498507506
 20
41244.96326773913
 10
79045.2498507506
 20
41244.96326773913
 10
79045.2498507506
 20
41469.96326773913
 10
78820.2498507506
 20
41469.96326773913
  0
HATCH
  5
1B21
330
1F
100
AcDbEntity
  8
COLUMN G-1
 62
     3
440
 33554687
100
AcDbHatch
 10
0.0
 20
0.0
 30
0.0
210
0.0
220
0.0
230
1.0
  2
SOLID
 70
     1
 71
     0
 91
        1
 92
        1
 93
        4
 72
     1
 10
6091.394530273579
 20
53169.96299308093
 11
6316.394530273579
 21
53169.96299308093
 72
     1
 10
6316.394530273579
 20
53169.96299308093
 11
6316.394530273579
 21
53394.96299308093
 72
     1
 10
6316.394530273579
 20
53394.96299308093
 11
6091.394530273579
 21
53394.96299308093
 72
     1
 10
6091.394530273579
 20
53394.96299308093
 11
6091.394530273579
 21
53169.96299308093
 97
        0
 75
     0
 76
     1
 98
        1
 10
-26480.55359823133
 20
53319.68731286577
450
        0
451
        0
460
0.0
461
0.0
452
        1
462
0.0
453
        0
470

1001
ACAD
1010
32684.44812850487
1020
-37.22431978480745
1030
0.0
1001
HATCHBACKGROUNDCOLOR
1071
-939524096
1000

1000

  0
HATCH
  5
1B22
330
1F
100
AcDbEntity
  8
COLUMN G-1
 62
     3
440
 33554687
100
AcDbHatch
 10
0.0
 20
0.0
 30
0.0
210
0.0
220
0.0
230
1.0
  2
SOLID
 70
     1
 71
     0
 91
        1
 92
        1
 93
        4
 72
     1
 10
20116.39453027358
 20
53169.96299308093
 11
20341.39453027358
 21
53169.96299308093
 72
     1
 10
20341.39453027358
 20
53169.96299308093
 11
20341.39453027358
 21
53394.96299308093
 72
     1
 10
20341.39453027358
 20
53394.96299308093
 11
20116.39453027358
 21
53394.96299308093
 72
     1
 10
20116.39453027358
 20
53394.96299308093
 11
20116.39453027358
 21
53169.96299308093
 97
        0
 75
     0
 76
     1
 98
        1
 10
-26480.55359823133
 20
53319.68731286577
450
        0
451
        0
460
0.0
461
0.0
452
        1
462
0.0
453
        0
470

1001
ACAD
1010
46709.44812850486
1020
-37.22431978480745
1030
0.0
1001
HATCHBACKGROUNDCOLOR
1071
-939524096
1000

1000

  0
HATCH
  5
1B23
330
1F
100
AcDbEntity
  8
COLUMN G-1
 62
     3
440
 33554687
100
AcDbHatch
 10
0.0
 20
0.0
 30
0.0
210
0.0
220
0.0
230
1.0
  2
SOLID
 70
     1
 71
     0
 91
        1
 92
        1
 93
        4
 72
     1
 10
20116.39453027358
 20
47769.96299308093
 11
20341.39453027358
 21
47769.96299308093
 72
     1
 10
20341.39453027358
 20
47769.96299308093
 11
20341.39453027358
 21
47994.96299308093
 72
     1
 10
20341.39453027358
 20
47994.96299308093
 11
20116.39453027358
 21
47994.96299308093
 72
     1
 10
20116.39453027358
 20
47994.96299308093
 11
20116.39453027358
 21
47769.96299308093
 97
        0
 75
     0
 76
     1
 98
        1
 10
-26480.55359823133
 20
53319.68731286577
450
        0
451
        0
460
0.0
461
0.0
452
        1
462
0.0
453
        0
470

1001
ACAD
1010
46709.44812850486
1020
-5437.224319784808
1030
0.0
1001
HATCHBACKGROUNDCOLOR
1071
-939524096
1000

1000

  0
HATCH
  5
1B24
330
1F
100
AcDbEntity
  8
COLUMN G-1
 62
     3
440
 33554687
100
AcDbHatch
 10
0.0
 20
0.0
 30
0.0
210
0.0
220
0.0
230
1.0
  2
SOLID
 70
     1
 71
     0
 91
        1
 92
        1
 93
        4
 72
     1
 10
27766.39453027358
 20
44919.96299308093
 11
27991.39453027358
 21
44919.96299308093
 72
     1
 10
27991.39453027358
 20
44919.96299308093
 11
27991.39453027358
 21
45144.96299308093
 72
     1
 10
27991.39453027358
 20
45144.96299308093
 11
27766.39453027358
 21
45144.96299308093
 72
     1
 10
27766.39453027358
 20
45144.96299308093
 11
27766.39453027358
 21
44919.96299308093
 97
        0
 75
     0
 76
     1
 98
        1
 10
-26480.55359823133
 20
53319.68731286577
450
        0
451
        0
460
0.0
461
0.0
452
        1
462
0.0
453
        0
470

1001
ACAD
1010
54359.44812850487
1020
-8287.224319784808
1030
0.0
1001
HATCHBACKGROUNDCOLOR
1071
-939524096
1000

1000

  0
HATCH
  5
1B25
330
1F
100
AcDbEntity
  8
COLUMN G-1
 62
     3
440
 33554687
100
AcDbHatch
 10
0.0
 20
0.0
 30
0.0
210
0.0
220
0.0
230
1.0
  2
SOLID
 70
     1
 71
     0
 91
        1
 92
        1
 93
        4
 72
     1
 10
27766.39453027358
 20
41244.96299308093
 11
27991.39453027358
 21
41244.96299308093
 72
     1
 10
27991.39453027358
 20
41244.96299308093
 11
27991.39453027358
 21
41469.96299308093
 72
     1
 10
27991.39453027358
 20
41469.96299308093
 11
27766.39453027358
 21
41469.96299308093
 72
     1
 10
27766.39453027358
 20
41469.96299308093
 11
27766.39453027358
 21
41244.96299308093
 97
        0
 75
     0
 76
     1
 98
        1
 10
-26480.55359823133
 20
53319.68731286577
450
        0
451
        0
460
0.0
461
0.0
452
        1
462
0.0
453
        0
470

1001
ACAD
1010
54359.44812850487
1020
-11962.22431978481
1030
0.0
1001
HATCHBACKGROUNDCOLOR
1071
-939524096
1000

1000

  0
HATCH
  5
1B26
330
1F
100
AcDbEntity
  8
COLUMN G-1
 62
     3
440
 33554687
100
AcDbHatch
 10
0.0
 20
0.0
 30
0.0
210
0.0
220
0.0
230
1.0
  2
SOLID
 70
     1
 71
     0
 91
        1
 92
        1
 93
        4
 72
     1
 10
27766.39453027358
 20
52570.29307120593
 11
27991.39453027358
 21
52570.29307120593
 72
     1
 10
27991.39453027358
 20
52570.29307120593
 11
27991.39453027358
 21
52795.29307120593
 72
     1
 10
27991.39453027358
 20
52795.29307120593
 11
27766.39453027358
 21
52795.29307120593
 72
     1
 10
27766.39453027358
 20
52795.29307120593
 11
27766.39453027358
 21
52570.29307120593
 97
        0
 75
     0
 76
     1
 98
        1
 10
-26480.55359823133
 20
53319.68731286577
450
        0
451
        0
460
0.0
461
0.0
452
        1
462
0.0
453
        0
470

1001
ACAD
1010
54359.44812850487
1020
-636.8942416598092
1030
0.0
1001
HATCHBACKGROUNDCOLOR
1071
-939524096
1000

1000

  0
HATCH
  5
1B27
330
1F
100
AcDbEntity
  8
COLUMN G-1
 62
     3
440
 33554687
100
AcDbHatch
 10
0.0
 20
0.0
 30
0.0
210
0.0
220
0.0
230
1.0
  2
SOLID
 70
     1
 71
     0
 91
        1
 92
        1
 93
        4
 72
     1
 10
22741.39453027358
 20
47769.96299308093
 11
22966.39453027358
 21
47769.96299308093
 72
     1
 10
22966.39453027358
 20
47769.96299308093
 11
22966.39453027358
 21
47994.96299308093
 72
     1
 10
22966.39453027358
 20
47994.96299308093
 11
22741.39453027358
 21
47994.96299308093
 72
     1
 10
22741.39453027358
 20
47994.96299308093
 11
22741.39453027358
 21
47769.96299308093
 97
        0
 75
     0
 76
     1
 98
        1
 10
-26480.55359823133
 20
53319.68731286577
450
        0
451
        0
460
0.0
461
0.0
452
        1
462
0.0
453
        0
470

1001
ACAD
1010
49334.44812850487
1020
-5437.224319784808
1030
0.0
1001
HATCHBACKGROUNDCOLOR
1071
-939524096
1000

1000

  0
HATCH
  5
1B28
330
1F
100
AcDbEntity
  8
COLUMN G-1
 62
     3
440
 33554687
100
AcDbHatch
 10
0.0
 20
0.0
 30
0.0
210
0.0
220
0.0
230
1.0
  2
SOLID
 70
     1
 71
     0
 91
        1
 92
        1
 93
        4
 72
     1
 10
22741.39453027358
 20
43044.96299308093
 11
22966.39453027358
 21
43044.96299308093
 72
     1
 10
22966.39453027358
 20
43044.96299308093
 11
22966.39453027358
 21
43269.96299308093
 72
     1
 10
22966.39453027358
 20
43269.96299308093
 11
22741.39453027358
 21
43269.96299308093
 72
     1
 10
22741.39453027358
 20
43269.96299308093
 11
22741.39453027358
 21
43044.96299308093
 97
        0
 75
     0
 76
     1
 98
        1
 10
-26480.55359823133
 20
53319.68731286577
450
        0
451
        0
460
0.0
461
0.0
452
        1
462
0.0
453
        0
470

1001
ACAD
1010
49334.44812850487
1020
-10162.2243197848
1030
0.0
1001
HATCHBACKGROUNDCOLOR
1071
-939524096
1000

1000

  0
HATCH
  5
1B29
330
1F
100
AcDbEntity
  8
COLUMN G-1
 62
     3
440
 33554687
100
AcDbHatch
 10
0.0
 20
0.0
 30
0.0
210
0.0
220
0.0
230
1.0
  2
SOLID
 70
     1
 71
     0
 91
        1
 92
        1
 93
        4
 72
     1
 10
22741.39453027358
 20
52570.29307120593
 11
22966.39453027358
 21
52570.29307120593
 72
     1
 10
22966.39453027358
 20
52570.29307120593
 11
22966.39453027358
 21
52795.29307120593
 72
     1
 10
22966.39453027358
 20
52795.29307120593
 11
22741.39453027358
 21
52795.29307120593
 72
     1
 10
22741.39453027358
 20
52795.29307120593
 11
22741.39453027358
 21
52570.29307120593
 97
        0
 75
     0
 76
     1
 98
        1
 10
-26480.55359823133
 20
53319.68731286577
450
        0
451
        0
460
0.0
461
0.0
452
        1
462
0.0
453
        0
470

1001
ACAD
1010
49334.44812850487
1020
-636.8942416598092
1030
0.0
1001
HATCHBACKGROUNDCOLOR
1071
-939524096
1000

1000

  0
HATCH
  5
1B2A
330
1F
100
AcDbEntity
  8
COLUMN G-1
 62
     3
440
 33554687
100
AcDbHatch
 10
0.0
 20
0.0
 30
0.0
210
0.0
220
0.0
230
1.0
  2
SOLID
 70
     1
 71
     0
 91
        1
 92
        1
 93
        4
 72
     1
 10
27766.39453027358
 20
48895.19932120593
 11
27991.39453027358
 21
48895.19932120593
 72
     1
 10
27991.39453027358
 20
48895.19932120593
 11
27991.39453027358
 21
49120.19932120593
 72
     1
 10
27991.39453027358
 20
49120.19932120593
 11
27766.39453027358
 21
49120.19932120593
 72
     1
 10
27766.39453027358
 20
49120.19932120593
 11
27766.39453027358
 21
48895.19932120593
 97
        0
 75
     0
 76
     1
 98
        1
 10
-26480.55359823133
 20
53319.68731286577
450
        0
451
        0
460
0.0
461
0.0
452
        1
462
0.0
453
        0
470

1001
ACAD
1010
54359.44812850487
1020
-4315.987991659809
1030
0.0
1001
HATCHBACKGROUNDCOLOR
1071
-939524096
1000

1000

  0
HATCH
  5
1B2B
330
1F
100
AcDbEntity
  8
COLUMN G-1
 62
     3
440
 33554687
100
AcDbHatch
 10
0.0
 20
0.0
 30
0.0
210
0.0
220
0.0
230
1.0
  2
SOLID
 70
     1
 71
     0
 91
        1
 92
        1
 93
        4
 72
     1
 10
3466.394530273579
 20
47769.96299308093
 11
3691.394530273579
 21
47769.96299308093
 72
     1
 10
3691.394530273579
 20
47769.96299308093
 11
3691.394530273579
 21
47994.96299308093
 72
     1
 10
3691.394530273579
 20
47994.96299308093
 11
3466.394530273579
 21
47994.96299308093
 72
     1
 10
3466.394530273579
 20
47994.96299308093
 11
3466.394530273579
 21
47769.96299308093
 97
        0
 75
     0
 76
     1
 98
        1
 10
-26480.55359823133
 20
53319.68731286577
450
        0
451
        0
460
0.0
461
0.0
452
        1
462
0.0
453
        0
470

1001
ACAD
1010
30059.44812850487
1020
-5437.224319784808
1030
0.0
1001
HATCHBACKGROUNDCOLOR
1071
-939524096
1000

1000

  0
HATCH
  5
1B2C
330
1F
100
AcDbEntity
  8
COLUMN G-1
 62
     3
440
 33554687
100
AcDbHatch
 10
0.0
 20
0.0
 30
0.0
210
0.0
220
0.0
230
1.0
  2
SOLID
 70
     1
 71
     0
 91
        1
 92
        1
 93
        4
 72
     1
 10
3466.394530273579
 20
43044.96299308093
 11
3691.394530273579
 21
43044.96299308093
 72
     1
 10
3691.394530273579
 20
43044.96299308093
 11
3691.394530273579
 21
43269.96299308093
 72
     1
 10
3691.394530273579
 20
43269.96299308093
 11
3466.394530273579
 21
43269.96299308093
 72
     1
 10
3466.394530273579
 20
43269.96299308093
 11
3466.394530273579
 21
43044.96299308093
 97
        0
 75
     0
 76
     1
 98
        1
 10
-26480.55359823133
 20
53319.68731286577
450
        0
451
        0
460
0.0
461
0.0
452
        1
462
0.0
453
        0
470

1001
ACAD
1010
30059.44812850487
1020
-10162.2243197848
1030
0.0
1001
HATCHBACKGROUNDCOLOR
1071
-939524096
1000

1000

  0
HATCH
  5
1B2D
330
1F
100
AcDbEntity
  8
COLUMN G-1
 62
     3
440
 33554687
100
AcDbHatch
 10
0.0
 20
0.0
 30
0.0
210
0.0
220
0.0
230
1.0
  2
SOLID
 70
     1
 71
     0
 91
        1
 92
        1
 93
        4
 72
     1
 10
12016.39453027358
 20
41244.96299308093
 11
12241.39453027358
 21
41244.96299308093
 72
     1
 10
12241.39453027358
 20
41244.96299308093
 11
12241.39453027358
 21
41469.96299308093
 72
     1
 10
12241.39453027358
 20
41469.96299308093
 11
12016.39453027358
 21
41469.96299308093
 72
     1
 10
12016.39453027358
 20
41469.96299308093
 11
12016.39453027358
 21
41244.96299308093
 97
        0
 75
     0
 76
     1
 98
        1
 10
-26480.55359823133
 20
53319.68731286577
450
        0
451
        0
460
0.0
461
0.0
452
        1
462
0.0
453
        0
470

1001
ACAD
1010
38609.44812850489
1020
-11962.22431978481
1030
0.0
1001
HATCHBACKGROUNDCOLOR
1071
-939524096
1000

1000

  0
HATCH
  5
1B2E
330
1F
100
AcDbEntity
  8
COLUMN G-1
 62
     3
440
 33554687
100
AcDbHatch
 10
0.0
 20
0.0
 30
0.0
210
0.0
220
0.0
230
1.0
  2
SOLID
 70
     1
 71
     0
 91
        1
 92
        1
 93
        4
 72
     1
 10
17716.39453027358
 20
41244.96299308093
 11
17941.39453027358
 21
41244.96299308093
 72
     1
 10
17941.39453027358
 20
41244.96299308093
 11
17941.39453027358
 21
41469.96299308093
 72
     1
 10
17941.39453027358
 20
41469.96299308093
 11
17716.39453027358
 21
41469.96299308093
 72
     1
 10
17716.39453027358
 20
41469.96299308093
 11
17716.39453027358
 21
41244.96299308093
 97
        0
 75
     0
 76
     1
 98
        1
 10
-26480.55359823133
 20
53319.68731286577
450
        0
451
        0
460
0.0
461
0.0
452
        1
462
0.0
453
        0
470

1001
ACAD
1010
44309.44812850486
1020
-11962.22431978481
1030
0.0
1001
HATCHBACKGROUNDCOLOR
1071
-939524096
1000

1000

  0
HATCH
  5
1B2F
330
1F
100
AcDbEntity
  8
COLUMN G-1
 62
     3
440
 33554687
100
AcDbHatch
 10
0.0
 20
0.0
 30
0.0
210
0.0
220
0.0
230
1.0
  2
SOLID
 70
     1
 71
     0
 91
        1
 92
        1
 93
        4
 72
     1
 10
11341.39453027521
 20
41244.96299308093
 11
11566.39453027521
 21
41244.96299308093
 72
     1
 10
11566.39453027521
 20
41244.96299308093
 11
11566.39453027521
 21
41469.96299308093
 72
     1
 10
11566.39453027521
 20
41469.96299308093
 11
11341.39453027521
 21
41469.96299308093
 72
     1
 10
11341.39453027521
 20
41469.96299308093
 11
11341.39453027521
 21
41244.96299308093
 97
        0
 75
     0
 76
     1
 98
        1
 10
-26480.55359823133
 20
53319.68731286577
450
        0
451
        0
460
0.0
461
0.0
452
        1
462
0.0
453
        0
470

1001
ACAD
1010
37934.44812850643
1020
-11962.22431978481
1030
0.0
1001
HATCHBACKGROUNDCOLOR
1071
-939524096
1000

1000

  0
HATCH
  5
1B30
330
1F
100
AcDbEntity
  8
COLUMN G-1
 62
     3
440
 33554687
100
AcDbHatch
 10
0.0
 20
0.0
 30
0.0
210
0.0
220
0.0
230
1.0
  2
SOLID
 70
     1
 71
     0
 91
        1
 92
        1
 93
        4
 72
     1
 10
17041.39453027358
 20
41244.96299308093
 11
17266.39453027358
 21
41244.96299308093
 72
     1
 10
17266.39453027358
 20
41244.96299308093
 11
17266.39453027358
 21
41469.96299308093
 72
     1
 10
17266.39453027358
 20
41469.96299308093
 11
17041.39453027358
 21
41469.96299308093
 72
     1
 10
17041.39453027358
 20
41469.96299308093
 11
17041.39453027358
 21
41244.96299308093
 97
        0
 75
     0
 76
     1
 98
        1
 10
-26480.55359823133
 20
53319.68731286577
450
        0
451
        0
460
0.0
461
0.0
452
        1
462
0.0
453
        0
470

1001
ACAD
1010
43634.44812850491
1020
-11962.22431978481
1030
0.0
1001
HATCHBACKGROUNDCOLOR
1071
-939524096
1000

1000

  0
HATCH
  5
1B31
330
1F
100
AcDbEntity
  8
COLUMN G-1
 62
     3
440
 33554687
100
AcDbHatch
 10
0.0
 20
0.0
 30
0.0
210
0.0
220
0.0
230
1.0
  2
SOLID
 70
     1
 71
     0
 91
        1
 92
        1
 93
        4
 72
     1
 10
22741.39501855483
 20
41244.96348136218
 11
22966.39501855483
 21
41244.96348136218
 72
     1
 10
22966.39501855483
 20
41244.96348136218
 11
22966.39501855483
 21
41469.96348136218
 72
     1
 10
22966.39501855483
 20
41469.96348136218
 11
22741.39501855483
 21
41469.96348136218
 72
     1
 10
22741.39501855483
 20
41469.96348136218
 11
22741.39501855483
 21
41244.96348136218
 97
        0
 75
     0
 76
     1
 98
        1
 10
-26480.55359823133
 20
53319.68731286577
450
        0
451
        0
460
0.0
461
0.0
452
        1
462
0.0
453
        0
470

1001
ACAD
1010
49334.44861678616
1020
-11962.22383150356
1030
0.0
1001
HATCHBACKGROUNDCOLOR
1071
-939524096
1000

1000

  0
HATCH
  5
1B32
330
1F
100
AcDbEntity
  8
COLUMN G-1
 62
     3
440
 33554687
100
AcDbHatch
 10
0.0
 20
0.0
 30
0.0
210
0.0
220
0.0
230
1.0
  2
SOLID
 70
     1
 71
     0
 91
        1
 92
        1
 93
        4
 72
     1
 10
6091.394408203267
 20
41244.96348136218
 11
6541.394408203267
 21
41244.96348136218
 72
     1
 10
6541.394408203267
 20
41244.96348136218
 11
6541.394408203267
 21
41469.96348136218
 72
     1
 10
6541.394408203267
 20
41469.96348136218
 11
6091.394408203267
 21
41469.96348136218
 72
     1
 10
6091.394408203267
 20
41469.96348136218
 11
6091.394408203267
 21
41244.96348136218
 97
        0
 75
     0
 76
     1
 98
        1
 10
-26480.55359823133
 20
53319.68731286577
450
        0
451
        0
460
0.0
461
0.0
452
        1
462
0.0
453
        0
470

1001
ACAD
1010
32796.9480064346
1020
-11962.22383150356
1030
0.0
1001
HATCHBACKGROUNDCOLOR
1071
-939524096
1000

1000

  0
HATCH
  5
1B33
330
1F
100
AcDbEntity
  8
COLUMN G-1
 62
     3
440
 33554687
100
AcDbHatch
 10
0.0
 20
0.0
 30
0.0
210
0.0
220
0.0
230
1.0
  2
SOLID
 70
     1
 71
     0
 91
        1
 92
        1
 93
        4
 72
     1
 10
3466.394530273579
 20
41244.96326773913
 11
3691.394530273579
 21
41244.96326773913
 72
     1
 10
3691.394530273579
 20
41244.96326773913
 11
3691.394530273579
 21
41469.96326773913
 72
     1
 10
3691.394530273579
 20
41469.96326773913
 11
3466.394530273579
 21
41469.96326773913
 72
     1
 10
3466.394530273579
 20
41469.96326773913
 11
3466.394530273579
 21
41244.96326773913
 97
        0
 75
     0
 76
     1
 98
        1
 10
-26480.55359823133
 20
51519.68758752397
450
        0
451
        0
460
0.0
461
0.0
452
        1
462
0.0
453
        0
470

1001
ACAD
1010
30059.44812850487
1020
-10162.2243197848
1030
0.0
1001
HATCHBACKGROUNDCOLOR
1071
-939524096
1000

1000

  0
TEXT
  5
1B34
330
1F
100
AcDbEntity
  8
GRID NAME
100
AcDbText
 10
84744.0906599885
 20
39651.94746729007
 30
0.0
 40
250.0
  1
1'
  7
Axis Label(Dir 2)
 72
     1
 11
84857.75027799668
 21
39776.94746729007
 31
0.0
100
AcDbText
 73
     2
  0
MTEXT
  5
1B35
330
1F
100
AcDbEntity
  8
G-ANNO-TEXT
 62
     1
100
AcDbMText
 10
16152.29786113645
 20
37589.58352991668
 30
0.0
 40
729.3462765031035
 41
21788.99656705554
 46
0.0
 71
     2
 72
     1
  1
FIRST FLOOR GENERAL ARRANGEMENT
  7
Arial_B
 73
     2
 44
1.0
 90
        3
 63
     9
421
 13158600
 45
1.25
441
        0
1001
REVIT
1002
{
1070
     1
1000
2714887
1002
}
1002
{
1070
     5
1000
6914
1002
}
1002
{
1070
     2
1000
-2000300
1002
}
  0
MTEXT
  5
1B36
330
1F
100
AcDbEntity
  8
G-ANNO-TEXT
 62
     1
100
AcDbMText
 10
92453.58046162133
 20
37698.80326046524
 30
0.0
 40
729.3462765031035
 41
21788.99656705554
 46
0.0
 71
     2
 72
     1
  1
ROOF GENERAL ARRANGEMENT
  7
Arial_B
 73
     2
 44
1.0
 90
        3
 63
     9
421
 13158600
 45
1.25
441
        0
1001
REVIT
1002
{
1070
     1
1000
2714887
1002
}
1002
{
1070
     5
1000
6914
1002
}
1002
{
1070
     2
1000
-2000300
1002
}
  0
LWPOLYLINE
  5
1B43
330
1F
100
AcDbEntity
  8
COLUMN G-1
 62
     3
440
 33554687
100
AcDbPolyline
 90
        4
 70
     1
 43
0.0
 10
10728.89489648451
 20
42932.46295528207
 10
11028.89489648452
 20
42932.46295528207
 10
11028.89489648452
 20
43382.46295528207
 10
10728.89489648451
 20
43382.46295528207
  0
HATCH
  5
1B44
330
1F
100
AcDbEntity
  8
COLUMN G-1
 62
     3
440
 33554687
100
AcDbHatch
 10
0.0
 20
0.0
 30
0.0
210
0.0
220
0.0
230
1.0
  2
SOLID
 70
     1
 71
     0
 91
        1
 92
        1
 93
        4
 72
     1
 10
10728.89489648451
 20
42932.46295528207
 11
11028.89489648452
 21
42932.46295528207
 72
     1
 10
11028.89489648452
 20
42932.46295528207
 11
11028.89489648452
 21
43382.46295528207
 72
     1
 10
11028.89489648452
 20
43382.46295528207
 11
10728.89489648451
 21
43382.46295528207
 72
     1
 10
10728.89489648451
 20
43382.46295528207
 11
10728.89489648451
 21
42932.46295528207
 97
        0
 75
     0
 76
     1
 98
        1
 10
-607482.6399840002
 20
-1026442.628254221
450
        0
451
        0
460
0.0
461
0.0
452
        1
462
0.0
453
        0
470

1001
ACAD
1010
618361.5348804848
1020
1069600.091209503
1030
0.0
1001
HATCHBACKGROUNDCOLOR
1071
-939524096
1000

1000

  0
LWPOLYLINE
  5
1B45
330
1F
100
AcDbEntity
  8
COLUMN G-1
 62
     3
440
 33554687
100
AcDbPolyline
 90
        4
 70
     1
 43
0.0
 10
6091.394591308735
 20
47769.96296256335
 10
6316.394591308736
 20
47769.96296256335
 10
6316.394591308736
 20
47994.96296256335
 10
6091.394591308735
 20
47994.96296256335
  0
HATCH
  5
1B46
330
1F
100
AcDbEntity
  8
COLUMN G-1
 62
     3
440
 33554687
100
AcDbHatch
 10
0.0
 20
0.0
 30
0.0
210
0.0
220
0.0
230
1.0
  2
SOLID
 70
     1
 71
     0
 91
        1
 92
        1
 93
        4
 72
     1
 10
6091.394591308735
 20
47769.96296256335
 11
6316.394591308736
 21
47769.96296256335
 72
     1
 10
6316.394591308736
 20
47769.96296256335
 11
6316.394591308736
 21
47994.96296256335
 72
     1
 10
6316.394591308736
 20
47994.96296256335
 11
6091.394591308735
 21
47994.96296256335
 72
     1
 10
6091.394591308735
 20
47994.96296256335
 11
6091.394591308735
 21
47769.96296256335
 97
        0
 75
     0
 76
     1
 98
        1
 10
-23855.55353719618
 20
53319.68728234819
450
        0
451
        0
460
0.0
461
0.0
452
        1
462
0.0
453
        0
470

1001
ACAD
1010
30059.44812850487
1020
-5437.224319784808
1030
0.0
1001
HATCHBACKGROUNDCOLOR
1071
-939524096
1000

1000

  0
LWPOLYLINE
  5
1B47
330
1F
100
AcDbEntity
  8
COLUMN 2-R
 62
     3
440
 33554687
100
AcDbPolyline
 90
        4
 70
     1
 43
0.0
 10
81445.24978971544
 20
47769.96299308093
 10
81670.24978971543
 20
47769.96299308093
 10
81670.24978971543
 20
47994.96299308093
 10
81445.24978971544
 20
47994.96299308093
  0
LWPOLYLINE
  5
1B49
330
1F
100
AcDbEntity
  8
COLUMN 2-R
 62
     3
440
 33554687
100
AcDbPolyline
 90
        4
 70
     1
 43
0.0
 10
87370.25027799669
 20
41244.96323722155
 10
87595.2502779967
 20
41244.96323722155
 10
87595.2502779967
 20
41469.96323722155
 10
87370.25027799669
 20
41469.96323722155
  0
LWPOLYLINE
  5
1B4A
330
1F
100
AcDbEntity
  8
COLUMN 2-R
 62
     3
440
 33554687
100
AcDbPolyline
 90
        4
 70
     1
 43
0.0
 10
93070.25027799669
 20
41244.96323722155
 10
93295.25027799668
 20
41244.96323722155
 10
93295.25027799668
 20
41469.96323722155
 10
93070.25027799669
 20
41469.96323722155
  0
LWPOLYLINE
  5
1B4B
330
1F
100
AcDbEntity
  8
COLUMN 2-R
 62
     3
440
 33554687
100
AcDbPolyline
 90
        4
 70
     1
 43
0.0
 10
86695.25027799622
 20
41244.96323722155
 10
86920.25027799623
 20
41244.96323722155
 10
86920.25027799623
 20
41469.96323722155
 10
86695.25027799622
 20
41469.96323722155
  0
LWPOLYLINE
  5
1B4C
330
1F
100
AcDbEntity
  8
COLUMN 2-R
 62
     3
440
 33554687
100
AcDbPolyline
 90
        4
 70
     1
 43
0.0
 10
92395.25027799668
 20
41244.96323722155
 10
92620.25027799669
 20
41244.96323722155
 10
92620.25027799669
 20
41469.96323722155
 10
92395.25027799668
 20
41469.96323722155
  0
LWPOLYLINE
  5
1B50
330
1F
100
AcDbEntity
  8
COLUMN G-1
 62
     3
440
 33554687
100
AcDbPolyline
 90
        4
 70
     1
 43
0.0
 10
15403.89550683608
 20
42932.46295528207
 10
15703.89550683608
 20
42932.46295528207
 10
15703.89550683608
 20
43382.46295528207
 10
15403.89550683608
 20
43382.46295528207
  0
HATCH
  5
1B51
330
1F
100
AcDbEntity
  8
COLUMN G-1
 62
     3
440
 33554687
100
AcDbHatch
 10
0.0
 20
0.0
 30
0.0
210
0.0
220
0.0
230
1.0
  2
SOLID
 70
     1
 71
     0
 91
        1
 92
        1
 93
        4
 72
     1
 10
15403.89550683608
 20
42932.46295528207
 11
15703.89550683608
 21
42932.46295528207
 72
     1
 10
15703.89550683608
 20
42932.46295528207
 11
15703.89550683608
 21
43382.46295528207
 72
     1
 10
15703.89550683608
 20
43382.46295528207
 11
15403.89550683608
 21
43382.46295528207
 72
     1
 10
15403.89550683608
 20
43382.46295528207
 11
15403.89550683608
 21
42932.46295528207
 97
        0
 75
     0
 76
     1
 98
        1
 10
-602807.6393736487
 20
-1026442.628254221
450
        0
451
        0
460
0.0
461
0.0
452
        1
462
0.0
453
        0
470

1001
ACAD
1010
618361.5348804848
1020
1069600.091209503
1030
0.0
1001
HATCHBACKGROUNDCOLOR
1071
-939524096
1000

1000

  0
LWPOLYLINE
  5
1B52
330
1F
100
AcDbEntity
  8
COLUMN G-1
 62
     3
440
 33554687
100
AcDbPolyline
 90
        4
 70
     1
 43
0.0
 10
10728.89489648451
 20
53057.46295528207
 10
11028.89489648452
 20
53057.46295528207
 10
11028.89489648452
 20
53507.46295528207
 10
10728.89489648451
 20
53507.46295528207
  0
HATCH
  5
1B53
330
1F
100
AcDbEntity
  8
COLUMN G-1
 62
     3
440
 33554687
100
AcDbHatch
 10
0.0
 20
0.0
 30
0.0
210
0.0
220
0.0
230
1.0
  2
SOLID
 70
     1
 71
     0
 91
        1
 92
        1
 93
        4
 72
     1
 10
10728.89489648451
 20
53057.46295528207
 11
11028.89489648452
 21
53057.46295528207
 72
     1
 10
11028.89489648452
 20
53057.46295528207
 11
11028.89489648452
 21
53507.46295528207
 72
     1
 10
11028.89489648452
 20
53507.46295528207
 11
10728.89489648451
 21
53507.46295528207
 72
     1
 10
10728.89489648451
 20
53507.46295528207
 11
10728.89489648451
 21
53057.46295528207
 97
        0
 75
     0
 76
     1
 98
        1
 10
-607482.6399840002
 20
-1016317.628254221
450
        0
451
        0
460
0.0
461
0.0
452
        1
462
0.0
453
        0
470

1001
ACAD
1010
618361.5348804848
1020
1069600.091209503
1030
0.0
1001
HATCHBACKGROUNDCOLOR
1071
-939524096
1000

1000

  0
LWPOLYLINE
  5
1B54
330
1F
100
AcDbEntity
  8
COLUMN G-1
 62
     3
440
 33554687
100
AcDbPolyline
 90
        4
 70
     1
 43
0.0
 10
15403.89550683608
 20
53057.46295528207
 10
15703.89550683608
 20
53057.46295528207
 10
15703.89550683608
 20
53507.46295528207
 10
15403.89550683608
 20
53507.46295528207
  0
HATCH
  5
1B55
330
1F
100
AcDbEntity
  8
COLUMN G-1
 62
     3
440
 33554687
100
AcDbHatch
 10
0.0
 20
0.0
 30
0.0
210
0.0
220
0.0
230
1.0
  2
SOLID
 70
     1
 71
     0
 91
        1
 92
        1
 93
        4
 72
     1
 10
15403.89550683608
 20
53057.46295528207
 11
15703.89550683608
 21
53057.46295528207
 72
     1
 10
15703.89550683608
 20
53057.46295528207
 11
15703.89550683608
 21
53507.46295528207
 72
     1
 10
15703.89550683608
 20
53507.46295528207
 11
15403.89550683608
 21
53507.46295528207
 72
     1
 10
15403.89550683608
 20
53507.46295528207
 11
15403.89550683608
 21
53057.46295528207
 97
        0
 75
     0
 76
     1
 98
        1
 10
-602807.6393736487
 20
-1016317.628254221
450
        0
451
        0
460
0.0
461
0.0
452
        1
462
0.0
453
        0
470

1001
ACAD
1010
618361.5348804848
1020
1069600.091209503
1030
0.0
1001
HATCHBACKGROUNDCOLOR
1071
-939524096
1000

1000

  0
LWPOLYLINE
  5
1B56
330
1F
100
AcDbEntity
  8
COLUMN 2-R
 62
     3
440
 33554687
100
AcDbPolyline
 90
        4
 70
     1
 43
0.0
 10
86082.75015592637
 20
42932.46295528207
 10
86382.75015592638
 20
42932.46295528207
 10
86382.75015592638
 20
43382.46295528207
 10
86082.75015592637
 20
43382.46295528207
  0
LWPOLYLINE
  5
1B57
330
1F
100
AcDbEntity
  8
COLUMN 2-R
 62
     3
440
 33554687
100
AcDbPolyline
 90
        4
 70
     1
 43
0.0
 10
90757.75076627794
 20
42932.46295528207
 10
91057.75076627795
 20
42932.46295528207
 10
91057.75076627795
 20
43382.46295528207
 10
90757.75076627794
 20
43382.46295528207
  0
LWPOLYLINE
  5
1B58
330
1F
100
AcDbEntity
  8
COLUMN 2-R
 62
     3
440
 33554687
100
AcDbPolyline
 90
        4
 70
     1
 43
0.0
 10
86082.75015592637
 20
53057.46295528207
 10
86382.75015592638
 20
53057.46295528207
 10
86382.75015592638
 20
53507.46295528207
 10
86082.75015592637
 20
53507.46295528207
  0
LWPOLYLINE
  5
1B59
330
1F
100
AcDbEntity
  8
COLUMN 2-R
 62
     3
440
 33554687
100
AcDbPolyline
 90
        4
 70
     1
 43
0.0
 10
90757.75076627794
 20
53057.46295528207
 10
91057.75076627795
 20
53057.46295528207
 10
91057.75076627795
 20
53507.46295528207
 10
90757.75076627794
 20
53507.46295528207
  0
HATCH
  5
1B5A
330
1F
100
AcDbEntity
  8
COLUMN G-1
 62
     3
440
 33554687
100
AcDbHatch
 10
0.0
 20
0.0
 30
0.0
210
0.0
220
0.0
230
1.0
  2
SOLID
 70
     1
 71
     0
 91
        1
 92
        1
 93
        4
 72
     1
 10
6091.394530273579
 20
43044.96299308093
 11
6316.394530273579
 21
43044.96299308093
 72
     1
 10
6316.394530273579
 20
43044.96299308093
 11
6316.394530273579
 21
43269.96299308093
 72
     1
 10
6316.394530273579
 20
43269.96299308093
 11
6091.394530273579
 21
43269.96299308093
 72
     1
 10
6091.394530273579
 20
43269.96299308093
 11
6091.394530273579
 21
43044.96299308093
 97
        0
 75
     0
 76
     1
 98
        1
 10
-23855.55359823133
 20
53319.68731286577
450
        0
451
        0
460
0.0
461
0.0
452
        1
462
0.0
453
        0
470

1001
ACAD
1010
30059.44812850487
1020
-10162.2243197848
1030
0.0
1001
HATCHBACKGROUNDCOLOR
1071
-939524096
1000

1000

  0
HATCH
  5
1B5B
330
1F
100
AcDbEntity
  8
COLUMN G-1
 62
     3
440
 33554687
100
AcDbHatch
 10
0.0
 20
0.0
 30
0.0
210
0.0
220
0.0
230
1.0
  2
SOLID
 70
     1
 71
     0
 91
        1
 92
        1
 93
        4
 72
     1
 10
20116.39550683608
 20
43044.96296256335
 11
20341.39550683608
 21
43044.96296256335
 72
     1
 10
20341.39550683608
 20
43044.96296256335
 11
20341.39550683608
 21
43269.96296256335
 72
     1
 10
20341.39550683608
 20
43269.96296256335
 11
20116.39550683608
 21
43269.96296256335
 72
     1
 10
20116.39550683608
 20
43269.96296256335
 11
20116.39550683608
 21
43044.96296256335
 97
        0
 75
     0
 76
     1
 98
        1
 10
-9830.552621668832
 20
53319.68728234819
450
        0
451
        0
460
0.0
461
0.0
452
        1
462
0.0
453
        0
470

1001
ACAD
1010
30059.44812850487
1020
-10162.2243197848
1030
0.0
1001
HATCHBACKGROUNDCOLOR
1071
-939524096
1000

1000

  0
LWPOLYLINE
  5
1B5C
330
1F
100
AcDbEntity
  8
GRIDLINES
 62
   251
420
  6513766
440
 33554687
 48
500.0
100
AcDbPolyline
 90
        2
 70
     0
 43
0.0
 10
1532.511837220356
 20
53282.46299308093
 10
29924.31177264098
 20
53282.46299308093
  0
LWPOLYLINE
  5
1B5D
330
1F
100
AcDbEntity
  8
GRIDLINES
 62
   251
420
  6513766
440
 33554687
 48
500.0
100
AcDbPolyline
 90
        2
 70
     0
 43
0.0
 10
1532.511837220356
 20
51707.46299308093
 10
29924.31177264098
 20
51707.46299308093
  0
LWPOLYLINE
  5
1B5E
330
1F
100
AcDbEntity
  8
GRIDLINES
 62
   251
420
  6513766
440
 33554687
 48
500.0
100
AcDbPolyline
 90
        2
 70
     0
 43
0.0
 10
1532.511837220356
 20
47882.46299308092
 10
29924.31177264098
 20
47882.46299308092
  0
LWPOLYLINE
  5
1B5F
330
1F
100
AcDbEntity
  8
GRIDLINES
 62
   251
420
  6513766
440
 33554687
 48
500.0
100
AcDbPolyline
 90
        2
 70
     0
 43
0.0
 10
1532.511837220356
 20
45032.46299308093
 10
29924.31177264098
 20
45032.46299308093
  0
LWPOLYLINE
  5
1B60
330
1F
100
AcDbEntity
  8
GRIDLINES
 62
   251
420
  6513766
440
 33554687
 48
500.0
100
AcDbPolyline
 90
        2
 70
     0
 43
0.0
 10
1532.511837220356
 20
43157.46299308093
 10
29924.31177264098
 20
43157.46299308093
  0
LWPOLYLINE
  5
1B61
330
1F
100
AcDbEntity
  8
GRIDLINES
 62
   251
420
  6513766
440
 33554687
 48
500.0
100
AcDbPolyline
 90
        2
 70
     0
 43
0.0
 10
1532.511837220356
 20
41357.46329825671
 10
29924.31177264098
 20
41357.46329825671
  0
LWPOLYLINE
  5
1B62
330
1F
100
AcDbEntity
  8
GRIDLINES
 62
   251
420
  6513766
440
 33554687
 48
500.0
100
AcDbPolyline
 90
        2
 70
     0
 43
0.0
 10
17828.89495751967
 20
39376.45634306196
 10
17828.89495751967
 20
55568.17460501912
  0
LWPOLYLINE
  5
1B63
330
1F
100
AcDbEntity
  8
GRIDLINES
 62
   251
420
  6513766
440
 33554687
 48
500.0
100
AcDbPolyline
 90
        2
 70
     0
 43
0.0
 10
20228.89544580093
 20
39376.45634306196
 10
20228.89544580093
 20
55568.17481864217
  0
LWPOLYLINE
  5
1B64
330
1F
100
AcDbEntity
  8
GRIDLINES
 62
   251
420
  6513766
440
 33554687
 48
500.0
100
AcDbPolyline
 90
        2
 70
     0
 43
0.0
 10
22853.8942250978
 20
39376.45634306196
 10
22853.8942250978
 20
55568.17481864217
  0
LWPOLYLINE
  5
1B65
330
1F
100
AcDbEntity
  8
GRIDLINES
 62
   251
420
  6513766
440
 33554687
 48
500.0
100
AcDbPolyline
 90
        2
 70
     0
 43
0.0
 10
24278.8942250978
 20
39376.45634306196
 10
24278.8942250978
 20
55568.17481864217
  0
LWPOLYLINE
  5
1B66
330
1F
100
AcDbEntity
  8
GRIDLINES
 62
   251
420
  6513766
440
 33554687
 48
500.0
100
AcDbPolyline
 90
        2
 70
     0
 43
0.0
 10
27878.8942250978
 20
39376.45634306196
 10
27878.8942250978
 20
55568.17481864217
  0
LWPOLYLINE
  5
1B67
330
1F
100
AcDbEntity
  8
GRIDLINES
 62
   251
420
  6513766
440
 33554687
 48
500.0
100
AcDbPolyline
 90
        2
 70
     0
 43
0.0
 10
3578.894530273579
 20
39376.45634306196
 10
3578.894530273579
 20
55568.17481864217
  0
LWPOLYLINE
  5
1B68
330
1F
100
AcDbEntity
  8
GRIDLINES
 62
   251
420
  6513766
440
 33554687
 48
500.0
100
AcDbPolyline
 90
        2
 70
     0
 43
0.0
 10
1532.511837220356
 20
52682.7938036278
 10
29924.31177264098
 20
52682.7938036278
  0
LWPOLYLINE
  5
1B69
330
1F
100
AcDbEntity
  8
GRIDLINES
 62
   251
420
  6513766
440
 33554687
 48
500.0
100
AcDbPolyline
 90
        2
 70
     0
 43
0.0
 10
6203.894530273579
 20
39376.45634306196
 10
6203.894530273579
 20
55568.17481864217
  0
LWPOLYLINE
  5
1B6A
330
1F
100
AcDbEntity
  8
GRIDLINES
 62
   251
420
  6513766
440
 33554687
 48
500.0
100
AcDbPolyline
 90
        2
 70
     0
 43
0.0
 10
15553.89544580092
 20
39376.45634306196
 10
15553.89544580092
 20
55568.17481864217
  0
LWPOLYLINE
  5
1B6B
330
1F
100
AcDbEntity
  8
GRIDLINES
 62
   251
420
  6513766
440
 33554687
 48
500.0
100
AcDbPolyline
 90
        4
 70
     0
 43
0.0
 10
10880.91809701146
 20
39381.27358887831
 10
10885.6873720268
 20
55567.78338991327
 10
10885.6873720268
 20
55567.78338991327
 10
10885.6873720268
 20
55567.78338991327
  0
LWPOLYLINE
  5
1B6C
330
1F
100
AcDbEntity
  8
GRIDLINES
 62
   251
420
  6513766
440
 33554687
 48
500.0
100
AcDbPolyline
 90
        2
 70
     0
 43
0.0
 10
1532.511837220356
 20
49003.69956534655
 10
29924.31177264098
 20
49003.69956534655
  0
LWPOLYLINE
  5
1B6D
330
1F
100
AcDbEntity
  8
GRIDLINES
 62
   251
420
  6513766
440
 33554687
 48
500.0
100
AcDbPolyline
 90
        4
 70
     0
 43
0.0
 10
12128.29315804662
 20
39362.03113591785
 10
12128.89495751979
 20
54419.25260917065
 10
12128.89497229161
 20
55568.17481864223
 10
12128.89497229161
 20
55568.17481864223
  0
LWPOLYLINE
  5
1B6E
330
1F
100
AcDbEntity
  8
GRIDLINES
 62
   251
420
  6513766
440
 33554687
 48
500.0
100
AcDbPolyline
 90
        4
 70
     0
 43
0.0
 10
11455.91821908108
 20
39381.27358887831
 10
11453.89495751921
 20
55568.17481864221
 10
11453.89495751921
 20
55568.17481864221
 10
11453.89495751921
 20
55568.17481864221
  0
LWPOLYLINE
  5
1B6F
330
1F
100
AcDbEntity
  8
GRIDLINES
 62
   251
420
  6513766
440
 33554687
 48
500.0
100
AcDbPolyline
 90
        2
 70
     0
 43
0.0
 10
17153.89495752025
 20
39376.45634306196
 10
17153.89495752002
 20
55568.17460501912
  0
CIRCLE
  5
1B70
330
1F
100
AcDbEntity
  8
GRID NAME
100
AcDbCircle
 10
1307.511837220356
 20
53282.46299308093
 30
0.0
 40
225.0
  0
TEXT
  5
1B71
330
1F
100
AcDbEntity
  8
GRID NAME
100
AcDbText
 10
1195.557608025267
 20
53162.31299308093
 30
0.0
 40
240.2999999999997
  1
A
  7
Arial_1
 72
     1
 11
1307.511837220356
 21
53282.46299308093
 31
0.0
100
AcDbText
 73
     2
  0
CIRCLE
  5
1B72
330
1F
100
AcDbEntity
  8
GRID NAME
100
AcDbCircle
 10
30149.31177264098
 20
53282.46299308093
 30
0.0
 40
225.0
  0
TEXT
  5
1B73
330
1F
100
AcDbEntity
  8
GRID NAME
100
AcDbText
 10
30037.3575434459
 20
53162.31299308093
 30
0.0
 40
240.2999999999997
  1
A
  7
Arial_1
 72
     1
 11
30149.31177264098
 21
53282.46299308093
 31
0.0
100
AcDbText
 73
     2
  0
CIRCLE
  5
1B74
330
1F
100
AcDbEntity
  8
GRID NAME
100
AcDbCircle
 10
1307.511837220356
 20
51707.46299308093
 30
0.0
 40
225.0
  0
TEXT
  5
1B75
330
1F
100
AcDbEntity
  8
GRID NAME
100
AcDbText
 10
1195.557608025267
 20
51587.31299308093
 30
0.0
 40
240.2999999999997
  1
B
  7
Arial_1
 72
     1
 11
1307.511837220356
 21
51707.46299308093
 31
0.0
100
AcDbText
 73
     2
  0
CIRCLE
  5
1B76
330
1F
100
AcDbEntity
  8
GRID NAME
100
AcDbCircle
 10
30149.31177264098
 20
51707.46299308093
 30
0.0
 40
225.0
  0
TEXT
  5
1B77
330
1F
100
AcDbEntity
  8
GRID NAME
100
AcDbText
 10
30037.3575434459
 20
51587.31299308093
 30
0.0
 40
240.2999999999997
  1
B
  7
Arial_1
 72
     1
 11
30149.31177264098
 21
51707.46299308093
 31
0.0
100
AcDbText
 73
     2
  0
CIRCLE
  5
1B78
330
1F
100
AcDbEntity
  8
GRID NAME
100
AcDbCircle
 10
1307.511837220356
 20
47882.46299308092
 30
0.0
 40
225.0
  0
TEXT
  5
1B79
330
1F
100
AcDbEntity
  8
GRID NAME
100
AcDbText
 10
1186.296387015717
 20
47762.31299308093
 30
0.0
 40
240.2999999999997
  1
C
  7
Arial_1
 72
     1
 11
1307.511837220356
 21
47882.46299308092
 31
0.0
100
AcDbText
 73
     2
  0
CIRCLE
  5
1B7A
330
1F
100
AcDbEntity
  8
GRID NAME
100
AcDbCircle
 10
30149.31177264098
 20
47882.46299308092
 30
0.0
 40
225.0
  0
TEXT
  5
1B7B
330
1F
100
AcDbEntity
  8
GRID NAME
100
AcDbText
 10
30028.09632243634
 20
47762.31299308093
 30
0.0
 40
240.2999999999997
  1
C
  7
Arial_1
 72
     1
 11
30149.31177264098
 21
47882.46299308092
 31
0.0
100
AcDbText
 73
     2
  0
CIRCLE
  5
1B7C
330
1F
100
AcDbEntity
  8
GRID NAME
100
AcDbCircle
 10
1307.511837220356
 20
45032.46299308093
 30
0.0
 40
225.0
  0
TEXT
  5
1B7D
330
1F
100
AcDbEntity
  8
GRID NAME
100
AcDbText
 10
1186.296387015717
 20
44912.31299308092
 30
0.0
 40
240.2999999999997
  1
D
  7
Arial_1
 72
     1
 11
1307.511837220356
 21
45032.46299308093
 31
0.0
100
AcDbText
 73
     2
  0
CIRCLE
  5
1B7E
330
1F
100
AcDbEntity
  8
GRID NAME
100
AcDbCircle
 10
30149.31177264098
 20
45032.46299308093
 30
0.0
 40
225.0
  0
TEXT
  5
1B7F
330
1F
100
AcDbEntity
  8
GRID NAME
100
AcDbText
 10
30028.09632243634
 20
44912.31299308092
 30
0.0
 40
240.2999999999997
  1
D
  7
Arial_1
 72
     1
 11
30149.31177264098
 21
45032.46299308093
 31
0.0
100
AcDbText
 73
     2
  0
CIRCLE
  5
1B80
330
1F
100
AcDbEntity
  8
GRID NAME
100
AcDbCircle
 10
1307.511837220356
 20
43157.46299308093
 30
0.0
 40
225.0
  0
TEXT
  5
1B81
330
1F
100
AcDbEntity
  8
GRID NAME
100
AcDbText
 10
1195.557608025267
 20
43037.31299308092
 30
0.0
 40
240.2999999999997
  1
E
  7
Arial_1
 72
     1
 11
1307.511837220356
 21
43157.46299308093
 31
0.0
100
AcDbText
 73
     2
  0
CIRCLE
  5
1B82
330
1F
100
AcDbEntity
  8
GRID NAME
100
AcDbCircle
 10
30149.31177264098
 20
43157.46299308093
 30
0.0
 40
225.0
  0
TEXT
  5
1B83
330
1F
100
AcDbEntity
  8
GRID NAME
100
AcDbText
 10
30037.3575434459
 20
43037.31299308092
 30
0.0
 40
240.2999999999997
  1
E
  7
Arial_1
 72
     1
 11
30149.31177264098
 21
43157.46299308093
 31
0.0
100
AcDbText
 73
     2
  0
CIRCLE
  5
1B84
330
1F
100
AcDbEntity
  8
GRID NAME
100
AcDbCircle
 10
1307.511837220356
 20
41357.46329825671
 30
0.0
 40
225.0
  0
TEXT
  5
1B85
330
1F
100
AcDbEntity
  8
GRID NAME
100
AcDbText
 10
1204.982744450915
 20
41237.31329825671
 30
0.0
 40
240.2999999999997
  1
F
  7
Arial_1
 72
     1
 11
1307.511837220356
 21
41357.46329825671
 31
0.0
100
AcDbText
 73
     2
  0
CIRCLE
  5
1B86
330
1F
100
AcDbEntity
  8
GRID NAME
100
AcDbCircle
 10
30149.31177264098
 20
41357.46329825671
 30
0.0
 40
225.0
  0
TEXT
  5
1B87
330
1F
100
AcDbEntity
  8
GRID NAME
100
AcDbText
 10
30046.78267987154
 20
41237.31329825671
 30
0.0
 40
240.2999999999997
  1
F
  7
Arial_1
 72
     1
 11
30149.31177264098
 21
41357.46329825671
 31
0.0
100
AcDbText
 73
     2
  0
CIRCLE
  5
1B88
330
1F
100
AcDbEntity
  8
GRID NAME
100
AcDbCircle
 10
17828.89495751967
 20
55793.17460501913
 30
0.0
 40
225.0
  0
TEXT
  5
1B89
330
1F
100
AcDbEntity
  8
GRID NAME
100
AcDbText
 10
17671.45420035733
 20
55673.02460501912
 30
0.0
 40
240.2999999999997
  1
3''
  7
Arial_1
 72
     1
 11
17828.89495751967
 21
55793.17460501913
 31
0.0
100
AcDbText
 73
     2
  0
CIRCLE
  5
1B8A
330
1F
100
AcDbEntity
  8
GRID NAME
100
AcDbCircle
 10
20228.89544580093
 20
55793.17481864217
 30
0.0
 40
225.0
  0
TEXT
  5
1B8B
330
1F
100
AcDbEntity
  8
GRID NAME
100
AcDbText
 10
20135.54561633299
 20
55673.02481864217
 30
0.0
 40
240.2999999999997
  1
4
  7
Arial_1
 72
     1
 11
20228.89544580093
 21
55793.17481864217
 31
0.0
100
AcDbText
 73
     2
  0
CIRCLE
  5
1B8C
330
1F
100
AcDbEntity
  8
GRID NAME
100
AcDbCircle
 10
22853.8942250978
 20
39151.45634306196
 30
0.0
 40
225.0
  0
TEXT
  5
1B8D
330
1F
100
AcDbEntity
  8
GRID NAME
100
AcDbText
 10
22760.54439562986
 20
39031.30634306196
 30
0.0
 40
240.2999999999997
  1
5
  7
Arial_1
 72
     1
 11
22853.8942250978
 21
39151.45634306196
 31
0.0
100
AcDbText
 73
     2
  0
CIRCLE
  5
1B8E
330
1F
100
AcDbEntity
  8
GRID NAME
100
AcDbCircle
 10
22853.8942250978
 20
55793.17481864217
 30
0.0
 40
225.0
  0
TEXT
  5
1B8F
330
1F
100
AcDbEntity
  8
GRID NAME
100
AcDbText
 10
22760.54439562986
 20
55673.02481864217
 30
0.0
 40
240.2999999999997
  1
5
  7
Arial_1
 72
     1
 11
22853.8942250978
 21
55793.17481864217
 31
0.0
100
AcDbText
 73
     2
  0
CIRCLE
  5
1B90
330
1F
100
AcDbEntity
  8
GRID NAME
100
AcDbCircle
 10
24278.8942250978
 20
39151.45634306196
 30
0.0
 40
225.0
  0
TEXT
  5
1B91
330
1F
100
AcDbEntity
  8
GRID NAME
100
AcDbText
 10
24185.54439562986
 20
39031.30634306196
 30
0.0
 40
240.2999999999997
  1
6
  7
Arial_1
 72
     1
 11
24278.8942250978
 21
39151.45634306196
 31
0.0
100
AcDbText
 73
     2
  0
CIRCLE
  5
1B92
330
1F
100
AcDbEntity
  8
GRID NAME
100
AcDbCircle
 10
24278.8942250978
 20
55793.17481864217
 30
0.0
 40
225.0
  0
TEXT
  5
1B93
330
1F
100
AcDbEntity
  8
GRID NAME
100
AcDbText
 10
24185.54439562986
 20
55673.02481864217
 30
0.0
 40
240.2999999999997
  1
6
  7
Arial_1
 72
     1
 11
24278.8942250978
 21
55793.17481864217
 31
0.0
100
AcDbText
 73
     2
  0
CIRCLE
  5
1B94
330
1F
100
AcDbEntity
  8
GRID NAME
100
AcDbCircle
 10
27878.8942250978
 20
39151.45634306196
 30
0.0
 40
225.0
  0
TEXT
  5
1B95
330
1F
100
AcDbEntity
  8
GRID NAME
100
AcDbText
 10
27785.54439562986
 20
39031.30634306196
 30
0.0
 40
240.2999999999997
  1
7
  7
Arial_1
 72
     1
 11
27878.8942250978
 21
39151.45634306196
 31
0.0
100
AcDbText
 73
     2
  0
CIRCLE
  5
1B96
330
1F
100
AcDbEntity
  8
GRID NAME
100
AcDbCircle
 10
27878.8942250978
 20
55793.17481864217
 30
0.0
 40
225.0
  0
TEXT
  5
1B97
330
1F
100
AcDbEntity
  8
GRID NAME
100
AcDbText
 10
27785.54439562986
 20
55673.02481864217
 30
0.0
 40
240.2999999999997
  1
7
  7
Arial_1
 72
     1
 11
27878.8942250978
 21
55793.17481864217
 31
0.0
100
AcDbText
 73
     2
  0
CIRCLE
  5
1B98
330
1F
100
AcDbEntity
  8
GRID NAME
100
AcDbCircle
 10
3578.894530273579
 20
39151.45634306196
 30
0.0
 40
225.0
  0
TEXT
  5
1B99
330
1F
100
AcDbEntity
  8
GRID NAME
100
AcDbText
 10
3485.54470080564
 20
39031.30634306196
 30
0.0
 40
240.2999999999997
  1
8
  7
Arial_1
 72
     1
 11
3578.894530273579
 21
39151.45634306196
 31
0.0
100
AcDbText
 73
     2
  0
CIRCLE
  5
1B9A
330
1F
100
AcDbEntity
  8
GRID NAME
100
AcDbCircle
 10
3578.894530273579
 20
55793.17481864217
 30
0.0
 40
225.0
  0
TEXT
  5
1B9B
330
1F
100
AcDbEntity
  8
GRID NAME
100
AcDbText
 10
3485.54470080564
 20
55673.02481864217
 30
0.0
 40
240.2999999999997
  1
8
  7
Arial_1
 72
     1
 11
3578.894530273579
 21
55793.17481864217
 31
0.0
100
AcDbText
 73
     2
  0
CIRCLE
  5
1B9C
330
1F
100
AcDbEntity
  8
GRID NAME
100
AcDbCircle
 10
1307.511837220356
 20
52682.7938036278
 30
0.0
 40
225.0
  0
TEXT
  5
1B9D
330
1F
100
AcDbEntity
  8
GRID NAME
100
AcDbText
 10
1163.758017302211
 20
52562.64380362781
 30
0.0
 40
240.2999999999997
  1
A'
  7
Arial_1
 72
     1
 11
1307.511837220356
 21
52682.7938036278
 31
0.0
100
AcDbText
 73
     2
  0
CIRCLE
  5
1B9E
330
1F
100
AcDbEntity
  8
GRID NAME
100
AcDbCircle
 10
30149.31177264098
 20
52682.7938036278
 30
0.0
 40
225.0
  0
TEXT
  5
1B9F
330
1F
100
AcDbEntity
  8
GRID NAME
100
AcDbText
 10
30011.94819828901
 20
52557.7938036278
 30
0.0
 40
250.0
  1
A'
  7
Axis Label(Dir 1)
 72
     1
 11
30149.31177264098
 21
52682.7938036278
 31
0.0
100
AcDbText
 73
     2
  0
CIRCLE
  5
1BA0
330
1F
100
AcDbEntity
  8
GRID NAME
100
AcDbCircle
 10
6203.894530273579
 20
39151.45634306196
 30
0.0
 40
225.0
  0
TEXT
  5
1BA1
330
1F
100
AcDbEntity
  8
GRID NAME
100
AcDbText
 10
6110.544700805639
 20
39031.30634306196
 30
0.0
 40
240.2999999999997
  1
1
  7
Arial_1
 72
     1
 11
6203.894530273579
 21
39151.45634306196
 31
0.0
100
AcDbText
 73
     2
  0
CIRCLE
  5
1BA2
330
1F
100
AcDbEntity
  8
GRID NAME
100
AcDbCircle
 10
6203.894530273579
 20
55793.17481864217
 30
0.0
 40
225.0
  0
TEXT
  5
1BA3
330
1F
100
AcDbEntity
  8
GRID NAME
100
AcDbText
 10
6110.544700805639
 20
55673.02481864217
 30
0.0
 40
240.2999999999997
  1
1
  7
Arial_1
 72
     1
 11
6203.894530273579
 21
55793.17481864217
 31
0.0
100
AcDbText
 73
     2
  0
CIRCLE
  5
1BA4
330
1F
100
AcDbEntity
  8
GRID NAME
100
AcDbCircle
 10
11453.89495751921
 20
55793.17481864217
 30
0.0
 40
225.0
  0
TEXT
  5
1BA5
330
1F
100
AcDbEntity
  8
GRID NAME
100
AcDbText
 10
11328.49966420406
 20
55673.02481864217
 30
0.0
 40
240.2999999999997
  1
2'
  7
Arial_1
 72
     1
 11
11453.89495751921
 21
55793.17481864217
 31
0.0
100
AcDbText
 73
     2
  0
CIRCLE
  5
1BA6
330
1F
100
AcDbEntity
  8
GRID NAME
100
AcDbCircle
 10
15553.89544580092
 20
39151.45634306196
 30
0.0
 40
225.0
  0
TEXT
  5
1BA7
330
1F
100
AcDbEntity
  8
GRID NAME
100
AcDbText
 10
15460.54561633298
 20
39031.30634306196
 30
0.0
 40
240.2999999999997
  1
3
  7
Arial_1
 72
     1
 11
15553.89544580092
 21
39151.45634306196
 31
0.0
100
AcDbText
 73
     2
  0
CIRCLE
  5
1BA8
330
1F
100
AcDbEntity
  8
GRID NAME
100
AcDbCircle
 10
15553.89544580092
 20
55793.17481864217
 30
0.0
 40
225.0
  0
TEXT
  5
1BA9
330
1F
100
AcDbEntity
  8
GRID NAME
100
AcDbText
 10
15460.54561633298
 20
55673.02481864217
 30
0.0
 40
240.2999999999997
  1
3
  7
Arial_1
 72
     1
 11
15553.89544580092
 21
55793.17481864217
 31
0.0
100
AcDbText
 73
     2
  0
CIRCLE
  5
1BAA
330
1F
100
AcDbEntity
  8
GRID NAME
100
AcDbCircle
 10
1307.511837220356
 20
49003.69956534655
 30
0.0
 40
225.0
  0
TEXT
  5
1BAB
330
1F
100
AcDbEntity
  8
GRID NAME
100
AcDbText
 10
1163.512144178064
 20
48883.54956534655
 30
0.0
 40
240.2999999999997
  1
B'
  7
Arial_1
 72
     1
 11
1307.511837220356
 21
49003.69956534655
 31
0.0
100
AcDbText
 73
     2
  0
CIRCLE
  5
1BAC
330
1F
100
AcDbEntity
  8
GRID NAME
100
AcDbCircle
 10
30149.31177264098
 20
49003.69956534655
 30
0.0
 40
225.0
  0
TEXT
  5
1BAD
330
1F
100
AcDbEntity
  8
GRID NAME
100
AcDbText
 10
30005.31207959869
 20
48883.54956534655
 30
0.0
 40
240.2999999999997
  1
B'
  7
Arial_1
 72
     1
 11
30149.31177264098
 21
49003.69956534655
 31
0.0
100
AcDbText
 73
     2
  0
CIRCLE
  5
1BAE
330
1F
100
AcDbEntity
  8
GRID NAME
100
AcDbCircle
 10
12128.89497199801
 20
55778.35898761509
 30
0.0
 40
225.0
  0
TEXT
  5
1BAF
330
1F
100
AcDbEntity
  8
GRID NAME
100
AcDbText
 10
11971.45421483567
 20
55658.20898761509
 30
0.0
 40
240.2999999999997
  1
2''
  7
Arial_1
 72
     1
 11
12128.89497199801
 21
55778.35898761509
 31
0.0
100
AcDbText
 73
     2
  0
CIRCLE
  5
1BB0
330
1F
100
AcDbEntity
  8
GRID NAME
100
AcDbCircle
 10
10885.6873720268
 20
55792.78338991326
 30
0.0
 40
225.0
  0
TEXT
  5
1BB1
330
1F
100
AcDbEntity
  8
GRID NAME
100
AcDbText
 10
10792.33754255886
 20
55672.63338991327
 30
0.0
 40
240.2999999999997
  1
2
  7
Arial_1
 72
     1
 11
10885.6873720268
 21
55792.78338991326
 31
0.0
100
AcDbText
 73
     2
  0
CIRCLE
  5
1BB2
330
1F
100
AcDbEntity
  8
GRID NAME
100
AcDbCircle
 10
17153.89495752002
 20
55793.17460501913
 30
0.0
 40
225.0
  0
TEXT
  5
1BB3
330
1F
100
AcDbEntity
  8
GRID NAME
100
AcDbText
 10
17028.49966420488
 20
55673.02460501912
 30
0.0
 40
240.2999999999997
  1
3'
  7
Arial_1
 72
     1
 11
17153.89495752002
 21
55793.17460501913
 31
0.0
100
AcDbText
 73
     2
  0
CIRCLE
  5
1BB4
330
1F
100
AcDbEntity
  8
GRID NAME
100
AcDbCircle
 10
17828.89495751979
 20
39151.84755816783
 30
0.0
 40
225.0
  0
TEXT
  5
1BB5
330
1F
100
AcDbEntity
  8
GRID NAME
100
AcDbText
 10
17671.45420035744
 20
39031.69755816782
 30
0.0
 40
240.2999999999997
  1
3''
  7
Arial_1
 72
     1
 11
17828.89495751979
 21
39151.84755816783
 31
0.0
100
AcDbText
 73
     2
  0
CIRCLE
  5
1BB6
330
1F
100
AcDbEntity
  8
GRID NAME
100
AcDbCircle
 10
11453.89495751944
 20
39151.84777179087
 30
0.0
 40
225.0
  0
TEXT
  5
1BB7
330
1F
100
AcDbEntity
  8
GRID NAME
100
AcDbText
 10
11328.49966420429
 20
39031.69777179087
 30
0.0
 40
240.2999999999997
  1
2'
  7
Arial_1
 72
     1
 11
11453.89495751944
 21
39151.84777179087
 31
0.0
100
AcDbText
 73
     2
  0
CIRCLE
  5
1BB8
330
1F
100
AcDbEntity
  8
GRID NAME
100
AcDbCircle
 10
12128.89497199801
 20
39137.03194076379
 30
0.0
 40
225.0
  0
TEXT
  5
1BB9
330
1F
100
AcDbEntity
  8
GRID NAME
100
AcDbText
 10
11971.45421483567
 20
39016.88194076379
 30
0.0
 40
240.2999999999997
  1
2''
  7
Arial_1
 72
     1
 11
12128.89497199801
 21
39137.03194076379
 31
0.0
100
AcDbText
 73
     2
  0
CIRCLE
  5
1BBA
330
1F
100
AcDbEntity
  8
GRID NAME
100
AcDbCircle
 10
10885.68737202692
 20
39151.45634306196
 30
0.0
 40
225.0
  0
TEXT
  5
1BBB
330
1F
100
AcDbEntity
  8
GRID NAME
100
AcDbText
 10
10792.33754255898
 20
39031.30634306196
 30
0.0
 40
240.2999999999997
  1
2
  7
Arial_1
 72
     1
 11
10885.68737202692
 21
39151.45634306196
 31
0.0
100
AcDbText
 73
     2
  0
CIRCLE
  5
1BBC
330
1F
100
AcDbEntity
  8
GRID NAME
100
AcDbCircle
 10
17153.89495752014
 20
39151.84755816783
 30
0.0
 40
225.0
  0
TEXT
  5
1BBD
330
1F
100
AcDbEntity
  8
GRID NAME
100
AcDbText
 10
17028.499664205
 20
39031.69755816782
 30
0.0
 40
240.2999999999997
  1
3'
  7
Arial_1
 72
     1
 11
17153.89495752014
 21
39151.84755816783
 31
0.0
100
AcDbText
 73
     2
  0
CIRCLE
  5
1BBE
330
1F
100
AcDbEntity
  8
GRID NAME
100
AcDbCircle
 10
20228.89544580093
 20
39151.84755816783
 30
0.0
 40
225.0
  0
TEXT
  5
1BBF
330
1F
100
AcDbEntity
  8
GRID NAME
100
AcDbText
 10
20135.54561633299
 20
39031.69755816782
 30
0.0
 40
240.2999999999997
  1
4
  7
Arial_1
 72
     1
 11
20228.89544580093
 21
39151.84755816783
 31
0.0
100
AcDbText
 73
     2
  0
LWPOLYLINE
  5
1BC0
330
1F
100
AcDbEntity
  8
GRIDLINES
 62
   251
420
  6513766
440
 33554687
 48
500.0
100
AcDbPolyline
 90
        2
 70
     0
 43
0.0
 10
76886.36709666221
 20
53282.46299308093
 10
105563.8970182736
 20
53282.46299308093
  0
LWPOLYLINE
  5
1BC1
330
1F
100
AcDbEntity
  8
GRIDLINES
 62
   251
420
  6513766
440
 33554687
 48
500.0
100
AcDbPolyline
 90
        2
 70
     0
 43
0.0
 10
76886.36709666221
 20
51707.46299308093
 10
105563.8970182736
 20
51707.46299308093
  0
LWPOLYLINE
  5
1BC2
330
1F
100
AcDbEntity
  8
GRIDLINES
 62
   251
420
  6513766
440
 33554687
 48
500.0
100
AcDbPolyline
 90
        2
 70
     0
 43
0.0
 10
76886.36709666221
 20
47882.46299308092
 10
105563.8970182736
 20
47882.46299308092
  0
LWPOLYLINE
  5
1BC3
330
1F
100
AcDbEntity
  8
GRIDLINES
 62
   251
420
  6513766
440
 33554687
 48
500.0
100
AcDbPolyline
 90
        2
 70
     0
 43
0.0
 10
76886.36709666221
 20
45032.46299308093
 10
105563.8970182736
 20
45032.46299308093
  0
LWPOLYLINE
  5
1BC4
330
1F
100
AcDbEntity
  8
GRIDLINES
 62
   251
420
  6513766
440
 33554687
 48
500.0
100
AcDbPolyline
 90
        2
 70
     0
 43
0.0
 10
76886.36709666221
 20
43157.46299308093
 10
105563.8970182736
 20
43157.46299308093
  0
LWPOLYLINE
  5
1BC5
330
1F
100
AcDbEntity
  8
GRIDLINES
 62
   251
420
  6513766
440
 33554687
 48
500.0
100
AcDbPolyline
 90
        2
 70
     0
 43
0.0
 10
76886.36709666221
 20
41357.46329825671
 10
105563.8970182736
 20
41357.46329825671
  0
LWPOLYLINE
  5
1BC6
330
1F
100
AcDbEntity
  8
GRIDLINES
 62
   251
420
  6513766
440
 33554687
 48
500.0
100
AcDbPolyline
 90
        2
 70
     0
 43
0.0
 10
93182.75021696154
 20
39376.45634306196
 10
93182.75021696154
 20
55568.17460501912
  0
LWPOLYLINE
  5
1BC7
330
1F
100
AcDbEntity
  8
GRIDLINES
 62
   251
420
  6513766
440
 33554687
 48
500.0
100
AcDbPolyline
 90
        2
 70
     0
 43
0.0
 10
95582.75070524278
 20
39376.45634306196
 10
95582.75070524278
 20
55568.17481864217
  0
LWPOLYLINE
  5
1BC8
330
1F
100
AcDbEntity
  8
GRIDLINES
 62
   251
420
  6513766
440
 33554687
 48
500.0
100
AcDbPolyline
 90
        2
 70
     0
 43
0.0
 10
98207.74948453966
 20
39376.45634306196
 10
98207.74948453966
 20
55568.17481864217
  0
LWPOLYLINE
  5
1BC9
330
1F
100
AcDbEntity
  8
GRIDLINES
 62
   251
420
  6513766
440
 33554687
 48
500.0
100
AcDbPolyline
 90
        2
 70
     0
 43
0.0
 10
99632.74948453966
 20
39376.45634306196
 10
99632.74948453966
 20
55568.17481864217
  0
LWPOLYLINE
  5
1BCA
330
1F
100
AcDbEntity
  8
GRIDLINES
 62
   251
420
  6513766
440
 33554687
 48
500.0
100
AcDbPolyline
 90
        2
 70
     0
 43
0.0
 10
103232.7494845396
 20
39376.45634306196
 10
103232.7494845396
 20
55568.17481864217
  0
LWPOLYLINE
  5
1BCB
330
1F
100
AcDbEntity
  8
GRIDLINES
 62
   251
420
  6513766
440
 33554687
 48
500.0
100
AcDbPolyline
 90
        2
 70
     0
 43
0.0
 10
78932.74978971544
 20
39376.45634306196
 10
78932.74978971544
 20
55568.17481864217
  0
LWPOLYLINE
  5
1BCC
330
1F
100
AcDbEntity
  8
GRIDLINES
 62
   251
420
  6513766
440
 33554687
 48
500.0
100
AcDbPolyline
 90
        2
 70
     0
 43
0.0
 10
76886.36709666221
 20
52682.7938036278
 10
105563.8970182736
 20
52682.7938036278
  0
LWPOLYLINE
  5
1BCD
330
1F
100
AcDbEntity
  8
GRIDLINES
 62
   251
420
  6513766
440
 33554687
 48
500.0
100
AcDbPolyline
 90
        2
 70
     0
 43
0.0
 10
81557.74978971544
 20
39376.45634306196
 10
81557.74978971544
 20
55568.17481864217
  0
LWPOLYLINE
  5
1BCE
330
1F
100
AcDbEntity
  8
GRIDLINES
 62
   251
420
  6513766
440
 33554687
 48
500.0
100
AcDbPolyline
 90
        2
 70
     0
 43
0.0
 10
90907.75070524278
 20
39376.45634306196
 10
90907.75070524278
 20
55568.17481864217
  0
LWPOLYLINE
  5
1BCF
330
1F
100
AcDbEntity
  8
GRIDLINES
 62
   251
420
  6513766
440
 33554687
 48
500.0
100
AcDbPolyline
 90
        4
 70
     0
 43
0.0
 10
86234.77335645333
 20
39381.27358887831
 10
86239.54263146867
 20
55567.78338991327
 10
86239.54263146867
 20
55567.78338991327
 10
86239.54263146867
 20
55567.78338991327
  0
LWPOLYLINE
  5
1BD0
330
1F
100
AcDbEntity
  8
GRIDLINES
 62
   251
420
  6513766
440
 33554687
 48
500.0
100
AcDbPolyline
 90
        2
 70
     0
 43
0.0
 10
76886.36709666221
 20
49003.69956534655
 10
105563.8970182736
 20
49003.69956534655
  0
LWPOLYLINE
  5
1BD1
330
1F
100
AcDbEntity
  8
GRIDLINES
 62
   251
420
  6513766
440
 33554687
 48
500.0
100
AcDbPolyline
 90
        4
 70
     0
 43
0.0
 10
87482.14841748849
 20
39362.03113591785
 10
87482.75021696166
 20
54419.25260917065
 10
87482.75023173359
 20
55568.17481864223
 10
87482.75023173359
 20
55568.17481864223
  0
LWPOLYLINE
  5
1BD2
330
1F
100
AcDbEntity
  8
GRIDLINES
 62
   251
420
  6513766
440
 33554687
 48
500.0
100
AcDbPolyline
 90
        4
 70
     0
 43
0.0
 10
86809.77347852294
 20
39381.27358887831
 10
86807.75021696119
 20
55568.17481864221
 10
86807.75021696119
 20
55568.17481864221
 10
86807.75021696119
 20
55568.17481864221
  0
LWPOLYLINE
  5
1BD3
330
1F
100
AcDbEntity
  8
GRIDLINES
 62
   251
420
  6513766
440
 33554687
 48
500.0
100
AcDbPolyline
 90
        2
 70
     0
 43
0.0
 10
92507.75021696211
 20
39376.45634306196
 10
92507.75021696188
 20
55568.17460501912
  0
CIRCLE
  5
1BD4
330
1F
100
AcDbEntity
  8
GRID NAME
100
AcDbCircle
 10
76661.36709666221
 20
53282.46299308093
 30
0.0
 40
225.0
  0
TEXT
  5
1BD5
330
1F
100
AcDbEntity
  8
GRID NAME
100
AcDbText
 10
76549.41286746712
 20
53162.31299308093
 30
0.0
 40
240.2999999999997
  1
A
  7
Arial_1
 72
     1
 11
76661.36709666221
 21
53282.46299308093
 31
0.0
100
AcDbText
 73
     2
  0
CIRCLE
  5
1BD6
330
1F
100
AcDbEntity
  8
GRID NAME
100
AcDbCircle
 10
105788.8970182736
 20
53282.46299308093
 30
0.0
 40
225.0
  0
TEXT
  5
1BD7
330
1F
100
AcDbEntity
  8
GRID NAME
100
AcDbText
 10
105676.9427890785
 20
53162.31299308093
 30
0.0
 40
240.2999999999997
  1
A
  7
Arial_1
 72
     1
 11
105788.8970182736
 21
53282.46299308093
 31
0.0
100
AcDbText
 73
     2
  0
CIRCLE
  5
1BD8
330
1F
100
AcDbEntity
  8
GRID NAME
100
AcDbCircle
 10
76661.36709666221
 20
51707.46299308093
 30
0.0
 40
225.0
  0
TEXT
  5
1BD9
330
1F
100
AcDbEntity
  8
GRID NAME
100
AcDbText
 10
76549.41286746712
 20
51587.31299308093
 30
0.0
 40
240.2999999999997
  1
B
  7
Arial_1
 72
     1
 11
76661.36709666221
 21
51707.46299308093
 31
0.0
100
AcDbText
 73
     2
  0
CIRCLE
  5
1BDA
330
1F
100
AcDbEntity
  8
GRID NAME
100
AcDbCircle
 10
105788.8970182736
 20
51707.46299308093
 30
0.0
 40
225.0
  0
TEXT
  5
1BDB
330
1F
100
AcDbEntity
  8
GRID NAME
100
AcDbText
 10
105676.9427890785
 20
51587.31299308093
 30
0.0
 40
240.2999999999997
  1
B
  7
Arial_1
 72
     1
 11
105788.8970182736
 21
51707.46299308093
 31
0.0
100
AcDbText
 73
     2
  0
CIRCLE
  5
1BDC
330
1F
100
AcDbEntity
  8
GRID NAME
100
AcDbCircle
 10
76661.36709666221
 20
47882.46299308092
 30
0.0
 40
225.0
  0
TEXT
  5
1BDD
330
1F
100
AcDbEntity
  8
GRID NAME
100
AcDbText
 10
76540.15164645758
 20
47762.31299308093
 30
0.0
 40
240.2999999999997
  1
C
  7
Arial_1
 72
     1
 11
76661.36709666221
 21
47882.46299308092
 31
0.0
100
AcDbText
 73
     2
  0
CIRCLE
  5
1BDE
330
1F
100
AcDbEntity
  8
GRID NAME
100
AcDbCircle
 10
105788.8970182736
 20
47882.46299308092
 30
0.0
 40
225.0
  0
TEXT
  5
1BDF
330
1F
100
AcDbEntity
  8
GRID NAME
100
AcDbText
 10
105667.681568069
 20
47762.31299308093
 30
0.0
 40
240.2999999999997
  1
C
  7
Arial_1
 72
     1
 11
105788.8970182736
 21
47882.46299308092
 31
0.0
100
AcDbText
 73
     2
  0
CIRCLE
  5
1BE0
330
1F
100
AcDbEntity
  8
GRID NAME
100
AcDbCircle
 10
76661.36709666221
 20
45032.46299308093
 30
0.0
 40
225.0
  0
TEXT
  5
1BE1
330
1F
100
AcDbEntity
  8
GRID NAME
100
AcDbText
 10
76540.15164645758
 20
44912.31299308092
 30
0.0
 40
240.2999999999997
  1
D
  7
Arial_1
 72
     1
 11
76661.36709666221
 21
45032.46299308093
 31
0.0
100
AcDbText
 73
     2
  0
CIRCLE
  5
1BE2
330
1F
100
AcDbEntity
  8
GRID NAME
100
AcDbCircle
 10
105788.8970182736
 20
45032.46299308093
 30
0.0
 40
225.0
  0
TEXT
  5
1BE3
330
1F
100
AcDbEntity
  8
GRID NAME
100
AcDbText
 10
105667.681568069
 20
44912.31299308092
 30
0.0
 40
240.2999999999997
  1
D
  7
Arial_1
 72
     1
 11
105788.8970182736
 21
45032.46299308093
 31
0.0
100
AcDbText
 73
     2
  0
CIRCLE
  5
1BE4
330
1F
100
AcDbEntity
  8
GRID NAME
100
AcDbCircle
 10
76661.36709666221
 20
43157.46299308093
 30
0.0
 40
225.0
  0
TEXT
  5
1BE5
330
1F
100
AcDbEntity
  8
GRID NAME
100
AcDbText
 10
76549.41286746712
 20
43037.31299308092
 30
0.0
 40
240.2999999999997
  1
E
  7
Arial_1
 72
     1
 11
76661.36709666221
 21
43157.46299308093
 31
0.0
100
AcDbText
 73
     2
  0
CIRCLE
  5
1BE6
330
1F
100
AcDbEntity
  8
GRID NAME
100
AcDbCircle
 10
105788.8970182736
 20
43157.46299308093
 30
0.0
 40
225.0
  0
TEXT
  5
1BE7
330
1F
100
AcDbEntity
  8
GRID NAME
100
AcDbText
 10
105676.9427890785
 20
43037.31299308092
 30
0.0
 40
240.2999999999997
  1
E
  7
Arial_1
 72
     1
 11
105788.8970182736
 21
43157.46299308093
 31
0.0
100
AcDbText
 73
     2
  0
CIRCLE
  5
1BE8
330
1F
100
AcDbEntity
  8
GRID NAME
100
AcDbCircle
 10
76661.36709666221
 20
41357.46329825671
 30
0.0
 40
225.0
  0
TEXT
  5
1BE9
330
1F
100
AcDbEntity
  8
GRID NAME
100
AcDbText
 10
76558.83800389277
 20
41237.31329825671
 30
0.0
 40
240.2999999999997
  1
F
  7
Arial_1
 72
     1
 11
76661.36709666221
 21
41357.46329825671
 31
0.0
100
AcDbText
 73
     2
  0
CIRCLE
  5
1BEA
330
1F
100
AcDbEntity
  8
GRID NAME
100
AcDbCircle
 10
105788.8970182736
 20
41357.46329825671
 30
0.0
 40
225.0
  0
TEXT
  5
1BEB
330
1F
100
AcDbEntity
  8
GRID NAME
100
AcDbText
 10
105686.3679255042
 20
41237.31329825671
 30
0.0
 40
240.2999999999997
  1
F
  7
Arial_1
 72
     1
 11
105788.8970182736
 21
41357.46329825671
 31
0.0
100
AcDbText
 73
     2
  0
CIRCLE
  5
1BEC
330
1F
100
AcDbEntity
  8
GRID NAME
100
AcDbCircle
 10
93182.75021696154
 20
55793.17460501913
 30
0.0
 40
225.0
  0
TEXT
  5
1BED
330
1F
100
AcDbEntity
  8
GRID NAME
100
AcDbText
 10
93025.30945979919
 20
55673.02460501912
 30
0.0
 40
240.2999999999997
  1
3''
  7
Arial_1
 72
     1
 11
93182.75021696154
 21
55793.17460501913
 31
0.0
100
AcDbText
 73
     2
  0
CIRCLE
  5
1BEE
330
1F
100
AcDbEntity
  8
GRID NAME
100
AcDbCircle
 10
95582.75070524278
 20
55793.17481864217
 30
0.0
 40
225.0
  0
TEXT
  5
1BEF
330
1F
100
AcDbEntity
  8
GRID NAME
100
AcDbText
 10
95489.40087577484
 20
55673.02481864217
 30
0.0
 40
240.2999999999997
  1
4
  7
Arial_1
 72
     1
 11
95582.75070524278
 21
55793.17481864217
 31
0.0
100
AcDbText
 73
     2
  0
CIRCLE
  5
1BF0
330
1F
100
AcDbEntity
  8
GRID NAME
100
AcDbCircle
 10
98207.74948453966
 20
39151.45634306196
 30
0.0
 40
225.0
  0
TEXT
  5
1BF1
330
1F
100
AcDbEntity
  8
GRID NAME
100
AcDbText
 10
98114.39965507171
 20
39031.30634306196
 30
0.0
 40
240.2999999999997
  1
5
  7
Arial_1
 72
     1
 11
98207.74948453966
 21
39151.45634306196
 31
0.0
100
AcDbText
 73
     2
  0
CIRCLE
  5
1BF2
330
1F
100
AcDbEntity
  8
GRID NAME
100
AcDbCircle
 10
98207.74948453966
 20
55793.17481864217
 30
0.0
 40
225.0
  0
TEXT
  5
1BF3
330
1F
100
AcDbEntity
  8
GRID NAME
100
AcDbText
 10
98114.39965507171
 20
55673.02481864217
 30
0.0
 40
240.2999999999997
  1
5
  7
Arial_1
 72
     1
 11
98207.74948453966
 21
55793.17481864217
 31
0.0
100
AcDbText
 73
     2
  0
CIRCLE
  5
1BF4
330
1F
100
AcDbEntity
  8
GRID NAME
100
AcDbCircle
 10
99632.74948453966
 20
39151.45634306196
 30
0.0
 40
225.0
  0
TEXT
  5
1BF5
330
1F
100
AcDbEntity
  8
GRID NAME
100
AcDbText
 10
99539.39965507171
 20
39031.30634306196
 30
0.0
 40
240.2999999999997
  1
6
  7
Arial_1
 72
     1
 11
99632.74948453966
 21
39151.45634306196
 31
0.0
100
AcDbText
 73
     2
  0
CIRCLE
  5
1BF6
330
1F
100
AcDbEntity
  8
GRID NAME
100
AcDbCircle
 10
99632.74948453966
 20
55793.17481864217
 30
0.0
 40
225.0
  0
TEXT
  5
1BF7
330
1F
100
AcDbEntity
  8
GRID NAME
100
AcDbText
 10
99539.39965507171
 20
55673.02481864217
 30
0.0
 40
240.2999999999997
  1
6
  7
Arial_1
 72
     1
 11
99632.74948453966
 21
55793.17481864217
 31
0.0
100
AcDbText
 73
     2
  0
CIRCLE
  5
1BF8
330
1F
100
AcDbEntity
  8
GRID NAME
100
AcDbCircle
 10
103232.7494845396
 20
39151.45634306196
 30
0.0
 40
225.0
  0
TEXT
  5
1BF9
330
1F
100
AcDbEntity
  8
GRID NAME
100
AcDbText
 10
103139.3996550717
 20
39031.30634306196
 30
0.0
 40
240.2999999999997
  1
7
  7
Arial_1
 72
     1
 11
103232.7494845396
 21
39151.45634306196
 31
0.0
100
AcDbText
 73
     2
  0
CIRCLE
  5
1BFA
330
1F
100
AcDbEntity
  8
GRID NAME
100
AcDbCircle
 10
103232.7494845396
 20
55793.17481864217
 30
0.0
 40
225.0
  0
TEXT
  5
1BFB
330
1F
100
AcDbEntity
  8
GRID NAME
100
AcDbText
 10
103139.3996550717
 20
55673.02481864217
 30
0.0
 40
240.2999999999997
  1
7
  7
Arial_1
 72
     1
 11
103232.7494845396
 21
55793.17481864217
 31
0.0
100
AcDbText
 73
     2
  0
CIRCLE
  5
1BFC
330
1F
100
AcDbEntity
  8
GRID NAME
100
AcDbCircle
 10
78932.74978971544
 20
39151.45634306196
 30
0.0
 40
225.0
  0
TEXT
  5
1BFD
330
1F
100
AcDbEntity
  8
GRID NAME
100
AcDbText
 10
78839.39996024749
 20
39031.30634306196
 30
0.0
 40
240.2999999999997
  1
8
  7
Arial_1
 72
     1
 11
78932.74978971544
 21
39151.45634306196
 31
0.0
100
AcDbText
 73
     2
  0
CIRCLE
  5
1BFE
330
1F
100
AcDbEntity
  8
GRID NAME
100
AcDbCircle
 10
78932.74978971544
 20
55793.17481864217
 30
0.0
 40
225.0
  0
TEXT
  5
1BFF
330
1F
100
AcDbEntity
  8
GRID NAME
100
AcDbText
 10
78839.39996024749
 20
55673.02481864217
 30
0.0
 40
240.2999999999997
  1
8
  7
Arial_1
 72
     1
 11
78932.74978971544
 21
55793.17481864217
 31
0.0
100
AcDbText
 73
     2
  0
CIRCLE
  5
1C00
330
1F
100
AcDbEntity
  8
GRID NAME
100
AcDbCircle
 10
76661.36709666221
 20
52682.7938036278
 30
0.0
 40
225.0
  0
TEXT
  5
1C01
330
1F
100
AcDbEntity
  8
GRID NAME
100
AcDbText
 10
76517.61327674407
 20
52562.64380362781
 30
0.0
 40
240.2999999999997
  1
A'
  7
Arial_1
 72
     1
 11
76661.36709666221
 21
52682.7938036278
 31
0.0
100
AcDbText
 73
     2
  0
CIRCLE
  5
1C02
330
1F
100
AcDbEntity
  8
GRID NAME
100
AcDbCircle
 10
105788.8970182736
 20
52682.7938036278
 30
0.0
 40
225.0
  0
TEXT
  5
1C03
330
1F
100
AcDbEntity
  8
GRID NAME
100
AcDbText
 10
105651.5334439216
 20
52557.7938036278
 30
0.0
 40
250.0
  1
A'
  7
Axis Label(Dir 1)
 72
     1
 11
105788.8970182736
 21
52682.7938036278
 31
0.0
100
AcDbText
 73
     2
  0
CIRCLE
  5
1C04
330
1F
100
AcDbEntity
  8
GRID NAME
100
AcDbCircle
 10
81557.74978971544
 20
39151.45634306196
 30
0.0
 40
225.0
  0
TEXT
  5
1C05
330
1F
100
AcDbEntity
  8
GRID NAME
100
AcDbText
 10
81464.39996024749
 20
39031.30634306196
 30
0.0
 40
240.2999999999997
  1
1
  7
Arial_1
 72
     1
 11
81557.74978971544
 21
39151.45634306196
 31
0.0
100
AcDbText
 73
     2
  0
CIRCLE
  5
1C06
330
1F
100
AcDbEntity
  8
GRID NAME
100
AcDbCircle
 10
81557.74978971544
 20
55793.17481864217
 30
0.0
 40
225.0
  0
TEXT
  5
1C07
330
1F
100
AcDbEntity
  8
GRID NAME
100
AcDbText
 10
81464.39996024749
 20
55673.02481864217
 30
0.0
 40
240.2999999999997
  1
1
  7
Arial_1
 72
     1
 11
81557.74978971544
 21
55793.17481864217
 31
0.0
100
AcDbText
 73
     2
  0
CIRCLE
  5
1C08
330
1F
100
AcDbEntity
  8
GRID NAME
100
AcDbCircle
 10
86807.75021696119
 20
55793.17481864217
 30
0.0
 40
225.0
  0
TEXT
  5
1C09
330
1F
100
AcDbEntity
  8
GRID NAME
100
AcDbText
 10
86682.35492364603
 20
55673.02481864217
 30
0.0
 40
240.2999999999997
  1
2'
  7
Arial_1
 72
     1
 11
86807.75021696119
 21
55793.17481864217
 31
0.0
100
AcDbText
 73
     2
  0
CIRCLE
  5
1C0A
330
1F
100
AcDbEntity
  8
GRID NAME
100
AcDbCircle
 10
90907.75070524278
 20
39151.45634306196
 30
0.0
 40
225.0
  0
TEXT
  5
1C0B
330
1F
100
AcDbEntity
  8
GRID NAME
100
AcDbText
 10
90814.40087577483
 20
39031.30634306196
 30
0.0
 40
240.2999999999997
  1
3
  7
Arial_1
 72
     1
 11
90907.75070524278
 21
39151.45634306196
 31
0.0
100
AcDbText
 73
     2
  0
CIRCLE
  5
1C0C
330
1F
100
AcDbEntity
  8
GRID NAME
100
AcDbCircle
 10
90907.75070524278
 20
55793.17481864217
 30
0.0
 40
225.0
  0
TEXT
  5
1C0D
330
1F
100
AcDbEntity
  8
GRID NAME
100
AcDbText
 10
90814.40087577483
 20
55673.02481864217
 30
0.0
 40
240.2999999999997
  1
3
  7
Arial_1
 72
     1
 11
90907.75070524278
 21
55793.17481864217
 31
0.0
100
AcDbText
 73
     2
  0
CIRCLE
  5
1C0E
330
1F
100
AcDbEntity
  8
GRID NAME
100
AcDbCircle
 10
76661.36709666221
 20
49003.69956534655
 30
0.0
 40
225.0
  0
TEXT
  5
1C0F
330
1F
100
AcDbEntity
  8
GRID NAME
100
AcDbText
 10
76517.36740361992
 20
48883.54956534655
 30
0.0
 40
240.2999999999997
  1
B'
  7
Arial_1
 72
     1
 11
76661.36709666221
 21
49003.69956534655
 31
0.0
100
AcDbText
 73
     2
  0
CIRCLE
  5
1C10
330
1F
100
AcDbEntity
  8
GRID NAME
100
AcDbCircle
 10
105788.8970182736
 20
49003.69956534655
 30
0.0
 40
225.0
  0
TEXT
  5
1C11
330
1F
100
AcDbEntity
  8
GRID NAME
100
AcDbText
 10
105644.8973252313
 20
48883.54956534655
 30
0.0
 40
240.2999999999997
  1
B'
  7
Arial_1
 72
     1
 11
105788.8970182736
 21
49003.69956534655
 31
0.0
100
AcDbText
 73
     2
  0
CIRCLE
  5
1C12
330
1F
100
AcDbEntity
  8
GRID NAME
100
AcDbCircle
 10
87482.75023143976
 20
55778.35898761509
 30
0.0
 40
225.0
  0
TEXT
  5
1C13
330
1F
100
AcDbEntity
  8
GRID NAME
100
AcDbText
 10
87325.30947427742
 20
55658.20898761509
 30
0.0
 40
240.2999999999997
  1
2''
  7
Arial_1
 72
     1
 11
87482.75023143976
 21
55778.35898761509
 31
0.0
100
AcDbText
 73
     2
  0
CIRCLE
  5
1C14
330
1F
100
AcDbEntity
  8
GRID NAME
100
AcDbCircle
 10
86239.54263146867
 20
55792.78338991326
 30
0.0
 40
225.0
  0
TEXT
  5
1C15
330
1F
100
AcDbEntity
  8
GRID NAME
100
AcDbText
 10
86146.19280200072
 20
55672.63338991327
 30
0.0
 40
240.2999999999997
  1
2
  7
Arial_1
 72
     1
 11
86239.54263146867
 21
55792.78338991326
 31
0.0
100
AcDbText
 73
     2
  0
CIRCLE
  5
1C16
330
1F
100
AcDbEntity
  8
GRID NAME
100
AcDbCircle
 10
92507.75021696188
 20
55793.17460501913
 30
0.0
 40
225.0
  0
TEXT
  5
1C17
330
1F
100
AcDbEntity
  8
GRID NAME
100
AcDbText
 10
92382.35492364674
 20
55673.02460501912
 30
0.0
 40
240.2999999999997
  1
3'
  7
Arial_1
 72
     1
 11
92507.75021696188
 21
55793.17460501913
 31
0.0
100
AcDbText
 73
     2
  0
CIRCLE
  5
1C18
330
1F
100
AcDbEntity
  8
GRID NAME
100
AcDbCircle
 10
93182.75021696164
 20
39151.84755816783
 30
0.0
 40
225.0
  0
TEXT
  5
1C19
330
1F
100
AcDbEntity
  8
GRID NAME
100
AcDbText
 10
93025.30945979931
 20
39031.69755816782
 30
0.0
 40
240.2999999999997
  1
3''
  7
Arial_1
 72
     1
 11
93182.75021696164
 21
39151.84755816783
 31
0.0
100
AcDbText
 73
     2
  0
CIRCLE
  5
1C1A
330
1F
100
AcDbEntity
  8
GRID NAME
100
AcDbCircle
 10
86807.75021696119
 20
39151.84777179087
 30
0.0
 40
225.0
  0
TEXT
  5
1C1B
330
1F
100
AcDbEntity
  8
GRID NAME
100
AcDbText
 10
86682.35492364603
 20
39031.69777179087
 30
0.0
 40
240.2999999999997
  1
2'
  7
Arial_1
 72
     1
 11
86807.75021696119
 21
39151.84777179087
 31
0.0
100
AcDbText
 73
     2
  0
CIRCLE
  5
1C1C
330
1F
100
AcDbEntity
  8
GRID NAME
100
AcDbCircle
 10
87482.75023144
 20
39137.03194076379
 30
0.0
 40
225.0
  0
TEXT
  5
1C1D
330
1F
100
AcDbEntity
  8
GRID NAME
100
AcDbText
 10
87325.30947427765
 20
39016.88194076379
 30
0.0
 40
240.2999999999997
  1
2''
  7
Arial_1
 72
     1
 11
87482.75023144
 21
39137.03194076379
 31
0.0
100
AcDbText
 73
     2
  0
CIRCLE
  5
1C1E
330
1F
100
AcDbEntity
  8
GRID NAME
100
AcDbCircle
 10
86239.54263146877
 20
39151.45634306196
 30
0.0
 40
225.0
  0
TEXT
  5
1C1F
330
1F
100
AcDbEntity
  8
GRID NAME
100
AcDbText
 10
86146.19280200084
 20
39031.30634306196
 30
0.0
 40
240.2999999999997
  1
2
  7
Arial_1
 72
     1
 11
86239.54263146877
 21
39151.45634306196
 31
0.0
100
AcDbText
 73
     2
  0
CIRCLE
  5
1C20
330
1F
100
AcDbEntity
  8
GRID NAME
100
AcDbCircle
 10
92507.75021696199
 20
39151.84755816783
 30
0.0
 40
225.0
  0
TEXT
  5
1C21
330
1F
100
AcDbEntity
  8
GRID NAME
100
AcDbText
 10
92382.35492364685
 20
39031.69755816782
 30
0.0
 40
240.2999999999997
  1
3'
  7
Arial_1
 72
     1
 11
92507.75021696199
 21
39151.84755816783
 31
0.0
100
AcDbText
 73
     2
  0
CIRCLE
  5
1C22
330
1F
100
AcDbEntity
  8
GRID NAME
100
AcDbCircle
 10
95582.75070524267
 20
39151.84755816783
 30
0.0
 40
225.0
  0
TEXT
  5
1C23
330
1F
100
AcDbEntity
  8
GRID NAME
100
AcDbText
 10
95489.40087577472
 20
39031.69755816782
 30
0.0
 40
240.2999999999997
  1
4
  7
Arial_1
 72
     1
 11
95582.75070524267
 21
39151.84755816783
 31
0.0
100
AcDbText
 73
     2
  0
LWPOLYLINE
  5
1C74
330
1F
100
AcDbEntity
  8
COLUMN 1-2
 62
     3
440
 33554687
100
AcDbPolyline
 90
        4
 70
     1
 43
0.0
 10
41503.13617232903
 20
53169.96299308093
 10
41728.13617232903
 20
53169.96299308093
 10
41728.13617232903
 20
53394.96299308093
 10
41503.13617232903
 20
53394.96299308093
  0
LWPOLYLINE
  5
1C75
330
1F
100
AcDbEntity
  8
COLUMN 1-2
 62
     3
440
 33554687
100
AcDbPolyline
 90
        4
 70
     1
 43
0.0
 10
55528.13666061028
 20
53169.96299308093
 10
55753.13666061028
 20
53169.96299308093
 10
55753.13666061028
 20
53394.96299308093
 10
55528.13666061028
 20
53394.96299308093
  0
LWPOLYLINE
  5
1C76
330
1F
100
AcDbEntity
  8
COLUMN 1-2
 62
     3
440
 33554687
100
AcDbPolyline
 90
        4
 70
     1
 43
0.0
 10
55528.13666061028
 20
43044.96299308093
 10
55753.13666061028
 20
43044.96299308093
 10
55753.13666061028
 20
43269.96299308093
 10
55528.13666061028
 20
43269.96299308093
  0
LWPOLYLINE
  5
1C77
330
1F
100
AcDbEntity
  8
COLUMN 1-2
 62
     3
440
 33554687
100
AcDbPolyline
 90
        4
 70
     1
 43
0.0
 10
55528.13586715325
 20
48891.19956534655
 10
55753.13586715325
 20
48891.19956534655
 10
55753.13586715325
 20
49116.19956534655
 10
55528.13586715325
 20
49116.19956534655
  0
LWPOLYLINE
  5
1C78
330
1F
100
AcDbEntity
  8
COLUMN 1-2
 62
     3
440
 33554687
100
AcDbPolyline
 90
        4
 70
     1
 43
0.0
 10
59578.13666061028
 20
44919.96299308095
 10
59803.13666061028
 20
44919.96299308095
 10
59803.13666061028
 20
45144.96299308095
 10
59578.13666061028
 20
45144.96299308095
  0
LWPOLYLINE
  5
1C79
330
1F
100
AcDbEntity
  8
COLUMN 1-2
 62
     3
440
 33554687
100
AcDbPolyline
 90
        4
 70
     1
 43
0.0
 10
63178.13666061028
 20
44919.96299308095
 10
63403.13666061028
 20
44919.96299308095
 10
63403.13666061028
 20
45144.96299308095
 10
63178.13666061028
 20
45144.96299308095
  0
LWPOLYLINE
  5
1C7A
330
1F
100
AcDbEntity
  8
COLUMN 1-2
 62
     3
440
 33554687
100
AcDbPolyline
 90
        4
 70
     1
 43
0.0
 10
63178.13666061028
 20
41244.96323722155
 10
63403.13666061028
 20
41244.96323722155
 10
63403.13666061028
 20
41469.96323722155
 10
63178.13666061028
 20
41469.96323722155
  0
LWPOLYLINE
  5
1C7B
330
1F
100
AcDbEntity
  8
COLUMN 1-2
 62
     3
440
 33554687
100
AcDbPolyline
 90
        4
 70
     1
 43
0.0
 10
63178.13666061028
 20
52570.29404776845
 10
63403.13666061028
 20
52570.29404776845
 10
63403.13666061028
 20
52795.29404776845
 10
63178.13666061028
 20
52795.29404776845
  0
LWPOLYLINE
  5
1C7C
330
1F
100
AcDbEntity
  8
COLUMN 1-2
 62
     3
440
 33554687
100
AcDbPolyline
 90
        4
 70
     1
 43
0.0
 10
58153.13586715324
 20
48891.19956534655
 10
58378.13586715324
 20
48891.19956534655
 10
58378.13586715324
 20
49116.19956534655
 10
58153.13586715324
 20
49116.19956534655
  0
LWPOLYLINE
  5
1C7D
330
1F
100
AcDbEntity
  8
COLUMN 1-2
 62
     3
440
 33554687
100
AcDbPolyline
 90
        4
 70
     1
 43
0.0
 10
58153.13666061028
 20
43044.96299308093
 10
58378.13666061028
 20
43044.96299308093
 10
58378.13666061028
 20
43269.96299308093
 10
58153.13666061028
 20
43269.96299308093
  0
LWPOLYLINE
  5
1C7E
330
1F
100
AcDbEntity
  8
COLUMN 1-2
 62
     3
440
 33554687
100
AcDbPolyline
 90
        4
 70
     1
 43
0.0
 10
58153.13666061028
 20
52570.29404776845
 10
58378.13666061028
 20
52570.29404776845
 10
58378.13666061028
 20
52795.29404776845
 10
58153.13666061028
 20
52795.29404776845
  0
LWPOLYLINE
  5
1C7F
330
1F
100
AcDbEntity
  8
COLUMN 1-2
 62
     3
440
 33554687
100
AcDbPolyline
 90
        4
 70
     1
 43
0.0
 10
63178.13666061028
 20
48895.19932120596
 10
63403.13666061028
 20
48895.19932120596
 10
63403.13666061028
 20
49120.19932120596
 10
63178.13666061028
 20
49120.19932120596
  0
LWPOLYLINE
  5
1C80
330
1F
100
AcDbEntity
  8
COLUMN 1-2
 62
     3
440
 33554687
100
AcDbPolyline
 90
        4
 70
     1
 43
0.0
 10
59578.13666061028
 20
48895.19932120596
 10
59803.13666061028
 20
48895.19932120596
 10
59803.13666061028
 20
49120.19932120596
 10
59578.13666061028
 20
49120.19932120596
  0
LWPOLYLINE
  5
1C81
330
1F
100
AcDbEntity
  8
COLUMN 1-2
 62
     3
440
 33554687
100
AcDbPolyline
 90
        4
 70
     1
 43
0.0
 10
41503.13617232903
 20
43044.96299308093
 10
41728.13617232903
 20
43044.96299308093
 10
41728.13617232903
 20
43269.96299308093
 10
41503.13617232903
 20
43269.96299308093
  0
LWPOLYLINE
  5
1C82
330
1F
100
AcDbEntity
  8
COLUMN 1-2
 62
     3
440
 33554687
100
AcDbPolyline
 90
        4
 70
     1
 43
0.0
 10
38878.13617232903
 20
47769.96299308093
 10
39103.13617232903
 20
47769.96299308093
 10
39103.13617232903
 20
47994.96299308093
 10
38878.13617232903
 20
47994.96299308093
  0
LWPOLYLINE
  5
1C83
330
1F
100
AcDbEntity
  8
COLUMN 1-2
 62
     3
440
 33554687
100
AcDbPolyline
 90
        4
 70
     1
 43
0.0
 10
38878.13617232903
 20
43044.96299308093
 10
39103.13617232903
 20
43044.96299308093
 10
39103.13617232903
 20
43269.96299308093
 10
38878.13617232903
 20
43269.96299308093
  0
LWPOLYLINE
  5
1C85
330
1F
100
AcDbEntity
  8
COLUMN 1-2
 62
     3
440
 33554687
100
AcDbPolyline
 90
        4
 70
     1
 43
0.0
 10
47428.13666061028
 20
41244.96323722155
 10
47653.13666061028
 20
41244.96323722155
 10
47653.13666061028
 20
41469.96323722155
 10
47428.13666061028
 20
41469.96323722155
  0
LWPOLYLINE
  5
1C86
330
1F
100
AcDbEntity
  8
COLUMN 1-2
 62
     3
440
 33554687
100
AcDbPolyline
 90
        4
 70
     1
 43
0.0
 10
53128.13666061028
 20
41244.96323722155
 10
53353.13666061028
 20
41244.96323722155
 10
53353.13666061028
 20
41469.96323722155
 10
53128.13666061028
 20
41469.96323722155
  0
LWPOLYLINE
  5
1C87
330
1F
100
AcDbEntity
  8
COLUMN 1-2
 62
     3
440
 33554687
100
AcDbPolyline
 90
        4
 70
     1
 43
0.0
 10
58153.13666061028
 20
41244.96323722155
 10
58378.13666061028
 20
41244.96323722155
 10
58378.13666061028
 20
41469.96323722155
 10
58153.13666061028
 20
41469.96323722155
  0
LWPOLYLINE
  5
1C88
330
1F
100
AcDbEntity
  8
COLUMN 1-2
 62
     3
440
 33554687
100
AcDbPolyline
 90
        4
 70
     1
 43
0.0
 10
46753.13666060981
 20
41244.96323722155
 10
46978.13666060981
 20
41244.96323722155
 10
46978.13666060981
 20
41469.96323722155
 10
46753.13666060981
 20
41469.96323722155
  0
LWPOLYLINE
  5
1C89
330
1F
100
AcDbEntity
  8
COLUMN 1-2
 62
     3
440
 33554687
100
AcDbPolyline
 90
        4
 70
     1
 43
0.0
 10
52453.13666061028
 20
41244.96323722155
 10
52678.13666061028
 20
41244.96323722155
 10
52678.13666061028
 20
41469.96323722155
 10
52453.13666061028
 20
41469.96323722155
  0
LWPOLYLINE
  5
1C8A
330
1F
100
AcDbEntity
  8
COLUMN 1-2
 62
     3
440
 33554687
100
AcDbPolyline
 90
        4
 70
     1
 43
0.0
 10
38878.13623336419
 20
41244.96326773913
 10
39103.13623336419
 20
41244.96326773913
 10
39103.13623336419
 20
41469.96326773913
 10
38878.13623336419
 20
41469.96326773913
  0
HATCH
  5
1C8B
330
1F
100
AcDbEntity
  8
COLUMN 1-2
 62
     3
440
 33554687
100
AcDbHatch
 10
0.0
 20
0.0
 30
0.0
210
0.0
220
0.0
230
1.0
  2
SOLID
 70
     1
 71
     0
 91
        1
 92
        1
 93
        4
 72
     1
 10
41503.13617232903
 20
53169.96299308093
 11
41728.13617232903
 21
53169.96299308093
 72
     1
 10
41728.13617232903
 20
53169.96299308093
 11
41728.13617232903
 21
53394.96299308093
 72
     1
 10
41728.13617232903
 20
53394.96299308093
 11
41503.13617232903
 21
53394.96299308093
 72
     1
 10
41503.13617232903
 20
53394.96299308093
 11
41503.13617232903
 21
53169.96299308093
 97
        0
 75
     0
 76
     1
 98
        1
 10
8931.18804382412
 20
53319.68731286577
450
        0
451
        0
460
0.0
461
0.0
452
        1
462
0.0
453
        0
470

1001
ACAD
1010
32684.44812850487
1020
-37.22431978480745
1030
0.0
1001
HATCHBACKGROUNDCOLOR
1071
-939524096
1000

1000

  0
HATCH
  5
1C8C
330
1F
100
AcDbEntity
  8
COLUMN 1-2
 62
     3
440
 33554687
100
AcDbHatch
 10
0.0
 20
0.0
 30
0.0
210
0.0
220
0.0
230
1.0
  2
SOLID
 70
     1
 71
     0
 91
        1
 92
        1
 93
        4
 72
     1
 10
55528.13617232903
 20
53169.96299308093
 11
55753.13617232903
 21
53169.96299308093
 72
     1
 10
55753.13617232903
 20
53169.96299308093
 11
55753.13617232903
 21
53394.96299308093
 72
     1
 10
55753.13617232903
 20
53394.96299308093
 11
55528.13617232903
 21
53394.96299308093
 72
     1
 10
55528.13617232903
 20
53394.96299308093
 11
55528.13617232903
 21
53169.96299308093
 97
        0
 75
     0
 76
     1
 98
        1
 10
8931.18804382412
 20
53319.68731286577
450
        0
451
        0
460
0.0
461
0.0
452
        1
462
0.0
453
        0
470

1001
ACAD
1010
46709.44812850486
1020
-37.22431978480745
1030
0.0
1001
HATCHBACKGROUNDCOLOR
1071
-939524096
1000

1000

  0
HATCH
  5
1C8D
330
1F
100
AcDbEntity
  8
COLUMN 1-2
 62
     3
440
 33554687
100
AcDbHatch
 10
0.0
 20
0.0
 30
0.0
210
0.0
220
0.0
230
1.0
  2
SOLID
 70
     1
 71
     0
 91
        1
 92
        1
 93
        4
 72
     1
 10
55528.135378872
 20
48891.19956534655
 11
55753.135378872
 21
48891.19956534655
 72
     1
 10
55753.135378872
 20
48891.19956534655
 11
55753.135378872
 21
49116.19956534655
 72
     1
 10
55753.135378872
 20
49116.19956534655
 11
55528.135378872
 21
49116.19956534655
 72
     1
 10
55528.135378872
 20
49116.19956534655
 11
55528.135378872
 21
48891.19956534655
 97
        0
 75
     0
 76
     1
 98
        1
 10
8931.18725036709
 20
54440.9238851314
450
        0
451
        0
460
0.0
461
0.0
452
        1
462
0.0
453
        0
470

1001
ACAD
1010
46709.44812850486
1020
-5437.224319784808
1030
0.0
1001
HATCHBACKGROUNDCOLOR
1071
-939524096
1000

1000

  0
HATCH
  5
1C8E
330
1F
100
AcDbEntity
  8
COLUMN 1-2
 62
     3
440
 33554687
100
AcDbHatch
 10
0.0
 20
0.0
 30
0.0
210
0.0
220
0.0
230
1.0
  2
SOLID
 70
     1
 71
     0
 91
        1
 92
        1
 93
        4
 72
     1
 10
63178.13617232903
 20
44919.96299308093
 11
63403.13617232903
 21
44919.96299308093
 72
     1
 10
63403.13617232903
 20
44919.96299308093
 11
63403.13617232903
 21
45144.96299308093
 72
     1
 10
63403.13617232903
 20
45144.96299308093
 11
63178.13617232903
 21
45144.96299308093
 72
     1
 10
63178.13617232903
 20
45144.96299308093
 11
63178.13617232903
 21
44919.96299308093
 97
        0
 75
     0
 76
     1
 98
        1
 10
8931.18804382412
 20
53319.68731286577
450
        0
451
        0
460
0.0
461
0.0
452
        1
462
0.0
453
        0
470

1001
ACAD
1010
54359.44812850487
1020
-8287.224319784808
1030
0.0
1001
HATCHBACKGROUNDCOLOR
1071
-939524096
1000

1000

  0
HATCH
  5
1C8F
330
1F
100
AcDbEntity
  8
COLUMN 1-2
 62
     3
440
 33554687
100
AcDbHatch
 10
0.0
 20
0.0
 30
0.0
210
0.0
220
0.0
230
1.0
  2
SOLID
 70
     1
 71
     0
 91
        1
 92
        1
 93
        4
 72
     1
 10
63178.13617232903
 20
41244.96299308093
 11
63403.13617232903
 21
41244.96299308093
 72
     1
 10
63403.13617232903
 20
41244.96299308093
 11
63403.13617232903
 21
41469.96299308093
 72
     1
 10
63403.13617232903
 20
41469.96299308093
 11
63178.13617232903
 21
41469.96299308093
 72
     1
 10
63178.13617232903
 20
41469.96299308093
 11
63178.13617232903
 21
41244.96299308093
 97
        0
 75
     0
 76
     1
 98
        1
 10
8931.18804382412
 20
53319.68731286577
450
        0
451
        0
460
0.0
461
0.0
452
        1
462
0.0
453
        0
470

1001
ACAD
1010
54359.44812850487
1020
-11962.22431978481
1030
0.0
1001
HATCHBACKGROUNDCOLOR
1071
-939524096
1000

1000

  0
HATCH
  5
1C90
330
1F
100
AcDbEntity
  8
COLUMN 1-2
 62
     3
440
 33554687
100
AcDbHatch
 10
0.0
 20
0.0
 30
0.0
210
0.0
220
0.0
230
1.0
  2
SOLID
 70
     1
 71
     0
 91
        1
 92
        1
 93
        4
 72
     1
 10
63178.13617232903
 20
52570.29307120593
 11
63403.13617232903
 21
52570.29307120593
 72
     1
 10
63403.13617232903
 20
52570.29307120593
 11
63403.13617232903
 21
52795.29307120593
 72
     1
 10
63403.13617232903
 20
52795.29307120593
 11
63178.13617232903
 21
52795.29307120593
 72
     1
 10
63178.13617232903
 20
52795.29307120593
 11
63178.13617232903
 21
52570.29307120593
 97
        0
 75
     0
 76
     1
 98
        1
 10
8931.18804382412
 20
53319.68731286577
450
        0
451
        0
460
0.0
461
0.0
452
        1
462
0.0
453
        0
470

1001
ACAD
1010
54359.44812850487
1020
-636.8942416598092
1030
0.0
1001
HATCHBACKGROUNDCOLOR
1071
-939524096
1000

1000

  0
HATCH
  5
1C91
330
1F
100
AcDbEntity
  8
COLUMN 1-2
 62
     3
440
 33554687
100
AcDbHatch
 10
0.0
 20
0.0
 30
0.0
210
0.0
220
0.0
230
1.0
  2
SOLID
 70
     1
 71
     0
 91
        1
 92
        1
 93
        4
 72
     1
 10
58153.135378872
 20
48891.19956534655
 11
58378.135378872
 21
48891.19956534655
 72
     1
 10
58378.135378872
 20
48891.19956534655
 11
58378.135378872
 21
49116.19956534655
 72
     1
 10
58378.135378872
 20
49116.19956534655
 11
58153.135378872
 21
49116.19956534655
 72
     1
 10
58153.135378872
 20
49116.19956534655
 11
58153.135378872
 21
48891.19956534655
 97
        0
 75
     0
 76
     1
 98
        1
 10
8931.18725036709
 20
54440.9238851314
450
        0
451
        0
460
0.0
461
0.0
452
        1
462
0.0
453
        0
470

1001
ACAD
1010
49334.44812850487
1020
-5437.224319784808
1030
0.0
1001
HATCHBACKGROUNDCOLOR
1071
-939524096
1000

1000

  0
HATCH
  5
1C92
330
1F
100
AcDbEntity
  8
COLUMN 1-2
 62
     3
440
 33554687
100
AcDbHatch
 10
0.0
 20
0.0
 30
0.0
210
0.0
220
0.0
230
1.0
  2
SOLID
 70
     1
 71
     0
 91
        1
 92
        1
 93
        4
 72
     1
 10
58153.13617232903
 20
43044.96299308093
 11
58378.13617232903
 21
43044.96299308093
 72
     1
 10
58378.13617232903
 20
43044.96299308093
 11
58378.13617232903
 21
43269.96299308093
 72
     1
 10
58378.13617232903
 20
43269.96299308093
 11
58153.13617232903
 21
43269.96299308093
 72
     1
 10
58153.13617232903
 20
43269.96299308093
 11
58153.13617232903
 21
43044.96299308093
 97
        0
 75
     0
 76
     1
 98
        1
 10
8931.18804382412
 20
53319.68731286577
450
        0
451
        0
460
0.0
461
0.0
452
        1
462
0.0
453
        0
470

1001
ACAD
1010
49334.44812850487
1020
-10162.2243197848
1030
0.0
1001
HATCHBACKGROUNDCOLOR
1071
-939524096
1000

1000

  0
HATCH
  5
1C93
330
1F
100
AcDbEntity
  8
COLUMN 1-2
 62
     3
440
 33554687
100
AcDbHatch
 10
0.0
 20
0.0
 30
0.0
210
0.0
220
0.0
230
1.0
  2
SOLID
 70
     1
 71
     0
 91
        1
 92
        1
 93
        4
 72
     1
 10
58153.13617232903
 20
52570.29307120593
 11
58378.13617232903
 21
52570.29307120593
 72
     1
 10
58378.13617232903
 20
52570.29307120593
 11
58378.13617232903
 21
52795.29307120593
 72
     1
 10
58378.13617232903
 20
52795.29307120593
 11
58153.13617232903
 21
52795.29307120593
 72
     1
 10
58153.13617232903
 20
52795.29307120593
 11
58153.13617232903
 21
52570.29307120593
 97
        0
 75
     0
 76
     1
 98
        1
 10
8931.18804382412
 20
53319.68731286577
450
        0
451
        0
460
0.0
461
0.0
452
        1
462
0.0
453
        0
470

1001
ACAD
1010
49334.44812850487
1020
-636.8942416598092
1030
0.0
1001
HATCHBACKGROUNDCOLOR
1071
-939524096
1000

1000

  0
HATCH
  5
1C94
330
1F
100
AcDbEntity
  8
COLUMN 1-2
 62
     3
440
 33554687
100
AcDbHatch
 10
0.0
 20
0.0
 30
0.0
210
0.0
220
0.0
230
1.0
  2
SOLID
 70
     1
 71
     0
 91
        1
 92
        1
 93
        4
 72
     1
 10
63178.13617232903
 20
48895.19932120593
 11
63403.13617232903
 21
48895.19932120593
 72
     1
 10
63403.13617232903
 20
48895.19932120593
 11
63403.13617232903
 21
49120.19932120593
 72
     1
 10
63403.13617232903
 20
49120.19932120593
 11
63178.13617232903
 21
49120.19932120593
 72
     1
 10
63178.13617232903
 20
49120.19932120593
 11
63178.13617232903
 21
48895.19932120593
 97
        0
 75
     0
 76
     1
 98
        1
 10
8931.18804382412
 20
53319.68731286577
450
        0
451
        0
460
0.0
461
0.0
452
        1
462
0.0
453
        0
470

1001
ACAD
1010
54359.44812850487
1020
-4315.987991659809
1030
0.0
1001
HATCHBACKGROUNDCOLOR
1071
-939524096
1000

1000

  0
HATCH
  5
1C95
330
1F
100
AcDbEntity
  8
COLUMN 1-2
 62
     3
440
 33554687
100
AcDbHatch
 10
0.0
 20
0.0
 30
0.0
210
0.0
220
0.0
230
1.0
  2
SOLID
 70
     1
 71
     0
 91
        1
 92
        1
 93
        4
 72
     1
 10
38878.13617232903
 20
47769.96299308093
 11
39103.13617232903
 21
47769.96299308093
 72
     1
 10
39103.13617232903
 20
47769.96299308093
 11
39103.13617232903
 21
47994.96299308093
 72
     1
 10
39103.13617232903
 20
47994.96299308093
 11
38878.13617232903
 21
47994.96299308093
 72
     1
 10
38878.13617232903
 20
47994.96299308093
 11
38878.13617232903
 21
47769.96299308093
 97
        0
 75
     0
 76
     1
 98
        1
 10
8931.18804382412
 20
53319.68731286577
450
        0
451
        0
460
0.0
461
0.0
452
        1
462
0.0
453
        0
470

1001
ACAD
1010
30059.44812850487
1020
-5437.224319784808
1030
0.0
1001
HATCHBACKGROUNDCOLOR
1071
-939524096
1000

1000

  0
HATCH
  5
1C96
330
1F
100
AcDbEntity
  8
COLUMN 1-2
 62
     3
440
 33554687
100
AcDbHatch
 10
0.0
 20
0.0
 30
0.0
210
0.0
220
0.0
230
1.0
  2
SOLID
 70
     1
 71
     0
 91
        1
 92
        1
 93
        4
 72
     1
 10
38878.13617232903
 20
43044.96299308093
 11
39103.13617232903
 21
43044.96299308093
 72
     1
 10
39103.13617232903
 20
43044.96299308093
 11
39103.13617232903
 21
43269.96299308093
 72
     1
 10
39103.13617232903
 20
43269.96299308093
 11
38878.13617232903
 21
43269.96299308093
 72
     1
 10
38878.13617232903
 20
43269.96299308093
 11
38878.13617232903
 21
43044.96299308093
 97
        0
 75
     0
 76
     1
 98
        1
 10
8931.18804382412
 20
53319.68731286577
450
        0
451
        0
460
0.0
461
0.0
452
        1
462
0.0
453
        0
470

1001
ACAD
1010
30059.44812850487
1020
-10162.2243197848
1030
0.0
1001
HATCHBACKGROUNDCOLOR
1071
-939524096
1000

1000

  0
HATCH
  5
1C97
330
1F
100
AcDbEntity
  8
COLUMN 1-2
 62
     3
440
 33554687
100
AcDbHatch
 10
0.0
 20
0.0
 30
0.0
210
0.0
220
0.0
230
1.0
  2
SOLID
 70
     1
 71
     0
 91
        1
 92
        1
 93
        4
 72
     1
 10
47428.13617232903
 20
41244.96299308093
 11
47653.13617232903
 21
41244.96299308093
 72
     1
 10
47653.13617232903
 20
41244.96299308093
 11
47653.13617232903
 21
41469.96299308093
 72
     1
 10
47653.13617232903
 20
41469.96299308093
 11
47428.13617232903
 21
41469.96299308093
 72
     1
 10
47428.13617232903
 20
41469.96299308093
 11
47428.13617232903
 21
41244.96299308093
 97
        0
 75
     0
 76
     1
 98
        1
 10
8931.18804382412
 20
53319.68731286577
450
        0
451
        0
460
0.0
461
0.0
452
        1
462
0.0
453
        0
470

1001
ACAD
1010
38609.44812850489
1020
-11962.22431978481
1030
0.0
1001
HATCHBACKGROUNDCOLOR
1071
-939524096
1000

1000

  0
HATCH
  5
1C98
330
1F
100
AcDbEntity
  8
COLUMN 1-2
 62
     3
440
 33554687
100
AcDbHatch
 10
0.0
 20
0.0
 30
0.0
210
0.0
220
0.0
230
1.0
  2
SOLID
 70
     1
 71
     0
 91
        1
 92
        1
 93
        4
 72
     1
 10
53128.13617232903
 20
41244.96299308093
 11
53353.13617232903
 21
41244.96299308093
 72
     1
 10
53353.13617232903
 20
41244.96299308093
 11
53353.13617232903
 21
41469.96299308093
 72
     1
 10
53353.13617232903
 20
41469.96299308093
 11
53128.13617232903
 21
41469.96299308093
 72
     1
 10
53128.13617232903
 20
41469.96299308093
 11
53128.13617232903
 21
41244.96299308093
 97
        0
 75
     0
 76
     1
 98
        1
 10
8931.18804382412
 20
53319.68731286577
450
        0
451
        0
460
0.0
461
0.0
452
        1
462
0.0
453
        0
470

1001
ACAD
1010
44309.44812850486
1020
-11962.22431978481
1030
0.0
1001
HATCHBACKGROUNDCOLOR
1071
-939524096
1000

1000

  0
HATCH
  5
1C99
330
1F
100
AcDbEntity
  8
COLUMN 1-2
 62
     3
440
 33554687
100
AcDbHatch
 10
0.0
 20
0.0
 30
0.0
210
0.0
220
0.0
230
1.0
  2
SOLID
 70
     1
 71
     0
 91
        1
 92
        1
 93
        4
 72
     1
 10
46753.13617233066
 20
41244.96299308093
 11
46978.13617233066
 21
41244.96299308093
 72
     1
 10
46978.13617233066
 20
41244.96299308093
 11
46978.13617233066
 21
41469.96299308093
 72
     1
 10
46978.13617233066
 20
41469.96299308093
 11
46753.13617233066
 21
41469.96299308093
 72
     1
 10
46753.13617233066
 20
41469.96299308093
 11
46753.13617233066
 21
41244.96299308093
 97
        0
 75
     0
 76
     1
 98
        1
 10
8931.18804382412
 20
53319.68731286577
450
        0
451
        0
460
0.0
461
0.0
452
        1
462
0.0
453
        0
470

1001
ACAD
1010
37934.44812850643
1020
-11962.22431978481
1030
0.0
1001
HATCHBACKGROUNDCOLOR
1071
-939524096
1000

1000

  0
HATCH
  5
1C9A
330
1F
100
AcDbEntity
  8
COLUMN 1-2
 62
     3
440
 33554687
100
AcDbHatch
 10
0.0
 20
0.0
 30
0.0
210
0.0
220
0.0
230
1.0
  2
SOLID
 70
     1
 71
     0
 91
        1
 92
        1
 93
        4
 72
     1
 10
52453.13617232903
 20
41244.96299308093
 11
52678.13617232903
 21
41244.96299308093
 72
     1
 10
52678.13617232903
 20
41244.96299308093
 11
52678.13617232903
 21
41469.96299308093
 72
     1
 10
52678.13617232903
 20
41469.96299308093
 11
52453.13617232903
 21
41469.96299308093
 72
     1
 10
52453.13617232903
 20
41469.96299308093
 11
52453.13617232903
 21
41244.96299308093
 97
        0
 75
     0
 76
     1
 98
        1
 10
8931.18804382412
 20
53319.68731286577
450
        0
451
        0
460
0.0
461
0.0
452
        1
462
0.0
453
        0
470

1001
ACAD
1010
43634.44812850491
1020
-11962.22431978481
1030
0.0
1001
HATCHBACKGROUNDCOLOR
1071
-939524096
1000

1000

  0
HATCH
  5
1C9B
330
1F
100
AcDbEntity
  8
COLUMN 1-2
 62
     3
440
 33554687
100
AcDbHatch
 10
0.0
 20
0.0
 30
0.0
210
0.0
220
0.0
230
1.0
  2
SOLID
 70
     1
 71
     0
 91
        1
 92
        1
 93
        4
 72
     1
 10
58153.13666061028
 20
41244.96348136218
 11
58378.13666061028
 21
41244.96348136218
 72
     1
 10
58378.13666061028
 20
41244.96348136218
 11
58378.13666061028
 21
41469.96348136218
 72
     1
 10
58378.13666061028
 20
41469.96348136218
 11
58153.13666061028
 21
41469.96348136218
 72
     1
 10
58153.13666061028
 20
41469.96348136218
 11
58153.13666061028
 21
41244.96348136218
 97
        0
 75
     0
 76
     1
 98
        1
 10
8931.18804382412
 20
53319.68731286577
450
        0
451
        0
460
0.0
461
0.0
452
        1
462
0.0
453
        0
470

1001
ACAD
1010
49334.44861678616
1020
-11962.22383150356
1030
0.0
1001
HATCHBACKGROUNDCOLOR
1071
-939524096
1000

1000

  0
HATCH
  5
1C9D
330
1F
100
AcDbEntity
  8
COLUMN 1-2
 62
     3
440
 33554687
100
AcDbHatch
 10
0.0
 20
0.0
 30
0.0
210
0.0
220
0.0
230
1.0
  2
SOLID
 70
     1
 71
     0
 91
        1
 92
        1
 93
        4
 72
     1
 10
38878.13617232903
 20
41244.96326773913
 11
39103.13617232903
 21
41244.96326773913
 72
     1
 10
39103.13617232903
 20
41244.96326773913
 11
39103.13617232903
 21
41469.96326773913
 72
     1
 10
39103.13617232903
 20
41469.96326773913
 11
38878.13617232903
 21
41469.96326773913
 72
     1
 10
38878.13617232903
 20
41469.96326773913
 11
38878.13617232903
 21
41244.96326773913
 97
        0
 75
     0
 76
     1
 98
        1
 10
8931.18804382412
 20
51519.68758752397
450
        0
451
        0
460
0.0
461
0.0
452
        1
462
0.0
453
        0
470

1001
ACAD
1010
30059.44812850487
1020
-10162.2243197848
1030
0.0
1001
HATCHBACKGROUNDCOLOR
1071
-939524096
1000

1000

  0
MTEXT
  5
1C9E
330
1F
100
AcDbEntity
  8
G-ANNO-TEXT
 62
     1
100
AcDbMText
 10
51564.0395031919
 20
37589.58352991668
 30
0.0
 40
729.3462765031035
 41
21788.99656705554
 46
0.0
 71
     2
 72
     1
  1
SECOND FLOOR GENERAL ARRANGEMENT
  7
Arial_B
 73
     2
 44
1.0
 90
        3
 63
     9
421
 13158600
 45
1.25
441
        0
1001
REVIT
1002
{
1070
     1
1000
2714887
1002
}
1002
{
1070
     5
1000
6914
1002
}
1002
{
1070
     2
1000
-2000300
1002
}
  0
LWPOLYLINE
  5
1C9F
330
1F
100
AcDbEntity
  8
COLUMN 1-2
 62
     3
440
 33554687
100
AcDbPolyline
 90
        4
 70
     1
 43
0.0
 10
46140.63653853997
 20
42932.46295528207
 10
46440.63653853996
 20
42932.46295528207
 10
46440.63653853996
 20
43382.46295528207
 10
46140.63653853997
 20
43382.46295528207
  0
HATCH
  5
1CA0
330
1F
100
AcDbEntity
  8
COLUMN 1-2
 62
     3
440
 33554687
100
AcDbHatch
 10
0.0
 20
0.0
 30
0.0
210
0.0
220
0.0
230
1.0
  2
SOLID
 70
     1
 71
     0
 91
        1
 92
        1
 93
        4
 72
     1
 10
46140.63653853997
 20
42932.46295528207
 11
46440.63653853996
 21
42932.46295528207
 72
     1
 10
46440.63653853996
 20
42932.46295528207
 11
46440.63653853996
 21
43382.46295528207
 72
     1
 10
46440.63653853996
 20
43382.46295528207
 11
46140.63653853997
 21
43382.46295528207
 72
     1
 10
46140.63653853997
 20
43382.46295528207
 11
46140.63653853997
 21
42932.46295528207
 97
        0
 75
     0
 76
     1
 98
        1
 10
-572070.8983419449
 20
-1026442.628254221
450
        0
451
        0
460
0.0
461
0.0
452
        1
462
0.0
453
        0
470

1001
ACAD
1010
618361.5348804848
1020
1069600.091209503
1030
0.0
1001
HATCHBACKGROUNDCOLOR
1071
-939524096
1000

1000

  0
LWPOLYLINE
  5
1CA3
330
1F
100
AcDbEntity
  8
COLUMN 1-2
 62
     3
440
 33554687
100
AcDbPolyline
 90
        4
 70
     1
 43
0.0
 10
50815.63714889153
 20
42932.46295528207
 10
51115.63714889153
 20
42932.46295528207
 10
51115.63714889153
 20
43382.46295528207
 10
50815.63714889153
 20
43382.46295528207
  0
HATCH
  5
1CA4
330
1F
100
AcDbEntity
  8
COLUMN 1-2
 62
     3
440
 33554687
100
AcDbHatch
 10
0.0
 20
0.0
 30
0.0
210
0.0
220
0.0
230
1.0
  2
SOLID
 70
     1
 71
     0
 91
        1
 92
        1
 93
        4
 72
     1
 10
50815.63714889153
 20
42932.46295528207
 11
51115.63714889153
 21
42932.46295528207
 72
     1
 10
51115.63714889153
 20
42932.46295528207
 11
51115.63714889153
 21
43382.46295528207
 72
     1
 10
51115.63714889153
 20
43382.46295528207
 11
50815.63714889153
 21
43382.46295528207
 72
     1
 10
50815.63714889153
 20
43382.46295528207
 11
50815.63714889153
 21
42932.46295528207
 97
        0
 75
     0
 76
     1
 98
        1
 10
-567395.8977315932
 20
-1026442.628254221
450
        0
451
        0
460
0.0
461
0.0
452
        1
462
0.0
453
        0
470

1001
ACAD
1010
618361.5348804848
1020
1069600.091209503
1030
0.0
1001
HATCHBACKGROUNDCOLOR
1071
-939524096
1000

1000

  0
LWPOLYLINE
  5
1CA5
330
1F
100
AcDbEntity
  8
COLUMN 1-2
 62
     3
440
 33554687
100
AcDbPolyline
 90
        4
 70
     1
 43
0.0
 10
46140.63653853997
 20
53057.46295528207
 10
46440.63653853996
 20
53057.46295528207
 10
46440.63653853996
 20
53507.46295528207
 10
46140.63653853997
 20
53507.46295528207
  0
HATCH
  5
1CA6
330
1F
100
AcDbEntity
  8
COLUMN 1-2
 62
     3
440
 33554687
100
AcDbHatch
 10
0.0
 20
0.0
 30
0.0
210
0.0
220
0.0
230
1.0
  2
SOLID
 70
     1
 71
     0
 91
        1
 92
        1
 93
        4
 72
     1
 10
46140.63653853997
 20
53057.46295528207
 11
46440.63653853996
 21
53057.46295528207
 72
     1
 10
46440.63653853996
 20
53057.46295528207
 11
46440.63653853996
 21
53507.46295528207
 72
     1
 10
46440.63653853996
 20
53507.46295528207
 11
46140.63653853997
 21
53507.46295528207
 72
     1
 10
46140.63653853997
 20
53507.46295528207
 11
46140.63653853997
 21
53057.46295528207
 97
        0
 75
     0
 76
     1
 98
        1
 10
-572070.8983419449
 20
-1016317.628254221
450
        0
451
        0
460
0.0
461
0.0
452
        1
462
0.0
453
        0
470

1001
ACAD
1010
618361.5348804848
1020
1069600.091209503
1030
0.0
1001
HATCHBACKGROUNDCOLOR
1071
-939524096
1000

1000

  0
LWPOLYLINE
  5
1CA7
330
1F
100
AcDbEntity
  8
COLUMN 1-2
 62
     3
440
 33554687
100
AcDbPolyline
 90
        4
 70
     1
 43
0.0
 10
50815.63714889153
 20
53057.46295528207
 10
51115.63714889153
 20
53057.46295528207
 10
51115.63714889153
 20
53507.46295528207
 10
50815.63714889153
 20
53507.46295528207
  0
HATCH
  5
1CA8
330
1F
100
AcDbEntity
  8
COLUMN 1-2
 62
     3
440
 33554687
100
AcDbHatch
 10
0.0
 20
0.0
 30
0.0
210
0.0
220
0.0
230
1.0
  2
SOLID
 70
     1
 71
     0
 91
        1
 92
        1
 93
        4
 72
     1
 10
50815.63714889153
 20
53057.46295528207
 11
51115.63714889153
 21
53057.46295528207
 72
     1
 10
51115.63714889153
 20
53057.46295528207
 11
51115.63714889153
 21
53507.46295528207
 72
     1
 10
51115.63714889153
 20
53507.46295528207
 11
50815.63714889153
 21
53507.46295528207
 72
     1
 10
50815.63714889153
 20
53507.46295528207
 11
50815.63714889153
 21
53057.46295528207
 97
        0
 75
     0
 76
     1
 98
        1
 10
-567395.8977315932
 20
-1016317.628254221
450
        0
451
        0
460
0.0
461
0.0
452
        1
462
0.0
453
        0
470

1001
ACAD
1010
618361.5348804848
1020
1069600.091209503
1030
0.0
1001
HATCHBACKGROUNDCOLOR
1071
-939524096
1000

1000

  0
HATCH
  5
1CA9
330
1F
100
AcDbEntity
  8
COLUMN 1-2
 62
     3
440
 33554687
100
AcDbHatch
 10
0.0
 20
0.0
 30
0.0
210
0.0
220
0.0
230
1.0
  2
SOLID
 70
     1
 71
     0
 91
        1
 92
        1
 93
        4
 72
     1
 10
41503.13617232903
 20
43044.96299308093
 11
41728.13617232903
 21
43044.96299308093
 72
     1
 10
41728.13617232903
 20
43044.96299308093
 11
41728.13617232903
 21
43269.96299308093
 72
     1
 10
41728.13617232903
 20
43269.96299308093
 11
41503.13617232903
 21
43269.96299308093
 72
     1
 10
41503.13617232903
 20
43269.96299308093
 11
41503.13617232903
 21
43044.96299308093
 97
        0
 75
     0
 76
     1
 98
        1
 10
11556.18804382412
 20
53319.68731286577
450
        0
451
        0
460
0.0
461
0.0
452
        1
462
0.0
453
        0
470

1001
ACAD
1010
30059.44812850487
1020
-10162.2243197848
1030
0.0
1001
HATCHBACKGROUNDCOLOR
1071
-939524096
1000

1000

  0
HATCH
  5
1CAA
330
1F
100
AcDbEntity
  8
COLUMN 1-2
 62
     3
440
 33554687
100
AcDbHatch
 10
0.0
 20
0.0
 30
0.0
210
0.0
220
0.0
230
1.0
  2
SOLID
 70
     1
 71
     0
 91
        1
 92
        1
 93
        4
 72
     1
 10
55528.13714889153
 20
43044.96296256335
 11
55753.13714889153
 21
43044.96296256335
 72
     1
 10
55753.13714889153
 20
43044.96296256335
 11
55753.13714889153
 21
43269.96296256335
 72
     1
 10
55753.13714889153
 20
43269.96296256335
 11
55528.13714889153
 21
43269.96296256335
 72
     1
 10
55528.13714889153
 20
43269.96296256335
 11
55528.13714889153
 21
43044.96296256335
 97
        0
 75
     0
 76
     1
 98
        1
 10
25581.18902038662
 20
53319.68728234819
450
        0
451
        0
460
0.0
461
0.0
452
        1
462
0.0
453
        0
470

1001
ACAD
1010
30059.44812850487
1020
-10162.2243197848
1030
0.0
1001
HATCHBACKGROUNDCOLOR
1071
-939524096
1000

1000

  0
LWPOLYLINE
  5
1CAB
330
1F
100
AcDbEntity
  8
GRIDLINES
 62
   251
420
  6513766
440
 33554687
 48
500.0
100
AcDbPolyline
 90
        2
 70
     0
 43
0.0
 10
36944.25347927581
 20
53282.46299308093
 10
65336.05341469643
 20
53282.46299308093
  0
LWPOLYLINE
  5
1CAC
330
1F
100
AcDbEntity
  8
GRIDLINES
 62
   251
420
  6513766
440
 33554687
 48
500.0
100
AcDbPolyline
 90
        2
 70
     0
 43
0.0
 10
36944.25347927581
 20
51707.46299308093
 10
65336.05341469643
 20
51707.46299308093
  0
LWPOLYLINE
  5
1CAD
330
1F
100
AcDbEntity
  8
GRIDLINES
 62
   251
420
  6513766
440
 33554687
 48
500.0
100
AcDbPolyline
 90
        2
 70
     0
 43
0.0
 10
36944.25347927581
 20
47882.46299308092
 10
65336.05341469643
 20
47882.46299308092
  0
LWPOLYLINE
  5
1CAE
330
1F
100
AcDbEntity
  8
GRIDLINES
 62
   251
420
  6513766
440
 33554687
 48
500.0
100
AcDbPolyline
 90
        2
 70
     0
 43
0.0
 10
36944.25347927581
 20
45032.46299308093
 10
65336.05341469643
 20
45032.46299308093
  0
LWPOLYLINE
  5
1CAF
330
1F
100
AcDbEntity
  8
GRIDLINES
 62
   251
420
  6513766
440
 33554687
 48
500.0
100
AcDbPolyline
 90
        2
 70
     0
 43
0.0
 10
36944.25347927581
 20
43157.46299308093
 10
65336.05341469643
 20
43157.46299308093
  0
LWPOLYLINE
  5
1CB0
330
1F
100
AcDbEntity
  8
GRIDLINES
 62
   251
420
  6513766
440
 33554687
 48
500.0
100
AcDbPolyline
 90
        2
 70
     0
 43
0.0
 10
36944.25347927581
 20
41357.46329825671
 10
65336.05341469643
 20
41357.46329825671
  0
LWPOLYLINE
  5
1CB1
330
1F
100
AcDbEntity
  8
GRIDLINES
 62
   251
420
  6513766
440
 33554687
 48
500.0
100
AcDbPolyline
 90
        2
 70
     0
 43
0.0
 10
53240.63659957512
 20
39376.45634306196
 10
53240.63659957512
 20
55568.17460501912
  0
LWPOLYLINE
  5
1CB2
330
1F
100
AcDbEntity
  8
GRIDLINES
 62
   251
420
  6513766
440
 33554687
 48
500.0
100
AcDbPolyline
 90
        2
 70
     0
 43
0.0
 10
55640.63708785638
 20
39376.45634306196
 10
55640.63708785638
 20
55568.17481864217
  0
LWPOLYLINE
  5
1CB3
330
1F
100
AcDbEntity
  8
GRIDLINES
 62
   251
420
  6513766
440
 33554687
 48
500.0
100
AcDbPolyline
 90
        2
 70
     0
 43
0.0
 10
58265.63586715325
 20
39376.45634306196
 10
58265.63586715325
 20
55568.17481864217
  0
LWPOLYLINE
  5
1CB4
330
1F
100
AcDbEntity
  8
GRIDLINES
 62
   251
420
  6513766
440
 33554687
 48
500.0
100
AcDbPolyline
 90
        2
 70
     0
 43
0.0
 10
59690.63586715325
 20
39376.45634306196
 10
59690.63586715325
 20
55568.17481864217
  0
LWPOLYLINE
  5
1CB5
330
1F
100
AcDbEntity
  8
GRIDLINES
 62
   251
420
  6513766
440
 33554687
 48
500.0
100
AcDbPolyline
 90
        2
 70
     0
 43
0.0
 10
63290.63586715325
 20
39376.45634306196
 10
63290.63586715325
 20
55568.17481864217
  0
LWPOLYLINE
  5
1CB6
330
1F
100
AcDbEntity
  8
GRIDLINES
 62
   251
420
  6513766
440
 33554687
 48
500.0
100
AcDbPolyline
 90
        2
 70
     0
 43
0.0
 10
38990.63617232903
 20
39376.45634306196
 10
38990.63617232903
 20
55568.17481864217
  0
LWPOLYLINE
  5
1CB7
330
1F
100
AcDbEntity
  8
GRIDLINES
 62
   251
420
  6513766
440
 33554687
 48
500.0
100
AcDbPolyline
 90
        2
 70
     0
 43
0.0
 10
36944.25347927581
 20
52682.7938036278
 10
65336.05341469643
 20
52682.7938036278
  0
LWPOLYLINE
  5
1CB8
330
1F
100
AcDbEntity
  8
GRIDLINES
 62
   251
420
  6513766
440
 33554687
 48
500.0
100
AcDbPolyline
 90
        2
 70
     0
 43
0.0
 10
41615.63617232903
 20
39376.45634306196
 10
41615.63617232903
 20
55568.17481864217
  0
LWPOLYLINE
  5
1CB9
330
1F
100
AcDbEntity
  8
GRIDLINES
 62
   251
420
  6513766
440
 33554687
 48
500.0
100
AcDbPolyline
 90
        2
 70
     0
 43
0.0
 10
50965.63708785637
 20
39376.45634306196
 10
50965.63708785637
 20
55568.17481864217
  0
LWPOLYLINE
  5
1CBA
330
1F
100
AcDbEntity
  8
GRIDLINES
 62
   251
420
  6513766
440
 33554687
 48
500.0
100
AcDbPolyline
 90
        4
 70
     0
 43
0.0
 10
46292.65973906692
 20
39381.27358887831
 10
46297.42901408225
 20
55567.78338991327
 10
46297.42901408225
 20
55567.78338991327
 10
46297.42901408225
 20
55567.78338991327
  0
LWPOLYLINE
  5
1CBB
330
1F
100
AcDbEntity
  8
GRIDLINES
 62
   251
420
  6513766
440
 33554687
 48
500.0
100
AcDbPolyline
 90
        2
 70
     0
 43
0.0
 10
36944.25347927581
 20
49003.69956534655
 10
65336.05341469643
 20
49003.69956534655
  0
LWPOLYLINE
  5
1CBC
330
1F
100
AcDbEntity
  8
GRIDLINES
 62
   251
420
  6513766
440
 33554687
 48
500.0
100
AcDbPolyline
 90
        4
 70
     0
 43
0.0
 10
47540.03480010207
 20
39362.03113591785
 10
47540.63659957524
 20
54419.25260917065
 10
47540.63661434706
 20
55568.17481864223
 10
47540.63661434706
 20
55568.17481864223
  0
LWPOLYLINE
  5
1CBD
330
1F
100
AcDbEntity
  8
GRIDLINES
 62
   251
420
  6513766
440
 33554687
 48
500.0
100
AcDbPolyline
 90
        4
 70
     0
 43
0.0
 10
46867.65986113653
 20
39381.27358887831
 10
46865.63659957466
 20
55568.17481864221
 10
46865.63659957466
 20
55568.17481864221
 10
46865.63659957466
 20
55568.17481864221
  0
LWPOLYLINE
  5
1CBE
330
1F
100
AcDbEntity
  8
GRIDLINES
 62
   251
420
  6513766
440
 33554687
 48
500.0
100
AcDbPolyline
 90
        2
 70
     0
 43
0.0
 10
52565.63659957571
 20
39376.45634306196
 10
52565.63659957548
 20
55568.17460501912
  0
CIRCLE
  5
1CBF
330
1F
100
AcDbEntity
  8
GRID NAME
100
AcDbCircle
 10
36719.25347927581
 20
53282.46299308093
 30
0.0
 40
225.0
  0
TEXT
  5
1CC0
330
1F
100
AcDbEntity
  8
GRID NAME
100
AcDbText
 10
36607.29925008073
 20
53162.31299308093
 30
0.0
 40
240.2999999999997
  1
A
  7
Arial_1
 72
     1
 11
36719.25347927581
 21
53282.46299308093
 31
0.0
100
AcDbText
 73
     2
  0
CIRCLE
  5
1CC1
330
1F
100
AcDbEntity
  8
GRID NAME
100
AcDbCircle
 10
65561.05341469644
 20
53282.46299308093
 30
0.0
 40
225.0
  0
TEXT
  5
1CC2
330
1F
100
AcDbEntity
  8
GRID NAME
100
AcDbText
 10
65449.09918550135
 20
53162.31299308093
 30
0.0
 40
240.2999999999997
  1
A
  7
Arial_1
 72
     1
 11
65561.05341469644
 21
53282.46299308093
 31
0.0
100
AcDbText
 73
     2
  0
CIRCLE
  5
1CC3
330
1F
100
AcDbEntity
  8
GRID NAME
100
AcDbCircle
 10
36719.25347927581
 20
51707.46299308093
 30
0.0
 40
225.0
  0
TEXT
  5
1CC4
330
1F
100
AcDbEntity
  8
GRID NAME
100
AcDbText
 10
36607.29925008073
 20
51587.31299308093
 30
0.0
 40
240.2999999999997
  1
B
  7
Arial_1
 72
     1
 11
36719.25347927581
 21
51707.46299308093
 31
0.0
100
AcDbText
 73
     2
  0
CIRCLE
  5
1CC5
330
1F
100
AcDbEntity
  8
GRID NAME
100
AcDbCircle
 10
65561.05341469644
 20
51707.46299308093
 30
0.0
 40
225.0
  0
TEXT
  5
1CC6
330
1F
100
AcDbEntity
  8
GRID NAME
100
AcDbText
 10
65449.09918550135
 20
51587.31299308093
 30
0.0
 40
240.2999999999997
  1
B
  7
Arial_1
 72
     1
 11
65561.05341469644
 21
51707.46299308093
 31
0.0
100
AcDbText
 73
     2
  0
CIRCLE
  5
1CC7
330
1F
100
AcDbEntity
  8
GRID NAME
100
AcDbCircle
 10
36719.25347927581
 20
47882.46299308092
 30
0.0
 40
225.0
  0
TEXT
  5
1CC8
330
1F
100
AcDbEntity
  8
GRID NAME
100
AcDbText
 10
36598.03802907117
 20
47762.31299308093
 30
0.0
 40
240.2999999999997
  1
C
  7
Arial_1
 72
     1
 11
36719.25347927581
 21
47882.46299308092
 31
0.0
100
AcDbText
 73
     2
  0
CIRCLE
  5
1CC9
330
1F
100
AcDbEntity
  8
GRID NAME
100
AcDbCircle
 10
65561.05341469644
 20
47882.46299308092
 30
0.0
 40
225.0
  0
TEXT
  5
1CCA
330
1F
100
AcDbEntity
  8
GRID NAME
100
AcDbText
 10
65439.83796449179
 20
47762.31299308093
 30
0.0
 40
240.2999999999997
  1
C
  7
Arial_1
 72
     1
 11
65561.05341469644
 21
47882.46299308092
 31
0.0
100
AcDbText
 73
     2
  0
CIRCLE
  5
1CCB
330
1F
100
AcDbEntity
  8
GRID NAME
100
AcDbCircle
 10
36719.25347927581
 20
45032.46299308093
 30
0.0
 40
225.0
  0
TEXT
  5
1CCC
330
1F
100
AcDbEntity
  8
GRID NAME
100
AcDbText
 10
36598.03802907117
 20
44912.31299308092
 30
0.0
 40
240.2999999999997
  1
D
  7
Arial_1
 72
     1
 11
36719.25347927581
 21
45032.46299308093
 31
0.0
100
AcDbText
 73
     2
  0
CIRCLE
  5
1CCD
330
1F
100
AcDbEntity
  8
GRID NAME
100
AcDbCircle
 10
65561.05341469644
 20
45032.46299308093
 30
0.0
 40
225.0
  0
TEXT
  5
1CCE
330
1F
100
AcDbEntity
  8
GRID NAME
100
AcDbText
 10
65439.83796449179
 20
44912.31299308092
 30
0.0
 40
240.2999999999997
  1
D
  7
Arial_1
 72
     1
 11
65561.05341469644
 21
45032.46299308093
 31
0.0
100
AcDbText
 73
     2
  0
CIRCLE
  5
1CCF
330
1F
100
AcDbEntity
  8
GRID NAME
100
AcDbCircle
 10
36719.25347927581
 20
43157.46299308093
 30
0.0
 40
225.0
  0
TEXT
  5
1CD0
330
1F
100
AcDbEntity
  8
GRID NAME
100
AcDbText
 10
36607.29925008073
 20
43037.31299308092
 30
0.0
 40
240.2999999999997
  1
E
  7
Arial_1
 72
     1
 11
36719.25347927581
 21
43157.46299308093
 31
0.0
100
AcDbText
 73
     2
  0
CIRCLE
  5
1CD1
330
1F
100
AcDbEntity
  8
GRID NAME
100
AcDbCircle
 10
65561.05341469644
 20
43157.46299308093
 30
0.0
 40
225.0
  0
TEXT
  5
1CD2
330
1F
100
AcDbEntity
  8
GRID NAME
100
AcDbText
 10
65449.09918550135
 20
43037.31299308092
 30
0.0
 40
240.2999999999997
  1
E
  7
Arial_1
 72
     1
 11
65561.05341469644
 21
43157.46299308093
 31
0.0
100
AcDbText
 73
     2
  0
CIRCLE
  5
1CD3
330
1F
100
AcDbEntity
  8
GRID NAME
100
AcDbCircle
 10
36719.25347927581
 20
41357.46329825671
 30
0.0
 40
225.0
  0
TEXT
  5
1CD4
330
1F
100
AcDbEntity
  8
GRID NAME
100
AcDbText
 10
36616.72438650636
 20
41237.31329825671
 30
0.0
 40
240.2999999999997
  1
F
  7
Arial_1
 72
     1
 11
36719.25347927581
 21
41357.46329825671
 31
0.0
100
AcDbText
 73
     2
  0
CIRCLE
  5
1CD5
330
1F
100
AcDbEntity
  8
GRID NAME
100
AcDbCircle
 10
65561.05341469644
 20
41357.46329825671
 30
0.0
 40
225.0
  0
TEXT
  5
1CD6
330
1F
100
AcDbEntity
  8
GRID NAME
100
AcDbText
 10
65458.52432192699
 20
41237.31329825671
 30
0.0
 40
240.2999999999997
  1
F
  7
Arial_1
 72
     1
 11
65561.05341469644
 21
41357.46329825671
 31
0.0
100
AcDbText
 73
     2
  0
CIRCLE
  5
1CD7
330
1F
100
AcDbEntity
  8
GRID NAME
100
AcDbCircle
 10
53240.63659957512
 20
55793.17460501913
 30
0.0
 40
225.0
  0
TEXT
  5
1CD8
330
1F
100
AcDbEntity
  8
GRID NAME
100
AcDbText
 10
53083.19584241278
 20
55673.02460501912
 30
0.0
 40
240.2999999999997
  1
3''
  7
Arial_1
 72
     1
 11
53240.63659957512
 21
55793.17460501913
 31
0.0
100
AcDbText
 73
     2
  0
CIRCLE
  5
1CD9
330
1F
100
AcDbEntity
  8
GRID NAME
100
AcDbCircle
 10
55640.63708785638
 20
55793.17481864217
 30
0.0
 40
225.0
  0
TEXT
  5
1CDA
330
1F
100
AcDbEntity
  8
GRID NAME
100
AcDbText
 10
55547.28725838844
 20
55673.02481864217
 30
0.0
 40
240.2999999999997
  1
4
  7
Arial_1
 72
     1
 11
55640.63708785638
 21
55793.17481864217
 31
0.0
100
AcDbText
 73
     2
  0
CIRCLE
  5
1CDB
330
1F
100
AcDbEntity
  8
GRID NAME
100
AcDbCircle
 10
58265.63586715325
 20
39151.45634306196
 30
0.0
 40
225.0
  0
TEXT
  5
1CDC
330
1F
100
AcDbEntity
  8
GRID NAME
100
AcDbText
 10
58172.28603768531
 20
39031.30634306196
 30
0.0
 40
240.2999999999997
  1
5
  7
Arial_1
 72
     1
 11
58265.63586715325
 21
39151.45634306196
 31
0.0
100
AcDbText
 73
     2
  0
CIRCLE
  5
1CDD
330
1F
100
AcDbEntity
  8
GRID NAME
100
AcDbCircle
 10
58265.63586715325
 20
55793.17481864217
 30
0.0
 40
225.0
  0
TEXT
  5
1CDE
330
1F
100
AcDbEntity
  8
GRID NAME
100
AcDbText
 10
58172.28603768531
 20
55673.02481864217
 30
0.0
 40
240.2999999999997
  1
5
  7
Arial_1
 72
     1
 11
58265.63586715325
 21
55793.17481864217
 31
0.0
100
AcDbText
 73
     2
  0
CIRCLE
  5
1CDF
330
1F
100
AcDbEntity
  8
GRID NAME
100
AcDbCircle
 10
59690.63586715325
 20
39151.45634306196
 30
0.0
 40
225.0
  0
TEXT
  5
1CE0
330
1F
100
AcDbEntity
  8
GRID NAME
100
AcDbText
 10
59597.28603768531
 20
39031.30634306196
 30
0.0
 40
240.2999999999997
  1
6
  7
Arial_1
 72
     1
 11
59690.63586715325
 21
39151.45634306196
 31
0.0
100
AcDbText
 73
     2
  0
CIRCLE
  5
1CE1
330
1F
100
AcDbEntity
  8
GRID NAME
100
AcDbCircle
 10
59690.63586715325
 20
55793.17481864217
 30
0.0
 40
225.0
  0
TEXT
  5
1CE2
330
1F
100
AcDbEntity
  8
GRID NAME
100
AcDbText
 10
59597.28603768531
 20
55673.02481864217
 30
0.0
 40
240.2999999999997
  1
6
  7
Arial_1
 72
     1
 11
59690.63586715325
 21
55793.17481864217
 31
0.0
100
AcDbText
 73
     2
  0
CIRCLE
  5
1CE3
330
1F
100
AcDbEntity
  8
GRID NAME
100
AcDbCircle
 10
63290.63586715325
 20
39151.45634306196
 30
0.0
 40
225.0
  0
TEXT
  5
1CE4
330
1F
100
AcDbEntity
  8
GRID NAME
100
AcDbText
 10
63197.28603768531
 20
39031.30634306196
 30
0.0
 40
240.2999999999997
  1
7
  7
Arial_1
 72
     1
 11
63290.63586715325
 21
39151.45634306196
 31
0.0
100
AcDbText
 73
     2
  0
CIRCLE
  5
1CE5
330
1F
100
AcDbEntity
  8
GRID NAME
100
AcDbCircle
 10
63290.63586715325
 20
55793.17481864217
 30
0.0
 40
225.0
  0
TEXT
  5
1CE6
330
1F
100
AcDbEntity
  8
GRID NAME
100
AcDbText
 10
63197.28603768531
 20
55673.02481864217
 30
0.0
 40
240.2999999999997
  1
7
  7
Arial_1
 72
     1
 11
63290.63586715325
 21
55793.17481864217
 31
0.0
100
AcDbText
 73
     2
  0
CIRCLE
  5
1CE7
330
1F
100
AcDbEntity
  8
GRID NAME
100
AcDbCircle
 10
38990.63617232903
 20
39151.45634306196
 30
0.0
 40
225.0
  0
TEXT
  5
1CE8
330
1F
100
AcDbEntity
  8
GRID NAME
100
AcDbText
 10
38897.2863428611
 20
39031.30634306196
 30
0.0
 40
240.2999999999997
  1
8
  7
Arial_1
 72
     1
 11
38990.63617232903
 21
39151.45634306196
 31
0.0
100
AcDbText
 73
     2
  0
CIRCLE
  5
1CE9
330
1F
100
AcDbEntity
  8
GRID NAME
100
AcDbCircle
 10
38990.63617232903
 20
55793.17481864217
 30
0.0
 40
225.0
  0
TEXT
  5
1CEA
330
1F
100
AcDbEntity
  8
GRID NAME
100
AcDbText
 10
38897.2863428611
 20
55673.02481864217
 30
0.0
 40
240.2999999999997
  1
8
  7
Arial_1
 72
     1
 11
38990.63617232903
 21
55793.17481864217
 31
0.0
100
AcDbText
 73
     2
  0
CIRCLE
  5
1CEB
330
1F
100
AcDbEntity
  8
GRID NAME
100
AcDbCircle
 10
36719.25347927581
 20
52682.7938036278
 30
0.0
 40
225.0
  0
TEXT
  5
1CEC
330
1F
100
AcDbEntity
  8
GRID NAME
100
AcDbText
 10
36575.49965935767
 20
52562.64380362781
 30
0.0
 40
240.2999999999997
  1
A'
  7
Arial_1
 72
     1
 11
36719.25347927581
 21
52682.7938036278
 31
0.0
100
AcDbText
 73
     2
  0
CIRCLE
  5
1CED
330
1F
100
AcDbEntity
  8
GRID NAME
100
AcDbCircle
 10
65561.05341469644
 20
52682.7938036278
 30
0.0
 40
225.0
  0
TEXT
  5
1CEE
330
1F
100
AcDbEntity
  8
GRID NAME
100
AcDbText
 10
65423.68984034445
 20
52557.7938036278
 30
0.0
 40
250.0
  1
A'
  7
Axis Label(Dir 1)
 72
     1
 11
65561.05341469644
 21
52682.7938036278
 31
0.0
100
AcDbText
 73
     2
  0
CIRCLE
  5
1CEF
330
1F
100
AcDbEntity
  8
GRID NAME
100
AcDbCircle
 10
41615.63617232903
 20
39151.45634306196
 30
0.0
 40
225.0
  0
TEXT
  5
1CF0
330
1F
100
AcDbEntity
  8
GRID NAME
100
AcDbText
 10
41522.28634286109
 20
39031.30634306196
 30
0.0
 40
240.2999999999997
  1
1
  7
Arial_1
 72
     1
 11
41615.63617232903
 21
39151.45634306196
 31
0.0
100
AcDbText
 73
     2
  0
CIRCLE
  5
1CF1
330
1F
100
AcDbEntity
  8
GRID NAME
100
AcDbCircle
 10
41615.63617232903
 20
55793.17481864217
 30
0.0
 40
225.0
  0
TEXT
  5
1CF2
330
1F
100
AcDbEntity
  8
GRID NAME
100
AcDbText
 10
41522.28634286109
 20
55673.02481864217
 30
0.0
 40
240.2999999999997
  1
1
  7
Arial_1
 72
     1
 11
41615.63617232903
 21
55793.17481864217
 31
0.0
100
AcDbText
 73
     2
  0
CIRCLE
  5
1CF3
330
1F
100
AcDbEntity
  8
GRID NAME
100
AcDbCircle
 10
46865.63659957466
 20
55793.17481864217
 30
0.0
 40
225.0
  0
TEXT
  5
1CF4
330
1F
100
AcDbEntity
  8
GRID NAME
100
AcDbText
 10
46740.24130625952
 20
55673.02481864217
 30
0.0
 40
240.2999999999997
  1
2'
  7
Arial_1
 72
     1
 11
46865.63659957466
 21
55793.17481864217
 31
0.0
100
AcDbText
 73
     2
  0
CIRCLE
  5
1CF5
330
1F
100
AcDbEntity
  8
GRID NAME
100
AcDbCircle
 10
50965.63708785637
 20
39151.45634306196
 30
0.0
 40
225.0
  0
TEXT
  5
1CF6
330
1F
100
AcDbEntity
  8
GRID NAME
100
AcDbText
 10
50872.28725838843
 20
39031.30634306196
 30
0.0
 40
240.2999999999997
  1
3
  7
Arial_1
 72
     1
 11
50965.63708785637
 21
39151.45634306196
 31
0.0
100
AcDbText
 73
     2
  0
CIRCLE
  5
1CF7
330
1F
100
AcDbEntity
  8
GRID NAME
100
AcDbCircle
 10
50965.63708785637
 20
55793.17481864217
 30
0.0
 40
225.0
  0
TEXT
  5
1CF8
330
1F
100
AcDbEntity
  8
GRID NAME
100
AcDbText
 10
50872.28725838843
 20
55673.02481864217
 30
0.0
 40
240.2999999999997
  1
3
  7
Arial_1
 72
     1
 11
50965.63708785637
 21
55793.17481864217
 31
0.0
100
AcDbText
 73
     2
  0
CIRCLE
  5
1CF9
330
1F
100
AcDbEntity
  8
GRID NAME
100
AcDbCircle
 10
36719.25347927581
 20
49003.69956534655
 30
0.0
 40
225.0
  0
TEXT
  5
1CFA
330
1F
100
AcDbEntity
  8
GRID NAME
100
AcDbText
 10
36575.25378623352
 20
48883.54956534655
 30
0.0
 40
240.2999999999997
  1
B'
  7
Arial_1
 72
     1
 11
36719.25347927581
 21
49003.69956534655
 31
0.0
100
AcDbText
 73
     2
  0
CIRCLE
  5
1CFB
330
1F
100
AcDbEntity
  8
GRID NAME
100
AcDbCircle
 10
65561.05341469644
 20
49003.69956534655
 30
0.0
 40
225.0
  0
TEXT
  5
1CFC
330
1F
100
AcDbEntity
  8
GRID NAME
100
AcDbText
 10
65417.05372165414
 20
48883.54956534655
 30
0.0
 40
240.2999999999997
  1
B'
  7
Arial_1
 72
     1
 11
65561.05341469644
 21
49003.69956534655
 31
0.0
100
AcDbText
 73
     2
  0
CIRCLE
  5
1CFD
330
1F
100
AcDbEntity
  8
GRID NAME
100
AcDbCircle
 10
47540.63661405346
 20
55778.35898761509
 30
0.0
 40
225.0
  0
TEXT
  5
1CFE
330
1F
100
AcDbEntity
  8
GRID NAME
100
AcDbText
 10
47383.19585689112
 20
55658.20898761509
 30
0.0
 40
240.2999999999997
  1
2''
  7
Arial_1
 72
     1
 11
47540.63661405346
 21
55778.35898761509
 31
0.0
100
AcDbText
 73
     2
  0
CIRCLE
  5
1CFF
330
1F
100
AcDbEntity
  8
GRID NAME
100
AcDbCircle
 10
46297.42901408225
 20
55792.78338991326
 30
0.0
 40
225.0
  0
TEXT
  5
1D00
330
1F
100
AcDbEntity
  8
GRID NAME
100
AcDbText
 10
46204.07918461432
 20
55672.63338991327
 30
0.0
 40
240.2999999999997
  1
2
  7
Arial_1
 72
     1
 11
46297.42901408225
 21
55792.78338991326
 31
0.0
100
AcDbText
 73
     2
  0
CIRCLE
  5
1D01
330
1F
100
AcDbEntity
  8
GRID NAME
100
AcDbCircle
 10
52565.63659957548
 20
55793.17460501913
 30
0.0
 40
225.0
  0
TEXT
  5
1D02
330
1F
100
AcDbEntity
  8
GRID NAME
100
AcDbText
 10
52440.24130626033
 20
55673.02460501912
 30
0.0
 40
240.2999999999997
  1
3'
  7
Arial_1
 72
     1
 11
52565.63659957548
 21
55793.17460501913
 31
0.0
100
AcDbText
 73
     2
  0
CIRCLE
  5
1D03
330
1F
100
AcDbEntity
  8
GRID NAME
100
AcDbCircle
 10
53240.63659957524
 20
39151.84755816783
 30
0.0
 40
225.0
  0
TEXT
  5
1D04
330
1F
100
AcDbEntity
  8
GRID NAME
100
AcDbText
 10
53083.1958424129
 20
39031.69755816782
 30
0.0
 40
240.2999999999997
  1
3''
  7
Arial_1
 72
     1
 11
53240.63659957524
 21
39151.84755816783
 31
0.0
100
AcDbText
 73
     2
  0
CIRCLE
  5
1D05
330
1F
100
AcDbEntity
  8
GRID NAME
100
AcDbCircle
 10
46865.63659957489
 20
39151.84777179087
 30
0.0
 40
225.0
  0
TEXT
  5
1D06
330
1F
100
AcDbEntity
  8
GRID NAME
100
AcDbText
 10
46740.24130625975
 20
39031.69777179087
 30
0.0
 40
240.2999999999997
  1
2'
  7
Arial_1
 72
     1
 11
46865.63659957489
 21
39151.84777179087
 31
0.0
100
AcDbText
 73
     2
  0
CIRCLE
  5
1D07
330
1F
100
AcDbEntity
  8
GRID NAME
100
AcDbCircle
 10
47540.63661405346
 20
39137.03194076379
 30
0.0
 40
225.0
  0
TEXT
  5
1D08
330
1F
100
AcDbEntity
  8
GRID NAME
100
AcDbText
 10
47383.19585689112
 20
39016.88194076379
 30
0.0
 40
240.2999999999997
  1
2''
  7
Arial_1
 72
     1
 11
47540.63661405346
 21
39137.03194076379
 31
0.0
100
AcDbText
 73
     2
  0
CIRCLE
  5
1D09
330
1F
100
AcDbEntity
  8
GRID NAME
100
AcDbCircle
 10
46297.42901408237
 20
39151.45634306196
 30
0.0
 40
225.0
  0
TEXT
  5
1D0A
330
1F
100
AcDbEntity
  8
GRID NAME
100
AcDbText
 10
46204.07918461443
 20
39031.30634306196
 30
0.0
 40
240.2999999999997
  1
2
  7
Arial_1
 72
     1
 11
46297.42901408237
 21
39151.45634306196
 31
0.0
100
AcDbText
 73
     2
  0
CIRCLE
  5
1D0B
330
1F
100
AcDbEntity
  8
GRID NAME
100
AcDbCircle
 10
52565.63659957559
 20
39151.84755816783
 30
0.0
 40
225.0
  0
TEXT
  5
1D0C
330
1F
100
AcDbEntity
  8
GRID NAME
100
AcDbText
 10
52440.24130626044
 20
39031.69755816782
 30
0.0
 40
240.2999999999997
  1
3'
  7
Arial_1
 72
     1
 11
52565.63659957559
 21
39151.84755816783
 31
0.0
100
AcDbText
 73
     2
  0
CIRCLE
  5
1D0D
330
1F
100
AcDbEntity
  8
GRID NAME
100
AcDbCircle
 10
55640.63708785638
 20
39151.84755816783
 30
0.0
 40
225.0
  0
TEXT
  5
1D0E
330
1F
100
AcDbEntity
  8
GRID NAME
100
AcDbText
 10
55547.28725838844
 20
39031.69755816782
 30
0.0
 40
240.2999999999997
  1
4
  7
Arial_1
 72
     1
 11
55640.63708785638
 21
39151.84755816783
 31
0.0
100
AcDbText
 73
     2
  0
LWPOLYLINE
  5
1D1E
330
1F
100
AcDbEntity
  8
F.F BEAMS
100
AcDbPolyline
 90
        3
 70
     0
 43
0.0
 10
6203.894530273579
 20
53282.46299308093
 10
20228.89544580093
 20
53282.46299308093
 10
20228.89501855483
 20
43157.46299308093
  0
LWPOLYLINE
  5
1D1F
330
1F
100
AcDbEntity
  8
F.F BEAMS
100
AcDbPolyline
 90
        2
 70
     0
 43
0.0
 10
15553.89544580092
 20
53282.46299308093
 10
15553.89550683608
 20
43157.46295528207
  0
LWPOLYLINE
  5
1D20
330
1F
100
AcDbEntity
  8
F.F BEAMS
100
AcDbPolyline
 90
        2
 70
     0
 43
0.0
 10
10885.01401368058
 20
53282.46299308093
 10
10878.89489648451
 20
43157.46295528207
  0
LWPOLYLINE
  5
1D21
330
1F
100
AcDbEntity
  8
F.F BEAMS
100
AcDbPolyline
 90
        2
 70
     0
 43
0.0
 10
6203.894530273579
 20
53282.46299308093
 10
6203.894530273579
 20
43157.46299308093
  0
LWPOLYLINE
  5
1D22
330
1F
100
AcDbEntity
  8
F.F BEAMS
100
AcDbPolyline
 90
        2
 70
     0
 43
0.0
 10
3578.894530273579
 20
47882.46299308092
 10
3578.894591308735
 20
41357.46326773913
  0
LWPOLYLINE
  5
1D23
330
1F
100
AcDbEntity
  8
F.F BEAMS
100
AcDbPolyline
 90
        2
 70
     0
 43
0.0
 10
22853.8942250978
 20
52682.7938036278
 10
22853.89501855483
 20
41357.46323722155
  0
LWPOLYLINE
  5
1D24
330
1F
100
AcDbEntity
  8
F.F BEAMS
100
AcDbPolyline
 90
        2
 70
     0
 43
0.0
 10
24278.8942250978
 20
52682.7938036278
 10
24278.8942250978
 20
41357.46329825671
  0
LWPOLYLINE
  5
1D25
330
1F
100
AcDbEntity
  8
F.F BEAMS
100
AcDbPolyline
 90
        2
 70
     0
 43
0.0
 10
27878.8942250978
 20
52682.7938036278
 10
27878.8942250978
 20
41357.46329825671
  0
LWPOLYLINE
  5
1D26
330
1F
100
AcDbEntity
  8
F.F BEAMS
100
AcDbPolyline
 90
        2
 70
     0
 43
0.0
 10
3578.894530273579
 20
41357.46329825671
 10
27878.89501855483
 20
41357.46323722155
  0
LWPOLYLINE
  5
1D27
330
1F
100
AcDbEntity
  8
F.F BEAMS
100
AcDbPolyline
 90
        2
 70
     0
 43
0.0
 10
3578.894530273579
 20
43157.46299308093
 10
22853.17750449816
 20
43157.46299308093
  0
LWPOLYLINE
  5
1D28
330
1F
100
AcDbEntity
  8
F.F BEAMS
100
AcDbPolyline
 90
        2
 70
     0
 43
0.0
 10
24278.8942250978
 20
45032.46299308093
 10
27878.89501855483
 20
45032.46299308096
  0
LWPOLYLINE
  5
1D29
330
1F
100
AcDbEntity
  8
F.F BEAMS
100
AcDbPolyline
 90
        2
 70
     0
 43
0.0
 10
24278.8942250978
 20
49003.69956534655
 10
27878.8942250978
 20
49003.69956534655
  0
LWPOLYLINE
  5
1D2A
330
1F
100
AcDbEntity
  8
F.F BEAMS
100
AcDbPolyline
 90
        2
 70
     0
 43
0.0
 10
22853.8942250978
 20
52682.79380250789
 10
27878.89501855483
 20
52682.79404776846
  0
LWPOLYLINE
  5
1D2B
330
1F
100
AcDbEntity
  8
F.F BEAMS
100
AcDbPolyline
 90
        2
 70
     0
 43
0.0
 10
20228.89521793634
 20
47882.46299308092
 10
22853.89501855483
 20
47882.46299308092
  0
LWPOLYLINE
  5
1D2C
330
1F
100
AcDbEntity
  8
F.F BEAMS
100
AcDbPolyline
 90
        2
 70
     0
 43
0.0
 10
20228.89544580093
 20
51707.46299308093
 10
22853.8942250978
 20
51707.46299308093
  0
LWPOLYLINE
  5
1D2D
330
1F
100
AcDbEntity
  8
F.F BEAMS
100
AcDbPolyline
 90
        2
 70
     0
 43
0.0
 10
3578.894530273579
 20
47882.46299308092
 10
6203.894591308735
 20
47882.46296256335
  0
LWPOLYLINE
  5
1E15
330
1F
100
AcDbEntity
  8
S.F BEAMS
100
AcDbPolyline
 90
        3
 70
     0
 43
0.0
 10
41615.63617232903
 20
53282.46299308093
 10
55640.63708785638
 20
53282.46299308093
 10
55640.63666061028
 20
43157.46299308093
  0
LWPOLYLINE
  5
1E16
330
1F
100
AcDbEntity
  8
S.F BEAMS
100
AcDbPolyline
 90
        2
 70
     0
 43
0.0
 10
50965.63708785637
 20
53282.46299308093
 10
50965.63714889153
 20
43157.46295528207
  0
LWPOLYLINE
  5
1E17
330
1F
100
AcDbEntity
  8
S.F BEAMS
100
AcDbPolyline
 90
        2
 70
     0
 43
0.0
 10
46296.75565573603
 20
53282.46299308093
 10
46290.63653853997
 20
43157.46295528207
  0
LWPOLYLINE
  5
1E18
330
1F
100
AcDbEntity
  8
S.F BEAMS
100
AcDbPolyline
 90
        2
 70
     0
 43
0.0
 10
41615.63617232903
 20
53282.46299308093
 10
41615.63617232903
 20
43157.46299308093
  0
LWPOLYLINE
  5
1E19
330
1F
100
AcDbEntity
  8
S.F BEAMS
100
AcDbPolyline
 90
        2
 70
     0
 43
0.0
 10
38990.63617232903
 20
47882.46299308092
 10
38990.63623336419
 20
41357.46326773913
  0
LWPOLYLINE
  5
1E1A
330
1F
100
AcDbEntity
  8
S.F BEAMS
100
AcDbPolyline
 90
        2
 70
     0
 43
0.0
 10
58265.63586715325
 20
52682.7938036278
 10
58265.63666061028
 20
41357.46323722155
  0
LWPOLYLINE
  5
1E1B
330
1F
100
AcDbEntity
  8
S.F BEAMS
100
AcDbPolyline
 90
        2
 70
     0
 43
0.0
 10
59690.63586715325
 20
52682.7938036278
 10
59690.63586715325
 20
41357.46329825671
  0
LWPOLYLINE
  5
1E1C
330
1F
100
AcDbEntity
  8
S.F BEAMS
100
AcDbPolyline
 90
        2
 70
     0
 43
0.0
 10
63290.63586715325
 20
52682.7938036278
 10
63290.63586715325
 20
41357.46329825671
  0
LWPOLYLINE
  5
1E1D
330
1F
100
AcDbEntity
  8
S.F BEAMS
100
AcDbPolyline
 90
        2
 70
     0
 43
0.0
 10
38990.63617232903
 20
41357.46329825671
 10
63290.63666061028
 20
41357.46323722155
  0
LWPOLYLINE
  5
1E1E
330
1F
100
AcDbEntity
  8
S.F BEAMS
100
AcDbPolyline
 90
        2
 70
     0
 43
0.0
 10
38990.63617232903
 20
43157.46299308093
 10
58264.91914655361
 20
43157.46299308093
  0
LWPOLYLINE
  5
1E1F
330
1F
100
AcDbEntity
  8
S.F BEAMS
100
AcDbPolyline
 90
        2
 70
     0
 43
0.0
 10
59690.63507369622
 20
47020.12855094222
 10
63290.63586715325
 20
47020.12855094226
  0
LWPOLYLINE
  5
1E21
330
1F
100
AcDbEntity
  8
S.F BEAMS
100
AcDbPolyline
 90
        2
 70
     0
 43
0.0
 10
58265.63586715325
 20
52682.79380250789
 10
63290.63666061028
 20
52682.79404776846
  0
LWPOLYLINE
  5
1E23
330
1F
100
AcDbEntity
  8
S.F BEAMS
100
AcDbPolyline
 90
        2
 70
     0
 43
0.0
 10
55640.63708785638
 20
51707.46299308093
 10
58265.63586715325
 20
51707.46299308093
  0
LWPOLYLINE
  5
1E24
330
1F
100
AcDbEntity
  8
S.F BEAMS
100
AcDbPolyline
 90
        2
 70
     0
 43
0.0
 10
38990.63617232903
 20
47882.46299308092
 10
41615.63623336419
 20
47882.46296256335
  0
LWPOLYLINE
  5
1E25
330
1F
100
AcDbEntity
  8
R. BEAMS
100
AcDbPolyline
 90
        3
 70
     0
 43
0.0
 10
81557.74978971544
 20
53282.46299308093
 10
95582.75070524278
 20
53282.46299308093
 10
95582.7502779967
 20
43157.46299308093
  0
LWPOLYLINE
  5
1E26
330
1F
100
AcDbEntity
  8
R. BEAMS
100
AcDbPolyline
 90
        2
 70
     0
 43
0.0
 10
90907.75070524278
 20
53282.46299308093
 10
90907.75076627794
 20
43157.46295528207
  0
LWPOLYLINE
  5
1E27
330
1F
100
AcDbEntity
  8
R. BEAMS
100
AcDbPolyline
 90
        2
 70
     0
 43
0.0
 10
86238.86927312245
 20
53282.46299308093
 10
86232.75015592637
 20
43157.46295528207
  0
LWPOLYLINE
  5
1E28
330
1F
100
AcDbEntity
  8
R. BEAMS
100
AcDbPolyline
 90
        2
 70
     0
 43
0.0
 10
81557.74978971544
 20
53282.46299308093
 10
81557.74978971544
 20
43157.46299308093
  0
LWPOLYLINE
  5
1E29
330
1F
100
AcDbEntity
  8
R. BEAMS
100
AcDbPolyline
 90
        2
 70
     0
 43
0.0
 10
78932.74978971544
 20
47882.46299308092
 10
78932.74985075059
 20
41357.46326773913
  0
LWPOLYLINE
  5
1E2A
330
1F
100
AcDbEntity
  8
R. BEAMS
100
AcDbPolyline
 90
        2
 70
     0
 43
0.0
 10
98207.74948453966
 20
52682.7938036278
 10
98207.75027799669
 20
41357.46323722155
  0
LWPOLYLINE
  5
1E2C
330
1F
100
AcDbEntity
  8
R. BEAMS
100
AcDbPolyline
 90
        2
 70
     0
 43
0.0
 10
103232.7494845396
 20
52682.7938036278
 10
103232.7494845396
 20
41357.46329825671
  0
LWPOLYLINE
  5
1E2D
330
1F
100
AcDbEntity
  8
R. BEAMS
100
AcDbPolyline
 90
        2
 70
     0
 43
0.0
 10
78932.74978971544
 20
41357.46329825671
 10
103232.7502779967
 20
41357.46323722155
  0
LWPOLYLINE
  5
1E2E
330
1F
100
AcDbEntity
  8
R. BEAMS
100
AcDbPolyline
 90
        2
 70
     0
 43
0.0
 10
78932.74978971544
 20
43157.46299308093
 10
98207.03276394002
 20
43157.46299308093
  0
LWPOLYLINE
  5
1E2F
330
1F
100
AcDbEntity
  8
R. BEAMS
100
AcDbPolyline
 90
        2
 70
     0
 43
0.0
 10
98207.74948453966
 20
45032.46299308096
 10
103232.7502779967
 20
45032.46299308096
  0
LWPOLYLINE
  5
1E30
330
1F
100
AcDbEntity
  8
R. BEAMS
100
AcDbPolyline
 90
        2
 70
     0
 43
0.0
 10
98207.74974229845
 20
49003.69921329313
 10
103232.7494845396
 20
49003.69956534655
  0
LWPOLYLINE
  5
1E31
330
1F
100
AcDbEntity
  8
R. BEAMS
100
AcDbPolyline
 90
        2
 70
     0
 43
0.0
 10
98207.74948453966
 20
52682.79380250789
 10
103232.7502779967
 20
52682.79404776846
  0
LWPOLYLINE
  5
1E32
330
1F
100
AcDbEntity
  8
R. BEAMS
100
AcDbPolyline
 90
        2
 70
     0
 43
0.0
 10
95582.7504773782
 20
47882.46299308092
 10
98207.75027799669
 20
47882.46299308092
  0
LWPOLYLINE
  5
1E33
330
1F
100
AcDbEntity
  8
R. BEAMS
100
AcDbPolyline
 90
        2
 70
     0
 43
0.0
 10
95582.75070524278
 20
51707.46299308093
 10
98207.74948453966
 20
51707.46299308093
  0
LWPOLYLINE
  5
1E34
330
1F
100
AcDbEntity
  8
R. BEAMS
100
AcDbPolyline
 90
        2
 70
     0
 43
0.0
 10
78932.74978971544
 20
47882.46299308092
 10
95582.75070524278
 20
47882.46296256335
  0
LWPOLYLINE
  5
2F1E
330
1F
100
AcDbEntity
  8
S.F BEAMS
100
AcDbPolyline
 90
        2
 70
     0
 43
0.0
 10
55640.63685999179
 20
49003.69956534655
 10
58265.63666061028
 20
49003.69956534655
  0
LWPOLYLINE
  5
2F1F
330
1F
100
AcDbEntity
  8
S.F BEAMS
100
AcDbPolyline
 90
        2
 70
     0
 43
0.0
 10
55640.63685999179
 20
45032.46299308093
 10
58265.63666061028
 20
45032.46299308093
  0
LINE
  5
2F20
330
1F
100
AcDbEntity
  8
S.F BEAMS
100
AcDbLine
 10
52565.63659957564
 20
43157.46299308093
 30
0.0
 11
52565.63666061028
 21
41357.46323722155
 31
0.0
  0
LINE
  5
2F21
330
1F
100
AcDbEntity
  8
S.F BEAMS
100
AcDbLine
 10
46867.41287776357
 20
43156.75075070275
 30
0.0
 11
46867.41293879821
 21
41356.75099484337
 31
0.0
  0
HATCH
  5
2F22
330
1F
100
AcDbEntity
  8
COLUMN 1-2
 62
     3
440
 33554687
100
AcDbHatch
 10
0.0
 20
0.0
 30
0.0
210
0.0
220
0.0
230
1.0
  2
SOLID
 70
     1
 71
     0
 91
        1
 92
        1
 93
        4
 72
     1
 10
59578.13617232903
 20
48895.19932120596
 11
59803.13617232903
 21
48895.19932120596
 72
     1
 10
59803.13617232903
 20
48895.19932120596
 11
59803.13617232903
 21
49120.19932120596
 72
     1
 10
59803.13617232903
 20
49120.19932120596
 11
59578.13617232903
 21
49120.19932120596
 72
     1
 10
59578.13617232903
 20
49120.19932120596
 11
59578.13617232903
 21
48895.19932120596
 97
        0
 75
     0
 76
     1
 98
        1
 10
10356.18804382412
 20
54444.9236409908
450
        0
451
        0
460
0.0
461
0.0
452
        1
462
0.0
453
        0
470

1001
ACAD
1010
49334.44812850487
1020
-5437.224319784808
1030
0.0
1001
HATCHBACKGROUNDCOLOR
1071
-939524096
1000

1000

  0
HATCH
  5
2F23
330
1F
100
AcDbEntity
  8
COLUMN 1-2
 62
     3
440
 33554687
100
AcDbHatch
 10
0.0
 20
0.0
 30
0.0
210
0.0
220
0.0
230
1.0
  2
SOLID
 70
     1
 71
     0
 91
        1
 92
        1
 93
        4
 72
     1
 10
59578.13617232903
 20
44919.96299308095
 11
59803.13617232903
 21
44919.96299308095
 72
     1
 10
59803.13617232903
 20
44919.96299308095
 11
59803.13617232903
 21
45144.96299308095
 72
     1
 10
59803.13617232903
 20
45144.96299308095
 11
59578.13617232903
 21
45144.96299308095
 72
     1
 10
59578.13617232903
 20
45144.96299308095
 11
59578.13617232903
 21
44919.96299308095
 97
        0
 75
     0
 76
     1
 98
        1
 10
10356.18804382412
 20
50469.6873128658
450
        0
451
        0
460
0.0
461
0.0
452
        1
462
0.0
453
        0
470

1001
ACAD
1010
49334.44812850487
1020
-5437.224319784808
1030
0.0
1001
HATCHBACKGROUNDCOLOR
1071
-939524096
1000

1000

  0
ENDSEC
  0
SECTION
  2
OBJECTS
  0
DICTIONARY
  5
C
330
0
100
AcDbDictionary
281
     1
  3
ACAD_CIP_PREVIOUS_PRODUCT_INFO
350
216
  3
ACAD_COLOR
350
6B
  3
ACAD_DETAILVIEWSTYLE
350
21B
  3
ACAD_GROUP
350
D
  3
ACAD_LAYOUT
350
1A
  3
ACAD_MATERIAL
350
6A
  3
ACAD_MLEADERSTYLE
350
12D
  3
ACAD_MLINESTYLE
350
17
  3
ACAD_PLOTSETTINGS
350
19
  3
ACAD_PLOTSTYLENAME
350
E
  3
ACAD_SCALELIST
350
10C
  3
ACAD_SECTIONVIEWSTYLE
350
219
  3
ACAD_TABLESTYLE
350
7E
  3
ACAD_VISUALSTYLE
350
EF
  3
ACDB_RECOMPOSE_DATA
350
2F25
  3
ACDBVARIABLEDICTIONARY
350
21AC
  3
AcDsDecomposeData
350
2F2B
  0
DICTIONARY
  5
1FF
330
2
100
AcDbDictionary
280
     1
281
     1
  3
ACAD_LAYERSTATES
360
200
  0
DICTIONARY
  5
13C
330
10
100
AcDbDictionary
280
     1
281
     1
  0
DICTIONARY
  5
63B
330
63A
100
AcDbDictionary
280
     1
281
     1
  0
DICTIONARY
  5
63E
330
63D
100
AcDbDictionary
280
     1
281
     1
  0
DICTIONARY
  5
644
330
643
100
AcDbDictionary
280
     1
281
     1
  0
DICTIONARY
  5
646
330
645
100
AcDbDictionary
280
     1
281
     1
  0
DICTIONARY
  5
648
330
647
100
AcDbDictionary
280
     1
281
     1
  0
DICTIONARY
  5
651
330
650
100
AcDbDictionary
280
     1
281
     1
  0
DICTIONARY
  5
1CE
330
1F
100
AcDbDictionary
280
     1
281
     1
  0
DICTIONARY
  5
2A5
330
2A4
100
AcDbDictionary
280
     1
281
     1
  3
ACAD_SORTENTS
360
2A6
  0
XRECORD
  5
216
102
{ACAD_REACTORS
330
C
102
}
330
C
100
AcDbXrecord
280
     1
300
ACD
300
2022
300

  0
DICTIONARY
  5
6B
102
{ACAD_REACTORS
330
C
102
}
330
C
100
AcDbDictionary
281
     1
  0
DICTIONARY
  5
21B
102
{ACAD_REACTORS
330
C
102
}
330
C
100
AcDbDictionary
281
     1
  3
Imperial24
350
66E
  3
Metric50
350
21C
  0
DICTIONARY
  5
D
102
{ACAD_REACTORS
330
C
102
}
330
C
100
AcDbDictionary
281
     1
  0
DICTIONARY
  5
1A
102
{ACAD_REACTORS
330
C
102
}
330
C
100
AcDbDictionary
281
     1
  3
Layout1
350
D3
  3
Layout2
350
D7
  3
Model
350
22
  0
DICTIONARY
  5
6A
102
{ACAD_REACTORS
330
C
102
}
330
C
100
AcDbDictionary
281
     1
  3
ByBlock
350
ED
  3
ByLayer
350
EC
  3
Global
350
EE
  0
DICTIONARY
  5
12D
102
{ACAD_REACTORS
330
C
102
}
330
C
100
AcDbDictionary
281
     1
  3
Annotative
350
13B
  3
Standard
350
12E
  0
DICTIONARY
  5
17
102
{ACAD_REACTORS
330
C
102
}
330
C
100
AcDbDictionary
281
     1
  3
Standard
350
18
  0
DICTIONARY
  5
19
102
{ACAD_REACTORS
330
C
102
}
330
C
100
AcDbDictionary
281
     1
  0
ACDBDICTIONARYWDFLT
  5
E
102
{ACAD_REACTORS
330
C
102
}
330
C
100
AcDbDictionary
281
     1
  3
Normal
350
F
100
AcDbDictionaryWithDefault
340
F
  0
DICTIONARY
  5
10C
102
{ACAD_REACTORS
330
C
102
}
330
C
100
AcDbDictionary
281
     1
  3
A0
350
10D
  3
A1
350
1BE
  3
A2
350
1BF
  3
A3
350
1C0
  3
A4
350
1C1
  3
A5
350
1C2
  3
A6
350
1C3
  3
A7
350
1C4
  3
A8
350
1C5
  3
A9
350
1C6
  3
B0
350
1C7
  3
B1
350
1C8
  3
B2
350
1C9
  3
B3
350
1CA
  3
B4
350
1CB
  3
B5
350
1CC
  3
B6
350
1CD
  0
DICTIONARY
  5
219
102
{ACAD_REACTORS
330
C
102
}
330
C
100
AcDbDictionary
281
     1
  3
Imperial24
350
66D
  3
Metric50
350
21A
  0
DICTIONARY
  5
7E
102
{ACAD_REACTORS
330
C
102
}
330
C
100
AcDbDictionary
281
     1
  3
Standard
350
7F
  0
DICTIONARY
  5
EF
102
{ACAD_REACTORS
330
C
102
}
330
C
100
AcDbDictionary
281
     1
  3
2dWireframe
350
F5
  3
Basic
350
F4
  3
Brighten
350
FB
  3
ColorChange
350
FF
  3
Conceptual
350
F8
  3
Dim
350
FA
  3
EdgeColorOff
350
1E6
  3
Facepattern
350
FE
  3
Flat
350
F0
  3
FlatWithEdges
350
F1
  3
Gouraud
350
F2
  3
GouraudWithEdges
350
F3
  3
Hidden
350
F7
  3
JitterOff
350
1E4
  3
Linepattern
350
FD
  3
OverhangOff
350
1E5
  3
Realistic
350
F9
  3
Shaded
350
1F3
  3
Shaded with edges
350
1F2
  3
Shades of Gray
350
1EF
  3
Sketchy
350
1F0
  3
Thicken
350
FC
  3
Wireframe
350
F6
  3
X-Ray
350
1F1
  0
XRECORD
  5
2F25
102
{ACAD_REACTORS
330
C
102
}
330
C
100
AcDbXrecord
280
     1
 90
        1
330
7F
  0
DICTIONARY
  5
21AC
102
{ACAD_REACTORS
330
C
102
}
330
C
100
AcDbDictionary
281
     2
  3
#REVCLOUDAPPROXARCLEN
350
21AD
  3
ANNOALLVISIBLE
350
21AE
  3
CANNOSCALE
350
21AF
  3
CETRANSPARENCY
350
21B0
  3
CMLEADERSTYLE
350
21B1
  3
CTABLESTYLE
350
21B2
  3
CVIEWDETAILSTYLE
350
21B3
  3
CVIEWSECTIONSTYLE
350
21B4
  3
DIMADEC
350
21B5
  3
DIMASSOC
350
21B6
  3
EXPORTPAPERSPACE
350
21B7
  3
HIDETEXT
350
21B8
  3
HPCOLOR
350
21B9
  3
HPINHERIT
350
21BA
  3
HPLAYER
350
21BB
  3
HPTRANSPARENCY
350
21BC
  3
INDEXCTL
350
21BD
  3
LAYEREVAL
350
21BE
  3
LAYERNOTIFY
350
21BF
  3
LIGHTINGUNITS
350
21C0
  3
MLEADERSCALE
350
21C1
  3
MSLTSCALE
350
21C2
  3
OLEFRAME
350
21C3
  3
PDFFRAME
350
21C4
  3
SOLIDHIST
350
21C5
  3
SORTENTS
350
21C6
  0
DICTIONARY
  5
2F2B
102
{ACAD_REACTORS
330
C
102
}
330
C
100
AcDbDictionary
281
     1
  3
AcDsRecords
350
2F2D
  3
AcDsSchemas
350
2F2C
1001
ACAD
1070
     2
  0
DICTIONARY
  5
200
102
{ACAD_REACTORS
330
1FF
102
}
330
1FF
100
AcDbDictionary
281
     1
  0
SORTENTSTABLE
  5
2A6
102
{ACAD_REACTORS
330
2A5
102
}
330
2A5
100
AcDbSortentsTable
330
2A4
  0
ACDBDETAILVIEWSTYLE
  5
66E
102
{ACAD_XDICTIONARY
360
2F34
102
}
102
{ACAD_REACTORS
330
21B
102
}
330
21B
100
AcDbModelDocViewStyle
 70
     0
  3
Imperial24
290
     0
100
AcDbDetailViewStyle
 70
     0
 71
     0
 90
        3
 71
     1
340
11
 62
   256
 40
0.24
340
0
 62
   256
 40
0.24
300

 40
0.36
280
     3
 71
     2
340
16
 90
       25
 62
   256
 71
     3
340
11
 62
   256
 40
0.24
 90
        1
 40
0.75
 90
        1
300
%<\AcVar ViewType \f "%tc1">% %<\AcVar ViewDetailId>%\PSCALE %<\AcVar ViewScale \f "%sn">%
 71
     4
340
16
 90
       25
 62
   256
340
16
 90
       25
 62
   256
280
     0
  0
ACDBDETAILVIEWSTYLE
  5
21C
102
{ACAD_XDICTIONARY
360
2F30
102
}
102
{ACAD_REACTORS
330
21B
102
}
330
21B
100
AcDbModelDocViewStyle
 70
     0
  3
Metric50
290
     0
100
AcDbDetailViewStyle
 70
     0
 71
     0
 90
        3
 71
     1
340
11
 62
   256
 40
5.0
340
0
 62
   256
 40
5.0
300

 40
0.0
280
     1
 71
     2
340
16
 90
       25
 62
   256
 71
     3
340
11
 62
   256
 40
5.0
 90
        0
 40
15.0
 90
        1
300
%<\AcVar ViewDetailId>% (%<\AcVar ViewScale \f "%sn">%)
 71
     4
340
16
 90
       25
 62
   256
340
16
 90
       25
 62
   256
280
     0
  0
LAYOUT
  5
D3
102
{ACAD_REACTORS
330
1A
102
}
330
1A
100
AcDbPlotSettings
  1

  2
C:\Documents and Settings\basas\Application Data\Autodesk\AutoCAD 2005\R16.1\enu\plotters\Default Windows System Printer.pc3
  4

  6

 40
0.0
 41
0.0
 42
0.0
 43
0.0
 44
0.0
 45
0.0
 46
0.0
 47
0.0
 48
0.0
 49
0.0
140
0.0
141
0.0
142
1.0
143
1.0
 70
   688
 72
     0
 73
     0
 74
     5
  7

 75
    16
147
1.0
 76
     0
 77
     2
 78
   300
148
0.0
149
0.0
100
AcDbLayout
  1
Layout1
 70
     1
 71
     1
 10
0.0
 20
0.0
 11
12.0
 21
9.0
 12
0.0
 22
0.0
 32
0.0
 14
0.0
 24
0.0
 34
0.0
 15
0.0
 25
0.0
 35
0.0
146
0.0
 13
0.0
 23
0.0
 33
0.0
 16
1.0
 26
0.0
 36
0.0
 17
0.0
 27
1.0
 37
0.0
 76
     0
330
D2
  0
LAYOUT
  5
D7
102
{ACAD_REACTORS
330
1A
102
}
330
1A
100
AcDbPlotSettings
  1

  2
C:\Documents and Settings\basas\Application Data\Autodesk\AutoCAD 2005\R16.1\enu\plotters\Default Windows System Printer.pc3
  4

  6

 40
0.0
 41
0.0
 42
0.0
 43
0.0
 44
0.0
 45
0.0
 46
0.0
 47
0.0
 48
0.0
 49
0.0
140
0.0
141
0.0
142
1.0
143
1.0
 70
   688
 72
     0
 73
     0
 74
     5
  7

 75
    16
147
1.0
 76
     0
 77
     2
 78
   300
148
0.0
149
0.0
100
AcDbLayout
  1
Layout2
 70
     1
 71
     2
 10
0.0
 20
0.0
 11
12.0
 21
9.0
 12
0.0
 22
0.0
 32
0.0
 14
0.0
 24
0.0
 34
0.0
 15
0.0
 25
0.0
 35
0.0
146
0.0
 13
0.0
 23
0.0
 33
0.0
 16
1.0
 26
0.0
 36
0.0
 17
0.0
 27
1.0
 37
0.0
 76
     0
330
D6
  0
LAYOUT
  5
22
102
{ACAD_XDICTIONARY
360
205
102
}
102
{ACAD_REACTORS
330
1A
102
}
330
1A
100
AcDbPlotSettings
  1

  2
none_device
  4
ISO_A4_(210.00_x_297.00_MM)
  6

 40
7.5
 41
20.0
 42
7.5
 43
20.0
 44
210.0
 45
297.0
 46
11.54999923706054
 47
-13.65000009536743
 48
0.0
 49
0.0
140
0.0
141
0.0
142
1.0
143
8.704084754739808
 70
 11952
 72
     1
 73
     0
 74
     0
  7

 75
     0
147
0.1148885871608098
 76
     0
 77
     2
 78
   300
148
0.0
149
0.0
100
AcDbLayout
  1
Model
 70
     1
 71
     0
 10
0.0
 20
0.0
 11
12.0
 21
9.0
 12
0.0
 22
0.0
 32
0.0
 14
0.0
 24
0.0
 34
0.0
 15
0.0
 25
0.0
 35
0.0
146
0.0
 13
0.0
 23
0.0
 33
0.0
 16
1.0
 26
0.0
 36
0.0
 17
0.0
 27
1.0
 37
0.0
 76
     0
330
1F
331
EA
1001
ACAD_PSEXT
1000
None
1000
None
1000
Not applicable
1000
The layout will not be plotted unless a new plotter configuration name is selected.
1070
     0
  0
MATERIAL
  5
ED
102
{ACAD_XDICTIONARY
360
1F9
102
}
102
{ACAD_REACTORS
330
6A
102
}
330
6A
100
AcDbMaterial
  1
ByBlock
 94
       63
  0
MATERIAL
  5
EC
102
{ACAD_XDICTIONARY
360
1F7
102
}
102
{ACAD_REACTORS
330
6A
102
}
330
6A
100
AcDbMaterial
  1
ByLayer
 94
       63
  0
MATERIAL
  5
EE
102
{ACAD_XDICTIONARY
360
173
102
}
102
{ACAD_REACTORS
330
6A
102
}
330
6A
100
AcDbMaterial
  1
Global
 43
0.0007999999797903
 43
0.0
 43
0.0
 43
0.0
 43
0.0
 43
0.0007999999797903
 43
0.0
 43
0.0
 43
0.0
 43
0.0
 43
1.0
 43
0.0
 43
0.0
 43
0.0
 43
0.0
 43
1.0
 49
0.0007999999797903
 49
0.0
 49
0.0
 49
0.0
 49
0.0
 49
0.0007999999797903
 49
0.0
 49
0.0
 49
0.0
 49
0.0
 49
1.0
 49
0.0
 49
0.0
 49
0.0
 49
0.0
 49
1.0
142
0.0007999999797903
142
0.0
142
0.0
142
0.0
142
0.0
142
0.0007999999797903
142
0.0
142
0.0
142
0.0
142
0.0
142
1.0
142
0.0
142
0.0
142
0.0
142
0.0
142
1.0
144
0.0007999999797903
144
0.0
144
0.0
144
0.0
144
0.0
144
0.0007999999797903
144
0.0
144
0.0
144
0.0
144
0.0
144
1.0
144
0.0
144
0.0
144
0.0
144
0.0
144
1.0
 94
       63
1001
ACAD
1070
    -1
1070
     3
1070
     0
1000

1071
        0
1070
     0
  0
MLEADERSTYLE
  5
13B
102
{ACAD_REACTORS
330
12D
102
}
330
12D
100
AcDbMLeaderStyle
179
     2
170
     2
171
     1
172
     0
 90
        2
 40
0.0
 41
0.0
173
     1
 91
-1056964608
340
14
 92
       -2
290
     1
 42
2.0
291
     1
 43
8.0
  3
Standard
 44
4.0
300

342
11
174
     1
178
     1
175
     1
176
     0
 93
-1056964608
 45
4.0
292
     0
297
     0
 46
4.0
 94
-1056964608
 47
1.0
 49
1.0
140
1.0
293
     1
141
0.0
294
     1
177
     0
142
1.0
295
     0
296
     1
143
3.75
271
     0
272
     9
273
     9
298
     0
  0
MLEADERSTYLE
  5
12E
102
{ACAD_REACTORS
330
12D
102
}
330
12D
100
AcDbMLeaderStyle
179
     2
170
     2
171
     1
172
     0
 90
        2
 40
0.0
 41
0.0
173
     1
 91
-1056964608
340
14
 92
       -2
290
     1
 42
2.0
291
     1
 43
8.0
  3
Standard
 44
4.0
300

342
11
174
     1
178
     1
175
     1
176
     0
 93
-1056964608
 45
4.0
292
     0
297
     0
 46
4.0
 94
-1056964608
 47
1.0
 49
1.0
140
1.0
293
     1
141
0.0
294
     1
177
     0
142
1.0
295
     0
296
     0
143
3.75
271
     0
272
     9
273
     9
298
     0
  0
MLINESTYLE
  5
18
102
{ACAD_REACTORS
330
17
102
}
330
17
100
AcDbMlineStyle
  2
STANDARD
 70
     0
  3

 62
   256
 51
90.0
 52
90.0
 71
     2
 49
0.5
 62
   256
  6
BYLAYER
 49
-0.5
 62
   256
  6
BYLAYER
  0
ACDBPLACEHOLDER
  5
F
102
{ACAD_REACTORS
330
E
102
}
330
E
  0
SCALE
  5
10D
102
{ACAD_REACTORS
330
10C
102
}
330
10C
100
AcDbScale
 70
     0
300
1:1
140
1.0
141
1.0
290
     1
  0
SCALE
  5
1BE
102
{ACAD_REACTORS
330
10C
102
}
330
10C
100
AcDbScale
 70
     0
300
1:2
140
1.0
141
2.0
290
     0
  0
SCALE
  5
1BF
102
{ACAD_REACTORS
330
10C
102
}
330
10C
100
AcDbScale
 70
     0
300
1:4
140
1.0
141
4.0
290
     0
  0
SCALE
  5
1C0
102
{ACAD_REACTORS
330
10C
102
}
330
10C
100
AcDbScale
 70
     0
300
1:5
140
1.0
141
5.0
290
     0
  0
SCALE
  5
1C1
102
{ACAD_REACTORS
330
10C
102
}
330
10C
100
AcDbScale
 70
     0
300
1:8
140
1.0
141
8.0
290
     0
  0
SCALE
  5
1C2
102
{ACAD_REACTORS
330
10C
102
}
330
10C
100
AcDbScale
 70
     0
300
1:10
140
1.0
141
10.0
290
     0
  0
SCALE
  5
1C3
102
{ACAD_REACTORS
330
10C
102
}
330
10C
100
AcDbScale
 70
     0
300
1:16
140
1.0
141
16.0
290
     0
  0
SCALE
  5
1C4
102
{ACAD_REACTORS
330
10C
102
}
330
10C
100
AcDbScale
 70
     0
300
1:20
140
1.0
141
20.0
290
     0
  0
SCALE
  5
1C5
102
{ACAD_REACTORS
330
10C
102
}
330
10C
100
AcDbScale
 70
     0
300
1:30
140
1.0
141
30.0
290
     0
  0
SCALE
  5
1C6
102
{ACAD_REACTORS
330
10C
102
}
330
10C
100
AcDbScale
 70
     0
300
1:40
140
1.0
141
40.0
290
     0
  0
SCALE
  5
1C7
102
{ACAD_REACTORS
330
10C
102
}
330
10C
100
AcDbScale
 70
     0
300
1:50
140
1.0
141
50.0
290
     0
  0
SCALE
  5
1C8
102
{ACAD_REACTORS
330
10C
102
}
330
10C
100
AcDbScale
 70
     0
300
1:100
140
1.0
141
100.0
290
     0
  0
SCALE
  5
1C9
102
{ACAD_REACTORS
330
10C
102
}
330
10C
100
AcDbScale
 70
     0
300
2:1
140
2.0
141
1.0
290
     0
  0
SCALE
  5
1CA
102
{ACAD_REACTORS
330
10C
102
}
330
10C
100
AcDbScale
 70
     0
300
4:1
140
4.0
141
1.0
290
     0
  0
SCALE
  5
1CB
102
{ACAD_REACTORS
330
10C
102
}
330
10C
100
AcDbScale
 70
     0
300
8:1
140
8.0
141
1.0
290
     0
  0
SCALE
  5
1CC
102
{ACAD_REACTORS
330
10C
102
}
330
10C
100
AcDbScale
 70
     0
300
10:1
140
10.0
141
1.0
290
     0
  0
SCALE
  5
1CD
102
{ACAD_REACTORS
330
10C
102
}
330
10C
100
AcDbScale
 70
     0
300
100:1
140
100.0
141
1.0
290
     0
  0
ACDBSECTIONVIEWSTYLE
  5
66D
102
{ACAD_XDICTIONARY
360
2F32
102
}
102
{ACAD_REACTORS
330
219
102
}
330
219
100
AcDbModelDocViewStyle
 70
     0
  3
Imperial24
290
     0
100
AcDbSectionViewStyle
 70
     0
 71
     0
 90
       78
 71
     1
340
11
 62
   256
 40
0.24
340
0
340
0
 62
   256
 40
0.24
300
I, O, Q, S, X, Z
 40
0.48
 90
        3
 40
0.18
 90
        1
 71
     2
340
16
 90
       25
 62
   256
340
16
 90
       50
 62
   256
 40
0.24
 40
0.0
 40
0.24
 71
     3
340
11
 62
   256
 40
0.24
 90
        1
 40
0.75
 90
        1
300
%<\AcVar ViewType \f "%tc1">% %<\AcVar ViewSectionStartId>%-%<\AcVar ViewSectionEndId>%\PSCALE %<\AcVar ViewScale \f "%sn">%
 71
     4
 62
   256
 62
   257
300
ANSI31
 40
1.0
 90
        0
290
     0
290
     0
 90
        6
 40
0.0
 40
1.570796326794896
 40
0.2617993877991494
 40
1.308996938995747
 40
-0.2617993877991494
 40
1.832595714594046
  0
ACDBSECTIONVIEWSTYLE
  5
21A
102
{ACAD_XDICTIONARY
360
2F2E
102
}
102
{ACAD_REACTORS
330
219
102
}
330
219
100
AcDbModelDocViewStyle
 70
     0
  3
Metric50
290
     0
100
AcDbSectionViewStyle
 70
     0
 71
     0
 90
      102
 71
     1
340
11
 62
   256
 40
5.0
340
0
340
0
 62
   256
 40
5.0
300
I, O, Q, S, X, Z
 40
10.0
 90
        0
 40
2.5
 90
        0
 71
     2
340
16
 90
       25
 62
   256
340
16
 90
       50
 62
   256
 40
5.0
 40
2.5
 40
5.0
 71
     3
340
11
 62
   256
 40
5.0
 90
        0
 40
15.0
 90
        1
300
%<\AcVar ViewSectionStartId>%-%<\AcVar ViewSectionEndId>% (%<\AcVar ViewScale \f "%sn">%)
 71
     4
 62
   256
 62
   257
300
ANSI31
 40
1.0
 90
        0
290
     0
290
     0
 90
        6
 40
0.0
 40
1.570796326794896
 40
0.2617993877991494
 40
1.308996938995747
 40
-0.2617993877991494
 40
1.832595714594046
  0
TABLESTYLE
  5
7F
102
{ACAD_XDICTIONARY
360
162
102
}
102
{ACAD_REACTORS
330
7E
102
}
330
7E
100
AcDbTableStyle
280
     0
  3
Standard
 70
     0
 71
     0
 40
1.5
 41
1.5
280
     0
281
     0
  7
Standard
140
4.5
170
     2
 62
     0
 63
     7
283
     0
 90
      512
 91
        0
  1

274
    -2
284
     1
 64
     0
275
    -2
285
     1
 65
     0
276
    -2
286
     1
 66
     0
277
    -2
287
     1
 67
     0
278
    -2
288
     1
 68
     0
279
    -2
289
     1
 69
     0
  7
Standard
140
6.0
170
     5
 62
     0
 63
     7
283
     0
 90
      512
 91
        0
  1

274
    -2
284
     1
 64
     0
275
    -2
285
     1
 65
     0
276
    -2
286
     1
 66
     0
277
    -2
287
     1
 67
     0
278
    -2
288
     1
 68
     0
279
    -2
289
     1
 69
     0
  7
Standard
140
4.5
170
     5
 62
     0
 63
     7
283
     0
 90
      512
 91
        0
  1

274
    -2
284
     1
 64
     0
275
    -2
285
     1
 65
     0
276
    -2
286
     1
 66
     0
277
    -2
287
     1
 67
     0
278
    -2
288
     1
 68
     0
279
    -2
289
     1
 69
     0
  0
VISUALSTYLE
  5
F5
102
{ACAD_REACTORS
330
EF
102
}
330
EF
100
AcDbVisualStyle
  2
2dWireframe
 70
     4
177
     3
291
     0
 70
    58
 90
        0
176
     1
 90
        2
176
     1
 90
        1
176
     1
 90
        0
176
     1
 40
0.6
176
     1
 40
30.0
176
     1
 62
     7
420
 16777215
176
     1
 90
        1
176
     1
 90
        4
176
     1
 62
     7
176
     1
 62
   257
176
     1
 90
        1
176
     1
 90
        1
176
     1
 40
1.0
176
     1
 90
        0
176
     1
 62
   257
176
     1
 40
1.0
176
     1
 90
        1
176
     1
 90
        6
176
     1
 90
        2
176
     1
 62
     7
176
     1
 90
        5
176
     1
 90
        0
176
     1
 90
        0
176
     1
290
     0
176
     1
 90
        1
176
     1
 40
0.0
176
     1
 90
        0
176
     1
290
     1
176
     1
290
     1
176
     1
290
     0
176
     1
290
     0
176
     1
290
     0
176
     1
290
     0
176
     1
290
     0
176
     1
290
     0
176
     1
290
     0
176
     1
 90
       50
176
     1
 40
0.0
176
     1
 40
1.0
176
     1
 90
        0
176
     1
 62
    18
420
        0
176
     1
 90
       50
176
     1
 90
        3
176
     1
 62
     5
420
      255
176
     1
290
     0
176
     1
 90
       50
176
     1
 90
       50
176
     1
 90
       50
176
     1
290
     0
176
     1
 90
       50
176
     1
 62
   256
176
     0
 40
1.0
176
     0
 90
        2
176
     1
  1
strokes_ogs.tif
176
     1
290
     0
176
     1
 40
1.0
176
     1
 40
1.0
176
     1
1001
ACAD
1000
AcDbSavedByObjectVersion
1070
     0
  0
VISUALSTYLE
  5
F4
102
{ACAD_REACTORS
330
EF
102
}
330
EF
100
AcDbVisualStyle
  2
Basic
 70
     7
177
     3
291
     1
 70
    58
 90
        1
176
     1
 90
        0
176
     1
 90
        1
176
     1
 90
        0
176
     1
 40
0.6
176
     1
 40
30.0
176
     1
 62
     7
420
 16777215
176
     1
 90
        0
176
     1
 90
        4
176
     1
 62
     7
176
     1
 62
   257
176
     1
 90
        1
176
     1
 90
        1
176
     1
 40
1.0
176
     1
 90
        8
176
     1
 62
     7
176
     1
 40
1.0
176
     1
 90
        1
176
     1
 90
        6
176
     1
 90
        2
176
     1
 62
     7
176
     1
 90
        5
176
     1
 90
        0
176
     1
 90
        0
176
     1
290
     0
176
     1
 90
        1
176
     1
 40
0.0
176
     1
 90
        0
176
     1
290
     0
176
     1
290
     1
176
     1
290
     1
176
     1
290
     0
176
     1
290
     0
176
     1
290
     0
176
     1
290
     0
176
     1
290
     0
176
     1
290
     0
176
     1
 90
       50
176
     1
 40
0.0
176
     1
 40
1.0
176
     1
 90
        0
176
     1
 62
    18
420
        0
176
     1
 90
       50
176
     1
 90
        3
176
     1
 62
     5
420
      255
176
     1
290
     0
176
     1
 90
       50
176
     1
 90
       50
176
     1
 90
       50
176
     1
290
     0
176
     1
 90
       50
176
     1
 62
   256
176
     0
 40
1.0
176
     0
 90
        2
176
     1
  1
strokes_ogs.tif
176
     1
290
     0
176
     1
 40
1.0
176
     1
 40
1.0
176
     1
1001
ACAD
1000
AcDbSavedByObjectVersion
1070
     0
  0
VISUALSTYLE
  5
FB
102
{ACAD_REACTORS
330
EF
102
}
330
EF
100
AcDbVisualStyle
  2
Brighten
 70
    12
177
     3
291
     1
 70
    58
 90
        2
176
     1
 90
        2
176
     1
 90
        1
176
     1
 90
        0
176
     1
 40
0.6
176
     1
 40
30.0
176
     1
 62
     7
420
 16777215
176
     1
 90
        1
176
     1
 90
        4
176
     1
 62
     7
176
     1
 62
   257
176
     1
 90
        1
176
     1
 90
        1
176
     1
 40
1.0
176
     1
 90
        8
176
     1
 62
     7
176
     1
 40
1.0
176
     1
 90
        1
176
     1
 90
        6
176
     1
 90
        2
176
     1
 62
     7
176
     1
 90
        5
176
     1
 90
        0
176
     1
 90
        0
176
     1
290
     0
176
     1
 90
        1
176
     1
 40
50.0
176
     1
 90
        0
176
     1
290
     0
176
     1
290
     1
176
     1
290
     1
176
     1
290
     0
176
     1
290
     0
176
     1
290
     0
176
     1
290
     0
176
     1
290
     0
176
     1
290
     0
176
     1
 90
       50
176
     1
 40
0.0
176
     1
 40
1.0
176
     1
 90
        0
176
     1
 62
    18
420
        0
176
     1
 90
       50
176
     1
 90
        3
176
     1
 62
     5
420
      255
176
     1
290
     0
176
     1
 90
       50
176
     1
 90
       50
176
     1
 90
       50
176
     1
290
     0
176
     1
 90
       50
176
     1
 62
   256
176
     0
 40
1.0
176
     0
 90
        2
176
     1
  1
strokes_ogs.tif
176
     1
290
     0
176
     1
 40
1.0
176
     1
 40
1.0
176
     1
1001
ACAD
1000
AcDbSavedByObjectVersion
1070
     0
  0
VISUALSTYLE
  5
FF
102
{ACAD_REACTORS
330
EF
102
}
330
EF
100
AcDbVisualStyle
  2
ColorChange
 70
    16
177
     3
291
     1
 70
    58
 90
        2
176
     1
 90
        2
176
     1
 90
        3
176
     1
 90
        0
176
     1
 40
0.6
176
     1
 40
30.0
176
     1
 62
     8
420
  8421504
176
     1
 90
        1
176
     1
 90
        4
176
     1
 62
     7
176
     1
 62
   257
176
     1
 90
        1
176
     1
 90
        1
176
     1
 40
1.0
176
     1
 90
        8
176
     1
 62
     8
420
  8421504
176
     1
 40
1.0
176
     1
 90
        1
176
     1
 90
        6
176
     1
 90
        2
176
     1
 62
     7
176
     1
 90
        5
176
     1
 90
        0
176
     1
 90
        0
176
     1
290
     0
176
     1
 90
        1
176
     1
 40
0.0
176
     1
 90
        0
176
     1
290
     0
176
     1
290
     1
176
     1
290
     1
176
     1
290
     0
176
     1
290
     0
176
     1
290
     0
176
     1
290
     0
176
     1
290
     0
176
     1
290
     0
176
     1
 90
       50
176
     1
 40
0.0
176
     1
 40
1.0
176
     1
 90
        0
176
     1
 62
    18
420
        0
176
     1
 90
       50
176
     1
 90
        3
176
     1
 62
     5
420
      255
176
     1
290
     0
176
     1
 90
       50
176
     1
 90
       50
176
     1
 90
       50
176
     1
290
     0
176
     1
 90
       50
176
     1
 62
   256
176
     0
 40
1.0
176
     0
 90
        2
176
     1
  1
strokes_ogs.tif
176
     1
290
     0
176
     1
 40
1.0
176
     1
 40
1.0
176
     1
1001
ACAD
1000
AcDbSavedByObjectVersion
1070
     0
  0
VISUALSTYLE
  5
F8
102
{ACAD_REACTORS
330
EF
102
}
330
EF
100
AcDbVisualStyle
  2
Conceptual
 70
     9
177
     3
291
     0
 70
    58
 90
        3
176
     1
 90
        2
176
     1
 90
        1
176
     1
 90
        0
176
     1
 40
0.6
176
     1
 40
30.0
176
     1
 62
     7
420
 16777215
176
     1
 90
        2
176
     1
 90
        2
176
     1
 62
     7
176
     1
 62
   257
176
     1
 90
        1
176
     1
 90
        1
176
     1
 40
40.0
176
     1
 90
        8
176
     1
 62
     7
176
     1
 40
1.0
176
     1
 90
        1
176
     1
 90
        6
176
     1
 90
        2
176
     1
 62
     7
176
     1
 90
        3
176
     1
 90
        0
176
     1
 90
        0
176
     1
290
     0
176
     1
 90
        1
176
     1
 40
0.0
176
     1
 90
        0
176
     1
290
     0
176
     1
290
     1
176
     1
290
     1
176
     1
290
     0
176
     1
290
     0
176
     1
290
     0
176
     1
290
     0
176
     1
290
     0
176
     1
290
     0
176
     1
 90
       50
176
     1
 40
0.0
176
     1
 40
1.0
176
     1
 90
        0
176
     1
 62
    18
420
        0
176
     1
 90
       50
176
     1
 90
        3
176
     1
 62
     5
420
      255
176
     1
290
     0
176
     1
 90
       50
176
     1
 90
       50
176
     1
 90
       50
176
     1
290
     0
176
     1
 90
       50
176
     1
 62
   256
176
     0
 40
1.0
176
     0
 90
        2
176
     1
  1
strokes_ogs.tif
176
     1
290
     0
176
     1
 40
1.0
176
     1
 40
1.0
176
     1
1001
ACAD
1000
AcDbSavedByObjectVersion
1070
     0
  0
VISUALSTYLE
  5
FA
102
{ACAD_REACTORS
330
EF
102
}
330
EF
100
AcDbVisualStyle
  2
Dim
 70
    11
177
     3
291
     1
 70
    58
 90
        2
176
     1
 90
        2
176
     1
 90
        1
176
     1
 90
        0
176
     1
 40
0.6
176
     1
 40
30.0
176
     1
 62
     7
420
 16777215
176
     1
 90
        1
176
     1
 90
        4
176
     1
 62
     7
176
     1
 62
   257
176
     1
 90
        1
176
     1
 90
        1
176
     1
 40
1.0
176
     1
 90
        8
176
     1
 62
     7
176
     1
 40
1.0
176
     1
 90
        1
176
     1
 90
        6
176
     1
 90
        2
176
     1
 62
     7
176
     1
 90
        5
176
     1
 90
        0
176
     1
 90
        0
176
     1
290
     0
176
     1
 90
        1
176
     1
 40
-50.0
176
     1
 90
        0
176
     1
290
     0
176
     1
290
     1
176
     1
290
     1
176
     1
290
     0
176
     1
290
     0
176
     1
290
     0
176
     1
290
     0
176
     1
290
     0
176
     1
290
     0
176
     1
 90
       50
176
     1
 40
0.0
176
     1
 40
1.0
176
     1
 90
        0
176
     1
 62
    18
420
        0
176
     1
 90
       50
176
     1
 90
        3
176
     1
 62
     5
420
      255
176
     1
290
     0
176
     1
 90
       50
176
     1
 90
       50
176
     1
 90
       50
176
     1
290
     0
176
     1
 90
       50
176
     1
 62
   256
176
     0
 40
1.0
176
     0
 90
        2
176
     1
  1
strokes_ogs.tif
176
     1
290
     0
176
     1
 40
1.0
176
     1
 40
1.0
176
     1
1001
ACAD
1000
AcDbSavedByObjectVersion
1070
     0
  0
VISUALSTYLE
  5
1E6
102
{ACAD_REACTORS
330
EF
102
}
330
EF
100
AcDbVisualStyle
  2
EdgeColorOff
 70
    22
177
     3
291
     1
 70
    58
 90
        2
176
     0
 90
        2
176
     0
 90
        0
176
     0
 90
        0
176
     0
 40
0.6
176
     0
 40
30.0
176
     0
 62
     7
420
 16777215
176
     0
 90
        1
176
     0
 90
        4
176
     0
 62
     7
176
     0
 62
   257
176
     0
 90
        1
176
     0
 90
        1
176
     0
 40
1.0
176
     0
 90
        8
176
     2
 62
     7
176
     0
 40
1.0
176
     0
 90
        1
176
     0
 90
        6
176
     0
 90
        2
176
     0
 62
     7
176
     0
 90
        5
176
     0
 90
        0
176
     0
 90
        0
176
     0
290
     0
176
     0
 90
        1
176
     0
 40
0.0
176
     0
 90
        0
176
     0
290
     0
176
     1
290
     1
176
     1
290
     1
176
     1
290
     0
176
     1
290
     0
176
     1
290
     0
176
     1
290
     0
176
     1
290
     0
176
     1
290
     0
176
     1
 90
       50
176
     1
 40
0.0
176
     1
 40
1.0
176
     1
 90
        0
176
     1
 62
    18
420
        0
176
     1
 90
       50
176
     1
 90
        3
176
     1
 62
     5
420
      255
176
     1
290
     0
176
     1
 90
       50
176
     1
 90
       50
176
     1
 90
       50
176
     1
290
     0
176
     1
 90
       50
176
     1
 62
   256
176
     0
 40
1.0
176
     0
 90
        2
176
     1
  1
strokes_ogs.tif
176
     1
290
     0
176
     1
 40
1.0
176
     1
 40
1.0
176
     1
1001
ACAD
1000
AcDbSavedByObjectVersion
1070
     0
  0
VISUALSTYLE
  5
FE
102
{ACAD_REACTORS
330
EF
102
}
330
EF
100
AcDbVisualStyle
  2
Facepattern
 70
    15
177
     3
291
     1
 70
    58
 90
        2
176
     1
 90
        2
176
     1
 90
        1
176
     1
 90
        0
176
     1
 40
0.6
176
     1
 40
30.0
176
     1
 62
     7
420
 16777215
176
     1
 90
        1
176
     1
 90
        4
176
     1
 62
     7
176
     1
 62
   257
176
     1
 90
        1
176
     1
 90
        1
176
     1
 40
1.0
176
     1
 90
        8
176
     1
 62
     7
176
     1
 40
1.0
176
     1
 90
        1
176
     1
 90
        6
176
     1
 90
        2
176
     1
 62
     7
176
     1
 90
        5
176
     1
 90
        0
176
     1
 90
        0
176
     1
290
     0
176
     1
 90
        1
176
     1
 40
0.0
176
     1
 90
        0
176
     1
290
     0
176
     1
290
     1
176
     1
290
     1
176
     1
290
     0
176
     1
290
     0
176
     1
290
     0
176
     1
290
     0
176
     1
290
     0
176
     1
290
     0
176
     1
 90
       50
176
     1
 40
0.0
176
     1
 40
1.0
176
     1
 90
        0
176
     1
 62
    18
420
        0
176
     1
 90
       50
176
     1
 90
        3
176
     1
 62
     5
420
      255
176
     1
290
     0
176
     1
 90
       50
176
     1
 90
       50
176
     1
 90
       50
176
     1
290
     0
176
     1
 90
       50
176
     1
 62
   256
176
     0
 40
1.0
176
     0
 90
        2
176
     1
  1
strokes_ogs.tif
176
     1
290
     0
176
     1
 40
1.0
176
     1
 40
1.0
176
     1
1001
ACAD
1000
AcDbSavedByObjectVersion
1070
     0
  0
VISUALSTYLE
  5
F0
102
{ACAD_REACTORS
330
EF
102
}
330
EF
100
AcDbVisualStyle
  2
Flat
 70
     0
177
     3
291
     1
 70
    58
 90
        2
176
     1
 90
        1
176
     1
 90
        1
176
     1
 90
        2
176
     1
 40
0.6
176
     1
 40
30.0
176
     1
 62
     7
420
 16777215
176
     1
 90
        0
176
     1
 90
        0
176
     1
 62
     7
176
     1
 62
   257
176
     1
 90
        1
176
     1
 90
        1
176
     1
 40
1.0
176
     1
 90
        8
176
     1
 62
     7
176
     1
 40
1.0
176
     1
 90
        1
176
     1
 90
        6
176
     1
 90
        2
176
     1
 62
     7
176
     1
 90
        5
176
     1
 90
        0
176
     1
 90
        0
176
     1
290
     0
176
     1
 90
       13
176
     1
 40
0.0
176
     1
 90
        0
176
     1
290
     0
176
     1
290
     1
176
     1
290
     1
176
     1
290
     0
176
     1
290
     0
176
     1
290
     0
176
     1
290
     0
176
     1
290
     0
176
     1
290
     0
176
     1
 90
       50
176
     1
 40
0.0
176
     1
 40
1.0
176
     1
 90
        0
176
     1
 62
    18
420
        0
176
     1
 90
       50
176
     1
 90
        3
176
     1
 62
     5
420
      255
176
     1
290
     0
176
     1
 90
       50
176
     1
 90
       50
176
     1
 90
       50
176
     1
290
     0
176
     1
 90
       50
176
     1
 62
   256
176
     0
 40
1.0
176
     0
 90
        2
176
     1
  1
strokes_ogs.tif
176
     1
290
     0
176
     1
 40
1.0
176
     1
 40
1.0
176
     1
1001
ACAD
1000
AcDbSavedByObjectVersion
1070
     0
  0
VISUALSTYLE
  5
F1
102
{ACAD_REACTORS
330
EF
102
}
330
EF
100
AcDbVisualStyle
  2
FlatWithEdges
 70
     1
177
     3
291
     1
 70
    58
 90
        2
176
     1
 90
        1
176
     1
 90
        1
176
     1
 90
        2
176
     1
 40
0.6
176
     1
 40
30.0
176
     1
 62
     7
420
 16777215
176
     1
 90
        1
176
     1
 90
        0
176
     1
 62
     7
176
     1
 62
   257
176
     1
 90
        1
176
     1
 90
        1
176
     1
 40
1.0
176
     1
 90
        0
176
     1
 62
   257
176
     1
 40
1.0
176
     1
 90
        1
176
     1
 90
        6
176
     1
 90
        2
176
     1
 62
     7
176
     1
 90
        5
176
     1
 90
        0
176
     1
 90
        0
176
     1
290
     0
176
     1
 90
       13
176
     1
 40
0.0
176
     1
 90
        0
176
     1
290
     0
176
     1
290
     1
176
     1
290
     1
176
     1
290
     0
176
     1
290
     0
176
     1
290
     0
176
     1
290
     0
176
     1
290
     0
176
     1
290
     0
176
     1
 90
       50
176
     1
 40
0.0
176
     1
 40
1.0
176
     1
 90
        0
176
     1
 62
    18
420
        0
176
     1
 90
       50
176
     1
 90
        3
176
     1
 62
     5
420
      255
176
     1
290
     0
176
     1
 90
       50
176
     1
 90
       50
176
     1
 90
       50
176
     1
290
     0
176
     1
 90
       50
176
     1
 62
   256
176
     0
 40
1.0
176
     0
 90
        2
176
     1
  1
strokes_ogs.tif
176
     1
290
     0
176
     1
 40
1.0
176
     1
 40
1.0
176
     1
1001
ACAD
1000
AcDbSavedByObjectVersion
1070
     0
  0
VISUALSTYLE
  5
F2
102
{ACAD_REACTORS
330
EF
102
}
330
EF
100
AcDbVisualStyle
  2
Gouraud
 70
     2
177
     3
291
     1
 70
    58
 90
        2
176
     1
 90
        2
176
     1
 90
        1
176
     1
 90
        2
176
     1
 40
0.6
176
     1
 40
30.0
176
     1
 62
     7
420
 16777215
176
     1
 90
        0
176
     1
 90
        0
176
     1
 62
     7
176
     1
 62
   257
176
     1
 90
        1
176
     1
 90
        1
176
     1
 40
1.0
176
     1
 90
        0
176
     1
 62
     7
176
     1
 40
1.0
176
     1
 90
        1
176
     1
 90
        6
176
     1
 90
        2
176
     1
 62
     7
176
     1
 90
        5
176
     1
 90
        0
176
     1
 90
        0
176
     1
290
     0
176
     1
 90
       13
176
     1
 40
0.0
176
     1
 90
        0
176
     1
290
     0
176
     1
290
     1
176
     1
290
     1
176
     1
290
     0
176
     1
290
     0
176
     1
290
     0
176
     1
290
     0
176
     1
290
     0
176
     1
290
     0
176
     1
 90
       50
176
     1
 40
0.0
176
     1
 40
1.0
176
     1
 90
        0
176
     1
 62
    18
420
        0
176
     1
 90
       50
176
     1
 90
        3
176
     1
 62
     5
420
      255
176
     1
290
     0
176
     1
 90
       50
176
     1
 90
       50
176
     1
 90
       50
176
     1
290
     0
176
     1
 90
       50
176
     1
 62
   256
176
     0
 40
1.0
176
     0
 90
        2
176
     1
  1
strokes_ogs.tif
176
     1
290
     0
176
     1
 40
1.0
176
     1
 40
1.0
176
     1
1001
ACAD
1000
AcDbSavedByObjectVersion
1070
     0
  0
VISUALSTYLE
  5
F3
102
{ACAD_REACTORS
330
EF
102
}
330
EF
100
AcDbVisualStyle
  2
GouraudWithEdges
 70
     3
177
     3
291
     1
 70
    58
 90
        2
176
     1
 90
        2
176
     1
 90
        1
176
     1
 90
        2
176
     1
 40
0.6
176
     1
 40
30.0
176
     1
 62
     7
420
 16777215
176
     1
 90
        1
176
     1
 90
        0
176
     1
 62
     7
176
     1
 62
   257
176
     1
 90
        1
176
     1
 90
        1
176
     1
 40
1.0
176
     1
 90
        0
176
     1
 62
   257
176
     1
 40
1.0
176
     1
 90
        1
176
     1
 90
        6
176
     1
 90
        2
176
     1
 62
     7
176
     1
 90
        5
176
     1
 90
        0
176
     1
 90
        0
176
     1
290
     0
176
     1
 90
       13
176
     1
 40
0.0
176
     1
 90
        0
176
     1
290
     0
176
     1
290
     1
176
     1
290
     1
176
     1
290
     0
176
     1
290
     0
176
     1
290
     0
176
     1
290
     0
176
     1
290
     0
176
     1
290
     0
176
     1
 90
       50
176
     1
 40
0.0
176
     1
 40
1.0
176
     1
 90
        0
176
     1
 62
    18
420
        0
176
     1
 90
       50
176
     1
 90
        3
176
     1
 62
     5
420
      255
176
     1
290
     0
176
     1
 90
       50
176
     1
 90
       50
176
     1
 90
       50
176
     1
290
     0
176
     1
 90
       50
176
     1
 62
   256
176
     0
 40
1.0
176
     0
 90
        2
176
     1
  1
strokes_ogs.tif
176
     1
290
     0
176
     1
 40
1.0
176
     1
 40
1.0
176
     1
1001
ACAD
1000
AcDbSavedByObjectVersion
1070
     0
  0
VISUALSTYLE
  5
F7
102
{ACAD_REACTORS
330
EF
102
}
330
EF
100
AcDbVisualStyle
  2
Hidden
 70
     6
177
     3
291
     0
 70
    58
 90
        1
176
     1
 90
        2
176
     1
 90
        2
176
     1
 90
        0
176
     1
 40
0.6
176
     1
 40
30.0
176
     1
 62
     7
420
 16777215
176
     1
 90
        2
176
     1
 90
        2
176
     1
 62
     7
176
     1
 62
   257
176
     1
 90
        2
176
     1
 90
        1
176
     1
 40
40.0
176
     1
 90
        0
176
     1
 62
   257
176
     1
 40
1.0
176
     1
 90
        1
176
     1
 90
        6
176
     1
 90
        2
176
     1
 62
     7
176
     1
 90
        3
176
     1
 90
        0
176
     1
 90
        0
176
     1
290
     0
176
     1
 90
        1
176
     1
 40
0.0
176
     1
 90
        0
176
     1
290
     0
176
     1
290
     1
176
     1
290
     1
176
     1
290
     0
176
     1
290
     0
176
     1
290
     0
176
     1
290
     0
176
     1
290
     0
176
     1
290
     0
176
     1
 90
       50
176
     1
 40
0.0
176
     1
 40
1.0
176
     1
 90
        0
176
     1
 62
    18
420
        0
176
     1
 90
       50
176
     1
 90
        3
176
     1
 62
     5
420
      255
176
     1
290
     0
176
     1
 90
       50
176
     1
 90
       50
176
     1
 90
       50
176
     1
290
     0
176
     1
 90
       50
176
     1
 62
   256
176
     0
 40
1.0
176
     0
 90
        2
176
     1
  1
strokes_ogs.tif
176
     1
290
     0
176
     1
 40
1.0
176
     1
 40
1.0
176
     1
1001
ACAD
1000
AcDbSavedByObjectVersion
1070
     0
  0
VISUALSTYLE
  5
1E4
102
{ACAD_REACTORS
330
EF
102
}
330
EF
100
AcDbVisualStyle
  2
JitterOff
 70
    20
177
     3
291
     1
 70
    58
 90
        2
176
     0
 90
        2
176
     0
 90
        0
176
     0
 90
        0
176
     0
 40
0.6
176
     0
 40
30.0
176
     0
 62
     7
420
 16777215
176
     0
 90
        1
176
     0
 90
        4
176
     0
 62
     7
176
     0
 62
   257
176
     0
 90
        1
176
     0
 90
        1
176
     0
 40
1.0
176
     0
 90
       10
176
     2
 62
     7
176
     0
 40
1.0
176
     0
 90
        1
176
     0
 90
        6
176
     0
 90
        2
176
     0
 62
     7
176
     0
 90
        5
176
     0
 90
        0
176
     0
 90
        0
176
     0
290
     0
176
     0
 90
        1
176
     0
 40
0.0
176
     0
 90
        0
176
     0
290
     0
176
     1
290
     1
176
     1
290
     1
176
     1
290
     0
176
     1
290
     0
176
     1
290
     0
176
     1
290
     0
176
     1
290
     0
176
     1
290
     0
176
     1
 90
       50
176
     1
 40
0.0
176
     1
 40
1.0
176
     1
 90
        0
176
     1
 62
    18
420
        0
176
     1
 90
       50
176
     1
 90
        3
176
     1
 62
     5
420
      255
176
     1
290
     0
176
     1
 90
       50
176
     1
 90
       50
176
     1
 90
       50
176
     1
290
     0
176
     1
 90
       50
176
     1
 62
   256
176
     0
 40
1.0
176
     0
 90
        2
176
     1
  1
strokes_ogs.tif
176
     1
290
     0
176
     1
 40
1.0
176
     1
 40
1.0
176
     1
1001
ACAD
1000
AcDbSavedByObjectVersion
1070
     0
  0
VISUALSTYLE
  5
FD
102
{ACAD_REACTORS
330
EF
102
}
330
EF
100
AcDbVisualStyle
  2
Linepattern
 70
    14
177
     3
291
     1
 70
    58
 90
        2
176
     1
 90
        2
176
     1
 90
        1
176
     1
 90
        0
176
     1
 40
0.6
176
     1
 40
30.0
176
     1
 62
     7
420
 16777215
176
     1
 90
        1
176
     1
 90
        4
176
     1
 62
     7
176
     1
 62
   257
176
     1
 90
        7
176
     1
 90
        7
176
     1
 40
1.0
176
     1
 90
        8
176
     1
 62
     7
176
     1
 40
1.0
176
     1
 90
        1
176
     1
 90
        6
176
     1
 90
        2
176
     1
 62
     7
176
     1
 90
        5
176
     1
 90
        0
176
     1
 90
        0
176
     1
290
     0
176
     1
 90
        1
176
     1
 40
0.0
176
     1
 90
        0
176
     1
290
     0
176
     1
290
     1
176
     1
290
     1
176
     1
290
     0
176
     1
290
     0
176
     1
290
     0
176
     1
290
     0
176
     1
290
     0
176
     1
290
     0
176
     1
 90
       50
176
     1
 40
0.0
176
     1
 40
1.0
176
     1
 90
        0
176
     1
 62
    18
420
        0
176
     1
 90
       50
176
     1
 90
        3
176
     1
 62
     5
420
      255
176
     1
290
     0
176
     1
 90
       50
176
     1
 90
       50
176
     1
 90
       50
176
     1
290
     0
176
     1
 90
       50
176
     1
 62
   256
176
     0
 40
1.0
176
     0
 90
        2
176
     1
  1
strokes_ogs.tif
176
     1
290
     0
176
     1
 40
1.0
176
     1
 40
1.0
176
     1
1001
ACAD
1000
AcDbSavedByObjectVersion
1070
     0
  0
VISUALSTYLE
  5
1E5
102
{ACAD_REACTORS
330
EF
102
}
330
EF
100
AcDbVisualStyle
  2
OverhangOff
 70
    21
177
     3
291
     1
 70
    58
 90
        2
176
     0
 90
        2
176
     0
 90
        0
176
     0
 90
        0
176
     0
 40
0.6
176
     0
 40
30.0
176
     0
 62
     7
420
 16777215
176
     0
 90
        1
176
     0
 90
        4
176
     0
 62
     7
176
     0
 62
   257
176
     0
 90
        1
176
     0
 90
        1
176
     0
 40
1.0
176
     0
 90
        9
176
     2
 62
     7
176
     0
 40
1.0
176
     0
 90
        1
176
     0
 90
        6
176
     0
 90
        2
176
     0
 62
     7
176
     0
 90
        5
176
     0
 90
        0
176
     0
 90
        0
176
     0
290
     0
176
     0
 90
        1
176
     0
 40
0.0
176
     0
 90
        0
176
     0
290
     0
176
     1
290
     1
176
     1
290
     1
176
     1
290
     0
176
     1
290
     0
176
     1
290
     0
176
     1
290
     0
176
     1
290
     0
176
     1
290
     0
176
     1
 90
       50
176
     1
 40
0.0
176
     1
 40
1.0
176
     1
 90
        0
176
     1
 62
    18
420
        0
176
     1
 90
       50
176
     1
 90
        3
176
     1
 62
     5
420
      255
176
     1
290
     0
176
     1
 90
       50
176
     1
 90
       50
176
     1
 90
       50
176
     1
290
     0
176
     1
 90
       50
176
     1
 62
   256
176
     0
 40
1.0
176
     0
 90
        2
176
     1
  1
strokes_ogs.tif
176
     1
290
     0
176
     1
 40
1.0
176
     1
 40
1.0
176
     1
1001
ACAD
1000
AcDbSavedByObjectVersion
1070
     0
  0
VISUALSTYLE
  5
F9
102
{ACAD_REACTORS
330
EF
102
}
330
EF
100
AcDbVisualStyle
  2
Realistic
 70
     8
177
     3
291
     0
 70
    58
 90
        2
176
     1
 90
        3
176
     1
 90
        0
176
     1
 90
        2
176
     1
 40
0.6
176
     1
 40
30.0
176
     1
 62
     7
420
 16777215
176
     1
 90
        0
176
     1
 90
        0
176
     1
 62
     7
176
     1
 62
   257
176
     1
 90
        1
176
     1
 90
        1
176
     1
 40
1.0
176
     1
 90
        8
176
     1
 62
   257
176
     1
 40
1.0
176
     1
 90
        1
176
     1
 90
        6
176
     1
 90
        2
176
     1
 62
     7
176
     1
 90
        3
176
     1
 90
        0
176
     1
 90
        0
176
     1
290
     0
176
     1
 90
       13
176
     1
 40
0.0
176
     1
 90
        0
176
     1
290
     0
176
     1
290
     1
176
     1
290
     1
176
     1
290
     0
176
     1
290
     0
176
     1
290
     0
176
     1
290
     0
176
     1
290
     0
176
     1
290
     0
176
     1
 90
       50
176
     1
 40
0.0
176
     1
 40
1.0
176
     1
 90
        0
176
     1
 62
    18
420
        0
176
     1
 90
       50
176
     1
 90
        3
176
     1
 62
     5
420
      255
176
     1
290
     0
176
     1
 90
       50
176
     1
 90
       50
176
     1
 90
       50
176
     1
290
     0
176
     1
 90
       50
176
     1
 62
   256
176
     0
 40
1.0
176
     0
 90
        2
176
     1
  1
strokes_ogs.tif
176
     1
290
     0
176
     1
 40
1.0
176
     1
 40
1.0
176
     1
1001
ACAD
1000
AcDbSavedByObjectVersion
1070
     0
  0
VISUALSTYLE
  5
1F3
102
{ACAD_REACTORS
330
EF
102
}
330
EF
100
AcDbVisualStyle
  2
Shaded
 70
    27
177
     3
291
     0
 70
    58
 90
        2
176
     1
 90
        2
176
     1
 90
        1
176
     1
 90
        2
176
     1
 40
0.6
176
     1
 40
30.0
176
     1
 62
     7
420
 16777215
176
     1
 90
        0
176
     1
 90
        4
176
     1
 62
     7
176
     1
 62
   257
176
     1
 90
        1
176
     1
 90
        1
176
     1
 40
1.0
176
     1
 90
        8
176
     1
 62
   257
176
     1
 40
1.0
176
     1
 90
        1
176
     1
 90
        6
176
     1
 90
        2
176
     1
 62
     8
420
  7895160
176
     1
 90
        3
176
     1
 90
        0
176
     1
 90
        0
176
     1
290
     0
176
     1
 90
        5
176
     1
 40
0.0
176
     1
 90
        0
176
     1
290
     0
176
     1
290
     1
176
     1
290
     1
176
     1
290
     0
176
     1
290
     0
176
     1
290
     0
176
     1
290
     0
176
     1
290
     0
176
     1
290
     0
176
     1
 90
       50
176
     1
 40
0.0
176
     1
 40
1.0
176
     1
 90
        0
176
     1
 62
    18
420
        0
176
     1
 90
       50
176
     1
 90
        3
176
     1
 62
     5
420
      255
176
     1
290
     0
176
     1
 90
       50
176
     1
 90
       50
176
     1
 90
       50
176
     1
290
     0
176
     1
 90
       50
176
     1
 62
   256
176
     0
 40
1.0
176
     0
 90
        2
176
     1
  1
strokes_ogs.tif
176
     1
290
     0
176
     1
 40
1.0
176
     1
 40
1.0
176
     1
1001
ACAD
1000
AcDbSavedByObjectVersion
1070
     0
  0
VISUALSTYLE
  5
1F2
102
{ACAD_REACTORS
330
EF
102
}
330
EF
100
AcDbVisualStyle
  2
Shaded with edges
 70
    26
177
     3
291
     0
 70
    58
 90
        2
176
     1
 90
        2
176
     1
 90
        1
176
     1
 90
        2
176
     1
 40
0.6
176
     1
 40
30.0
176
     1
 62
     7
420
 16777215
176
     1
 90
        1
176
     1
 90
        2
176
     1
 62
     7
176
     1
 62
   257
176
     1
 90
        2
176
     1
 90
        1
176
     1
 40
1.0
176
     1
 90
        8
176
     1
 62
   257
176
     1
 40
1.0
176
     1
 90
        1
176
     1
 90
        6
176
     1
 90
        2
176
     1
 62
     7
176
     1
 90
        3
176
     1
 90
        0
176
     1
 90
        0
176
     1
290
     0
176
     1
 90
        5
176
     1
 40
0.0
176
     1
 90
        0
176
     1
290
     0
176
     1
290
     1
176
     1
290
     1
176
     1
290
     0
176
     1
290
     0
176
     1
290
     0
176
     1
290
     0
176
     1
290
     0
176
     1
290
     0
176
     1
 90
       50
176
     1
 40
0.0
176
     1
 40
1.0
176
     1
 90
        0
176
     1
 62
    18
420
        0
176
     1
 90
       50
176
     1
 90
        3
176
     1
 62
     5
420
      255
176
     1
290
     0
176
     1
 90
       50
176
     1
 90
       50
176
     1
 90
       50
176
     1
290
     0
176
     1
 90
       50
176
     1
 62
   256
176
     0
 40
1.0
176
     0
 90
        2
176
     1
  1
strokes_ogs.tif
176
     1
290
     0
176
     1
 40
1.0
176
     1
 40
1.0
176
     1
1001
ACAD
1000
AcDbSavedByObjectVersion
1070
     0
  0
VISUALSTYLE
  5
1EF
102
{ACAD_REACTORS
330
EF
102
}
330
EF
100
AcDbVisualStyle
  2
Shades of Gray
 70
    23
177
     3
291
     0
 70
    58
 90
        2
176
     1
 90
        2
176
     1
 90
        3
176
     1
 90
        0
176
     1
 40
0.6
176
     1
 40
30.0
176
     1
 62
     7
420
 16777215
176
     1
 90
        2
176
     1
 90
        2
176
     1
 62
     7
176
     1
 62
     7
176
     1
 90
        1
176
     1
 90
        1
176
     1
 40
40.0
176
     1
 90
        8
176
     1
 62
     7
176
     1
 40
1.0
176
     1
 90
        1
176
     1
 90
        6
176
     1
 90
        2
176
     1
 62
     7
176
     1
 90
        3
176
     1
 90
        0
176
     1
 90
        0
176
     1
290
     0
176
     1
 90
        1
176
     1
 40
0.0
176
     1
 90
        0
176
     1
290
     0
176
     1
290
     1
176
     1
290
     1
176
     1
290
     0
176
     1
290
     0
176
     1
290
     0
176
     1
290
     0
176
     1
290
     0
176
     1
290
     0
176
     1
 90
       50
176
     1
 40
0.0
176
     1
 40
1.0
176
     1
 90
        0
176
     1
 62
    18
420
        0
176
     1
 90
       50
176
     1
 90
        3
176
     1
 62
     5
420
      255
176
     1
290
     0
176
     1
 90
       50
176
     1
 90
       50
176
     1
 90
       50
176
     1
290
     0
176
     1
 90
       50
176
     1
 62
   256
176
     0
 40
1.0
176
     0
 90
        2
176
     1
  1
strokes_ogs.tif
176
     1
290
     0
176
     1
 40
1.0
176
     1
 40
1.0
176
     1
1001
ACAD
1000
AcDbSavedByObjectVersion
1070
     0
  0
VISUALSTYLE
  5
1F0
102
{ACAD_REACTORS
330
EF
102
}
330
EF
100
AcDbVisualStyle
  2
Sketchy
 70
    24
177
     3
291
     0
 70
    58
 90
        1
176
     1
 90
        2
176
     1
 90
        2
176
     1
 90
        0
176
     1
 40
0.6
176
     1
 40
30.0
176
     1
 62
     7
420
 16777215
176
     1
 90
        2
176
     1
 90
        2
176
     1
 62
     7
176
     1
 62
     7
176
     1
 90
        1
176
     1
 90
        1
176
     1
 40
40.0
176
     1
 90
       11
176
     1
 62
     7
176
     1
 40
1.0
176
     1
 90
        1
176
     1
 90
        6
176
     1
 90
        2
176
     1
 62
     7
176
     1
 90
        6
176
     1
 90
        0
176
     1
 90
        0
176
     1
290
     0
176
     1
 90
        1
176
     1
 40
0.0
176
     1
 90
        0
176
     1
290
     0
176
     1
290
     1
176
     1
290
     1
176
     1
290
     0
176
     1
290
     0
176
     1
290
     0
176
     1
290
     0
176
     1
290
     0
176
     1
290
     0
176
     1
 90
       50
176
     1
 40
0.0
176
     1
 40
1.0
176
     1
 90
        0
176
     1
 62
    18
420
        0
176
     1
 90
       50
176
     1
 90
        3
176
     1
 62
     5
420
      255
176
     1
290
     0
176
     1
 90
       50
176
     1
 90
       50
176
     1
 90
       50
176
     1
290
     0
176
     1
 90
       50
176
     1
 62
   256
176
     0
 40
1.0
176
     0
 90
        2
176
     1
  1
strokes_ogs.tif
176
     1
290
     0
176
     1
 40
1.0
176
     1
 40
1.0
176
     1
1001
ACAD
1000
AcDbSavedByObjectVersion
1070
     0
  0
VISUALSTYLE
  5
FC
102
{ACAD_REACTORS
330
EF
102
}
330
EF
100
AcDbVisualStyle
  2
Thicken
 70
    13
177
     3
291
     1
 70
    58
 90
        2
176
     1
 90
        2
176
     1
 90
        1
176
     1
 90
        0
176
     1
 40
0.6
176
     1
 40
30.0
176
     1
 62
     7
420
 16777215
176
     1
 90
        1
176
     1
 90
        4
176
     1
 62
     7
176
     1
 62
   257
176
     1
 90
        1
176
     1
 90
        1
176
     1
 40
1.0
176
     1
 90
       12
176
     1
 62
     7
176
     1
 40
1.0
176
     1
 90
        1
176
     1
 90
        6
176
     1
 90
        2
176
     1
 62
     7
176
     1
 90
        5
176
     1
 90
        0
176
     1
 90
        0
176
     1
290
     0
176
     1
 90
        1
176
     1
 40
0.0
176
     1
 90
        0
176
     1
290
     0
176
     1
290
     1
176
     1
290
     1
176
     1
290
     0
176
     1
290
     0
176
     1
290
     0
176
     1
290
     0
176
     1
290
     0
176
     1
290
     0
176
     1
 90
       50
176
     1
 40
0.0
176
     1
 40
1.0
176
     1
 90
        0
176
     1
 62
    18
420
        0
176
     1
 90
       50
176
     1
 90
        3
176
     1
 62
     5
420
      255
176
     1
290
     0
176
     1
 90
       50
176
     1
 90
       50
176
     1
 90
       50
176
     1
290
     0
176
     1
 90
       50
176
     1
 62
   256
176
     0
 40
1.0
176
     0
 90
        2
176
     1
  1
strokes_ogs.tif
176
     1
290
     0
176
     1
 40
1.0
176
     1
 40
1.0
176
     1
1001
ACAD
1000
AcDbSavedByObjectVersion
1070
     0
  0
VISUALSTYLE
  5
F6
102
{ACAD_REACTORS
330
EF
102
}
330
EF
100
AcDbVisualStyle
  2
Wireframe
 70
     5
177
     3
291
     0
 70
    58
 90
        0
176
     1
 90
        2
176
     1
 90
        0
176
     1
 90
        0
176
     1
 40
0.6
176
     1
 40
30.0
176
     1
 62
     7
420
 16777215
176
     1
 90
        1
176
     1
 90
        4
176
     1
 62
     7
176
     1
 62
   257
176
     1
 90
        1
176
     1
 90
        1
176
     1
 40
1.0
176
     1
 90
        0
176
     1
 62
   257
176
     1
 40
1.0
176
     1
 90
        1
176
     1
 90
        6
176
     1
 90
        2
176
     1
 62
     7
176
     1
 90
        3
176
     1
 90
        0
176
     1
 90
        0
176
     1
290
     0
176
     1
 90
        1
176
     1
 40
0.0
176
     1
 90
        0
176
     1
290
     0
176
     1
290
     1
176
     1
290
     1
176
     1
290
     0
176
     1
290
     0
176
     1
290
     0
176
     1
290
     0
176
     1
290
     0
176
     1
290
     0
176
     1
 90
       50
176
     1
 40
0.0
176
     1
 40
1.0
176
     1
 90
        0
176
     1
 62
    18
420
        0
176
     1
 90
       50
176
     1
 90
        3
176
     1
 62
     5
420
      255
176
     1
290
     0
176
     1
 90
       50
176
     1
 90
       50
176
     1
 90
       50
176
     1
290
     0
176
     1
 90
       50
176
     1
 62
   256
176
     0
 40
1.0
176
     0
 90
        2
176
     1
  1
strokes_ogs.tif
176
     1
290
     0
176
     1
 40
1.0
176
     1
 40
1.0
176
     1
1001
ACAD
1000
AcDbSavedByObjectVersion
1070
     0
  0
VISUALSTYLE
  5
1F1
102
{ACAD_REACTORS
330
EF
102
}
330
EF
100
AcDbVisualStyle
  2
X-Ray
 70
    25
177
     3
291
     0
 70
    58
 90
        2
176
     1
 90
        2
176
     1
 90
        1
176
     1
 90
        1
176
     1
 40
0.5
176
     1
 40
30.0
176
     1
 62
     7
420
 16777215
176
     1
 90
        1
176
     1
 90
        0
176
     1
 62
     7
176
     1
 62
   257
176
     1
 90
        1
176
     1
 90
        1
176
     1
 40
1.0
176
     1
 90
        8
176
     1
 62
     7
176
     1
 40
1.0
176
     1
 90
        1
176
     1
 90
        6
176
     1
 90
        2
176
     1
 62
     7
176
     1
 90
        3
176
     1
 90
        0
176
     1
 90
        0
176
     1
290
     0
176
     1
 90
       13
176
     1
 40
0.0
176
     1
 90
        0
176
     1
290
     0
176
     1
290
     1
176
     1
290
     1
176
     1
290
     0
176
     1
290
     0
176
     1
290
     0
176
     1
290
     0
176
     1
290
     0
176
     1
290
     0
176
     1
 90
       50
176
     1
 40
0.0
176
     1
 40
1.0
176
     1
 90
        0
176
     1
 62
    18
420
        0
176
     1
 90
       50
176
     1
 90
        3
176
     1
 62
     5
420
      255
176
     1
290
     0
176
     1
 90
       50
176
     1
 90
       50
176
     1
 90
       50
176
     1
290
     0
176
     1
 90
       50
176
     1
 62
   256
176
     0
 40
1.0
176
     0
 90
        2
176
     1
  1
strokes_ogs.tif
176
     1
290
     0
176
     1
 40
1.0
176
     1
 40
1.0
176
     1
1001
ACAD
1000
AcDbSavedByObjectVersion
1070
     0
  0
DICTIONARYVAR
  5
21AD
102
{ACAD_REACTORS
330
21AC
102
}
330
21AC
100
DictionaryVariables
280
     0
  1
100.000000
  0
DICTIONARYVAR
  5
21AE
102
{ACAD_REACTORS
330
21AC
102
}
330
21AC
100
DictionaryVariables
280
     0
  1
1
  0
DICTIONARYVAR
  5
21AF
102
{ACAD_REACTORS
330
21AC
102
}
330
21AC
100
DictionaryVariables
280
     0
  1
1:1
  0
DICTIONARYVAR
  5
21B0
102
{ACAD_REACTORS
330
21AC
102
}
330
21AC
100
DictionaryVariables
280
     0
  1
0
  0
DICTIONARYVAR
  5
21B1
102
{ACAD_REACTORS
330
21AC
102
}
330
21AC
100
DictionaryVariables
280
     0
  1
STANDARD
  0
DICTIONARYVAR
  5
21B2
102
{ACAD_REACTORS
330
21AC
102
}
330
21AC
100
DictionaryVariables
280
     0
  1
STANDARD
  0
DICTIONARYVAR
  5
21B3
102
{ACAD_REACTORS
330
21AC
102
}
330
21AC
100
DictionaryVariables
280
     0
  1
Metric50
  0
DICTIONARYVAR
  5
21B4
102
{ACAD_REACTORS
330
21AC
102
}
330
21AC
100
DictionaryVariables
280
     0
  1
Metric50
  0
DICTIONARYVAR
  5
21B5
102
{ACAD_REACTORS
330
21AC
102
}
330
21AC
100
DictionaryVariables
280
     0
  1
0
  0
DICTIONARYVAR
  5
21B6
102
{ACAD_REACTORS
330
21AC
102
}
330
21AC
100
DictionaryVariables
280
     0
  1
1
  0
DICTIONARYVAR
  5
21B7
102
{ACAD_REACTORS
330
21AC
102
}
330
21AC
100
DictionaryVariables
280
     0
  1
1
  0
DICTIONARYVAR
  5
21B8
102
{ACAD_REACTORS
330
21AC
102
}
330
21AC
100
DictionaryVariables
280
     0
  1
0
  0
DICTIONARYVAR
  5
21B9
102
{ACAD_REACTORS
330
21AC
102
}
330
21AC
100
DictionaryVariables
280
     0
  1
RGB:255,255,255
  0
DICTIONARYVAR
  5
21BA
102
{ACAD_REACTORS
330
21AC
102
}
330
21AC
100
DictionaryVariables
280
     0
  1
0
  0
DICTIONARYVAR
  5
21BB
102
{ACAD_REACTORS
330
21AC
102
}
330
21AC
100
DictionaryVariables
280
     0
  1
A-WALL-PATT
  0
DICTIONARYVAR
  5
21BC
102
{ACAD_REACTORS
330
21AC
102
}
330
21AC
100
DictionaryVariables
280
     0
  1
ByLayer
  0
DICTIONARYVAR
  5
21BD
102
{ACAD_REACTORS
330
21AC
102
}
330
21AC
100
DictionaryVariables
280
     0
  1
0
  0
DICTIONARYVAR
  5
21BE
102
{ACAD_REACTORS
330
21AC
102
}
330
21AC
100
DictionaryVariables
280
     0
  1
0
  0
DICTIONARYVAR
  5
21BF
102
{ACAD_REACTORS
330
21AC
102
}
330
21AC
100
DictionaryVariables
280
     0
  1
0
  0
DICTIONARYVAR
  5
21C0
102
{ACAD_REACTORS
330
21AC
102
}
330
21AC
100
DictionaryVariables
280
     0
  1
2
  0
DICTIONARYVAR
  5
21C1
102
{ACAD_REACTORS
330
21AC
102
}
330
21AC
100
DictionaryVariables
280
     0
  1
1.000000
  0
DICTIONARYVAR
  5
21C2
102
{ACAD_REACTORS
330
21AC
102
}
330
21AC
100
DictionaryVariables
280
     0
  1
1
  0
DICTIONARYVAR
  5
21C3
102
{ACAD_REACTORS
330
21AC
102
}
330
21AC
100
DictionaryVariables
280
     0
  1
2
  0
DICTIONARYVAR
  5
21C4
102
{ACAD_REACTORS
330
21AC
102
}
330
21AC
100
DictionaryVariables
280
     0
  1
1
  0
DICTIONARYVAR
  5
21C5
102
{ACAD_REACTORS
330
21AC
102
}
330
21AC
100
DictionaryVariables
280
     0
  1
0
  0
DICTIONARYVAR
  5
21C6
102
{ACAD_REACTORS
330
21AC
102
}
330
21AC
100
DictionaryVariables
280
     0
  1
127
  0
DICTIONARY
  5
2F2D
102
{ACAD_REACTORS
330
2F2B
102
}
330
2F2B
100
AcDbDictionary
281
     1
  0
DICTIONARY
  5
2F2C
102
{ACAD_REACTORS
330
2F2B
102
}
330
2F2B
100
AcDbDictionary
281
     1
  3
1809497128032
350
2F26
  3
1809497128048
350
2F27
  3
1809497128064
350
2F28
  3
1809497128080
350
2F29
  3
1809497128096
350
2F2A
  0
DICTIONARY
  5
2F34
330
66E
100
AcDbDictionary
280
     1
281
     1
  3
ACAD_XREC_ROUNDTRIP
360
2F35
  0
DICTIONARY
  5
2F30
330
21C
100
AcDbDictionary
280
     1
281
     1
  3
ACAD_XREC_ROUNDTRIP
360
2F31
  0
DICTIONARY
  5
205
330
22
100
AcDbDictionary
280
     1
281
     1
  0
DICTIONARY
  5
1F9
330
ED
100
AcDbDictionary
280
     1
281
     1
  3
FBXASSET
360
1FA
  0
DICTIONARY
  5
1F7
330
EC
100
AcDbDictionary
280
     1
281
     1
  3
FBXASSET
360
1F8
  0
DICTIONARY
  5
173
330
EE
100
AcDbDictionary
280
     1
281
     1
  3
BUMPTILE
360
175
  3
DIFFUSETILE
360
174
  3
FBXASSET
360
1FB
  3
OPACITYTILE
360
176
  3
REFLECTIONTILE
360
177
  0
DICTIONARY
  5
2F32
330
66D
100
AcDbDictionary
280
     1
281
     1
  3
ACAD_XREC_ROUNDTRIP
360
2F33
  0
DICTIONARY
  5
2F2E
330
21A
100
AcDbDictionary
280
     1
281
     1
  3
ACAD_XREC_ROUNDTRIP
360
2F2F
  0
DICTIONARY
  5
162
330
7F
100
AcDbDictionary
280
     1
281
     1
  3
ACAD_ROUNDTRIP_2008_TABLESTYLE_CELLSTYLEMAP
360
2F24
  0
XRECORD
  5
2F26
102
{ACAD_REACTORS
330
2F2C
102
}
330
2F2C
100
AcDbXrecord
280
     1
  1
AcDb_Thumbnail_Schema
102
{ATTRRECORD
341
2F27
  2
AcDbDs::TreatedAsObjectData
280
     1
291
     1
102
ATTRRECORD}
102
{ATTRRECORD
341
2F28
  2
AcDbDs::Legacy
280
     1
291
     1
102
ATTRRECORD}
  2
AcDbDs::ID
280
    10
 91
        8
102
{ATTRRECORD
341
2F29
  2
AcDs:Indexable
280
     1
291
     1
102
ATTRRECORD}
102
{ATTRRECORD
341
2F2A
  2
AcDbDs::HandleAttribute
280
     7
282
     1
102
ATTRRECORD}
  2
Thumbnail_Data
280
    15
 91
        0
  0
XRECORD
  5
2F27
102
{ACAD_REACTORS
330
2F2C
102
}
330
2F2C
100
AcDbXrecord
280
     1
  1
AcDbDs::TreatedAsObjectDataSchema
  2
AcDbDs::TreatedAsObjectData
280
     1
 91
        0
  0
XRECORD
  5
2F28
102
{ACAD_REACTORS
330
2F2C
102
}
330
2F2C
100
AcDbXrecord
280
     1
  1
AcDbDs::LegacySchema
  2
AcDbDs::Legacy
280
     1
 91
        0
  0
XRECORD
  5
2F29
102
{ACAD_REACTORS
330
2F2C
102
}
330
2F2C
100
AcDbXrecord
280
     1
  1
AcDbDs::IndexedPropertySchema
  2
AcDs:Indexable
280
     1
 91
        0
  0
XRECORD
  5
2F2A
102
{ACAD_REACTORS
330
2F2C
102
}
330
2F2C
100
AcDbXrecord
280
     1
  1
AcDbDs::HandleAttributeSchema
  2
AcDbDs::HandleAttribute
280
     7
 91
        1
284
     1
  0
XRECORD
  5
2F35
102
{ACAD_REACTORS
330
2F34
102
}
330
2F34
100
AcDbXrecord
280
     1
102
DISPLAYNAME
  1
Imperial24
102
FLAGS
 90
        0
  0
XRECORD
  5
2F31
102
{ACAD_REACTORS
330
2F30
102
}
330
2F30
100
AcDbXrecord
280
     1
102
DISPLAYNAME
  1
Metric50
102
FLAGS
 90
        0
  0
XRECORD
  5
1FA
102
{ACAD_REACTORS
330
1F9
102
}
330
1F9
100
AcDbXrecord
280
     1
 70
     1
 90
429727718
  1
D62C5603-E3A1-4AEA-B7FB-FE5D8D0755AF
310
504B03040A0000080000CC70623B3DEE336E79000000790000001B0000006175746F6465736B2D64657369676E2D7061636B6167652E786D6C3C3F786D6C2076657273696F6E3D22312E302220656E636F64696E673D227574662D3822203F3E3C666F726D6174733E3C666F726D61743E687474703A2F2F736368656D612E
310
6175746F6465736B2E636F6D2F64657369676E2D7061636B6167652F323030393C2F666F726D61743E3C2F666F726D6174733E504B0304140006080800CC70623BD486FD9CA0000000F4000000130000005B436F6E74656E745F54797065735D2E786D6C7D8EC10E82300C865F65E91D8A1E8C310C0EEA1BF002731658846E
310
D98AC1B77784ABF1D8FE5FBFBF75BBCE937A534CCEB38643598122B6FEE978D0B0485F9C41B54DDD7D022595594E1A469170414C76A4D9A4D207E29CF43ECE46F218070CC6BECC4078ACAA135ACF422C856C0E68EA1BF5669944DDD7BCDE7B1F8E415D77AECB980613C2E4AC91FC167A2B244592486606FC29C8FD7F045B9A
310
EF7053A7E60B504B0304140006080800CC70623B853B8169EB0000007C01000008000000636F72652E786D6C8D90416EC3201045AF62CDB6C206821CC7C244919D9CA01740401C94182C03558F5F9C3852BBEB6A467FFE9B197D7EFC9E1EC5975982F5AE035262288C535E5B377690E21535501C055FBC8FBF6C503839990E
310
5619041F179FE64D52DE45E362569DD7661365082642A11EB9E920A89B99642953CC8E702F67A9EE7234257977194EC9EAE275C4EABCCF5EAD5940D4AC6F0E35A568B8F43562CD7046CD199FD07E60174276A7BE677B5EADB0E0D14EEFFB6A31321A0D82627C4084204C3F096B71DD52F6819B16635EADF63F509AF53FA164
310
5DDCD1EDDD17164090FCC8732078B56691CB33A85CD7DCC40F504B0304140006080800CC70623B55019EA25F0000007C00000007000000636E782E786D6C4DCB3B0E80201045D1AD90E915ED2CF8AC45050C11660C8261F98AB1B07AC9C97D42D718D865D3E909258CFD00CCE24AC6E326A164D74DC0B4128928FF32603847
310
2BA13128B1252AC747C6BAB984FC68F0B87FE8960A5C09FE86CFB69FBA01504B0304140006080800CC70623BDBABAAF470010000D40300000C0000006662782F636F72652E786D6CC553D16E823014FD95A6AF4B694182CC941A83FA05FB810A9511A125A5257EFE2E82712ECEB8A7F100CD39F7F69E734AF9FADC366850B6
310
AF8DCE7018308C942E4C59EB2AC3DE1D498AD15A706B8CFB56869196ADCAF00863C12B6B7C374385D14E6907A836A59A41D9F7CA615434B0C8705F7CAA5606D23BA8E84F41278B93AC54100640439DE0BDB320004D43C63716C7C399D30917DCFBBA9CD9BA8469F5B156168B24CED3F7248AC8769F27244EB73B92EED8862C
310
B7F13E0C179B3C8F979C8ECD82BBBABDAA2BAC924E9558448CBD9330242CFA08E3154B5651FCC6D215639C8EE5774DBE2B5F6CF2B5768B68963BB5F5588420E442FC700B1139D4CB01F450C1E918227C2E09DF070D8140C84E1E9AAB8F1340832A9CB13130A5F1376A908D57309505ECF2A0DF179C4E9D30F5B239B87E3823
310
7A79C6F31DE1A8A5AEC08474B03C7837EAE4938639B44E5932B833D2C6B6B279CDC613877FA26EE21F4A2A4C63EC7F29A2F301D1F9F7A0E37D145F504B0304140006080800CC70623B9C113CC27E0000009D0000000B0000006662782F636E782E786D6C4DCCDF0A83201C86E15B91DFB94BFB330DD428C8FB886521330DA7
310
6397BF1A1DECE883878F57749FCDA1B7892F1BBC047A23808C7F84D9FA55424E0BE6803A256208E9EF06C84F9B91703228B1C690F78B66B34CD9A5439DF5CF0BFBF65E35BCA1B8D6A5C6F540381E886698B5741C695F9503EBA150A2F8958E3DC3EA0B504B0304140006080800CC70623B7DF2F77C2A010000120200003100
310
00006662782F41393633353835312D344632462D344230382D423046372D3739314545314133324237412F636F72652E786D6C8D51DB8EC22014FC15C2939B0D2DB4B45643319AE817EC0F6041255A68B86CFCFC856D4D76DF7CE190393373060EDB3DC707F856CE6B6B7A480A0C81328395DA5C7B18C3057510EC3873D686
310
3F34088C18550F330C39BB3A1BA7051AAC09CA84841A2BD5020AEF55806078A44B0FFD7053A328440C89E1EFC52486BBB8AA8214A99D789CF9E05200300FC927E4FB4D5B375D43103D5527440FB843077C5AA3F5861C8F645F5787F59E95B390B318B55CE45AA638FAA2957BD7248B390B7A7CC51F9C124149C82B8C378810
310
84AB2F42B7B8DD56F413775B8C5999E9FF4471926F8AA236A1AE96B8B3CC434E5839373893369E1FAF30EA395917409EB7F26AF8801C171837A4A6AC9C89E9F9C9B1A58BA30FD6A5EF5DDDCF894B9AD9B6A59C957943A9FCAE2FD5BC4DFE03504B0304140006080800CC70623BAD7543B64E01000033030000300000006662
310
782F41393633353835312D344632462D344230382D423046372D3739314545314133324237412F636E782E786D6CD593CD6EC32010845F0571AD6CE3D48AD20813A9873E410FBD12D82434182C7EAAE6EDBB2424CD25871E7B41D6EC30B3FA84F9E67BB2E40B4234DE8DB46F1925E094D7C6ED479AD3AE5951B2113C789FEE
310
6C943839C1488B4C05DF079FE72A69D8C96C13AAD6B8631503449F83828872B949AC57D26200B826A308D316B4064D6E46FCDA41C05550DC9E483A00797BFD207EFB092A45DE9514C1BBD22178396BD39D891265658C238DEA00936C654E5E433CB65A26D9F6EDB5EBC14EBF49A45CB856E66048291F6939A9A81BB5C89177
310
38143CA680F4AA299D66A042CEB3354A2684DC9D8D178FE0D9B8B41CAAD720F880EE7EF93C0C18769E099ECC04D5A102C8049A8A05632F4DDF376CF1DE0F6BB65C2F8627B65A33C6BB62177CEBBDAD973006829F89F22E814B54F4BC2BE347F8AA8F681390B50FA73F804400B5F542E796F19FF974E7F78DB802FE05E20750
310
4B0304140006080800CC70623BE75B7789680500003C100000340000006662782F41393633353835312D344632462D344230382D423046372D3739314545314133324237412F6F626A656374732E786D6CAD575B8F9B3818FD2B887D06C22499CB8AA1CA655245D5B455A356FB305264C061D8018C6C3393D95FBFC7600890
310
A4CD5EF210B0B1BFEBF98E3F7B1FF6596ABC522E1296DF9BAE3D320D9A872C4AF2F8DE2CE5CEBA358D0FBEC719939D65A691938CDE9B6ADAF4BD98B3B2D05311DD91329583D9D5FC0F438434A7A611A644887B5384CF34233629258BA878B12322891DEFF6B66BD70BFB62634E8AE781D082709A4B588AF91C528CDA28B73F
310
1C998EEF39EABBEFA97FBD6A7C7E9553F9D3D79FE442923C3C523610337627CB87ABE99D359D4CC6D6E4FACAB5E6ABF9D2726FC6A3C5F56271377BB88362213924694B38DD99FE47C48627A1E7D49F5A8BB5E1A74C0A599ED3B0F21F1E56366B89112D681E218F0915D0D6F17AD41FBA2A369DCF6335D62ABBD39779D5DDD1
310
11D4D8DE3CBB96B2E04FB8202E41051754A1AA8E8F76B4C6DFE810B580B1547F4B84911149794252234D024EF8BBE963A95AE27B3D310A9D5C215C7960FAEE415ED75694C6AFB17BCACA5D99A60A9AA65F217B0BFC53292ACB92BF283FAD0D3621576592CB5BED907C2FA8E9DF794E35E97BEA31BED21FEB401ABB94C44839
310
DCACBF0E1C5DA8DA5B2F4DFFD32AD86F543D9E565E7056502E157C00AD2671CD534549AB752FCA9CDA00677A313F04E51B22FF19E57B300579E3C97EB29F682D92935CEC18CF901B7B54FD8C51F362B56FC72FE0B3C1EAE335EDCCBF5AEC39ADB17DC238973F804BA5E6F6BFE7AF1FB32E523BE9F3BD571418E3631DCA4D48
310
5250CF639223210A9446CA30052EDF057BD35F8329C1ECD84552BF0DC8D18BE7BCE23BFE6BD960AB4A7DE79923A103BEBD80F911CBAA2C60DB19B01CF164A5583B772EE6D3FFA56666CBCDA74DC97724A48F9A58967497E489C4D979006FD7A05E227A1EBDD0F737C623387A9C844D3709995625106D157315F8B8392CD4E0
310
A0B9A720C4BE9829CEF37EA1E13111214D53925356365ADA634861B52519DD27A00AEB808EAF0628E6F435519D446F45CF2C9CF5214F0A15B2F6D06B79DA3EE3CBF7F56780D2F4E7EF73A0F5E5B02A38D07DC852C6B7C1FBB6664213E0C39E3EBA7FF4E1AD23EA2829407C85E586727488B751B2DB9502BC7B228A3FD68B6E
310
A65A22397E690AA8D158D7E404EC8CDA235CC3B7D1898680131CEC2CDF2638C65196279577750F15884AEE19F94199155B92B13297978469D4F8D358DF0AEF7631E28DC8F0D9F437D5D39A83B2231A1D52D543813A824EF8D44BCFF2FA6A31BD1E8DAD87F1CCB526B3879935BF59CDADD5C37479BB1CDD4CA7B3556B516589
310
EF352754B706114D9C885EC9131DE6EFEB43D99AFE2391C2F958179413D7CFEF6B1B6DB1E7600F00DE6E5C67454A339A4BA2E0FBA85ED26F045D454F463DBFCE484C2F90F2E5E3666003662ED8F755951A7D1BECD5B30B550B2785C8E7320B7292A4838DDA71BBC863ED7613CAF659337A3354231D4FF4A182A54904C2898C
310
98B28C4AD0CE056CCF332A80986E571EE9DBC305BB5FEB7E509220A58D25CF042D712A806AC0AD0C657FDEF80D2D9CEAA2EE4D1C76F60BFE74219A06527D6F82DF6412526107381E55E353090704D085B52408A8913C4ED159D79BDA71BB4BC506F4831350EB6F975CD22D69BF7AC49B91A2C0A9DDA3D5CA36AD20FC478E37
310
E61844E2352865EBCB61A275A65283CAAA9DD27703B4102F5AF51EF5F573B75CBB5AD38BC845F7A49F82A0966A49C2E3EA5EA0ECD326CD965F1DB402C6FA8B51A4658C5C5E2EC9E214602E55810345408596591009A82E7E7FFACA19EEA299B14A0081A705CB3296EBC14CDF658DCD336EA6D1136881AAEB87B81AB9EE53D5
310
F5EB8BC8362082DA24122F98680A4E7930C01A0079749CEA14382A0783E5EBA5A10F8C098456A03D6A4AEB6BB881E2513747552A5DB22C7EDAF83BD5528081A365F7FF06504B0304140006080000CC70623B000000000000000000000000350000006662782F41393633353835312D344632462D344230382D423046372D37
310
39314545314133324237412F76657274696365732E62696E504B0304140006080800CC70623BF270F1330600000004000000360000006662782F41393633353835312D344632462D344230382D423046372D3739314545314133324237412F747269616E676C65732E62696E636660600000504B0304140006080000CC7062
310
3B000000000000000000000000370000006662782F41393633353835312D344632462D344230382D423046372D3739314545314133324237412F617474726962757465732E62696E504B0304140006080800CC70623B08DA0BD19000000041010000360000006662782F41393633353835312D344632462D344230382D4230
310
46372D3739314545314133324237412F6469726563746F72792E786D6C858F410AC3201045AF22B36F53E9A60B35CBEEBAE80D244E44489C6234F4F835464A48035D0DF398FF9F8AF63D0E6CC63039F212F8F9020C7D47C6792B21C5FE7403D62A1188E2E60C98D7234A5830286103A55745067B9D86B8A3CF9C7F90C11DE6
310
07FB144396D7B6A82D282E9A152AD114D5EF2CB866EEE831B8EEA07A7BB5A8D7D61A2BAAEB7FD5F70921FF497D00504B0304140006080800CC70623BEDD1DC58FD000000A00100003B0000006662782F41393633353835312D344632462D344230382D423046372D3739314545314133324237412F7265736F75726365732F
310
636F72652E786D6C8D504B6E833010BD0A9A6D65B00922041947112427E8052C33A156828DFCA97AFC9A40A576D7CDCCE87D344F8F9FBFE667F689CE6B6B3A6039850C8DB2A336530731DC4903D95970676DF82583CCC8193B5861107C72362E3BA4AC096842428D1D7107A5F7182053CF7474E0D507CE32973124857FE48B
310
540F3961CEF244279DE03EB81420DB9EAC1384436FA353E879B1B182C7A8C75DA3C7F453DF353A1075D537A7BA6464B8F535A99AE14A9A2BBD90E350DD183B5CFABE3AF262350B1EF4FC9351399401471025A527C218A1E53BAB5A5AB765F5469B96525EACF23FA6B88CFF34456DC2A1DCE36E360F82A5202F42F062ED2BAD
310
579969AFDD8A6F504B010214000A0000080000CC70623B3DEE336E79000000790000001B00000000000000000000000000000000006175746F6465736B2D64657369676E2D7061636B6167652E786D6C504B01021400140006080800CC70623BD486FD9CA0000000F40000001300000000000000000000000000B20000005B
310
436F6E74656E745F54797065735D2E786D6C504B01021400140006080800CC70623B853B8169EB0000007C010000080000000000000000000000000083010000636F72652E786D6C504B01021400140006080800CC70623B55019EA25F0000007C000000070000000000000000000000000094020000636E782E786D6C504B
310
01021400140006080800CC70623BDBABAAF470010000D40300000C00000000000000000000000000180300006662782F636F72652E786D6C504B01021400140006080800CC70623B9C113CC27E0000009D0000000B00000000000000000000000000B20400006662782F636E782E786D6C504B01021400140006080800CC70
310
623B7DF2F77C2A010000120200003100000000000000000000000000590500006662782F41393633353835312D344632462D344230382D423046372D3739314545314133324237412F636F72652E786D6C504B01021400140006080800CC70623BAD7543B64E010000330300003000000000000000000000000000D2060000
310
6662782F41393633353835312D344632462D344230382D423046372D3739314545314133324237412F636E782E786D6C504B01021400140006080800CC70623BE75B7789680500003C10000034000000000000000000000000006E0800006662782F41393633353835312D344632462D344230382D423046372D3739314545
310
314133324237412F6F626A656374732E786D6C504B01021400140006080000CC70623B0000000000000000000000003500000000000000000000000000280E00006662782F41393633353835312D344632462D344230382D423046372D3739314545314133324237412F76657274696365732E62696E504B01021400140006
310
080800CC70623BF270F133060000000400000036000000000000000000000000007B0E00006662782F41393633353835312D344632462D344230382D423046372D3739314545314133324237412F747269616E676C65732E62696E504B01021400140006080000CC70623B0000000000000000000000003700000000000000
310
000000000000D50E00006662782F41393633353835312D344632462D344230382D423046372D3739314545314133324237412F617474726962757465732E62696E504B01021400140006080800CC70623B08DA0BD1900000004101000036000000000000000000000000002A0F00006662782F41393633353835312D344632
310
462D344230382D423046372D3739314545314133324237412F6469726563746F72792E786D6C504B01021400140006080800CC70623BEDD1DC58FD000000A00100003B000000000000000000000000000E1000006662782F41393633353835312D344632462D344230382D423046372D3739314545314133324237412F7265
310
736F75726365732F636F72652E786D6C504B0506000000000E000E0080040000641100000000
  0
XRECORD
  5
1F8
102
{ACAD_REACTORS
330
1F7
102
}
330
1F7
100
AcDbXrecord
280
     1
 70
     1
 90
429727718
  1
30362254-06B7-45E0-A893-8CFA70E3D6BC
310
504B03040A0000080000CC70623B3DEE336E79000000790000001B0000006175746F6465736B2D64657369676E2D7061636B6167652E786D6C3C3F786D6C2076657273696F6E3D22312E302220656E636F64696E673D227574662D3822203F3E3C666F726D6174733E3C666F726D61743E687474703A2F2F736368656D612E
310
6175746F6465736B2E636F6D2F64657369676E2D7061636B6167652F323030393C2F666F726D61743E3C2F666F726D6174733E504B0304140006080800CC70623BD486FD9CA0000000F4000000130000005B436F6E74656E745F54797065735D2E786D6C7D8EC10E82300C865F65E91D8A1E8C310C0EEA1BF002731658846E
310
D98AC1B77784ABF1D8FE5FBFBF75BBCE937A534CCEB38643598122B6FEE978D0B0485F9C41B54DDD7D022595594E1A469170414C76A4D9A4D207E29CF43ECE46F218070CC6BECC4078ACAA135ACF422C856C0E68EA1BF5669944DDD7BCDE7B1F8E415D77AECB980613C2E4AC91FC167A2B244592486606FC29C8FD7F045B9A
310
EF7053A7E60B504B0304140006080800CC70623B1EC5D7A3EB0000007C01000008000000636F72652E786D6C8D90416EC3201045AF82665B6103C6756C6122AB4D4ED00B204C5C94182C03558F5F9C3852BBEB6A467FFE9B197D71FC9E6FE8CBACC17AD7032D0820E3B41FAD9B7A48F1820F808E52ACDEC75F36404ECDA687
310
4D0629A6D5A76597B477D1B89855E747B38B2A041301E95B6E7A08FAD3CCAA50296647B8168BD2573599823EBB0CA76447F43862C7BCCF5EAC59410E4DDD9C7973C2755553CCCFA4C603E3040F1565ED3B1FDE4E432BCA0D9622DAF9795FAF464533826484B498524CD807E51D79ED187F21878E10516EF63F505AC67F42C9
310
BA58B1FDDD071640D2FCC87D2045B96591CB3DA85CB7DCE40F504B0304140006080800CC70623B55019EA25F0000007C00000007000000636E782E786D6C4DCB3B0E80201045D1AD90E915ED2CF8AC45050C11660C8261F98AB1B07AC9C97D42D718D865D3E909258CFD00CCE24AC6E326A164D74DC0B4128928FF32603847
310
2BA13128B1252AC747C6BAB984FC68F0B87FE8960A5C09FE86CFB69FBA01504B0304140006080800CC70623B8C9102E971010000D40300000C0000006662782F636F72652E786D6CC5535B6E833010BC8AE5DF0A6C08340F1947A84D4ED00B38C6A128602363A31CBFCB234A53A551FA553EC09AD9F5CE8C31DB9E9B1AF5CA
310
7695D1198E428A91D2D214952E33ECDD315861B4E5CC1AE3BE9561A445A3323CC098B3D21ADFCE9034DA29ED00D5A6503328BA4E398C640D8B0C77F253352214DE4145770A5B214FA2546114020D759C75CE8200340D19DE981F0F6746269C33EFAB6266AB02A655C74A59CCF365BADC27CB5D902ED22848F6340DF238A141
310
BE88E2F57B92BFEDF23523433367AE6A2EEAA455C2A902F398D2751045018D3FA264435F3771F242571B4A1919CA6F9A7C5B3CD9E42BED16F12C776AEB308F40C848FC700B1139D4891EF410CEC810227CC6846F8386402064270EF5C5C709A05E49676C024C61FC95EA45ED154CA5211D1FF4FB8291A913A68E9B83EBBB33
310
E2A7673CDE118E5AE8124C0807CB8377834E366998436B950D7A7746DAD846D4CFD978E0F04FD455FC5D49D2D4C6FE9722321F10997F0F32DC47FE05504B0304140006080800CC70623BFFEA85907E0000009D0000000B0000006662782F636E782E786D6C4DCCD10A83201886E15B91FFDC95D95A811AB6F23E625948A6C3
310
E9D8E5AF46073BFAE0E1E365ED67B3E8ADC3CB78C7815C7240DA3DFC64DCC221C519D7805AC182F7F1EF06C88D9BE6703008B6049F9E274D7A1E938DBB5AE3D6131B2589BA0D3D965551E0B2EA732C9B9A624AAEB41E3A557677029960D9AFB4EF11165F504B0304140006080800CC70623B4FEEA4082C0100001202000031
310
0000006662782F39464131463745442D413632322D343644302D413938332D3331353338454246344243312F636F72652E786D6C8D515B6EC32010BC0AE2AB55850DD871ED0813254D72825EC00192A2C460F1A872FC42ED48ED5F7E00CDCECCCEB26C731F6FE05B39AFADE921293004CA082BB5B9F43086336A21D870E6AC
310
0D7F68109861543DCC30E4ECE26C9C164858139409093556AA051CBC570102714B8F1E7AF1A5C6A11862480C7F2DA6415C878B2A4891CA89C7990F2E050073937C42DE1DB7E4F87ED8A36D4329AA9B3D46DBAEAD504556557BD81DEBDD0761E52CE42C462D17B996298E3E6BE59E35C962CE821E1FF18553435012728A7187
310
0841987E927A8D9B35ADDF70BBC6989599FE4F1427F9A4286A132ABAC49D651EF234CD5CE04CDA78BA3DC2A8FB645D00B9DF8B57E215725C60BCA2A463E54C4CE327C7A65E1C7DB02E7DEFCBF594B864C5CA6CDBD49C957943E9FA5D5FBAF336F90F504B0304140006080800CC70623BAD7543B64E01000033030000300000
310
006662782F39464131463745442D413632322D343644302D413938332D3331353338454246344243312F636E782E786D6CD593CD6EC32010845F0571AD6CE3D48AD20813A9873E410FBD12D82434182C7EAAE6EDBB2424CD25871E7B41D6EC30B3FA84F9E67BB2E40B4234DE8DB46F1925E094D7C6ED479AD3AE5951B2113C
310
789FEE6C943839C1488B4C05DF079FE72A69D8C96C13AAD6B8631503449F83828872B949AC57D26200B826A308D316B4064D6E46FCDA41C05550DC9E483A00797BFD207EFB092A45DE9514C1BBD22178396BD39D891265658C238DEA00936C654E5E433CB65A26D9F6EDB5EBC14EBF49A45CB856E66048291F6939A9A81BB5
310
C8917738143CA680F4AA299D66A042CEB3354A2684DC9D8D178FE0D9B8B41CAAD720F880EE7EF93C0C18769E099ECC04D5A102C8049A8A05632F4DDF376CF1DE0F6BB65C2F8627B65A33C6BB62177CEBBDAD973006829F89F22E814B54F4BC2BE347F8AA8F681390B50FA73F804400B5F542E796F19FF974E7F78DB802FE05
310
E207504B0304140006080800CC70623B16AB87BA640500003C100000340000006662782F39464131463745442D413632322D343644302D413938332D3331353338454246344243312F6F626A656374732E786D6CAD575B6FA33818FD2B887DE6924B3BED8A326A92B68A663B534DD4D13E548A0C38942D60649B369D5FBFC7
310
600890A493BDE42160637FD7F31D7FF63E6FB3D478A55C242CBF3247B66B1A340F5994E4F19559CA8D75611A9F7D8F33263BCB4C232719BD32D5B4E97B316765A1A722BA21652A07B3B7B33F0D11D29C9A46981221AE4C113ED38CD8A4942CA2E2C58E882476BCD9DA23BB5ED8171B73523C0F841684D35CC252CCE79062D4
310
468DFA43D7747CCF51DF7D4FFDEB5593E3AB9CCA9FBEFE241792E4E19EB28198C968BAB8199F5D5A67D3E9C49A9E8F47D6EC76B6B0469F26EEFC7C3EBFBCBEB98462213924694B38DD98FE1D62C393D073EA4FADC5DAF04326852CCF6958F90F0F2B9BB5C48816348F90C7840A68EB78EDF68723159BCEE7891A6B95DDE9D3
310
BCEAEEE8086A6C6F9E5D4B59F0175C10A7A0820BAA5055C7473B5AE3CFDD452D602CD5DF12616444529E90D448938013FE6EFA58AA96F85E4F8C42275708571E98FE6827AF6B2B4AE3D7D83D64E5A64C53054DD3AF90BD06FEA9149565C94FCA0F6B834DC85599E4F2423B24DF0B6AFA979E534DFA9E7A4CC6FA631D486393
310
921829879BF5D781A373557BCB85E97FB90DB62B558F8795179C15944B051F40AB495CF35451D26A4727654E6D8033BD98EF82F21D91FF8AF2DD9982BCF1643BDD4EB516C9492E368C67C88DED563FC36D5EACF66DFF057C3658BDBFA69DF9578B3DA735B64F18C7F20770A9D45CFCF7FCF563D6456A277DBEF78A02637CA2
310
43B90A490AEAB94F72244481D24819A6C0E59B606BFA4B3025981DBB48EAB701D97BF19C577CC77F2D1B6C55A9EF3C732474C0B727303F625995056C3B02963D9EAC146BE78EC5FCEC7FA999EBC5EACBAAE41B12D27B4D2C0BBA49F244E2ECDC81B76B502F113D8F5EE8FB1BE3111CDD4FC2AA9B844CAB1288B68AB90A7CDC
310
1C166AB0D3DC5310625FCC14E779BFD0709F8890A629C9292B1B2DED31A4B0DA928CEE135085754027E3018A397D4D5427D15BD1330B677DC8934285AC3DF45A9EB68FF8F2B8FC0A509AFEECFD0FF2DE25CC6047F7214B195F07EFEB9A094D800F7BFAE8FED187B78EA8A3A400F115961BCAD1215E47C966530AF0EE8128FE
310
58CEBB996A8964FFA529A046635D9353B0336A8F700DDF46271A024E70B0B37C9DE01847591E54DED53D54202AB947E4076556AC49C6CA5C9E1226B7F1A7B1BE15DEED62C41B91E1B3E9AFAAA735036547343A925075041DF0A9979E893B391F8FCFA6967B3EFB644DCF6E5CEBFAE272625DCC6FAF3FB93793C5F90CE1EF57
310
407342756B10D1C489E8953CD1617E5CEECAD6F4EF8914CE5D5D504E5C3F1F9736DA62CFC11E00BCDDB8CC8A9466349744C1F75EBDA4DF09BA8A9E8C7A7E9991989E20E5DBDD6A6003664ED8F7A04A8DBE0DF6EAD9B9AA858342E47399053949D2C146EDB85DE4B176BB0965FBAC19BD19AA918E27FA50C1D22402E144464C
310
59462568E704B6E71915404CB72B8FF4EDE184DDAF753F284990D2C6926782963815403548A70C657FDEF80D2D9CEAA2AE4C1C76F60BFE74219A06527D6582DF6412526107381E55E353090704D085B52408D0933C4ED159D79BDA71BB4BC506F4831350EB6F979CD22D69BF7AC49B91A2C0A9DDA3D5CA36AD20FC478E37E6
310
1844E2352865EBCB6EA275A652E3836BE04EFB400BF1A2556F515F1FBB35B2AB35BD889C744FFA1004B5544B121E57F70215746DD2F5E2C1412B602CBF19455AC6C8E5E9922C4E01E65215385004546899059180EAFCF7A707CE7017CD8CDB0410789AB32C63B91E5CEBBBACB17AC6CD347A022D5075FD106377347AAABA7E
310
7D11590744509B44E205134DC1290F06580320F78E537D3D73540E06CB970B431F185308AD40BBD794D6D77003C5A36E8EAA54BA64597CD8F83BD552A080A365F7FF06504B0304140006080000CC70623B000000000000000000000000350000006662782F39464131463745442D413632322D343644302D413938332D3331
310
353338454246344243312F76657274696365732E62696E504B0304140006080800CC70623BF270F1330600000004000000360000006662782F39464131463745442D413632322D343644302D413938332D3331353338454246344243312F747269616E676C65732E62696E636660600000504B0304140006080000CC70623B
310
000000000000000000000000370000006662782F39464131463745442D413632322D343644302D413938332D3331353338454246344243312F617474726962757465732E62696E504B0304140006080800CC70623B08DA0BD19000000041010000360000006662782F39464131463745442D413632322D343644302D413938
310
332D3331353338454246344243312F6469726563746F72792E786D6C858F410AC3201045AF22B36F53E9A60B35CBEEBAE80D244E44489C6234F4F835464A48035D0DF398FF9F8AF63D0E6CC63039F212F8F9020C7D47C6792B21C5FE7403D62A1188E2E60C98D7234A5830286103A55745067B9D86B8A3CF9C7F90C11DE607
310
FB144396D7B6A82D282E9A152AD114D5EF2CB866EEE831B8EEA07A7BB5A8D7D61A2BAAEB7FD5F70921FF497D00504B0304140006080800CC70623B0D6EF93BFE000000A00100003B0000006662782F39464131463745442D413632322D343644302D413938332D3331353338454246344243312F7265736F75726365732F63
310
6F72652E786D6C8D50596E833010BD0A9ADFCA60B334011947A8694ED00B586642AC041B79A97AFC9A40A5F6AF3F33A3B7689E1E3F7DCD8FEC139DD7D6F4C0720A191A65476DA61E62B892236427C19DB5E1970C322367EC618541F0C9D9B8EC90B226A009093576C41D94DE63804C3DD2D18357379C652E63480A7FCF17A9
310
EE72C29CE5894E3AC17D702940B63D59270887DE46A7D0F36263058F518FBB468FE9A7BE6A7420864373B8D4873369AA8691FA421B3294352543C5CAF65C0F6FEF43CB8BD52C78D0F34F46E550061C419494B6843142CB0F5677F4B52BEB177AEC28E5C52AFF638ACBF84F53D42654E51E77B379102C05791282176B5F693D
310
CB4C7BED567C03504B010214000A0000080000CC70623B3DEE336E79000000790000001B00000000000000000000000000000000006175746F6465736B2D64657369676E2D7061636B6167652E786D6C504B01021400140006080800CC70623BD486FD9CA0000000F40000001300000000000000000000000000B20000005B
310
436F6E74656E745F54797065735D2E786D6C504B01021400140006080800CC70623B1EC5D7A3EB0000007C010000080000000000000000000000000083010000636F72652E786D6C504B01021400140006080800CC70623B55019EA25F0000007C000000070000000000000000000000000094020000636E782E786D6C504B
310
01021400140006080800CC70623B8C9102E971010000D40300000C00000000000000000000000000180300006662782F636F72652E786D6C504B01021400140006080800CC70623BFFEA85907E0000009D0000000B00000000000000000000000000B30400006662782F636E782E786D6C504B01021400140006080800CC70
310
623B4FEEA4082C0100001202000031000000000000000000000000005A0500006662782F39464131463745442D413632322D343644302D413938332D3331353338454246344243312F636F72652E786D6C504B01021400140006080800CC70623BAD7543B64E010000330300003000000000000000000000000000D5060000
310
6662782F39464131463745442D413632322D343644302D413938332D3331353338454246344243312F636E782E786D6C504B01021400140006080800CC70623B16AB87BA640500003C1000003400000000000000000000000000710800006662782F39464131463745442D413632322D343644302D413938332D3331353338
310
454246344243312F6F626A656374732E786D6C504B01021400140006080000CC70623B0000000000000000000000003500000000000000000000000000270E00006662782F39464131463745442D413632322D343644302D413938332D3331353338454246344243312F76657274696365732E62696E504B01021400140006
310
080800CC70623BF270F133060000000400000036000000000000000000000000007A0E00006662782F39464131463745442D413632322D343644302D413938332D3331353338454246344243312F747269616E676C65732E62696E504B01021400140006080000CC70623B0000000000000000000000003700000000000000
310
000000000000D40E00006662782F39464131463745442D413632322D343644302D413938332D3331353338454246344243312F617474726962757465732E62696E504B01021400140006080800CC70623B08DA0BD190000000410100003600000000000000000000000000290F00006662782F39464131463745442D413632
310
322D343644302D413938332D3331353338454246344243312F6469726563746F72792E786D6C504B01021400140006080800CC70623B0D6EF93BFE000000A00100003B000000000000000000000000000D1000006662782F39464131463745442D413632322D343644302D413938332D3331353338454246344243312F7265
310
736F75726365732F636F72652E786D6C504B0506000000000E000E0080040000641100000000
  0
XRECORD
  5
175
102
{ACAD_REACTORS
330
173
102
}
330
173
100
AcDbXrecord
280
     1
270
     1
271
     1
  0
XRECORD
  5
174
102
{ACAD_REACTORS
330
173
102
}
330
173
100
AcDbXrecord
280
     1
270
     1
271
     1
  0
XRECORD
  5
1FB
102
{ACAD_REACTORS
330
173
102
}
330
173
100
AcDbXrecord
280
     1
 70
     0
 90
1673772943
  1
ECE7A1D2-D628-4531-984C-D00F80459256
310
504B03040A0000080000CC70623B3DEE336E79000000790000001B0000006175746F6465736B2D64657369676E2D7061636B6167652E786D6C3C3F786D6C2076657273696F6E3D22312E302220656E636F64696E673D227574662D3822203F3E3C666F726D6174733E3C666F726D61743E687474703A2F2F736368656D612E
310
6175746F6465736B2E636F6D2F64657369676E2D7061636B6167652F323030393C2F666F726D61743E3C2F666F726D6174733E504B0304140006080800CC70623BD486FD9CA0000000F4000000130000005B436F6E74656E745F54797065735D2E786D6C7D8EC10E82300C865F65E91D8A1E8C310C0EEA1BF002731658846E
310
D98AC1B77784ABF1D8FE5FBFBF75BBCE937A534CCEB38643598122B6FEE978D0B0485F9C41B54DDD7D022595594E1A469170414C76A4D9A4D207E29CF43ECE46F218070CC6BECC4078ACAA135ACF422C856C0E68EA1BF5669944DDD7BCDE7B1F8E415D77AECB980613C2E4AC91FC167A2B244592486606FC29C8FD7F045B9A
310
EF7053A7E60B504B0304140006080800CC70623BD9DDAED0EC0000007C01000008000000636F72652E786D6C8D90416EC3201045AF82665B61836D9CD8C2444DD39CA01740405C94182C03558F5F9C3852BBEB6A467FFE9B197D7EF89E6EE8CB2CC17A37002D0820E394D7D68D03A478C17B4007C117EFE32F1B20272733C0
310
2A83E0E3E2D3BC49CABB685CCCAAF3DA6CA20CC14440EA969B0182FA34932C648AD911AEC52CD5558EA6A0CF2EC329598D1E47ACCEFBECC59A050463A7EA5833865FEBDD0E37353BE3EE8DBDE3F6786A48D375FBF6CC78B9C282473B3DEFABC5C86834888A900E538A49F5419B9EB47DD5BC907D4F082F57FB1F28CDFA9F50
310
B22ED6D5F6EE030B20687EE43E10BC5CB3C8E51E54AE6B6EE207504B0304140006080800CC70623B55019EA25F0000007C00000007000000636E782E786D6C4DCB3B0E80201045D1AD90E915ED2CF8AC45050C11660C8261F98AB1B07AC9C97D42D718D865D3E909258CFD00CCE24AC6E326A164D74DC0B4128928FF326038
310
472BA13128B1252AC747C6BAB984FC68F0B87FE8960A5C09FE86CFB69FBA01504B0304140006080800CC70623BA24EB22D72010000D40300000C0000006662782F636F72652E786D6CC5535B6E833010BC8AE5DF0A6C5E49888CA3A6694ED00B38E05014B091B1518EDFE511A5A9D228FD2A1F60CDEC7A67C6986DCE4D8D7A
310
69BA4AAB0C073EC548AA5C17952A33ECECD15B61B4E1CC686DBF9561A44423333CC098B3D268D7CE50AE9595CA02AA74216750749DB418E5352C32DCE59FB211BE70162ABA93DF8AFC244AE9073ED050C759670D0840D390E18DF9F1706664C23973AE2A66B62A605A75ACA4C13C4976E1364A12EF355A2EBD384AF65EFA96
310
BC7B8BED2EA6719AAE16FB8491A199335B351775B991C2CA02F390D2D40B028F861F41BCA68B7518BFD0D59A524686F29B26D7164F36B94AD9289CE54E6D1DE6010819891F6E21228B3AD1831EC219194284CF98F06DD01008846CC5A1BEF83801D4CBDC6A1303536877A57A513B0953A94FC707FDBE6064EA84A9E3E6E0FA
310
EE8CF0E9198F7784A316AA0413C2C2F2E0ECA0934D1AE6D05A69BCDE9E91D2A611F573361E38FC1375157F5752AE6B6DFE4B11990F88CCBF0719EE23FF02504B0304140006080800CC70623B408A7D3B7C0000009D0000000B0000006662782F636E782E786D6C4DCCD10A83201886E15B91FFDC552A92A0064DBC8F581632
310
D3703A76F9ABD1C18E3E78F878E5F0D9027ABBFCF2292AE86E2D20171F69F6715550CB827B40839639A5F2770314A7CD293819B45C73AAFB45B35BA61ACAA1C1C7E7855C58C15BC331339661262CC762340413D68D77DA5B42298546CBE6573AF60CEB2F504B0304140006080800CC70623B449FB9BD290100001202000031
310
0000006662782F36394639363044362D344446342D343946362D394244322D3234314243333846323333332F636F72652E786D6C8D515B6EC32010BC0AE22B55850D98B871848994463E412FE002495162B07854397EA176A4F62F3F2C9A9D991D587EB84F37F0AD7D30CEF6905418026DA553C65E7A98E219ED203808EE9D
310
8B7F6810D871D23D2C3014FCE25D9A57483A1BB58D19B54EE9151C43D0110279CB971E06F9A5A7B11A53CC8C70ADE6515EC78BAE4895DB992778883E0700CB907242D17643D7E2538BD869608875438BBAE38922CAC8F1BDD90DB4691A5E2F42C153326A951B95E398B3D1FE599322163C9AE9115F7A3D46ADA0A018778810
310
84E907617BDCEE297BC5BB3DC6BC2EF47FA234AB2745C9D8D8D035EE220B50105E2F0DC1954B9FB747187D9F9D8FA0CCDB042D5FA0C015C65B42DF78BD10F3F3B363CB56C7109DCFDFBBB97E662ED92EB62D13BC2E1BCAE5777DB9966D8A1F504B0304140006080800CC70623BAD7543B64E01000033030000300000006662
310
782F36394639363044362D344446342D343946362D394244322D3234314243333846323333332F636E782E786D6CD593CD6EC32010845F0571AD6CE3D48AD20813A9873E410FBD12D82434182C7EAAE6EDBB2424CD25871E7B41D6EC30B3FA84F9E67BB2E40B4234DE8DB46F1925E094D7C6ED479AD3AE5951B2113C789FEE
310
6C943839C1488B4C05DF079FE72A69D8C96C13AAD6B8631503449F83828872B949AC57D26200B826A308D316B4064D6E46FCDA41C05550DC9E483A00797BFD207EFB092A45DE9514C1BBD22178396BD39D891265658C238DEA00936C654E5E433CB65A26D9F6EDB5EBC14EBF49A45CB856E66048291F6939A9A81BB5C89177
310
38143CA680F4AA299D66A042CEB3354A2684DC9D8D178FE0D9B8B41CAAD720F880EE7EF93C0C18769E099ECC04D5A102C8049A8A05632F4DDF376CF1DE0F6BB65C2F8627B65A33C6BB62177CEBBDAD973006829F89F22E814B54F4BC2BE347F8AA8F681390B50FA73F804400B5F542E796F19FF974E7F78DB802FE05E20750
310
4B0304140006080800CC70623B8D05915C650500003B100000340000006662782F36394639363044362D344446342D343946362D394244322D3234314243333846323333332F6F626A656374732E786D6CAD575B6FA33814FE2B887D06429276DA1565D4266D158D3A339A6846FB502932E050B66023DB74D2FDF5FB190C01
310
9276B2973C046C8ECFF53B17071F77456EBD502133CEAE6CDF9DD81665314F32965ED995DA3A17B6F5310C04E7AA47665B8C14F4CAD6DB7618A48257A5D94AE89654B91AEDDEDDFC61C998326A5B714EA4BCB265FC440BE2924AF184CA6737218AB8E976E7FA6E4338649B0A523E8D98964450A6A029F619B8588D52FE7039
310
B1BD30F0F4F730D0FF866AF6369557DB33949F31A9088B0F848DD8CCFCF9F2767A76E99CCDE733677E3EF59D9BBB9BA5E37F984D16E78BC5E5F5ED25044B25C0C96822E8D60EEFE11B91C581D77CEA34368A1F5329E68CD1B8B61F16D63A1B8E092D294B10C78C4A48EB593D192E7DED9BDEE7995E1B91FDEDD3ACEA9FE831
310
6A756F9F7D4D79F4274C90A7A04248AA51D5F8C718DAE06FB2F75AC4796EBE65D22A88A22223B995679120E2D50E41AA49C260C046A35368846B0BECD0DFF3EBEB8AD4F835768F69B9ADF25C43D30E6B646F807FAA64AD59F61715C7A54127C4AACA98BA3006A9D792DAE165E0D59B61A01FB3A9F9D838D2DAE62445C86166
310
F37564E842E7DE6A69879FEEA2DD5AE7E371E1A5E025154AC307D06A03D73EB5978C58FFA4C8E9033066E0F3BD53BEC1F39F91BE7B55103791EDE6BBB991A2046172CB4581D8B893FA674DDA17A77B3B7C413D1B511FD2743BFF8A38F03A658705E3ADF8015C3A3417FF3D7E439FF591DA0B5F18BC20C1B8981957AE6392A3
310
F43C640C01D1A0B4728E2DD4F26DB4B3C3152A252A3B4E913CEC1C72F012782FF88EFF8637AA552DBEF76408E8A8DE9E50F9E1CB3A2DA0DB1B6039A893B56063DC5B3E3FFB5F72E67AB9FEB4AEC496C4F4C1149625DD662C53E89D7BF0F6151A046260D1337DFDC94502430F83B0EE07A130A224BCAD7DAE1D9FB6CD422FF6
310
920702629C4BB9AE79C12F243C6432A6794E18E5552BA56B431AAB5D91317302B2B071E86C3A42B1A02F999E24061403B5D0EB639195DA655DD3EBEAB4FB862DDF579F014AD0E73C22F99E28DA57FB98E75C6CA2D74D53086D600F4786E0FE3144B771A8A7B900F03594DB8A633CBC49B2EDB69228BB479CF863B5E807AAAB
310
23872F6DFEB4129B949CA33823F58830E86D65621E10047D9DB34D862E8EAC3C2ABC2F7B2C40D67CDFE01F5545B92105AF983AC54D93D69E56FB8E797F88913F898A9FEC705D3F9D1B54EC8426FB500D40A03BD0119B06E1B95DDC7EB8F6975367793EBD70E66733DFB9BC982F9CE564727731999F5D4ECFCE3B8D6A4DC2A0
310
6D50FD148437D110834A64C6CDDF57FBACB5C307A2A477DFE4939736CFEF2B175371E0E10CF0DD1D5C15654E0BCA14D1E87DD02FF93782A162C0A3D95F1524A52770F972BF1EE9809D13CE7DD599467F8ECE9ADD85CE85A34CD45355448C64F9E8A031DC2D596ACC6E5DD93D9B82DE2EF5CAF81363A8E47996A0DE24564A79
310
4115AACE09C55E14540231FDA13C319787134EBF34E3A022514E5B4D9E0826E25C02D5805B15ABE1BEF51B26383D445DD9E875EE33FE4C22DA16427D65A3BCA92CA6D28DD01DF5DC53330704308475351050232CCD31583787BA75774AFB06E5070DD0C8EF484E19968C5D83BA5B90B244D31E54D55A372320FE4786B7EA58
310
44E135AA5467CB7EA333A61683CC6A8C3257034C10CF46F40EF9F5BE59BE5BD30C3C72D235E95D10345C1D45445A5F0BB47E46A5EBE5570F9380B5FA629579952296A773720405982B9DE04011506178964401AA8BDF1FBF0A8EAB6861DD6580C0E38217056766716DAEB2D6FA0917D3E4116581EADB879C4E7CFFB11EFACD
310
3D641311495D92C8676CB409A72D18610D803CE8A626049E8EC1887CB5B44CC39883690DDA8399B4B9855B481E7D71D4A9D22F96E5BB73BF5793020C02137BF837504B0304140006080000CC70623B000000000000000000000000350000006662782F36394639363044362D344446342D343946362D394244322D32343142
310
43333846323333332F76657274696365732E62696E504B0304140006080800CC70623BF270F1330600000004000000360000006662782F36394639363044362D344446342D343946362D394244322D3234314243333846323333332F747269616E676C65732E62696E636660600000504B0304140006080000CC70623B0000
310
00000000000000000000370000006662782F36394639363044362D344446342D343946362D394244322D3234314243333846323333332F617474726962757465732E62696E504B0304140006080800CC70623B08DA0BD19000000041010000360000006662782F36394639363044362D344446342D343946362D394244322D
310
3234314243333846323333332F6469726563746F72792E786D6C858F410AC3201045AF22B36F53E9A60B35CBEEBAE80D244E44489C6234F4F835464A48035D0DF398FF9F8AF63D0E6CC63039F212F8F9020C7D47C6792B21C5FE7403D62A1188E2E60C98D7234A5830286103A55745067B9D86B8A3CF9C7F90C11DE607FB14
310
4396D7B6A82D282E9A152AD114D5EF2CB866EEE831B8EEA07A7BB5A8D7D61A2BAAEB7FD5F70921FF497D00504B0304140006080800CC70623BCA768048FE000000A00100003B0000006662782F36394639363044362D344446342D343946362D394244322D3234314243333846323333332F7265736F75726365732F636F72
310
652E786D6C8D50596E833010BD0A9ADFCA60D600328E9AA639412F609909B1126CE4A5EAF16B0295DABFFECC8CDEA2797AECF8353F924FB44E193D409E5248504B332A3D0D10FC95B4901C39B3C6F85F3248B49871801506CE266BC2B243D2688FDA47549B11775038871E12F988C7004EDE7016A9083E2ADC3D5D84BC8B09
310
D33C8D74D471E6BC8D0192EDC93A815B742658898E651BCB59086ADC356A8C3FD555A1055ED7E7E254D615792D0F075295F585746FF53B694EE78A565DD736979A65AB9933AFE69F8CD2A2F038022F28ED489E135A7CE4554F9BBEA85E68DB53CAB255FEC71496F19FA6A0B42F8B3DEE6673C0F318E4497096AD7DC5F52C33
310
EEB55BFE0D504B010214000A0000080000CC70623B3DEE336E79000000790000001B00000000000000000000000000000000006175746F6465736B2D64657369676E2D7061636B6167652E786D6C504B01021400140006080800CC70623BD486FD9CA0000000F40000001300000000000000000000000000B20000005B436F
310
6E74656E745F54797065735D2E786D6C504B01021400140006080800CC70623BD9DDAED0EC0000007C010000080000000000000000000000000083010000636F72652E786D6C504B01021400140006080800CC70623B55019EA25F0000007C000000070000000000000000000000000095020000636E782E786D6C504B0102
310
1400140006080800CC70623BA24EB22D72010000D40300000C00000000000000000000000000190300006662782F636F72652E786D6C504B01021400140006080800CC70623B408A7D3B7C0000009D0000000B00000000000000000000000000B50400006662782F636E782E786D6C504B01021400140006080800CC70623B
310
449FB9BD290100001202000031000000000000000000000000005A0500006662782F36394639363044362D344446342D343946362D394244322D3234314243333846323333332F636F72652E786D6C504B01021400140006080800CC70623BAD7543B64E010000330300003000000000000000000000000000D20600006662
310
782F36394639363044362D344446342D343946362D394244322D3234314243333846323333332F636E782E786D6C504B01021400140006080800CC70623B8D05915C650500003B10000034000000000000000000000000006E0800006662782F36394639363044362D344446342D343946362D394244322D32343142433338
310
46323333332F6F626A656374732E786D6C504B01021400140006080000CC70623B0000000000000000000000003500000000000000000000000000250E00006662782F36394639363044362D344446342D343946362D394244322D3234314243333846323333332F76657274696365732E62696E504B010214001400060808
310
00CC70623BF270F13306000000040000003600000000000000000000000000780E00006662782F36394639363044362D344446342D343946362D394244322D3234314243333846323333332F747269616E676C65732E62696E504B01021400140006080000CC70623B00000000000000000000000037000000000000000000
310
00000000D20E00006662782F36394639363044362D344446342D343946362D394244322D3234314243333846323333332F617474726962757465732E62696E504B01021400140006080800CC70623B08DA0BD190000000410100003600000000000000000000000000270F00006662782F36394639363044362D344446342D
310
343946362D394244322D3234314243333846323333332F6469726563746F72792E786D6C504B01021400140006080800CC70623BCA768048FE000000A00100003B000000000000000000000000000B1000006662782F36394639363044362D344446342D343946362D394244322D3234314243333846323333332F7265736F
310
75726365732F636F72652E786D6C504B0506000000000E000E0080040000621100000000
  0
XRECORD
  5
176
102
{ACAD_REACTORS
330
173
102
}
330
173
100
AcDbXrecord
280
     1
270
     1
271
     1
  0
XRECORD
  5
177
102
{ACAD_REACTORS
330
173
102
}
330
173
100
AcDbXrecord
280
     1
270
     1
271
     1
  0
XRECORD
  5
2F33
102
{ACAD_REACTORS
330
2F32
102
}
330
2F32
100
AcDbXrecord
280
     1
102
DISPLAYNAME
  1
Imperial24
102
FLAGS
 90
        0
  0
XRECORD
  5
2F2F
102
{ACAD_REACTORS
330
2F2E
102
}
330
2F2E
100
AcDbXrecord
280
     1
102
DISPLAYNAME
  1
Metric50
102
FLAGS
 90
        0
  0
CELLSTYLEMAP
  5
2F24
102
{ACAD_REACTORS
330
162
102
}
330
162
100
AcDbCellStyleMap
 90
        3
300
CELLSTYLE
  1
TABLEFORMAT_BEGIN
 90
        5
170
     1
 91
        0
 92
    32768
 62
   257
 93
        1
300
CONTENTFORMAT
  1
CONTENTFORMAT_BEGIN
 90
        0
 91
        0
 92
      512
 93
        0
300

 40
0.0
140
1.0
 94
        5
 62
     0
340
11
144
6.0
309
CONTENTFORMAT_END
171
     1
301
MARGIN
  1
CELLMARGIN_BEGIN
 40
1.5
 40
1.5
 40
1.5
 40
1.5
 40
4.5
 40
4.5
309
CELLMARGIN_END
 94
        6
 95
        1
302
GRIDFORMAT
  1
GRIDFORMAT_BEGIN
 90
        0
 91
        1
 62
     0
 92
       -2
340
14
 93
        0
 40
1.125
309
GRIDFORMAT_END
 95
        2
302
GRIDFORMAT
  1
GRIDFORMAT_BEGIN
 90
        0
 91
        1
 62
     0
 92
       -2
340
14
 93
        0
 40
1.125
309
GRIDFORMAT_END
 95
        4
302
GRIDFORMAT
  1
GRIDFORMAT_BEGIN
 90
        0
 91
        1
 62
     0
 92
       -2
340
14
 93
        0
 40
1.125
309
GRIDFORMAT_END
 95
        8
302
GRIDFORMAT
  1
GRIDFORMAT_BEGIN
 90
        0
 91
        1
 62
     0
 92
       -2
340
14
 93
        0
 40
1.125
309
GRIDFORMAT_END
 95
       16
302
GRIDFORMAT
  1
GRIDFORMAT_BEGIN
 90
        0
 91
        1
 62
     0
 92
       -2
340
14
 93
        0
 40
1.125
309
GRIDFORMAT_END
 95
       32
302
GRIDFORMAT
  1
GRIDFORMAT_BEGIN
 90
        0
 91
        1
 62
     0
 92
       -2
340
14
 93
        0
 40
1.125
309
GRIDFORMAT_END
309
TABLEFORMAT_END
  1
CELLSTYLE_BEGIN
 90
        1
 91
        1
300
_TITLE
309
CELLSTYLE_END
300
CELLSTYLE
  1
TABLEFORMAT_BEGIN
 90
        5
170
     1
 91
        0
 92
        0
 62
   257
 93
        1
300
CONTENTFORMAT
  1
CONTENTFORMAT_BEGIN
 90
        0
 91
        0
 92
      512
 93
        0
300

 40
0.0
140
1.0
 94
        5
 62
     0
340
11
144
4.5
309
CONTENTFORMAT_END
171
     1
301
MARGIN
  1
CELLMARGIN_BEGIN
 40
1.5
 40
1.5
 40
1.5
 40
1.5
 40
4.5
 40
4.5
309
CELLMARGIN_END
 94
        6
 95
        1
302
GRIDFORMAT
  1
GRIDFORMAT_BEGIN
 90
        0
 91
        1
 62
     0
 92
       -2
340
14
 93
        0
 40
1.125
309
GRIDFORMAT_END
 95
        2
302
GRIDFORMAT
  1
GRIDFORMAT_BEGIN
 90
        0
 91
        1
 62
     0
 92
       -2
340
14
 93
        0
 40
1.125
309
GRIDFORMAT_END
 95
        4
302
GRIDFORMAT
  1
GRIDFORMAT_BEGIN
 90
        0
 91
        1
 62
     0
 92
       -2
340
14
 93
        0
 40
1.125
309
GRIDFORMAT_END
 95
        8
302
GRIDFORMAT
  1
GRIDFORMAT_BEGIN
 90
        0
 91
        1
 62
     0
 92
       -2
340
14
 93
        0
 40
1.125
309
GRIDFORMAT_END
 95
       16
302
GRIDFORMAT
  1
GRIDFORMAT_BEGIN
 90
        0
 91
        1
 62
     0
 92
       -2
340
14
 93
        0
 40
1.125
309
GRIDFORMAT_END
 95
       32
302
GRIDFORMAT
  1
GRIDFORMAT_BEGIN
 90
        0
 91
        1
 62
     0
 92
       -2
340
14
 93
        0
 40
1.125
309
GRIDFORMAT_END
309
TABLEFORMAT_END
  1
CELLSTYLE_BEGIN
 90
        2
 91
        1
300
_HEADER
309
CELLSTYLE_END
300
CELLSTYLE
  1
TABLEFORMAT_BEGIN
 90
        5
170
     1
 91
        0
 92
        0
 62
   257
 93
        1
300
CONTENTFORMAT
  1
CONTENTFORMAT_BEGIN
 90
        0
 91
        0
 92
      512
 93
        0
300

 40
0.0
140
1.0
 94
        2
 62
     0
340
11
144
4.5
309
CONTENTFORMAT_END
171
     1
301
MARGIN
  1
CELLMARGIN_BEGIN
 40
1.5
 40
1.5
 40
1.5
 40
1.5
 40
4.5
 40
4.5
309
CELLMARGIN_END
 94
        6
 95
        1
302
GRIDFORMAT
  1
GRIDFORMAT_BEGIN
 90
        0
 91
        1
 62
     0
 92
       -2
340
14
 93
        0
 40
1.125
309
GRIDFORMAT_END
 95
        2
302
GRIDFORMAT
  1
GRIDFORMAT_BEGIN
 90
        0
 91
        1
 62
     0
 92
       -2
340
14
 93
        0
 40
1.125
309
GRIDFORMAT_END
 95
        4
302
GRIDFORMAT
  1
GRIDFORMAT_BEGIN
 90
        0
 91
        1
 62
     0
 92
       -2
340
14
 93
        0
 40
1.125
309
GRIDFORMAT_END
 95
        8
302
GRIDFORMAT
  1
GRIDFORMAT_BEGIN
 90
        0
 91
        1
 62
     0
 92
       -2
340
14
 93
        0
 40
1.125
309
GRIDFORMAT_END
 95
       16
302
GRIDFORMAT
  1
GRIDFORMAT_BEGIN
 90
        0
 91
        1
 62
     0
 92
       -2
340
14
 93
        0
 40
1.125
309
GRIDFORMAT_END
 95
       32
302
GRIDFORMAT
  1
GRIDFORMAT_BEGIN
 90
        0
 91
        1
 62
     0
 92
       -2
340
14
 93
        0
 40
1.125
309
GRIDFORMAT_END
309
TABLEFORMAT_END
  1
CELLSTYLE_BEGIN
 90
        3
 91
        2
300
_DATA
309
CELLSTYLE_END
  0
ENDSEC
  0
SECTION
  2
ACDSDATA
 70
     2
 71
     8
  0
ACDSSCHEMA
 90
        0
  1
AcDb_Thumbnail_Schema
  2
AcDbDs::ID
280
    10
 91
        8
  2
Thumbnail_Data
280
    15
 91
        0
101
ACDSRECORD
 95
        0
 90
        1
  2
AcDbDs::TreatedAsObjectData
280
     1
291
     1
101
ACDSRECORD
 95
        0
 90
        2
  2
AcDbDs::Legacy
280
     1
291
     1
101
ACDSRECORD
  1
AcDbDs::ID
 90
        3
  2
AcDs:Indexable
280
     1
291
     1
101
ACDSRECORD
  1
AcDbDs::ID
 90
        4
  2
AcDbDs::HandleAttribute
280
     7
282
     1
  0
ACDSSCHEMA
 90
        1
  1
AcDbDs::TreatedAsObjectDataSchema
  2
AcDbDs::TreatedAsObjectData
280
     1
 91
        0
  0
ACDSSCHEMA
 90
        2
  1
AcDbDs::LegacySchema
  2
AcDbDs::Legacy
280
     1
 91
        0
  0
ACDSSCHEMA
 90
        3
  1
AcDbDs::IndexedPropertySchema
  2
AcDs:Indexable
280
     1
 91
        0
  0
ACDSSCHEMA
 90
        4
  1
AcDbDs::HandleAttributeSchema
  2
AcDbDs::HandleAttribute
280
     7
 91
        1
284
     1
  0
ACDSRECORD
 90
        0
  2
AcDbDs::ID
280
    10
320
22
  2
Thumbnail_Data
280
    15
 94
      896
310
89504E470D0A1A0A0000000D49484452000001000000009108030000001BE1960600000300504C5445212830FFFFFF2128300000000000000000000000000000000000000000000000000000330000660000990000CC0000FF0033000033330033660033990033CC0033FF0066000066330066660066990066CC0066FF0099
310
000099330099660099990099CC0099FF00CC0000CC3300CC6600CC9900CCCC00CCFF00FF0000FF3300FF6600FF9900FFCC00FFFF3300003300333300663300993300CC3300FF3333003333333333663333993333CC3333FF3366003366333366663366993366CC3366FF3399003399333399663399993399CC3399FF33CC00
310
33CC3333CC6633CC9933CCCC33CCFF33FF0033FF3333FF6633FF9933FFCC33FFFF6600006600336600666600996600CC6600FF6633006633336633666633996633CC6633FF6666006666336666666666996666CC6666FF6699006699336699666699996699CC6699FF66CC0066CC3366CC6666CC9966CCCC66CCFF66FF0066
310
FF3366FF6666FF9966FFCC66FFFF9900009900339900669900999900CC9900FF9933009933339933669933999933CC9933FF9966009966339966669966999966CC9966FF9999009999339999669999999999CC9999FF99CC0099CC3399CC6699CC9999CCCC99CCFF99FF0099FF3399FF6699FF9999FFCC99FFFFCC0000CC00
310
33CC0066CC0099CC00CCCC00FFCC3300CC3333CC3366CC3399CC33CCCC33FFCC6600CC6633CC6666CC6699CC66CCCC66FFCC9900CC9933CC9966CC9999CC99CCCC99FFCCCC00CCCC33CCCC66CCCC99CCCCCCCCCCFFCCFF00CCFF33CCFF66CCFF99CCFFCCCCFFFFFF0000FF0033FF0066FF0099FF00CCFF00FFFF3300FF3333
310
FF3366FF3399FF33CCFF33FFFF6600FF6633FF6666FF6699FF66CCFF66FFFF9900FF9933FF9966FF9999FF99CCFF99FFFFCC00FFCC33FFCC66FFCC99FFCCCCFFCCFFFFFF00FFFF33FFFF66FFFF99FFFFCCFFFFFF0000000D0D0D1A1A1A2828283535354343435050505D5D5D6B6B6B787878868686939393A1A1A1AEAEAEBB
310
BBBBC9C9C9D6D6D6E4E4E4F1F1F1FFFFFF0000000000000000000000000000000000000000000000000000000000002E4550F10000003B4944415478DAEDC13101000000C2A0F54F6D0B2FA0000000000000000000000000000000000000000000000000000000000000000000000000CE06919100016C9A5B1B0000000049
310
454E44AE426082
  0
ENDSEC
  0
EOF
