  0
SECTION
  2
HEADER
  9
$ACADVER
  1
AC1032
  9
$ACADMAINTVER
 90
       55
  9
$DWGCODEPAGE
  3
ANSI_1252
  9
$LASTSAVEDBY
  1
user
  9
$REQUIREDVERSIONS
160
                 0
  9
$INSBASE
 10
0.0
 20
0.0
 30
0.0
  9
$EXTMIN
 10
8563628.934900869
 20
7335538.606282935
 30
0.0
  9
$EXTMAX
 10
8573798.934900869
 20
7343737.983792879
 30
0.0
  9
$LIMMIN
 10
0.0
 20
0.0
  9
$LIMMAX
 10
20000000.0
 20
20000000.0
  9
$ORTHOMODE
 70
     1
  9
$REGENMODE
 70
     1
  9
$FILLMODE
 70
     1
  9
$QTEXTMODE
 70
     0
  9
$MIRRTEXT
 70
     0
  9
$LTSCALE
 40
200.0
  9
$ATTMODE
 70
     1
  9
$TEXTSIZE
 40
250.0
  9
$TRACEWID
 40
0.05
  9
$TEXTSTYLE
  7
STYLE28
  9
$CLAYER
  8
0
  9
$CELTYPE
  6
ByLayer
  9
$CECOLOR
 62
     7
  9
$CELTSCALE
 40
10.0
  9
$DISPSILH
 70
     0
  9
$DIMSCALE
 40
1.0
  9
$DIMASZ
 40
70.0
  9
$DIMEXO
 40
20.0
  9
$DIMDLI
 40
9.0
  9
$DIMRND
 40
5.0
  9
$DIMDLE
 40
150.0
  9
$DIMEXE
 40
200.0
  9
$DIMTP
 40
0.0
  9
$DIMTM
 40
0.0
  9
$DIMTXT
 40
130.0
  9
$DIMCEN
 40
0.9
  9
$DIMTSZ
 40
0.0
  9
$DIMTOL
 70
     0
  9
$DIMLIM
 70
     0
  9
$DIMTIH
 70
     0
  9
$DIMTOH
 70
     0
  9
$DIMSE1
 70
     0
  9
$DIMSE2
 70
     0
  9
$DIMTAD
 70
     0
  9
$DIMZIN
 70
     8
  9
$DIMBLK
  1
ArchTick
  9
$DIMASO
 70
     1
  9
$DIMSHO
 70
     1
  9
$DIMPOST
  1

  9
$DIMAPOST
  1

  9
$DIMALT
 70
     0
  9
$DIMALTD
 70
     4
  9
$DIMALTF
 40
0.0394
  9
$DIMLFAC
 40
1.0
  9
$DIMTOFL
 70
     1
  9
$DIMTVP
 40
0.0
  9
$DIMTIX
 70
     0
  9
$DIMSOXD
 70
     0
  9
$DIMSAH
 70
     0
  9
$DIMBLK1
  1

  9
$DIMBLK2
  1

  9
$DIMSTYLE
  2
site ni
  9
$DIMCLRD
 70
    24
  9
$DIMCLRE
 70
     9
  9
$DIMCLRT
 70
     1
  9
$DIMTFAC
 40
1.0
  9
$DIMGAP
 40
100.0
  9
$DIMJUST
 70
     0
  9
$DIMSD1
 70
     0
  9
$DIMSD2
 70
     0
  9
$DIMTOLJ
 70
     1
  9
$DIMTZIN
 70
     0
  9
$DIMALTZ
 70
     0
  9
$DIMALTTZ
 70
     0
  9
$DIMUPT
 70
     0
  9
$DIMDEC
 70
     0
  9
$DIMTDEC
 70
     0
  9
$DIMALTU
 70
     8
  9
$DIMALTTD
 70
     4
  9
$DIMTXSTY
  7
vegas
  9
$DIMAUNIT
 70
     0
  9
$DIMADEC
 70
     0
  9
$DIMALTRND
 40
0.0
  9
$DIMAZIN
 70
     0
  9
$DIMDSEP
 70
    46
  9
$DIMATFIT
 70
     3
  9
$DIMFRAC
 70
     0
  9
$DIMLDRBLK
  1
ArchTick
  9
$DIMLUNIT
 70
     2
  9
$DIMLWD
 70
    -2
  9
$DIMLWE
 70
    -2
  9
$DIMTMOVE
 70
     2
  9
$DIMFXL
 40
0.75
  9
$DIMFXLON
 70
     0
  9
$DIMJOGANG
 40
1.570796326794897
  9
$DIMTFILL
 70
     1
  9
$DIMTFILLCLR
 70
     1
  9
$DIMARCSYM
 70
     1
  9
$DIMLTYPE
  6
ByLayer
  9
$DIMLTEX1
  6
ByLayer
  9
$DIMLTEX2
  6
CONTINUA
  9
$DIMTXTDIRECTION
 70
     0
  9
$LUNITS
 70
     2
  9
$LUPREC
 70
     0
  9
$SKETCHINC
 40
0.1
  9
$FILLETRAD
 40
100.0
  9
$AUNITS
 70
     0
  9
$AUPREC
 70
     0
  9
$MENU
  1
.
  9
$ELEVATION
 40
0.0
  9
$PELEVATION
 40
0.0
  9
$THICKNESS
 40
0.0
  9
$LIMCHECK
 70
     0
  9
$CHAMFERA
 40
1.0
  9
$CHAMFERB
 40
1.0
  9
$CHAMFERC
 40
0.0
  9
$CHAMFERD
 40
3.816516231217957
  9
$SKPOLY
 70
     0
  9
$TDCREATE
 40
2456763.256709664
  9
$TDUCREATE
 40
2456763.215042998
  9
$TDUPDATE
 40
2461291.681164456
  9
$TDUUPDATE
 40
2461291.63949779
  9
$TDINDWG
 40
535.1618560301
  9
$TDUSRTIMER
 40
535.1618514699
  9
$USRTIMER
 70
     1
  9
$ANGBASE
 50
90.0
  9
$ANGDIR
 70
     0
  9
$PDMODE
 70
     0
  9
$PDSIZE
 40
0.0
  9
$PLINEWID
 40
70.0
  9
$SPLFRAME
 70
     0
  9
$SPLINETYPE
 70
     6
  9
$SPLINESEGS
 70
     8
  9
$HANDSEED
  5
255
  9
$SURFTAB1
 70
     6
  9
$SURFTAB2
 70
     6
  9
$SURFTYPE
 70
     6
  9
$SURFU
 70
     6
  9
$SURFV
 70
     6
  9
$UCSBASE
  2

  9
$UCSNAME
  2

  9
$UCSORG
 10
0.0
 20
0.0
 30
0.0
  9
$UCSXDIR
 10
1.0
 20
0.0
 30
0.0
  9
$UCSYDIR
 10
0.0
 20
1.0
 30
0.0
  9
$UCSORTHOREF
  2

  9
$UCSORTHOVIEW
 70
     0
  9
$UCSORGTOP
 10
0.0
 20
0.0
 30
0.0
  9
$UCSORGBOTTOM
 10
0.0
 20
0.0
 30
0.0
  9
$UCSORGLEFT
 10
0.0
 20
0.0
 30
0.0
  9
$UCSORGRIGHT
 10
0.0
 20
0.0
 30
0.0
  9
$UCSORGFRONT
 10
0.0
 20
0.0
 30
0.0
  9
$UCSORGBACK
 10
0.0
 20
0.0
 30
0.0
  9
$PUCSBASE
  2

  9
$PUCSNAME
  2

  9
$PUCSORG
 10
0.0
 20
0.0
 30
0.0
  9
$PUCSXDIR
 10
1.0
 20
0.0
 30
0.0
  9
$PUCSYDIR
 10
0.0
 20
1.0
 30
0.0
  9
$PUCSORTHOREF
  2

  9
$PUCSORTHOVIEW
 70
     0
  9
$PUCSORGTOP
 10
0.0
 20
0.0
 30
0.0
  9
$PUCSORGBOTTOM
 10
0.0
 20
0.0
 30
0.0
  9
$PUCSORGLEFT
 10
0.0
 20
0.0
 30
0.0
  9
$PUCSORGRIGHT
 10
0.0
 20
0.0
 30
0.0
  9
$PUCSORGFRONT
 10
0.0
 20
0.0
 30
0.0
  9
$PUCSORGBACK
 10
0.0
 20
0.0
 30
0.0
  9
$USERI1
 70
     0
  9
$USERI2
 70
     0
  9
$USERI3
 70
     0
  9
$USERI4
 70
     0
  9
$USERI5
 70
     0
  9
$USERR1
 40
0.0
  9
$USERR2
 40
0.0
  9
$USERR3
 40
0.0
  9
$USERR4
 40
0.0
  9
$USERR5
 40
0.0
  9
$WORLDVIEW
 70
     1
  9
$SHADEDGE
 70
     3
  9
$SHADEDIF
 70
    70
  9
$TILEMODE
 70
     1
  9
$MAXACTVP
 70
    64
  9
$PINSBASE
 10
0.0
 20
0.0
 30
0.0
  9
$PLIMCHECK
 70
     0
  9
$PEXTMIN
 10
-103336.5573009494
 20
12741.00050136994
 30
0.0
  9
$PEXTMAX
 10
205594.0482880492
 20
139758.9495929017
 30
0.0
  9
$PLIMMIN
 10
-0.2500002402958907
 20
-0.2499999962453767
  9
$PLIMMAX
 10
10.74999951940822
 20
8.249999763458733
  9
$UNITMODE
 70
     0
  9
$VISRETAIN
 70
     1
  9
$PLINEGEN
 70
     0
  9
$PSLTSCALE
 70
     1
  9
$TREEDEPTH
 70
  3020
  9
$CMLSTYLE
  2
Standard
  9
$CMLJUST
 70
     0
  9
$CMLSCALE
 40
1.0
  9
$PROXYGRAPHICS
 70
     1
  9
$MEASUREMENT
 70
     0
  9
$CELWEIGHT
370
    -1
  9
$ENDCAPS
280
     0
  9
$JOINSTYLE
280
     0
  9
$LWDISPLAY
290
     0
  9
$INSUNITS
 70
     4
  9
$HYPERLINKBASE
  1

  9
$STYLESHEET
  1

  9
$XEDIT
290
     1
  9
$CEPSNTYPE
380
     0
  9
$PSTYLEMODE
290
     1
  9
$FINGERPRINTGUID
  2
{27BF54A6-EE1C-C945-9802-B0AE4EF6A955}
  9
$VERSIONGUID
  2
{839A6192-E0DD-4542-8F18-8FF413AC5BE9}
  9
$EXTNAMES
290
     1
  9
$PSVPSCALE
 40
0.0
  9
$OLESTARTUP
290
     0
  9
$SORTENTS
280
   127
  9
$INDEXCTL
280
     0
  9
$HIDETEXT
280
     1
  9
$XCLIPFRAME
280
     2
  9
$HALOGAP
280
     0
  9
$OBSCOLOR
 70
   257
  9
$OBSLTYPE
280
     0
  9
$INTERSECTIONDISPLAY
280
     0
  9
$INTERSECTIONCOLOR
 70
   257
  9
$DIMASSOC
280
     2
  9
$PROJECTNAME
  1

  9
$CAMERADISPLAY
290
     0
  9
$LENSLENGTH
 40
50.0
  9
$CAMERAHEIGHT
 40
0.0
  9
$STEPSPERSEC
 40
2.0
  9
$STEPSIZE
 40
6.0
  9
$3DDWFPREC
 40
2.0
  9
$PSOLWIDTH
 40
0.25
  9
$PSOLHEIGHT
 40
4.0
  9
$LOFTANG1
 40
1.570796326794897
  9
$LOFTANG2
 40
1.570796326794897
  9
$LOFTMAG1
 40
0.0
  9
$LOFTMAG2
 40
0.0
  9
$LOFTPARAM
 70
     7
  9
$LOFTNORMALS
280
     1
  9
$LATITUDE
 40
37.795
  9
$LONGITUDE
 40
-122.394
  9
$NORTHDIRECTION
 40
0.0
  9
$TIMEZONE
 70
 -8000
  9
$LIGHTGLYPHDISPLAY
280
     1
  9
$TILEMODELIGHTSYNCH
280
     1
  9
$CMATERIAL
347
57
  9
$SOLIDHIST
280
     1
  9
$SHOWHIST
280
     1
  9
$DWFFRAME
280
     2
  9
$DGNFRAME
280
     0
  9
$REALWORLDSCALE
290
     1
  9
$INTERFERECOLOR
 62
     1
  9
$INTERFEREOBJVS
345
7B
  9
$INTERFEREVPVS
346
7C
  9
$CSHADOW
280
     0
  9
$SHADOWPLANELOCATION
 40
0.0
  0
ENDSEC
  0
SECTION
  2
CLASSES
  0
CLASS
  1
ACDBDICTIONARYWDFLT
  2
AcDbDictionaryWithDefault
  3
ObjectDBX Classes
 90
        0
 91
        3
280
     0
281
     0
  0
CLASS
  1
ACDBPLACEHOLDER
  2
AcDbPlaceHolder
  3
ObjectDBX Classes
 90
        0
 91
        1
280
     0
281
     0
  0
CLASS
  1
LAYOUT
  2
AcDbLayout
  3
ObjectDBX Classes
 90
        0
 91
        1
280
     0
281
     0
  0
CLASS
  1
DICTIONARYVAR
  2
AcDbDictionaryVar
  3
ObjectDBX Classes
 90
        0
 91
        3
280
     0
281
     0
  0
CLASS
  1
TABLESTYLE
  2
AcDbTableStyle
  3
ObjectDBX Classes
 90
     4095
 91
        3
280
     0
281
     0
  0
CLASS
  1
MATERIAL
  2
AcDbMaterial
  3
ObjectDBX Classes
 90
     1153
 91
        3
280
     0
281
     0
  0
CLASS
  1
VISUALSTYLE
  2
AcDbVisualStyle
  3
ObjectDBX Classes
 90
     4095
 91
        3
280
     0
281
     0
  0
CLASS
  1
SORTENTSTABLE
  2
AcDbSortentsTable
  3
ObjectDBX Classes
 90
        0
 91
        3
280
     0
281
     0
  0
CLASS
  1
DIMASSOC
  2
AcDbDimAssoc
  3
"AcDbDimAssoc|Product Desc:     AcDim ARX App For Dimension|Company:          Autodesk, Inc.|WEB Address:      www.autodesk.com"
 90
        0
 91
        3
280
     0
281
     0
  0
CLASS
  1
SOLID_BACKGROUND
  2
AcDbSolidBackground
  3
SCENEOE
 90
     4095
 91
        3
280
     0
281
     0
  0
CLASS
  1
NPOCOLLECTION
  2
AcDbImpNonPersistentObjectsCollection
  3
ObjectDBX Classes
 90
     1153
 91
        1
280
     1
281
     0
  0
CLASS
  1
ACAD_EVALUATION_GRAPH
  2
AcDbEvalGraph
  3
ObjectDBX Classes
 90
     1153
 91
        1
280
     1
281
     0
  0
CLASS
  1
BLOCKVISIBILITYPARAMETER
  2
AcDbBlockVisibilityParameter
  3
ObjectDBX Classes
 90
     1153
 91
        1
280
     1
281
     0
  0
CLASS
  1
BLOCKVISIBILITYGRIP
  2
AcDbBlockVisibilityGrip
  3
ObjectDBX Classes
 90
     1153
 91
        1
280
     1
281
     0
  0
CLASS
  1
BLOCKGRIPLOCATIONCOMPONENT
  2
AcDbBlockGripExpr
  3
ObjectDBX Classes
 90
     1153
 91
        1
280
     1
281
     0
  0
CLASS
  1
ACDB_DYNAMICBLOCKPURGEPREVENTER_VERSION
  2
AcDbDynamicBlockPurgePreventer
  3
ObjectDBX Classes
 90
     1153
 91
        1
280
     1
281
     0
  0
CLASS
  1
ACDB_BLOCKREPRESENTATION_DATA
  2
AcDbBlockRepresentationData
  3
ObjectDBX Classes
 90
     1153
 91
        1
280
     1
281
     0
  0
CLASS
  1
ACAECUSTOBJ
  2
AcAeEditorObj
  3
AcAeEditorObj
 90
     1024
 91
        1
280
     1
281
     0
  0
CLASS
  1
EXACXREFPANELOBJECT
  2
ExAcXREFPanelObject
  3
EXAC_ESW
 90
     1025
 91
        1
280
     1
281
     0
  0
CLASS
  1
SCALE
  2
AcDbScale
  3
ObjectDBX Classes
 90
     1153
 91
        3
280
     0
281
     0
  0
CLASS
  1
MLEADERSTYLE
  2
AcDbMLeaderStyle
  3
ACDB_MLEADERSTYLE_CLASS
 90
     4095
 91
        3
280
     0
281
     0
  0
CLASS
  1
ACDBSECTIONVIEWSTYLE
  2
AcDbSectionViewStyle
  3
ObjectDBX Classes
 90
     1025
 91
        3
280
     0
281
     0
  0
CLASS
  1
ACDBDETAILVIEWSTYLE
  2
AcDbDetailViewStyle
  3
ObjectDBX Classes
 90
     1025
 91
        3
280
     0
281
     0
  0
CLASS
  1
CELLSTYLEMAP
  2
AcDbCellStyleMap
  3
ObjectDBX Classes
 90
     1152
 91
        3
280
     0
281
     0
  0
CLASS
  1
IMAGEDEF
  2
AcDbRasterImageDef
  3
ISM
 90
        0
 91
        3
280
     0
281
     0
  0
CLASS
  1
RASTERVARIABLES
  2
AcDbRasterVariables
  3
ISM
 90
        0
 91
        3
280
     0
281
     0
  0
CLASS
  1
IMAGEDEF_REACTOR
  2
AcDbRasterImageDefReactor
  3
ISM
 90
        1
 91
        3
280
     0
281
     0
  0
CLASS
  1
IMAGE
  2
AcDbRasterImage
  3
ISM
 90
      127
 91
        4
280
     0
281
     1
  0
CLASS
  1
RAPIDRTRENDERSETTINGS
  2
AcDbRapidRTRenderSettings
  3
ObjectDBX Classes
 90
     1024
 91
        3
280
     0
281
     0
  0
CLASS
  1
ACDB_MTEXTOBJECTCONTEXTDATA_CLASS
  2
AcDbMTextObjectContextData
  3
ObjectDBX Classes
 90
     1153
 91
        3
280
     0
281
     0
  0
CLASS
  1
ACDB_HATCHVIEWCONTEXTDATA_CLASS
  2
AcDbHatchViewContextData
  3
ObjectDBX Classes
 90
     1153
 91
        3
280
     0
281
     0
  0
CLASS
  1
ACDB_HATCHSCALECONTEXTDATA_CLASS
  2
AcDbHatchScaleContextData
  3
ObjectDBX Classes
 90
     1153
 91
        4
280
     0
281
     0
  0
CLASS
  1
ARC_DIMENSION
  2
AcDbArcDimension
  3
ObjectDBX Classes
 90
     1025
 91
        3
280
     0
281
     1
  0
CLASS
  1
ACDBASSOCACTION
  2
AcDbAssocAction
  3
ObjectDBX Classes
 90
     1025
 91
        1
280
     1
281
     0
  0
CLASS
  1
AcDbCenterLineActionBody
  2
AcDbCenterLineActionBody
  3
AcDbSmartCenter
 90
     1153
 91
        1
280
     1
281
     0
  0
CLASS
  1
ACDBASSOCGEOMDEPENDENCY
  2
AcDbAssocGeomDependency
  3
ObjectDBX Classes
 90
     1025
 91
        1
280
     1
281
     0
  0
CLASS
  1
ACDBASSOCDEPENDENCY
  2
AcDbAssocDependency
  3
ObjectDBX Classes
 90
     1025
 91
        1
280
     1
281
     0
  0
CLASS
  1
ACDBASSOCEDGEACTIONPARAM
  2
AcDbAssocEdgeActionParam
  3
ObjectDBX Classes
 90
     1025
 91
        1
280
     1
281
     0
  0
CLASS
  1
ACDBASSOCNETWORK
  2
AcDbAssocNetwork
  3
ObjectDBX Classes
 90
     1025
 91
        1
280
     1
281
     0
  0
CLASS
  1
ACDBASSOCROTATEDDIMACTIONBODY
  2
AcDbAssocRotatedDimActionBody
  3
ObjectDBX Classes
 90
     1025
 91
        1
280
     1
281
     0
  0
CLASS
  1
ACDBASSOCOSNAPPOINTREFACTIONPARAM
  2
AcDbAssocOsnapPointRefActionParam
  3
ObjectDBX Classes
 90
     1025
 91
        1
280
     1
281
     0
  0
CLASS
  1
ACDBASSOCVERTEXACTIONPARAM
  2
AcDbAssocVertexActionParam
  3
ObjectDBX Classes
 90
     1025
 91
        1
280
     1
281
     0
  0
CLASS
  1
LSDEFINITION
  2
AcDbLSDefinition
  3
AcDgnLS
 90
        0
 91
        1
280
     1
281
     0
  0
ENDSEC
  0
SECTION
  2
TABLES
  0
TABLE
  2
VPORT
  5
2B
102
{ACAD_XDICTIONARY
360
30
102
}
330
0
100
AcDbSymbolTable
 70
     1
  0
VPORT
  5
2C
330
2B
100
AcDbSymbolTableRecord
100
AcDbViewportTableRecord
  2
*Active
 70
     0
 10
0.0
 20
0.0
 11
1.0
 21
1.0
 12
925168.8707330268
 22
-145739.896791262
 13
0.0
 23
0.0
 14
0.5
 24
0.5
 15
0.5
 25
0.5
 16
0.0
 26
0.0
 36
30480.39673705528
 17
7642948.072269847
 27
7486859.036066273
 37
0.0
 40
8473.098468325334
 41
2.190854870775348
 42
50.0
 43
0.0
 44
0.0
 50
0.0
 51
0.0
 71
     0
 72
  1000
 73
     1
 74
     1
 75
     0
 76
     0
 77
     0
 78
     0
281
     0
 65
     1
110
0.0
120
0.0
130
0.0
111
1.0
121
0.0
131
0.0
112
0.0
122
1.0
132
0.0
 79
     0
146
0.0
348
2D
 60
     3
 61
     5
292
     1
282
     1
141
0.0
142
0.0
 63
   250
421
  3355443
1001
ACAD_NAV_VCDISPLAY
1070
     3
  0
ENDTAB
  0
TABLE
  2
LTYPE
  5
26
330
0
100
AcDbSymbolTable
 70
     3
  0
LTYPE
  5
27
330
26
100
AcDbSymbolTableRecord
100
AcDbLinetypeTableRecord
  2
ByBlock
 70
     0
  3

 72
    65
 73
     0
 40
0.0
  0
LTYPE
  5
28
330
26
100
AcDbSymbolTableRecord
100
AcDbLinetypeTableRecord
  2
ByLayer
 70
     0
  3

 72
    65
 73
     0
 40
0.0
  0
LTYPE
  5
11
330
26
100
AcDbSymbolTableRecord
100
AcDbLinetypeTableRecord
  2
Continuous
 70
     0
  3
Solid line
 72
    65
 73
     0
 40
0.0
  0
LTYPE
  5
3C
330
26
100
AcDbSymbolTableRecord
100
AcDbLinetypeTableRecord
  2
CONTINUA
 70
     0
  3
Linea ininterrumpida
 72
    65
 73
     0
 40
0.0
  0
LTYPE
  5
114
330
26
100
AcDbSymbolTableRecord
100
AcDbLinetypeTableRecord
  2
CENTER
 70
     0
  3
Center ____ _ ____ _ ____ _ ____ _ ____ _ ____
 72
    65
 73
     4
 40
2.0
 49
1.25
 74
     4
 75
     0
340
0
 46
0.0
 50
0.0
 44
0.0
 45
0.0
 49
-0.25
 74
     4
 75
     0
340
0
 46
0.0
 50
0.0
 44
0.0
 45
0.0
 49
0.25
 74
     4
 75
     0
340
0
 46
0.0
 50
0.0
 44
0.0
 45
0.0
 49
-0.25
 74
     4
 75
     0
340
0
 46
0.0
 50
0.0
 44
0.0
 45
0.0
  0
ENDTAB
  0
TABLE
  2
LAYER
  5
1D
102
{ACAD_XDICTIONARY
360
1E
102
}
330
0
100
AcDbSymbolTable
 70
     6
  0
LAYER
  5
7
102
{ACAD_XDICTIONARY
360
8
102
}
330
1D
100
AcDbSymbolTableRecord
100
AcDbLayerTableRecord
  2
0
 70
     0
 62
     7
  6
Continuous
370
    -3
390
A
347
D
348
0
  0
LAYER
  5
38
102
{ACAD_XDICTIONARY
360
39
102
}
330
1D
100
AcDbSymbolTableRecord
100
AcDbLayerTableRecord
  2
dim
 70
     0
 62
   210
  6
Continuous
370
    20
390
A
347
D
348
0
  0
LAYER
  5
B1
330
1D
100
AcDbSymbolTableRecord
100
AcDbLayerTableRecord
  2
Defpoints
 70
     0
 62
     7
  6
Continuous
290
     0
370
    -3
390
A
347
D
348
0
  0
LAYER
  5
11C
330
1D
100
AcDbSymbolTableRecord
100
AcDbLayerTableRecord
  2
2d tarama cephe
 70
     0
 62
     7
  6
Continuous
370
    -3
390
A
347
D
348
0
  0
LAYER
  5
110
330
1D
100
AcDbSymbolTableRecord
100
AcDbLayerTableRecord
  2
BEAM OUTLINE
 70
     0
 62
     2
  6
Continuous
370
    13
390
A
347
D
348
0
1001
AcAecLayerStandard
1000

1000

1001
AcCmTransparency
1071
        0
  0
LAYER
  5
150
330
1D
100
AcDbSymbolTableRecord
100
AcDbLayerTableRecord
  2
dimension_Pen_No__92
 70
     0
 62
    92
  6
Continuous
370
    18
390
A
347
D
348
0
  0
ENDTAB
  0
TABLE
  2
STYLE
  5
23
330
0
100
AcDbSymbolTable
 70
     5
  0
STYLE
  5
24
330
23
100
AcDbSymbolTableRecord
100
AcDbTextStyleTableRecord
  2
Standard
 70
     0
 40
250.0
 41
1.0
 50
0.0
 71
     0
 42
250.0
  3
TEMPSITC.TTF
  4

1001
ACAD
1000
Tempus Sans ITC
1071
       82
  0
STYLE
  5
4D
330
23
100
AcDbSymbolTableRecord
100
AcDbTextStyleTableRecord
  2
STYLE28
 70
     0
 40
250.0
 41
1.0
 50
0.0
 71
     0
 42
250.0
  3
times.ttf
  4

1001
ACAD
1000
Times New Roman
1071
       18
  0
STYLE
  5
46
330
23
100
AcDbSymbolTableRecord
100
AcDbTextStyleTableRecord
  2
STYLE27
 70
     0
 40
200.0
 41
1.0
 50
0.0
 71
     0
 42
350.0
  3
TEMPSITC.TTF
  4

1001
ACAD
1000
Tempus Sans ITC
1071
       82
  0
STYLE
  5
34
330
23
100
AcDbSymbolTableRecord
100
AcDbTextStyleTableRecord
  2
vegas
 70
     0
 40
0.0
 41
1.0
 50
0.0
 71
     0
 42
0.2
  3
hand1.shx
  4

  0
STYLE
  5
AF
330
23
100
AcDbSymbolTableRecord
100
AcDbTextStyleTableRecord
  2
DIMENSION
 70
     0
 40
125.0
 41
0.6
 50
0.0
 71
     0
 42
2.25
  3
romans.shx
  4

  0
ENDTAB
  0
TABLE
  2
VIEW
  5
29
330
0
100
AcDbSymbolTable
 70
     0
  0
ENDTAB
  0
TABLE
  2
UCS
  5
2A
330
0
100
AcDbSymbolTable
 70
     0
  0
ENDTAB
  0
TABLE
  2
APPID
  5
31
330
0
100
AcDbSymbolTable
 70
    13
  0
APPID
  5
22
330
31
100
AcDbSymbolTableRecord
100
AcDbRegAppTableRecord
  2
ACAD
 70
     0
  0
APPID
  5
112
330
31
100
AcDbSymbolTableRecord
100
AcDbRegAppTableRecord
  2
AcAecLayerStandard
 70
     0
  0
APPID
  5
3E
330
31
100
AcDbSymbolTableRecord
100
AcDbRegAppTableRecord
  2
ACAD_DSTYLE_DIMJAG
 70
     0
  0
APPID
  5
3F
330
31
100
AcDbSymbolTableRecord
100
AcDbRegAppTableRecord
  2
ACAD_DSTYLE_DIMTALN
 70
     0
  0
APPID
  5
3D
330
31
100
AcDbSymbolTableRecord
100
AcDbRegAppTableRecord
  2
ACAD_DSTYLE_DIMBREAK
 70
     0
  0
APPID
  5
16
330
31
100
AcDbSymbolTableRecord
100
AcDbRegAppTableRecord
  2
ACAD_PSEXT
 70
     0
  0
APPID
  5
2F
330
31
100
AcDbSymbolTableRecord
100
AcDbRegAppTableRecord
  2
ACAD_NAV_VCDISPLAY
 70
     0
  0
APPID
  5
11D
330
31
100
AcDbSymbolTableRecord
100
AcDbRegAppTableRecord
  2
GradientColor1ACI
 70
     0
  0
APPID
  5
11E
330
31
100
AcDbSymbolTableRecord
100
AcDbRegAppTableRecord
  2
GradientColor2ACI
 70
     0
  0
APPID
  5
40
330
31
100
AcDbSymbolTableRecord
100
AcDbRegAppTableRecord
  2
ACAD_DSTYLE_DIMJOGGED_JOGANGLE_SYMBOL
 70
     0
  0
APPID
  5
41
330
31
100
AcDbSymbolTableRecord
100
AcDbRegAppTableRecord
  2
ACAD_DSTYLE_DIMTEXT_FILL
 70
     0
  0
APPID
  5
113
330
31
100
AcDbSymbolTableRecord
100
AcDbRegAppTableRecord
  2
AcCmTransparency
 70
     0
  0
APPID
  5
209
330
31
100
AcDbSymbolTableRecord
100
AcDbRegAppTableRecord
  2
Acad_TC
 70
     0
  0
ENDTAB
  0
TABLE
  2
DIMSTYLE
  5
32
330
0
100
AcDbSymbolTable
 70
     6
100
AcDbDimStyleTable
  0
DIMSTYLE
105
44
330
32
100
AcDbSymbolTableRecord
100
AcDbDimStyleTableRecord
  2
EXT
 70
     0
 41
70.0
 42
50.0
 43
9.0
 44
200.0
 45
5.0
 46
150.0
 49
900.0
 90
        1
 73
     0
 74
     0
 77
     1
 78
     8
140
110.0
141
0.9
143
0.0394
147
100.0
171
     4
172
     1
176
    24
177
     9
271
     0
178
     1
271
     0
272
     0
273
     8
274
     4
279
     2
340
34
341
35
342
35
1001
ACAD_DSTYLE_DIMBREAK
1070
   391
1040
3.75
1001
ACAD_DSTYLE_DIMJAG
1070
   388
1040
2.5
1001
ACAD_DSTYLE_DIMTALN
1070
   392
1070
     0
  0
DIMSTYLE
105
4C
330
32
100
AcDbSymbolTableRecord
100
AcDbDimStyleTableRecord
  2
SITE 2
 70
     0
 41
200.0
 42
150.0
 43
21.0
 44
100.0
 45
5.0
 46
150.0
 73
     0
 74
     0
 75
     1
 76
     1
 77
     1
 78
     8
140
250.0
141
100.0
143
0.0394
147
100.0
171
     4
172
     1
176
     1
178
     0
271
     0
272
     0
273
     8
274
     4
279
     2
340
4D
341
4E
342
4E
1001
ACAD_DSTYLE_DIMBREAK
1070
   391
1040
0.125
1001
ACAD_DSTYLE_DIMJAG
1070
   388
1040
2.5
1001
ACAD_DSTYLE_DIMTALN
1070
   392
1070
     0
  0
DIMSTYLE
105
45
330
32
100
AcDbSymbolTableRecord
100
AcDbDimStyleTableRecord
  2
ANGLE
 70
     0
 41
100.0
 42
1500.0
 43
21.0
 44
200.0
 45
5.0
 49
200.0
 50
90.0
 73
     0
 74
     0
 75
     1
 76
     1
 77
     1
 78
     8
140
230.0
141
100.0
143
0.0394
147
100.0
171
     4
172
     1
173
     1
176
     1
178
     7
179
     4
273
     8
274
     4
279
     2
340
46
341
47
343
47
344
47
1001
ACAD_DSTYLE_DIMBREAK
1070
   391
1040
3.75
1001
ACAD_DSTYLE_DIMJAG
1070
   388
1040
1.5
1001
ACAD_DSTYLE_DIMTALN
1070
   392
1070
     0
1001
ACAD_DSTYLE_DIMJOGGED_JOGANGLE_SYMBOL
1070
   384
1040
1.570796326794897
  0
DIMSTYLE
105
43
330
32
100
AcDbSymbolTableRecord
100
AcDbDimStyleTableRecord
  2
MR ONI
 70
     0
 41
70.0
 42
50.0
 43
9.0
 44
200.0
 45
5.0
 46
150.0
 49
900.0
 90
        1
 73
     0
 74
     0
 77
     1
 78
     8
140
80.0
141
0.9
143
0.0394
147
100.0
171
     4
172
     1
176
    24
177
     9
271
     0
178
     1
271
     0
272
     0
273
     8
274
     4
279
     2
340
34
341
35
342
35
1001
ACAD_DSTYLE_DIMBREAK
1070
   391
1040
3.75
1001
ACAD_DSTYLE_DIMJAG
1070
   388
1040
2.5
1001
ACAD_DSTYLE_DIMTALN
1070
   392
1070
     0
  0
DIMSTYLE
105
33
330
32
100
AcDbSymbolTableRecord
100
AcDbDimStyleTableRecord
  2
site ni
 70
     0
 41
70.0
 42
20.0
 43
9.0
 44
200.0
 45
5.0
 46
150.0
 49
0.75
 50
90.0
 69
     1
 70
     1
 90
        1
 73
     0
 74
     0
 78
     8
140
130.0
141
0.9
143
0.0394
147
100.0
171
     4
172
     1
176
    24
177
     9
271
     0
178
     1
271
     0
272
     0
273
     8
274
     4
279
     2
340
34
341
35
342
35
345
28
346
28
347
3C
1001
ACAD_DSTYLE_DIMBREAK
1070
   391
1040
3.75
1001
ACAD_DSTYLE_DIMJAG
1070
   388
1040
2.5
1001
ACAD_DSTYLE_DIMTALN
1070
   392
1070
     0
1001
ACAD_DSTYLE_DIMJOGGED_JOGANGLE_SYMBOL
1070
   384
1040
1.570796326794897
1001
ACAD_DSTYLE_DIMTEXT_FILL
1070
   376
1070
     1
1070
   377
1004
1800000001000000010000C3000000000000000000000000
  0
DIMSTYLE
105
42
102
{ACAD_REACTORS
330
121
330
131
330
13F
330
175
330
185
330
1ED
330
1DF
330
1D1
330
1C3
330
1B5
330
1A5
330
195
330
A3
330
D3
330
C5
330
F1
330
FF
102
}
330
32
100
AcDbSymbolTableRecord
100
AcDbDimStyleTableRecord
  2
Standard
 70
     0
178
     0
340
24
  0
ENDTAB
  0
TABLE
  2
BLOCK_RECORD
  5
1
330
0
100
AcDbSymbolTable
 70
    20
  0
BLOCK_RECORD
  5
2
102
{ACAD_XDICTIONARY
360
3
102
}
330
1
100
AcDbSymbolTableRecord
100
AcDbBlockTableRecord
  2
*Model_Space
340
13
 70
     0
280
     1
281
     0
  0
BLOCK_RECORD
  5
17
102
{ACAD_XDICTIONARY
360
18
102
}
330
1
100
AcDbSymbolTableRecord
100
AcDbBlockTableRecord
  2
*Paper_Space
340
1C
 70
     0
280
     1
281
     0
  0
BLOCK_RECORD
  5
35
330
1
100
AcDbSymbolTableRecord
100
AcDbBlockTableRecord
  2
_ArchTick
340
0
310
2800000020000000200000000100080000000000000400000000000000000000000000000000000000000000000080000080000000808000800000008000800080800000C0C0C000C0DCC000F0CAA6000020400000206000002080000020A0000020C0000020E00000400000004020000040400000406000004080000040A0
310
000040C0000040E00000600000006020000060400000606000006080000060A0000060C0000060E00000800000008020000080400000806000008080000080A0000080C0000080E00000A0000000A0200000A0400000A0600000A0800000A0A00000A0C00000A0E00000C0000000C0200000C0400000C0600000C0800000C0
310
A00000C0C00000C0E00000E0000000E0200000E0400000E0600000E0800000E0A00000E0C00000E0E00040000000400020004000400040006000400080004000A0004000C0004000E00040200000402020004020400040206000402080004020A0004020C0004020E000404000004040200040404000404060004040800040
310
40A0004040C0004040E00040600000406020004060400040606000406080004060A0004060C0004060E00040800000408020004080400040806000408080004080A0004080C0004080E00040A0000040A0200040A0400040A0600040A0800040A0A00040A0C00040A0E00040C0000040C0200040C0400040C0600040C08000
310
40C0A00040C0C00040C0E00040E0000040E0200040E0400040E0600040E0800040E0A00040E0C00040E0E00080000000800020008000400080006000800080008000A0008000C0008000E00080200000802020008020400080206000802080008020A0008020C0008020E00080400000804020008040400080406000804080
310
008040A0008040C0008040E00080600000806020008060400080606000806080008060A0008060C0008060E00080800000808020008080400080806000808080008080A0008080C0008080E00080A0000080A0200080A0400080A0600080A0800080A0A00080A0C00080A0E00080C0000080C0200080C0400080C0600080C0
310
800080C0A00080C0C00080C0E00080E0000080E0200080E0400080E0600080E0800080E0A00080E0C00080E0E000C0000000C0002000C0004000C0006000C0008000C000A000C000C000C000E000C0200000C0202000C0204000C0206000C0208000C020A000C020C000C020E000C0400000C0402000C0404000C0406000C0
310
408000C040A000C040C000C040E000C0600000C0602000C0604000C0606000C0608000C060A000C060C000C060E000C0800000C0802000C0804000C0806000C0808000C080A000C080C000C080E000C0A00000C0A02000C0A04000C0A06000C0A08000C0A0A000C0A0C000C0A0E000C0C00000C0C02000C0C04000C0C06000
310
C0C08000C0C0A000F0FBFF00A4A0A000808080000000FF0000FF000000FFFF00FF000000FF00FF00FFFF0000FFFFFF00000000FF000000000000000000000000000000000000000000000000000000000000FF00FF00000000000000000000000000000000000000000000000000000000FF000000FF000000000000000000
310
0000000000000000000000000000000000FF0000000000FF0000000000000000000000000000000000000000000000000000FF0000000000FF0000000000000000000000000000000000000000000000000000FF0000000000FF0000000000000000000000000000000000000000000000000000FF0000000000FF00000000
310
00000000000000000000000000000000000000000000FF0000000000FF0000000000000000000000000000000000000000000000000000FF0000000000FF0000000000000000000000000000000000000000000000000000FF0000000000FF0000000000000000000000000000000000000000000000000000FF0000000000
310
FF0000000000000000000000000000000000000000000000000000FF0000000000FF0000000000000000000000000000000000000000000000000000FF0000000000FF0000000000000000000000000000000000000000000000000000FF0000000000FF0000000000000000000000000000000000000000000000000000FF
310
0000000000FF0000000000000000000000000000000000000000000000000000FF0000000000FF0000000000000000000000000000000000000000000000000000FF0000000000FF0000000000000000000000000000000000000000000000000000FF0000000000FF00000000000000000000000000000000000000000000
310
00000000FF0000000000FF0000000000000000000000000000000000000000000000000000FF0000000000FF0000000000000000000000000000000000000000000000000000FF0000000000FF0000000000000000000000000000000000000000000000000000FF0000000000FF0000000000000000000000000000000000
310
000000000000000000FF0000000000FF0000000000000000000000000000000000000000000000000000FF0000000000FF0000000000000000000000000000000000000000000000000000FF0000000000FF0000000000000000000000000000000000000000000000000000FF0000000000FF000000000000000000000000
310
0000000000000000000000000000FF0000000000FF0000000000000000000000000000000000000000000000000000FF0000000000FF0000000000000000000000000000000000000000000000000000FF0000000000FF0000000000000000000000000000000000000000000000000000FF000000FF000000000000000000
310
00000000000000000000000000000000000000FF00FF000000000000000000000000000000000000000000000000000000000000FF000000
102
{BLKREFS
331
12A
331
12B
331
138
331
139
331
148
331
149
331
AC
331
AD
331
BE
331
BF
331
CC
331
CD
331
DA
331
DB
331
17E
331
17F
331
18E
331
18F
331
19E
331
19F
331
1AE
331
1AF
331
1BC
331
1BD
331
1CA
331
1CB
331
1D8
331
1D9
331
1E6
331
1E7
331
1F4
331
1F5
331
EA
331
EB
331
F8
331
F9
331
108
331
109
331
23E
331
23F
102
}
 70
     0
280
     1
281
     0
  0
BLOCK_RECORD
  5
4E
330
1
100
AcDbSymbolTableRecord
100
AcDbBlockTableRecord
  2
_DOT
340
0
 70
     0
280
     1
281
     0
  0
BLOCK_RECORD
  5
47
330
1
100
AcDbSymbolTableRecord
100
AcDbBlockTableRecord
  2
3
340
0
 70
     0
280
     1
281
     0
  0
BLOCK_RECORD
  5
124
330
1
100
AcDbSymbolTableRecord
100
AcDbBlockTableRecord
  2
*D3
340
0
 70
     0
280
     1
281
     0
  0
BLOCK_RECORD
  5
132
330
1
100
AcDbSymbolTableRecord
100
AcDbBlockTableRecord
  2
*D4
340
0
 70
     0
280
     1
281
     0
  0
BLOCK_RECORD
  5
142
330
1
100
AcDbSymbolTableRecord
100
AcDbBlockTableRecord
  2
*D5
340
0
 70
     0
280
     1
281
     0
  0
BLOCK_RECORD
  5
C6
330
1
100
AcDbSymbolTableRecord
100
AcDbBlockTableRecord
  2
*D8
340
0
 70
     0
280
     1
281
     0
  0
BLOCK_RECORD
  5
D4
330
1
100
AcDbSymbolTableRecord
100
AcDbBlockTableRecord
  2
*D9
340
0
 70
     0
280
     1
281
     0
  0
BLOCK_RECORD
  5
178
330
1
100
AcDbSymbolTableRecord
100
AcDbBlockTableRecord
  2
*D10
340
0
 70
     0
280
     1
281
     0
  0
BLOCK_RECORD
  5
188
330
1
100
AcDbSymbolTableRecord
100
AcDbBlockTableRecord
  2
*D11
340
0
 70
     0
280
     1
281
     0
  0
BLOCK_RECORD
  5
198
330
1
100
AcDbSymbolTableRecord
100
AcDbBlockTableRecord
  2
*D12
340
0
 70
     0
280
     1
281
     0
  0
BLOCK_RECORD
  5
1A8
330
1
100
AcDbSymbolTableRecord
100
AcDbBlockTableRecord
  2
*D13
340
0
 70
     0
280
     1
281
     0
  0
BLOCK_RECORD
  5
1B6
330
1
100
AcDbSymbolTableRecord
100
AcDbBlockTableRecord
  2
*D14
340
0
 70
     0
280
     1
281
     0
  0
BLOCK_RECORD
  5
1C4
330
1
100
AcDbSymbolTableRecord
100
AcDbBlockTableRecord
  2
*D15
340
0
 70
     0
280
     1
281
     0
  0
BLOCK_RECORD
  5
1D2
330
1
100
AcDbSymbolTableRecord
100
AcDbBlockTableRecord
  2
*D16
340
0
 70
     0
280
     1
281
     0
  0
BLOCK_RECORD
  5
1E0
330
1
100
AcDbSymbolTableRecord
100
AcDbBlockTableRecord
  2
*D17
340
0
 70
     0
280
     1
281
     0
  0
BLOCK_RECORD
  5
1EE
330
1
100
AcDbSymbolTableRecord
100
AcDbBlockTableRecord
  2
*D18
340
0
 70
     0
280
     1
281
     0
  0
BLOCK_RECORD
  5
F2
330
1
100
AcDbSymbolTableRecord
100
AcDbBlockTableRecord
  2
*D20
340
0
 70
     0
280
     1
281
     0
  0
BLOCK_RECORD
  5
102
330
1
100
AcDbSymbolTableRecord
100
AcDbBlockTableRecord
  2
*D21
340
0
 70
     0
280
     1
281
     0
  0
BLOCK_RECORD
  5
237
330
1
100
AcDbSymbolTableRecord
100
AcDbBlockTableRecord
  2
*D22
340
0
 70
     0
280
     1
281
     0
  0
ENDTAB
  0
ENDSEC
  0
SECTION
  2
BLOCKS
  0
BLOCK
  5
6
330
2
100
AcDbEntity
  8
0
100
AcDbBlockBegin
  2
*Model_Space
 70
     0
 10
0.0
 20
0.0
 30
0.0
  3
*Model_Space
  1

  0
ENDBLK
  5
12
330
2
100
AcDbEntity
  8
0
100
AcDbBlockEnd
  0
BLOCK
  5
1A
330
17
100
AcDbEntity
 67
     1
  8
0
100
AcDbBlockBegin
  2
*Paper_Space
 70
     0
 10
0.0
 20
0.0
 30
0.0
  3
*Paper_Space
  1

  0
ENDBLK
  5
1B
330
17
100
AcDbEntity
 67
     1
  8
0
100
AcDbBlockEnd
  0
BLOCK
  5
36
330
35
100
AcDbEntity
  8
0
 48
1.5
370
    20
100
AcDbBlockBegin
  2
_ArchTick
 70
     0
 10
0.0
 20
0.0
 30
0.0
  3
_ArchTick
  1

  0
LWPOLYLINE
  5
37
330
35
100
AcDbEntity
  8
dim
  6
Continuous
 62
     0
370
    20
100
AcDbPolyline
 90
        2
 70
     0
 43
0.15
 10
-0.5
 20
-0.5
 10
0.5
 20
0.5
  0
ENDBLK
  5
3B
330
35
100
AcDbEntity
  8
0
 48
1.5
370
    20
100
AcDbBlockEnd
  0
BLOCK
  5
4F
330
4E
100
AcDbEntity
  8
0
370
    -1
100
AcDbBlockBegin
  2
_DOT
 70
     0
 10
0.0
 20
0.0
 30
0.0
  3
_DOT
  1

  0
LWPOLYLINE
  5
50
330
4E
100
AcDbEntity
  8
0
  6
ByBlock
 62
     0
370
    -1
100
AcDbPolyline
 90
        2
 70
     1
 43
0.5
 10
-0.25
 20
0.0
 42
1.0
 10
0.25
 20
0.0
 42
1.0
  0
LINE
  5
51
330
4E
100
AcDbEntity
  8
0
  6
ByBlock
 62
     0
370
    -1
100
AcDbLine
 10
-0.5
 20
0.0
 30
0.0
 11
-1.0
 21
0.0
 31
0.0
  0
ENDBLK
  5
52
330
4E
100
AcDbEntity
  8
0
370
    -1
100
AcDbBlockEnd
  0
BLOCK
  5
48
330
47
100
AcDbEntity
  8
0
370
    -1
100
AcDbBlockBegin
  2
3
 70
     0
 10
0.0
 20
0.0
 30
0.0
  3
3
  1

  0
LWPOLYLINE
  5
49
330
47
100
AcDbEntity
  8
0
  6
ByBlock
 62
     0
100
AcDbPolyline
 90
        2
 70
     1
 43
0.5
 10
-0.25
 20
0.0
 42
1.0
 10
0.25
 20
0.0
 42
1.0
  0
LINE
  5
4A
330
47
100
AcDbEntity
  8
0
  6
ByBlock
 62
     0
370
    -1
100
AcDbLine
 10
-0.5
 20
0.0
 30
0.0
 11
-1.0
 21
0.0
 31
0.0
  0
ENDBLK
  5
4B
330
47
100
AcDbEntity
  8
0
370
    -1
100
AcDbBlockEnd
  0
BLOCK
  5
125
330
124
100
AcDbEntity
  8
0
 62
     7
 48
10.0
100
AcDbBlockBegin
  2
*D3
 70
     1
 10
0.0
 20
0.0
 30
0.0
  3
*D3
  1

  0
LINE
  5
126
330
124
100
AcDbEntity
  8
BEAM OUTLINE
  6
Continuous
 62
   250
440
 16777216
370
     5
100
AcDbLine
 10
8572798.934900869
 20
7343134.190597273
 30
0.0
 11
8572798.934900869
 21
7343358.34569893
 31
0.0
  0
LINE
  5
127
330
124
100
AcDbEntity
  8
BEAM OUTLINE
  6
Continuous
 62
   250
440
 16777216
370
     5
100
AcDbLine
 10
8572213.934900869
 20
7343134.190597273
 30
0.0
 11
8572213.934900869
 21
7343358.34569893
 31
0.0
  0
LINE
  5
128
330
124
100
AcDbEntity
  8
BEAM OUTLINE
  6
Continuous
 62
   250
440
 16777216
370
     5
100
AcDbLine
 10
8572948.934900869
 20
7343208.34569893
 30
0.0
 11
8572602.953472298
 21
7343208.34569893
 31
0.0
  0
LINE
  5
129
330
124
100
AcDbEntity
  8
BEAM OUTLINE
  6
Continuous
 62
   250
440
 16777216
370
     5
100
AcDbLine
 10
8572063.934900869
 20
7343208.34569893
 30
0.0
 11
8572409.91632944
 21
7343208.34569893
 31
0.0
  0
INSERT
  5
12A
330
124
100
AcDbEntity
  8
BEAM OUTLINE
  6
CENTER
 62
   250
440
 16777216
370
     5
100
AcDbBlockReference
  2
_ArchTick
 10
8572798.934900869
 20
7343208.34569893
 30
0.0
 41
100.0
 42
100.0
 43
100.0
  0
INSERT
  5
12B
330
124
100
AcDbEntity
  8
BEAM OUTLINE
  6
CENTER
 62
   250
440
 16777216
370
     5
100
AcDbBlockReference
  2
_ArchTick
 10
8572213.934900869
 20
7343208.34569893
 30
0.0
 41
100.0
 42
100.0
 43
100.0
 50
180.0
  0
MTEXT
  5
12C
330
124
100
AcDbEntity
  8
BEAM OUTLINE
  6
CENTER
 62
     7
440
 16777216
100
AcDbMText
 10
8572506.434900869
 20
7343208.34569893
 30
0.0
 40
125.0
 41
0.0
 46
0.0
 71
     5
 72
     1
  1
585
  7
DIMENSION
 73
     1
 44
1.0
  0
POINT
  5
12D
330
124
100
AcDbEntity
  8
Defpoints
  6
CENTER
 62
     0
440
 16777216
100
AcDbPoint
 10
8572798.934900869
 20
7343034.190597273
 30
0.0
  0
POINT
  5
12E
330
124
100
AcDbEntity
  8
Defpoints
  6
CENTER
 62
     0
440
 16777216
100
AcDbPoint
 10
8572213.934900869
 20
7343034.190597273
 30
0.0
  0
POINT
  5
12F
330
124
100
AcDbEntity
  8
Defpoints
  6
CENTER
 62
     0
440
 16777216
100
AcDbPoint
 10
8572213.934900869
 20
7343208.34569893
 30
0.0
  0
ENDBLK
  5
130
330
124
100
AcDbEntity
  8
0
 62
     7
 48
10.0
100
AcDbBlockEnd
  0
BLOCK
  5
133
330
132
100
AcDbEntity
  8
0
 62
     7
 48
10.0
100
AcDbBlockBegin
  2
*D4
 70
     1
 10
0.0
 20
0.0
 30
0.0
  3
*D4
  1

  0
LINE
  5
134
330
132
100
AcDbEntity
  8
BEAM OUTLINE
  6
Continuous
 62
   250
440
 16777216
370
     5
100
AcDbLine
 10
8571613.934900869
 20
7343134.190597273
 30
0.0
 11
8571613.934900869
 21
7343358.34569893
 31
0.0
  0
LINE
  5
135
330
132
100
AcDbEntity
  8
BEAM OUTLINE
  6
Continuous
 62
   250
440
 16777216
370
     5
100
AcDbLine
 10
8572213.934900869
 20
7343134.190597273
 30
0.0
 11
8572213.934900869
 21
7343358.34569893
 31
0.0
  0
LINE
  5
136
330
132
100
AcDbEntity
  8
BEAM OUTLINE
  6
Continuous
 62
   250
440
 16777216
370
     5
100
AcDbLine
 10
8571463.934900869
 20
7343208.34569893
 30
0.0
 11
8571819.202043725
 21
7343208.34569893
 31
0.0
  0
LINE
  5
137
330
132
100
AcDbEntity
  8
BEAM OUTLINE
  6
Continuous
 62
   250
440
 16777216
370
     5
100
AcDbLine
 10
8572363.934900869
 20
7343208.34569893
 30
0.0
 11
8572008.667758012
 21
7343208.34569893
 31
0.0
  0
INSERT
  5
138
330
132
100
AcDbEntity
  8
BEAM OUTLINE
  6
CENTER
 62
   250
440
 16777216
370
     5
100
AcDbBlockReference
  2
_ArchTick
 10
8571613.934900869
 20
7343208.34569893
 30
0.0
 41
100.0
 42
100.0
 43
100.0
 50
180.0
  0
INSERT
  5
139
330
132
100
AcDbEntity
  8
BEAM OUTLINE
  6
CENTER
 62
   250
440
 16777216
370
     5
100
AcDbBlockReference
  2
_ArchTick
 10
8572213.934900869
 20
7343208.34569893
 30
0.0
 41
100.0
 42
100.0
 43
100.0
  0
MTEXT
  5
13A
330
132
100
AcDbEntity
  8
BEAM OUTLINE
  6
CENTER
 62
     7
440
 16777216
100
AcDbMText
 10
8571913.934900869
 20
7343208.34569893
 30
0.0
 40
125.0
 41
0.0
 46
0.0
 71
     5
 72
     1
  1
600
  7
DIMENSION
 73
     1
 44
1.0
  0
POINT
  5
13B
330
132
100
AcDbEntity
  8
Defpoints
  6
CENTER
 62
     0
440
 16777216
100
AcDbPoint
 10
8571613.934900869
 20
7343034.190597273
 30
0.0
  0
POINT
  5
13C
330
132
100
AcDbEntity
  8
Defpoints
  6
CENTER
 62
     0
440
 16777216
100
AcDbPoint
 10
8572213.934900869
 20
7343034.190597273
 30
0.0
  0
POINT
  5
13D
330
132
100
AcDbEntity
  8
Defpoints
  6
CENTER
 62
     0
440
 16777216
100
AcDbPoint
 10
8572213.934900869
 20
7343208.34569893
 30
0.0
  0
ENDBLK
  5
13E
330
132
100
AcDbEntity
  8
0
 62
     7
 48
10.0
100
AcDbBlockEnd
  0
BLOCK
  5
143
330
142
100
AcDbEntity
  8
0
 62
     7
 48
10.0
100
AcDbBlockBegin
  2
*D5
 70
     1
 10
0.0
 20
0.0
 30
0.0
  3
*D5
  1

  0
LINE
  5
144
330
142
100
AcDbEntity
  8
BEAM OUTLINE
  6
Continuous
 62
   250
440
 16777216
370
     5
100
AcDbLine
 10
8564628.934900869
 20
7343134.190597273
 30
0.0
 11
8564628.934900869
 21
7343358.34569893
 31
0.0
  0
LINE
  5
145
330
142
100
AcDbEntity
  8
BEAM OUTLINE
  6
Continuous
 62
   250
440
 16777216
370
     5
100
AcDbLine
 10
8565213.934900869
 20
7343134.190597273
 30
0.0
 11
8565213.934900869
 21
7343358.34569893
 31
0.0
  0
LINE
  5
146
330
142
100
AcDbEntity
  8
BEAM OUTLINE
  6
Continuous
 62
   250
440
 16777216
370
     5
100
AcDbLine
 10
8564478.934900869
 20
7343208.34569893
 30
0.0
 11
8564824.91632944
 21
7343208.34569893
 31
0.0
  0
LINE
  5
147
330
142
100
AcDbEntity
  8
BEAM OUTLINE
  6
Continuous
 62
   250
440
 16777216
370
     5
100
AcDbLine
 10
8565363.934900869
 20
7343208.34569893
 30
0.0
 11
8565017.953472298
 21
7343208.34569893
 31
0.0
  0
INSERT
  5
148
330
142
100
AcDbEntity
  8
BEAM OUTLINE
  6
CENTER
 62
   250
440
 16777216
370
     5
100
AcDbBlockReference
  2
_ArchTick
 10
8564628.934900869
 20
7343208.34569893
 30
0.0
 41
100.0
 42
100.0
 43
100.0
 50
180.0
  0
INSERT
  5
149
330
142
100
AcDbEntity
  8
BEAM OUTLINE
  6
CENTER
 62
   250
440
 16777216
370
     5
100
AcDbBlockReference
  2
_ArchTick
 10
8565213.934900869
 20
7343208.34569893
 30
0.0
 41
100.0
 42
100.0
 43
100.0
  0
MTEXT
  5
14A
330
142
100
AcDbEntity
  8
BEAM OUTLINE
  6
CENTER
 62
     7
440
 16777216
100
AcDbMText
 10
8564921.434900869
 20
7343208.34569893
 30
0.0
 40
125.0
 41
0.0
 46
0.0
 71
     5
 72
     1
  1
585
  7
DIMENSION
 73
     1
 44
1.0
  0
POINT
  5
14B
330
142
100
AcDbEntity
  8
Defpoints
  6
CENTER
 62
     0
440
 16777216
100
AcDbPoint
 10
8564628.934900869
 20
7343034.190597273
 30
0.0
  0
POINT
  5
14C
330
142
100
AcDbEntity
  8
Defpoints
  6
CENTER
 62
     0
440
 16777216
100
AcDbPoint
 10
8565213.934900869
 20
7343034.190597273
 30
0.0
  0
POINT
  5
14D
330
142
100
AcDbEntity
  8
Defpoints
  6
CENTER
 62
     0
440
 16777216
100
AcDbPoint
 10
8565213.934900869
 20
7343208.34569893
 30
0.0
  0
ENDBLK
  5
14E
330
142
100
AcDbEntity
  8
0
 62
     7
 48
10.0
100
AcDbBlockEnd
  0
BLOCK
  5
C7
330
C6
100
AcDbEntity
  8
0
 62
     7
 48
10.0
100
AcDbBlockBegin
  2
*D8
 70
     1
 10
0.0
 20
0.0
 30
0.0
  3
*D8
  1

  0
LINE
  5
C8
330
C6
100
AcDbEntity
  8
0
  6
Continuous
 62
   250
440
 16777216
 48
200.0
370
     5
100
AcDbLine
 10
8565813.934900869
 20
7342064.182241466
 30
0.0
 11
8565813.934900869
 21
7342114.182241466
 31
0.0
  0
LINE
  5
C9
330
C6
100
AcDbEntity
  8
0
  6
Continuous
 62
   250
440
 16777216
 48
200.0
370
     5
100
AcDbLine
 10
8571613.934900869
 20
7342064.182241466
 30
0.0
 11
8571613.934900869
 21
7342114.182241466
 31
0.0
  0
LINE
  5
CA
330
C6
100
AcDbEntity
  8
0
  6
Continuous
 62
   250
440
 16777216
 48
200.0
370
     5
100
AcDbLine
 10
8565663.934900869
 20
7341964.182241466
 30
0.0
 11
8568581.702043725
 21
7341964.182241466
 31
0.0
  0
LINE
  5
CB
330
C6
100
AcDbEntity
  8
0
  6
Continuous
 62
   250
440
 16777216
 48
200.0
370
     5
100
AcDbLine
 10
8571763.934900869
 20
7341964.182241466
 30
0.0
 11
8568846.167758012
 21
7341964.182241466
 31
0.0
  0
INSERT
  5
CC
330
C6
100
AcDbEntity
  8
0
 62
   250
440
 16777216
 48
200.0
370
     5
100
AcDbBlockReference
  2
_ArchTick
 10
8565813.934900869
 20
7341964.182241466
 30
0.0
 41
100.0
 42
100.0
 43
100.0
 50
180.0
  0
INSERT
  5
CD
330
C6
100
AcDbEntity
  8
0
 62
   250
440
 16777216
 48
200.0
370
     5
100
AcDbBlockReference
  2
_ArchTick
 10
8571613.934900869
 20
7341964.182241466
 30
0.0
 41
100.0
 42
100.0
 43
100.0
  0
MTEXT
  5
CE
330
C6
100
AcDbEntity
  8
0
 62
     7
440
 16777216
 48
200.0
370
    -3
100
AcDbMText
 10
8568713.934900869
 20
7341964.182241466
 30
0.0
 40
125.0
 41
0.0
 46
0.0
 71
     5
 72
     1
  1
5800
  7
DIMENSION
 73
     1
 44
1.0
  0
POINT
  5
CF
330
C6
100
AcDbEntity
  8
Defpoints
 62
     0
440
 16777216
 48
200.0
100
AcDbPoint
 10
8565813.934900869
 20
7341964.182241466
 30
0.0
  0
POINT
  5
D0
330
C6
100
AcDbEntity
  8
Defpoints
 62
     0
440
 16777216
 48
200.0
100
AcDbPoint
 10
8571613.934900869
 20
7341964.182241466
 30
0.0
  0
POINT
  5
D1
330
C6
100
AcDbEntity
  8
Defpoints
 62
     0
440
 16777216
 48
200.0
100
AcDbPoint
 10
8571613.934900869
 20
7341964.182241466
 30
0.0
  0
ENDBLK
  5
D2
330
C6
100
AcDbEntity
  8
0
 62
     7
 48
10.0
100
AcDbBlockEnd
  0
BLOCK
  5
D5
330
D4
100
AcDbEntity
  8
0
 62
     7
 48
10.0
100
AcDbBlockBegin
  2
*D9
 70
     1
 10
0.0
 20
0.0
 30
0.0
  3
*D9
  1

  0
LINE
  5
D6
330
D4
100
AcDbEntity
  8
0
  6
Continuous
 62
   250
440
 16777216
 48
200.0
370
     5
100
AcDbLine
 10
8565813.934900869
 20
7342334.190597282
 30
0.0
 11
8565813.934900869
 21
7341814.182241466
 31
0.0
  0
LINE
  5
D7
330
D4
100
AcDbEntity
  8
0
  6
Continuous
 62
   250
440
 16777216
 48
200.0
370
     5
100
AcDbLine
 10
8564628.934900869
 20
7342334.190597272
 30
0.0
 11
8564628.934900869
 21
7341814.182241466
 31
0.0
  0
LINE
  5
D8
330
D4
100
AcDbEntity
  8
0
  6
Continuous
 62
   250
440
 16777216
 48
200.0
370
     5
100
AcDbLine
 10
8565963.934900869
 20
7341964.182241466
 30
0.0
 11
8565348.310615154
 21
7341964.182241466
 31
0.0
  0
LINE
  5
D9
330
D4
100
AcDbEntity
  8
0
  6
Continuous
 62
   250
440
 16777216
 48
200.0
370
     5
100
AcDbLine
 10
8564478.934900869
 20
7341964.182241466
 30
0.0
 11
8565094.559186583
 21
7341964.182241466
 31
0.0
  0
INSERT
  5
DA
330
D4
100
AcDbEntity
  8
0
 62
   250
440
 16777216
 48
200.0
370
     5
100
AcDbBlockReference
  2
_ArchTick
 10
8565813.934900869
 20
7341964.182241466
 30
0.0
 41
100.0
 42
100.0
 43
100.0
  0
INSERT
  5
DB
330
D4
100
AcDbEntity
  8
0
 62
   250
440
 16777216
 48
200.0
370
     5
100
AcDbBlockReference
  2
_ArchTick
 10
8564628.934900869
 20
7341964.182241466
 30
0.0
 41
100.0
 42
100.0
 43
100.0
 50
180.0
  0
MTEXT
  5
DC
330
D4
100
AcDbEntity
  8
0
 62
     7
440
 16777216
 48
200.0
370
    -3
100
AcDbMText
 10
8565221.434900869
 20
7341964.182241466
 30
0.0
 40
125.0
 41
0.0
 46
0.0
 71
     5
 72
     1
  1
1185
  7
DIMENSION
 73
     1
 44
1.0
  0
POINT
  5
DD
330
D4
100
AcDbEntity
  8
Defpoints
 62
     0
440
 16777216
 48
200.0
100
AcDbPoint
 10
8565813.934900869
 20
7342434.190597282
 30
0.0
  0
POINT
  5
DE
330
D4
100
AcDbEntity
  8
Defpoints
 62
     0
440
 16777216
 48
200.0
100
AcDbPoint
 10
8564628.934900869
 20
7342434.190597272
 30
0.0
  0
POINT
  5
DF
330
D4
100
AcDbEntity
  8
Defpoints
 62
     0
440
 16777216
 48
200.0
100
AcDbPoint
 10
8564628.934900869
 20
7341964.182241466
 30
0.0
  0
ENDBLK
  5
E0
330
D4
100
AcDbEntity
  8
0
 62
     7
 48
10.0
100
AcDbBlockEnd
  0
BLOCK
  5
179
330
178
100
AcDbEntity
  8
0
 62
     7
 48
10.0
100
AcDbBlockBegin
  2
*D10
 70
     1
 10
0.0
 20
0.0
 30
0.0
  3
*D10
  1

  0
LINE
  5
17A
330
178
100
AcDbEntity
  8
BEAM OUTLINE
  6
Continuous
 62
   250
440
 16777216
370
     5
100
AcDbLine
 10
8565813.934900869
 20
7343134.190597273
 30
0.0
 11
8565813.934900869
 21
7343358.34569893
 31
0.0
  0
LINE
  5
17B
330
178
100
AcDbEntity
  8
BEAM OUTLINE
  6
Continuous
 62
   250
440
 16777216
370
     5
100
AcDbLine
 10
8565213.934900869
 20
7343134.190597273
 30
0.0
 11
8565213.934900869
 21
7343358.34569893
 31
0.0
  0
LINE
  5
17C
330
178
100
AcDbEntity
  8
BEAM OUTLINE
  6
Continuous
 62
   250
440
 16777216
370
     5
100
AcDbLine
 10
8565963.934900869
 20
7343208.34569893
 30
0.0
 11
8565608.667758012
 21
7343208.34569893
 31
0.0
  0
LINE
  5
17D
330
178
100
AcDbEntity
  8
BEAM OUTLINE
  6
Continuous
 62
   250
440
 16777216
370
     5
100
AcDbLine
 10
8565063.934900869
 20
7343208.34569893
 30
0.0
 11
8565419.202043725
 21
7343208.34569893
 31
0.0
  0
INSERT
  5
17E
330
178
100
AcDbEntity
  8
BEAM OUTLINE
  6
CENTER
 62
   250
440
 16777216
370
     5
100
AcDbBlockReference
  2
_ArchTick
 10
8565813.934900869
 20
7343208.34569893
 30
0.0
 41
100.0
 42
100.0
 43
100.0
  0
INSERT
  5
17F
330
178
100
AcDbEntity
  8
BEAM OUTLINE
  6
CENTER
 62
   250
440
 16777216
370
     5
100
AcDbBlockReference
  2
_ArchTick
 10
8565213.934900869
 20
7343208.34569893
 30
0.0
 41
100.0
 42
100.0
 43
100.0
 50
180.0
  0
MTEXT
  5
180
330
178
100
AcDbEntity
  8
BEAM OUTLINE
  6
CENTER
 62
     7
440
 16777216
100
AcDbMText
 10
8565513.934900869
 20
7343208.34569893
 30
0.0
 40
125.0
 41
0.0
 46
0.0
 71
     5
 72
     1
  1
600
  7
DIMENSION
 73
     1
 44
1.0
  0
POINT
  5
181
330
178
100
AcDbEntity
  8
Defpoints
  6
CENTER
 62
     0
440
 16777216
100
AcDbPoint
 10
8565813.934900869
 20
7343034.190597273
 30
0.0
  0
POINT
  5
182
330
178
100
AcDbEntity
  8
Defpoints
  6
CENTER
 62
     0
440
 16777216
100
AcDbPoint
 10
8565213.934900869
 20
7343034.190597273
 30
0.0
  0
POINT
  5
183
330
178
100
AcDbEntity
  8
Defpoints
  6
CENTER
 62
     0
440
 16777216
100
AcDbPoint
 10
8565213.934900869
 20
7343208.34569893
 30
0.0
  0
ENDBLK
  5
184
330
178
100
AcDbEntity
  8
0
 62
     7
 48
10.0
100
AcDbBlockEnd
  0
BLOCK
  5
189
330
188
100
AcDbEntity
  8
0
 62
     7
 48
10.0
100
AcDbBlockBegin
  2
*D11
 70
     1
 10
0.0
 20
0.0
 30
0.0
  3
*D11
  1

  0
LINE
  5
18A
330
188
100
AcDbEntity
  8
BEAM OUTLINE
  6
Continuous
 62
   250
440
 16777216
370
     5
100
AcDbLine
 10
8566538.934900869
 20
7343134.190597273
 30
0.0
 11
8566538.934900869
 21
7343358.34569893
 31
0.0
  0
LINE
  5
18B
330
188
100
AcDbEntity
  8
BEAM OUTLINE
  6
Continuous
 62
   250
440
 16777216
370
     5
100
AcDbLine
 10
8565813.934900869
 20
7343134.190597273
 30
0.0
 11
8565813.934900869
 21
7343358.34569893
 31
0.0
  0
LINE
  5
18C
330
188
100
AcDbEntity
  8
BEAM OUTLINE
  6
Continuous
 62
   250
440
 16777216
370
     5
100
AcDbLine
 10
8566688.934900869
 20
7343208.34569893
 30
0.0
 11
8566272.953472298
 21
7343208.34569893
 31
0.0
  0
LINE
  5
18D
330
188
100
AcDbEntity
  8
BEAM OUTLINE
  6
Continuous
 62
   250
440
 16777216
370
     5
100
AcDbLine
 10
8565663.934900869
 20
7343208.34569893
 30
0.0
 11
8566079.91632944
 21
7343208.34569893
 31
0.0
  0
INSERT
  5
18E
330
188
100
AcDbEntity
  8
BEAM OUTLINE
  6
CENTER
 62
   250
440
 16777216
370
     5
100
AcDbBlockReference
  2
_ArchTick
 10
8566538.934900869
 20
7343208.34569893
 30
0.0
 41
100.0
 42
100.0
 43
100.0
  0
INSERT
  5
18F
330
188
100
AcDbEntity
  8
BEAM OUTLINE
  6
CENTER
 62
   250
440
 16777216
370
     5
100
AcDbBlockReference
  2
_ArchTick
 10
8565813.934900869
 20
7343208.34569893
 30
0.0
 41
100.0
 42
100.0
 43
100.0
 50
180.0
  0
MTEXT
  5
190
330
188
100
AcDbEntity
  8
BEAM OUTLINE
  6
CENTER
 62
     7
440
 16777216
100
AcDbMText
 10
8566176.434900869
 20
7343208.34569893
 30
0.0
 40
125.0
 41
0.0
 46
0.0
 71
     5
 72
     1
  1
725
  7
DIMENSION
 73
     1
 44
1.0
  0
POINT
  5
191
330
188
100
AcDbEntity
  8
Defpoints
  6
CENTER
 62
     0
440
 16777216
100
AcDbPoint
 10
8566538.934900869
 20
7343034.190597273
 30
0.0
  0
POINT
  5
192
330
188
100
AcDbEntity
  8
Defpoints
  6
CENTER
 62
     0
440
 16777216
100
AcDbPoint
 10
8565813.934900869
 20
7343034.190597273
 30
0.0
  0
POINT
  5
193
330
188
100
AcDbEntity
  8
Defpoints
  6
CENTER
 62
     0
440
 16777216
100
AcDbPoint
 10
8565813.934900869
 20
7343208.34569893
 30
0.0
  0
ENDBLK
  5
194
330
188
100
AcDbEntity
  8
0
 62
     7
 48
10.0
100
AcDbBlockEnd
  0
BLOCK
  5
199
330
198
100
AcDbEntity
  8
0
 62
     7
 48
10.0
100
AcDbBlockBegin
  2
*D12
 70
     1
 10
0.0
 20
0.0
 30
0.0
  3
*D12
  1

  0
LINE
  5
19A
330
198
100
AcDbEntity
  8
BEAM OUTLINE
  6
Continuous
 62
   250
440
 16777216
370
     5
100
AcDbLine
 10
8567263.934900869
 20
7343134.190597273
 30
0.0
 11
8567263.934900869
 21
7343358.34569893
 31
0.0
  0
LINE
  5
19B
330
198
100
AcDbEntity
  8
BEAM OUTLINE
  6
Continuous
 62
   250
440
 16777216
370
     5
100
AcDbLine
 10
8566538.934900869
 20
7343134.190597272
 30
0.0
 11
8566538.934900869
 21
7343358.34569893
 31
0.0
  0
LINE
  5
19C
330
198
100
AcDbEntity
  8
BEAM OUTLINE
  6
Continuous
 62
   250
440
 16777216
370
     5
100
AcDbLine
 10
8567413.934900869
 20
7343208.34569893
 30
0.0
 11
8566997.953472298
 21
7343208.34569893
 31
0.0
  0
LINE
  5
19D
330
198
100
AcDbEntity
  8
BEAM OUTLINE
  6
Continuous
 62
   250
440
 16777216
370
     5
100
AcDbLine
 10
8566388.934900869
 20
7343208.34569893
 30
0.0
 11
8566804.91632944
 21
7343208.34569893
 31
0.0
  0
INSERT
  5
19E
330
198
100
AcDbEntity
  8
BEAM OUTLINE
  6
CENTER
 62
   250
440
 16777216
370
     5
100
AcDbBlockReference
  2
_ArchTick
 10
8567263.934900869
 20
7343208.34569893
 30
0.0
 41
100.0
 42
100.0
 43
100.0
  0
INSERT
  5
19F
330
198
100
AcDbEntity
  8
BEAM OUTLINE
  6
CENTER
 62
   250
440
 16777216
370
     5
100
AcDbBlockReference
  2
_ArchTick
 10
8566538.934900869
 20
7343208.34569893
 30
0.0
 41
100.0
 42
100.0
 43
100.0
 50
180.0
  0
MTEXT
  5
1A0
330
198
100
AcDbEntity
  8
BEAM OUTLINE
  6
CENTER
 62
     7
440
 16777216
100
AcDbMText
 10
8566901.434900869
 20
7343208.34569893
 30
0.0
 40
125.0
 41
0.0
 46
0.0
 71
     5
 72
     1
  1
725
  7
DIMENSION
 73
     1
 44
1.0
  0
POINT
  5
1A1
330
198
100
AcDbEntity
  8
Defpoints
  6
CENTER
 62
     0
440
 16777216
100
AcDbPoint
 10
8567263.934900869
 20
7343034.190597273
 30
0.0
  0
POINT
  5
1A2
330
198
100
AcDbEntity
  8
Defpoints
  6
CENTER
 62
     0
440
 16777216
100
AcDbPoint
 10
8566538.934900869
 20
7343034.190597272
 30
0.0
  0
POINT
  5
1A3
330
198
100
AcDbEntity
  8
Defpoints
  6
CENTER
 62
     0
440
 16777216
100
AcDbPoint
 10
8566538.934900869
 20
7343208.34569893
 30
0.0
  0
ENDBLK
  5
1A4
330
198
100
AcDbEntity
  8
0
 62
     7
 48
10.0
100
AcDbBlockEnd
  0
BLOCK
  5
1A9
330
1A8
100
AcDbEntity
  8
0
 62
     7
 48
10.0
100
AcDbBlockBegin
  2
*D13
 70
     1
 10
0.0
 20
0.0
 30
0.0
  3
*D13
  1

  0
LINE
  5
1AA
330
1A8
100
AcDbEntity
  8
BEAM OUTLINE
  6
Continuous
 62
   250
440
 16777216
370
     5
100
AcDbLine
 10
8567988.934900869
 20
7343134.190597273
 30
0.0
 11
8567988.934900869
 21
7343358.34569893
 31
0.0
  0
LINE
  5
1AB
330
1A8
100
AcDbEntity
  8
BEAM OUTLINE
  6
Continuous
 62
   250
440
 16777216
370
     5
100
AcDbLine
 10
8567263.934900869
 20
7343134.190597273
 30
0.0
 11
8567263.934900869
 21
7343358.34569893
 31
0.0
  0
LINE
  5
1AC
330
1A8
100
AcDbEntity
  8
BEAM OUTLINE
  6
Continuous
 62
   250
440
 16777216
370
     5
100
AcDbLine
 10
8568138.934900869
 20
7343208.34569893
 30
0.0
 11
8567722.953472298
 21
7343208.34569893
 31
0.0
  0
LINE
  5
1AD
330
1A8
100
AcDbEntity
  8
BEAM OUTLINE
  6
Continuous
 62
   250
440
 16777216
370
     5
100
AcDbLine
 10
8567113.934900869
 20
7343208.34569893
 30
0.0
 11
8567529.91632944
 21
7343208.34569893
 31
0.0
  0
INSERT
  5
1AE
330
1A8
100
AcDbEntity
  8
BEAM OUTLINE
  6
CENTER
 62
   250
440
 16777216
370
     5
100
AcDbBlockReference
  2
_ArchTick
 10
8567988.934900869
 20
7343208.34569893
 30
0.0
 41
100.0
 42
100.0
 43
100.0
  0
INSERT
  5
1AF
330
1A8
100
AcDbEntity
  8
BEAM OUTLINE
  6
CENTER
 62
   250
440
 16777216
370
     5
100
AcDbBlockReference
  2
_ArchTick
 10
8567263.934900869
 20
7343208.34569893
 30
0.0
 41
100.0
 42
100.0
 43
100.0
 50
180.0
  0
MTEXT
  5
1B0
330
1A8
100
AcDbEntity
  8
BEAM OUTLINE
  6
CENTER
 62
     7
440
 16777216
100
AcDbMText
 10
8567626.434900869
 20
7343208.34569893
 30
0.0
 40
125.0
 41
0.0
 46
0.0
 71
     5
 72
     1
  1
725
  7
DIMENSION
 73
     1
 44
1.0
  0
POINT
  5
1B1
330
1A8
100
AcDbEntity
  8
Defpoints
  6
CENTER
 62
     0
440
 16777216
100
AcDbPoint
 10
8567988.934900869
 20
7343034.190597273
 30
0.0
  0
POINT
  5
1B2
330
1A8
100
AcDbEntity
  8
Defpoints
  6
CENTER
 62
     0
440
 16777216
100
AcDbPoint
 10
8567263.934900869
 20
7343034.190597273
 30
0.0
  0
POINT
  5
1B3
330
1A8
100
AcDbEntity
  8
Defpoints
  6
CENTER
 62
     0
440
 16777216
100
AcDbPoint
 10
8567263.934900869
 20
7343208.34569893
 30
0.0
  0
ENDBLK
  5
1B4
330
1A8
100
AcDbEntity
  8
0
 62
     7
 48
10.0
100
AcDbBlockEnd
  0
BLOCK
  5
1B7
330
1B6
100
AcDbEntity
  8
0
 62
     7
 48
10.0
100
AcDbBlockBegin
  2
*D14
 70
     1
 10
0.0
 20
0.0
 30
0.0
  3
*D14
  1

  0
LINE
  5
1B8
330
1B6
100
AcDbEntity
  8
BEAM OUTLINE
  6
Continuous
 62
   250
440
 16777216
370
     5
100
AcDbLine
 10
8568713.934900869
 20
7343134.190597273
 30
0.0
 11
8568713.934900869
 21
7343358.34569893
 31
0.0
  0
LINE
  5
1B9
330
1B6
100
AcDbEntity
  8
BEAM OUTLINE
  6
Continuous
 62
   250
440
 16777216
370
     5
100
AcDbLine
 10
8567988.934900869
 20
7343134.190597273
 30
0.0
 11
8567988.934900869
 21
7343358.34569893
 31
0.0
  0
LINE
  5
1BA
330
1B6
100
AcDbEntity
  8
BEAM OUTLINE
  6
Continuous
 62
   250
440
 16777216
370
     5
100
AcDbLine
 10
8568863.934900869
 20
7343208.34569893
 30
0.0
 11
8568447.953472298
 21
7343208.34569893
 31
0.0
  0
LINE
  5
1BB
330
1B6
100
AcDbEntity
  8
BEAM OUTLINE
  6
Continuous
 62
   250
440
 16777216
370
     5
100
AcDbLine
 10
8567838.934900869
 20
7343208.34569893
 30
0.0
 11
8568254.91632944
 21
7343208.34569893
 31
0.0
  0
INSERT
  5
1BC
330
1B6
100
AcDbEntity
  8
BEAM OUTLINE
  6
CENTER
 62
   250
440
 16777216
370
     5
100
AcDbBlockReference
  2
_ArchTick
 10
8568713.934900869
 20
7343208.34569893
 30
0.0
 41
100.0
 42
100.0
 43
100.0
  0
INSERT
  5
1BD
330
1B6
100
AcDbEntity
  8
BEAM OUTLINE
  6
CENTER
 62
   250
440
 16777216
370
     5
100
AcDbBlockReference
  2
_ArchTick
 10
8567988.934900869
 20
7343208.34569893
 30
0.0
 41
100.0
 42
100.0
 43
100.0
 50
180.0
  0
MTEXT
  5
1BE
330
1B6
100
AcDbEntity
  8
BEAM OUTLINE
  6
CENTER
 62
     7
440
 16777216
100
AcDbMText
 10
8568351.434900869
 20
7343208.34569893
 30
0.0
 40
125.0
 41
0.0
 46
0.0
 71
     5
 72
     1
  1
725
  7
DIMENSION
 73
     1
 44
1.0
  0
POINT
  5
1BF
330
1B6
100
AcDbEntity
  8
Defpoints
  6
CENTER
 62
     0
440
 16777216
100
AcDbPoint
 10
8568713.934900869
 20
7343034.190597273
 30
0.0
  0
POINT
  5
1C0
330
1B6
100
AcDbEntity
  8
Defpoints
  6
CENTER
 62
     0
440
 16777216
100
AcDbPoint
 10
8567988.934900869
 20
7343034.190597273
 30
0.0
  0
POINT
  5
1C1
330
1B6
100
AcDbEntity
  8
Defpoints
  6
CENTER
 62
     0
440
 16777216
100
AcDbPoint
 10
8567988.934900869
 20
7343208.34569893
 30
0.0
  0
ENDBLK
  5
1C2
330
1B6
100
AcDbEntity
  8
0
 62
     7
 48
10.0
100
AcDbBlockEnd
  0
BLOCK
  5
1C5
330
1C4
100
AcDbEntity
  8
0
 62
     7
 48
10.0
100
AcDbBlockBegin
  2
*D15
 70
     1
 10
0.0
 20
0.0
 30
0.0
  3
*D15
  1

  0
LINE
  5
1C6
330
1C4
100
AcDbEntity
  8
BEAM OUTLINE
  6
Continuous
 62
   250
440
 16777216
370
     5
100
AcDbLine
 10
8569438.934900869
 20
7343134.190597273
 30
0.0
 11
8569438.934900869
 21
7343358.34569893
 31
0.0
  0
LINE
  5
1C7
330
1C4
100
AcDbEntity
  8
BEAM OUTLINE
  6
Continuous
 62
   250
440
 16777216
370
     5
100
AcDbLine
 10
8568713.934900869
 20
7343134.190597273
 30
0.0
 11
8568713.934900869
 21
7343358.34569893
 31
0.0
  0
LINE
  5
1C8
330
1C4
100
AcDbEntity
  8
BEAM OUTLINE
  6
Continuous
 62
   250
440
 16777216
370
     5
100
AcDbLine
 10
8569588.934900869
 20
7343208.34569893
 30
0.0
 11
8569172.953472298
 21
7343208.34569893
 31
0.0
  0
LINE
  5
1C9
330
1C4
100
AcDbEntity
  8
BEAM OUTLINE
  6
Continuous
 62
   250
440
 16777216
370
     5
100
AcDbLine
 10
8568563.934900869
 20
7343208.34569893
 30
0.0
 11
8568979.91632944
 21
7343208.34569893
 31
0.0
  0
INSERT
  5
1CA
330
1C4
100
AcDbEntity
  8
BEAM OUTLINE
  6
CENTER
 62
   250
440
 16777216
370
     5
100
AcDbBlockReference
  2
_ArchTick
 10
8569438.934900869
 20
7343208.34569893
 30
0.0
 41
100.0
 42
100.0
 43
100.0
  0
INSERT
  5
1CB
330
1C4
100
AcDbEntity
  8
BEAM OUTLINE
  6
CENTER
 62
   250
440
 16777216
370
     5
100
AcDbBlockReference
  2
_ArchTick
 10
8568713.934900869
 20
7343208.34569893
 30
0.0
 41
100.0
 42
100.0
 43
100.0
 50
180.0
  0
MTEXT
  5
1CC
330
1C4
100
AcDbEntity
  8
BEAM OUTLINE
  6
CENTER
 62
     7
440
 16777216
100
AcDbMText
 10
8569076.434900869
 20
7343208.34569893
 30
0.0
 40
125.0
 41
0.0
 46
0.0
 71
     5
 72
     1
  1
725
  7
DIMENSION
 73
     1
 44
1.0
  0
POINT
  5
1CD
330
1C4
100
AcDbEntity
  8
Defpoints
  6
CENTER
 62
     0
440
 16777216
100
AcDbPoint
 10
8569438.934900869
 20
7343034.190597273
 30
0.0
  0
POINT
  5
1CE
330
1C4
100
AcDbEntity
  8
Defpoints
  6
CENTER
 62
     0
440
 16777216
100
AcDbPoint
 10
8568713.934900869
 20
7343034.190597273
 30
0.0
  0
POINT
  5
1CF
330
1C4
100
AcDbEntity
  8
Defpoints
  6
CENTER
 62
     0
440
 16777216
100
AcDbPoint
 10
8568713.934900869
 20
7343208.34569893
 30
0.0
  0
ENDBLK
  5
1D0
330
1C4
100
AcDbEntity
  8
0
 62
     7
 48
10.0
100
AcDbBlockEnd
  0
BLOCK
  5
1D3
330
1D2
100
AcDbEntity
  8
0
 62
     7
 48
10.0
100
AcDbBlockBegin
  2
*D16
 70
     1
 10
0.0
 20
0.0
 30
0.0
  3
*D16
  1

  0
LINE
  5
1D4
330
1D2
100
AcDbEntity
  8
BEAM OUTLINE
  6
Continuous
 62
   250
440
 16777216
370
     5
100
AcDbLine
 10
8570163.934900869
 20
7343134.190597273
 30
0.0
 11
8570163.934900869
 21
7343358.34569893
 31
0.0
  0
LINE
  5
1D5
330
1D2
100
AcDbEntity
  8
BEAM OUTLINE
  6
Continuous
 62
   250
440
 16777216
370
     5
100
AcDbLine
 10
8569438.934900869
 20
7343134.190597273
 30
0.0
 11
8569438.934900869
 21
7343358.34569893
 31
0.0
  0
LINE
  5
1D6
330
1D2
100
AcDbEntity
  8
BEAM OUTLINE
  6
Continuous
 62
   250
440
 16777216
370
     5
100
AcDbLine
 10
8570313.934900869
 20
7343208.34569893
 30
0.0
 11
8569897.953472298
 21
7343208.34569893
 31
0.0
  0
LINE
  5
1D7
330
1D2
100
AcDbEntity
  8
BEAM OUTLINE
  6
Continuous
 62
   250
440
 16777216
370
     5
100
AcDbLine
 10
8569288.934900869
 20
7343208.34569893
 30
0.0
 11
8569704.91632944
 21
7343208.34569893
 31
0.0
  0
INSERT
  5
1D8
330
1D2
100
AcDbEntity
  8
BEAM OUTLINE
  6
CENTER
 62
   250
440
 16777216
370
     5
100
AcDbBlockReference
  2
_ArchTick
 10
8570163.934900869
 20
7343208.34569893
 30
0.0
 41
100.0
 42
100.0
 43
100.0
  0
INSERT
  5
1D9
330
1D2
100
AcDbEntity
  8
BEAM OUTLINE
  6
CENTER
 62
   250
440
 16777216
370
     5
100
AcDbBlockReference
  2
_ArchTick
 10
8569438.934900869
 20
7343208.34569893
 30
0.0
 41
100.0
 42
100.0
 43
100.0
 50
180.0
  0
MTEXT
  5
1DA
330
1D2
100
AcDbEntity
  8
BEAM OUTLINE
  6
CENTER
 62
     7
440
 16777216
100
AcDbMText
 10
8569801.434900869
 20
7343208.34569893
 30
0.0
 40
125.0
 41
0.0
 46
0.0
 71
     5
 72
     1
  1
725
  7
DIMENSION
 73
     1
 44
1.0
  0
POINT
  5
1DB
330
1D2
100
AcDbEntity
  8
Defpoints
  6
CENTER
 62
     0
440
 16777216
100
AcDbPoint
 10
8570163.934900869
 20
7343034.190597273
 30
0.0
  0
POINT
  5
1DC
330
1D2
100
AcDbEntity
  8
Defpoints
  6
CENTER
 62
     0
440
 16777216
100
AcDbPoint
 10
8569438.934900869
 20
7343034.190597273
 30
0.0
  0
POINT
  5
1DD
330
1D2
100
AcDbEntity
  8
Defpoints
  6
CENTER
 62
     0
440
 16777216
100
AcDbPoint
 10
8569438.934900869
 20
7343208.34569893
 30
0.0
  0
ENDBLK
  5
1DE
330
1D2
100
AcDbEntity
  8
0
 62
     7
 48
10.0
100
AcDbBlockEnd
  0
BLOCK
  5
1E1
330
1E0
100
AcDbEntity
  8
0
 62
     7
 48
10.0
100
AcDbBlockBegin
  2
*D17
 70
     1
 10
0.0
 20
0.0
 30
0.0
  3
*D17
  1

  0
LINE
  5
1E2
330
1E0
100
AcDbEntity
  8
BEAM OUTLINE
  6
Continuous
 62
   250
440
 16777216
370
     5
100
AcDbLine
 10
8570888.934900869
 20
7343134.190597273
 30
0.0
 11
8570888.934900869
 21
7343358.34569893
 31
0.0
  0
LINE
  5
1E3
330
1E0
100
AcDbEntity
  8
BEAM OUTLINE
  6
Continuous
 62
   250
440
 16777216
370
     5
100
AcDbLine
 10
8570163.934900869
 20
7343134.190597273
 30
0.0
 11
8570163.934900869
 21
7343358.34569893
 31
0.0
  0
LINE
  5
1E4
330
1E0
100
AcDbEntity
  8
BEAM OUTLINE
  6
Continuous
 62
   250
440
 16777216
370
     5
100
AcDbLine
 10
8571038.934900869
 20
7343208.34569893
 30
0.0
 11
8570622.953472298
 21
7343208.34569893
 31
0.0
  0
LINE
  5
1E5
330
1E0
100
AcDbEntity
  8
BEAM OUTLINE
  6
Continuous
 62
   250
440
 16777216
370
     5
100
AcDbLine
 10
8570013.934900869
 20
7343208.34569893
 30
0.0
 11
8570429.91632944
 21
7343208.34569893
 31
0.0
  0
INSERT
  5
1E6
330
1E0
100
AcDbEntity
  8
BEAM OUTLINE
  6
CENTER
 62
   250
440
 16777216
370
     5
100
AcDbBlockReference
  2
_ArchTick
 10
8570888.934900869
 20
7343208.34569893
 30
0.0
 41
100.0
 42
100.0
 43
100.0
  0
INSERT
  5
1E7
330
1E0
100
AcDbEntity
  8
BEAM OUTLINE
  6
CENTER
 62
   250
440
 16777216
370
     5
100
AcDbBlockReference
  2
_ArchTick
 10
8570163.934900869
 20
7343208.34569893
 30
0.0
 41
100.0
 42
100.0
 43
100.0
 50
180.0
  0
MTEXT
  5
1E8
330
1E0
100
AcDbEntity
  8
BEAM OUTLINE
  6
CENTER
 62
     7
440
 16777216
100
AcDbMText
 10
8570526.434900869
 20
7343208.34569893
 30
0.0
 40
125.0
 41
0.0
 46
0.0
 71
     5
 72
     1
  1
725
  7
DIMENSION
 73
     1
 44
1.0
  0
POINT
  5
1E9
330
1E0
100
AcDbEntity
  8
Defpoints
  6
CENTER
 62
     0
440
 16777216
100
AcDbPoint
 10
8570888.934900869
 20
7343034.190597273
 30
0.0
  0
POINT
  5
1EA
330
1E0
100
AcDbEntity
  8
Defpoints
  6
CENTER
 62
     0
440
 16777216
100
AcDbPoint
 10
8570163.934900869
 20
7343034.190597273
 30
0.0
  0
POINT
  5
1EB
330
1E0
100
AcDbEntity
  8
Defpoints
  6
CENTER
 62
     0
440
 16777216
100
AcDbPoint
 10
8570163.934900869
 20
7343208.34569893
 30
0.0
  0
ENDBLK
  5
1EC
330
1E0
100
AcDbEntity
  8
0
 62
     7
 48
10.0
100
AcDbBlockEnd
  0
BLOCK
  5
1EF
330
1EE
100
AcDbEntity
  8
0
 62
     7
 48
10.0
100
AcDbBlockBegin
  2
*D18
 70
     1
 10
0.0
 20
0.0
 30
0.0
  3
*D18
  1

  0
LINE
  5
1F0
330
1EE
100
AcDbEntity
  8
BEAM OUTLINE
  6
Continuous
 62
   250
440
 16777216
370
     5
100
AcDbLine
 10
8571613.934900869
 20
7343134.190597272
 30
0.0
 11
8571613.934900869
 21
7343358.345698929
 31
0.0
  0
LINE
  5
1F1
330
1EE
100
AcDbEntity
  8
BEAM OUTLINE
  6
Continuous
 62
   250
440
 16777216
370
     5
100
AcDbLine
 10
8570888.934900869
 20
7343134.190597272
 30
0.0
 11
8570888.934900869
 21
7343358.345698929
 31
0.0
  0
LINE
  5
1F2
330
1EE
100
AcDbEntity
  8
BEAM OUTLINE
  6
Continuous
 62
   250
440
 16777216
370
     5
100
AcDbLine
 10
8571763.934900869
 20
7343208.345698929
 30
0.0
 11
8571347.953472298
 21
7343208.345698929
 31
0.0
  0
LINE
  5
1F3
330
1EE
100
AcDbEntity
  8
BEAM OUTLINE
  6
Continuous
 62
   250
440
 16777216
370
     5
100
AcDbLine
 10
8570738.934900869
 20
7343208.345698929
 30
0.0
 11
8571154.91632944
 21
7343208.345698929
 31
0.0
  0
INSERT
  5
1F4
330
1EE
100
AcDbEntity
  8
BEAM OUTLINE
  6
CENTER
 62
   250
440
 16777216
370
     5
100
AcDbBlockReference
  2
_ArchTick
 10
8571613.934900869
 20
7343208.345698929
 30
0.0
 41
100.0
 42
100.0
 43
100.0
  0
INSERT
  5
1F5
330
1EE
100
AcDbEntity
  8
BEAM OUTLINE
  6
CENTER
 62
   250
440
 16777216
370
     5
100
AcDbBlockReference
  2
_ArchTick
 10
8570888.934900869
 20
7343208.345698929
 30
0.0
 41
100.0
 42
100.0
 43
100.0
 50
180.0
  0
MTEXT
  5
1F6
330
1EE
100
AcDbEntity
  8
BEAM OUTLINE
  6
CENTER
 62
     7
440
 16777216
100
AcDbMText
 10
8571251.434900869
 20
7343208.345698929
 30
0.0
 40
125.0
 41
0.0
 46
0.0
 71
     5
 72
     1
  1
725
  7
DIMENSION
 73
     1
 44
1.0
  0
POINT
  5
1F7
330
1EE
100
AcDbEntity
  8
Defpoints
  6
CENTER
 62
     0
440
 16777216
100
AcDbPoint
 10
8571613.934900869
 20
7343034.190597272
 30
0.0
  0
POINT
  5
1F8
330
1EE
100
AcDbEntity
  8
Defpoints
  6
CENTER
 62
     0
440
 16777216
100
AcDbPoint
 10
8570888.934900869
 20
7343034.190597272
 30
0.0
  0
POINT
  5
1F9
330
1EE
100
AcDbEntity
  8
Defpoints
  6
CENTER
 62
     0
440
 16777216
100
AcDbPoint
 10
8570888.934900869
 20
7343208.345698929
 30
0.0
  0
ENDBLK
  5
1FA
330
1EE
100
AcDbEntity
  8
0
 62
     7
 48
10.0
100
AcDbBlockEnd
  0
BLOCK
  5
F3
330
F2
100
AcDbEntity
  8
0
 62
     7
 48
10.0
100
AcDbBlockBegin
  2
*D20
 70
     1
 10
0.0
 20
0.0
 30
0.0
  3
*D20
  1

  0
LINE
  5
F4
330
F2
100
AcDbEntity
  8
0
  6
Continuous
 62
   250
440
 16777216
 48
200.0
370
     5
100
AcDbLine
 10
8564528.934900872
 20
7343034.190597277
 30
0.0
 11
8563852.959104057
 21
7343034.190597277
 31
0.0
  0
LINE
  5
F5
330
F2
100
AcDbEntity
  8
0
  6
Continuous
 62
   250
440
 16777216
 48
200.0
370
     5
100
AcDbLine
 10
8564534.873074468
 20
7342434.190597281
 30
0.0
 11
8563852.959104057
 21
7342434.190597281
 31
0.0
  0
LINE
  5
F6
330
F2
100
AcDbEntity
  8
0
  6
Continuous
 62
   250
440
 16777216
 48
200.0
370
     5
100
AcDbLine
 10
8564002.959104057
 20
7343184.190597277
 30
0.0
 11
8564002.959104057
 21
7342796.780597279
 31
0.0
  0
LINE
  5
F7
330
F2
100
AcDbEntity
  8
0
  6
Continuous
 62
   250
440
 16777216
 48
200.0
370
     5
100
AcDbLine
 10
8564002.959104057
 20
7342284.190597281
 30
0.0
 11
8564002.959104057
 21
7342671.600597279
 31
0.0
  0
INSERT
  5
F8
330
F2
100
AcDbEntity
  8
0
 62
   250
440
 16777216
 48
200.0
370
     5
100
AcDbBlockReference
  2
_ArchTick
 10
8564002.959104057
 20
7343034.190597277
 30
0.0
 41
100.0
 42
100.0
 43
100.0
 50
90.0
  0
INSERT
  5
F9
330
F2
100
AcDbEntity
  8
0
 62
   250
440
 16777216
 48
200.0
370
     5
100
AcDbBlockReference
  2
_ArchTick
 10
8564002.959104057
 20
7342434.190597281
 30
0.0
 41
100.0
 42
100.0
 43
100.0
 50
270.0
  0
MTEXT
  5
FA
330
F2
100
AcDbEntity
  8
0
 62
     7
440
 16777216
 48
200.0
370
    -3
100
AcDbMText
 10
8564002.959104057
 20
7342734.190597274
 30
0.0
 40
125.0
 41
0.0
 46
0.0
 71
     5
 72
     1
  1
600
  7
DIMENSION
 73
     1
 44
1.0
  0
POINT
  5
FB
330
F2
100
AcDbEntity
  8
Defpoints
 62
     0
440
 16777216
 48
200.0
100
AcDbPoint
 10
8564628.934900872
 20
7343034.190597277
 30
0.0
  0
POINT
  5
FC
330
F2
100
AcDbEntity
  8
Defpoints
 62
     0
440
 16777216
 48
200.0
100
AcDbPoint
 10
8564634.873074468
 20
7342434.190597281
 30
0.0
  0
POINT
  5
FD
330
F2
100
AcDbEntity
  8
Defpoints
 62
     0
440
 16777216
 48
200.0
100
AcDbPoint
 10
8564002.959104057
 20
7342434.190597281
 30
0.0
  0
ENDBLK
  5
FE
330
F2
100
AcDbEntity
  8
0
 62
     7
 48
10.0
100
AcDbBlockEnd
  0
BLOCK
  5
103
330
102
100
AcDbEntity
  8
0
 62
     7
 48
10.0
100
AcDbBlockBegin
  2
*D21
 70
     1
 10
0.0
 20
0.0
 30
0.0
  3
*D21
  1

  0
LINE
  5
104
330
102
100
AcDbEntity
  8
0
  6
Continuous
 62
   250
440
 16777216
 48
200.0
370
     5
100
AcDbLine
 10
8572798.934900869
 20
7342334.190597273
 30
0.0
 11
8572798.934900869
 21
7341814.182241466
 31
0.0
  0
LINE
  5
105
330
102
100
AcDbEntity
  8
0
  6
Continuous
 62
   250
440
 16777216
 48
200.0
370
     5
100
AcDbLine
 10
8571613.934900869
 20
7342334.190597217
 30
0.0
 11
8571613.934900869
 21
7341814.182241466
 31
0.0
  0
LINE
  5
106
330
102
100
AcDbEntity
  8
0
  6
Continuous
 62
   250
440
 16777216
 48
200.0
370
     5
100
AcDbLine
 10
8572948.934900869
 20
7341964.182241466
 30
0.0
 11
8572333.310615154
 21
7341964.182241466
 31
0.0
  0
LINE
  5
107
330
102
100
AcDbEntity
  8
0
  6
Continuous
 62
   250
440
 16777216
 48
200.0
370
     5
100
AcDbLine
 10
8571463.934900869
 20
7341964.182241466
 30
0.0
 11
8572079.559186583
 21
7341964.182241466
 31
0.0
  0
INSERT
  5
108
330
102
100
AcDbEntity
  8
0
 62
   250
440
 16777216
 48
200.0
370
     5
100
AcDbBlockReference
  2
_ArchTick
 10
8572798.934900869
 20
7341964.182241466
 30
0.0
 41
100.0
 42
100.0
 43
100.0
  0
INSERT
  5
109
330
102
100
AcDbEntity
  8
0
 62
   250
440
 16777216
 48
200.0
370
     5
100
AcDbBlockReference
  2
_ArchTick
 10
8571613.934900869
 20
7341964.182241466
 30
0.0
 41
100.0
 42
100.0
 43
100.0
 50
180.0
  0
MTEXT
  5
10A
330
102
100
AcDbEntity
  8
0
 62
     7
440
 16777216
 48
200.0
370
    -3
100
AcDbMText
 10
8572206.434900869
 20
7341964.182241466
 30
0.0
 40
125.0
 41
0.0
 46
0.0
 71
     5
 72
     1
  1
1185
  7
DIMENSION
 73
     1
 44
1.0
  0
POINT
  5
10B
330
102
100
AcDbEntity
  8
Defpoints
 62
     0
440
 16777216
 48
200.0
100
AcDbPoint
 10
8572798.934900869
 20
7342434.190597273
 30
0.0
  0
POINT
  5
10C
330
102
100
AcDbEntity
  8
Defpoints
 62
     0
440
 16777216
 48
200.0
100
AcDbPoint
 10
8571613.934900869
 20
7342434.190597217
 30
0.0
  0
POINT
  5
10D
330
102
100
AcDbEntity
  8
Defpoints
 62
     0
440
 16777216
 48
200.0
100
AcDbPoint
 10
8571613.934900869
 20
7341964.182241466
 30
0.0
  0
ENDBLK
  5
10E
330
102
100
AcDbEntity
  8
0
 62
     7
 48
10.0
100
AcDbBlockEnd
  0
BLOCK
  5
238
330
237
100
AcDbEntity
  8
0
 62
     7
 48
10.0
100
AcDbBlockBegin
  2
*D22
 70
     1
 10
0.0
 20
0.0
 30
0.0
  3
*D22
  1

  0
LINE
  5
23A
330
237
100
AcDbEntity
  8
0
  6
Continuous
 62
   250
440
 16777216
 48
200.0
370
     5
100
AcDbLine
 10
8564634.873074464
 20
7336434.190597277
 30
0.0
 11
8563852.959104054
 21
7336434.190597277
 31
0.0
  0
LINE
  5
23B
330
237
100
AcDbEntity
  8
0
  6
Continuous
 62
   250
440
 16777216
 48
200.0
370
     5
100
AcDbLine
 10
8564634.873074464
 20
7342434.190597277
 30
0.0
 11
8563852.959104054
 21
7342434.190597277
 31
0.0
  0
LINE
  5
23C
330
237
100
AcDbEntity
  8
0
  6
Continuous
 62
   250
440
 16777216
 48
200.0
370
     5
100
AcDbLine
 10
8564002.959104054
 20
7336284.190597277
 30
0.0
 11
8564002.959104054
 21
7339371.600597277
 31
0.0
  0
LINE
  5
23D
330
237
100
AcDbEntity
  8
0
  6
Continuous
 62
   250
440
 16777216
 48
200.0
370
     5
100
AcDbLine
 10
8564002.959104054
 20
7342584.190597277
 30
0.0
 11
8564002.959104054
 21
7339496.780597277
 31
0.0
  0
INSERT
  5
23E
330
237
100
AcDbEntity
  8
0
 62
   250
440
 16777216
 48
200.0
370
     5
100
AcDbBlockReference
  2
_ArchTick
 10
8564002.959104054
 20
7336434.190597277
 30
0.0
 41
100.0
 42
100.0
 43
100.0
 50
270.0
  0
INSERT
  5
23F
330
237
100
AcDbEntity
  8
0
 62
   250
440
 16777216
 48
200.0
370
     5
100
AcDbBlockReference
  2
_ArchTick
 10
8564002.959104054
 20
7342434.190597277
 30
0.0
 41
100.0
 42
100.0
 43
100.0
 50
90.0
  0
MTEXT
  5
240
330
237
100
AcDbEntity
  8
0
 62
     7
440
 16777216
 48
200.0
370
    -3
100
AcDbMText
 10
8564002.959104054
 20
7339434.190597272
 30
0.0
 40
125.0
 41
0.0
 46
0.0
 71
     5
 72
     1
  1
6000
  7
DIMENSION
 73
     1
 44
1.0
  0
POINT
  5
241
330
237
100
AcDbEntity
  8
Defpoints
 62
     0
440
 16777216
 48
200.0
100
AcDbPoint
 10
8564734.873074464
 20
7336434.190597277
 30
0.0
  0
POINT
  5
242
330
237
100
AcDbEntity
  8
Defpoints
 62
     0
440
 16777216
 48
200.0
100
AcDbPoint
 10
8564734.873074464
 20
7342434.190597277
 30
0.0
  0
POINT
  5
243
330
237
100
AcDbEntity
  8
Defpoints
 62
     0
440
 16777216
 48
200.0
100
AcDbPoint
 10
8564002.959104054
 20
7342434.190597277
 30
0.0
  0
ENDBLK
  5
239
330
237
100
AcDbEntity
  8
0
 62
     7
 48
10.0
100
AcDbBlockEnd
  0
ENDSEC
  0
SECTION
  2
ENTITIES
  0
DIMENSION
  5
A3
330
2
100
AcDbEntity
  8
0
 62
     0
 48
200.0
370
    -3
100
AcDbDimension
280
     0
  2
*D22
 10
8564002.959104054
 20
7342434.190597277
 30
0.0
 11
8564002.959104054
 21
7339434.190597272
 31
0.0
 70
    32
 71
     5
 42
6000.0
 73
     0
 74
     0
 75
     0
  3
Standard
100
AcDbAlignedDimension
 13
8564734.87307446
 23
7336434.190597273
 33
0.0
 14
8564734.87307446
 24
7342434.190597273
 34
0.0
 50
90.0
100
AcDbRotatedDimension
1001
ACAD
1000
DSTYLE
1002
{
1070
    41
1040
100.0
1070
    42
1040
100.0
1070
    43
1040
100.0
1070
    44
1040
150.0
1070
    46
1040
150.0
1070
    74
1070
     0
1070
   140
1040
150.0
1070
   141
1040
100.0
1070
   143
1040
0.03937007874016
1070
   171
1070
     3
1070
   172
1070
     1
1070
   176
1070
   250
1070
   177
1070
   250
1070
   178
1070
     7
1070
   271
1070
     0
1070
   272
1070
     0
1070
   274
1070
     3
1070
   278
1070
    44
1070
   279
1070
     1
1070
   283
1070
     0
1070
   284
1070
     8
1070
   340
1005
AF
1070
   342
1005
35
1070
   345
1005
11
1070
   346
1005
11
1070
   347
1005
11
1070
   371
1070
     5
1070
   372
1070
     5
1002
}
  0
DIMENSION
  5
C5
330
2
100
AcDbEntity
  8
0
 62
     0
 48
200.0
370
    -3
100
AcDbDimension
280
     0
  2
*D8
 10
8571613.934900869
 20
7341964.182241466
 30
0.0
 11
8568713.934900869
 21
7341964.182241466
 31
0.0
 71
     5
 42
5800.0
 73
     0
 74
     0
 75
     0
  3
Standard
100
AcDbAlignedDimension
 13
8565813.934900869
 23
7341964.182241466
 33
0.0
 14
8571613.934900869
 24
7341964.182241466
 34
0.0
100
AcDbRotatedDimension
1001
ACAD
1000
DSTYLE
1002
{
1070
    41
1040
100.0
1070
    42
1040
100.0
1070
    43
1040
100.0
1070
    44
1040
150.0
1070
    46
1040
150.0
1070
    74
1070
     0
1070
   140
1040
150.0
1070
   141
1040
100.0
1070
   143
1040
0.03937007874016
1070
   171
1070
     3
1070
   172
1070
     1
1070
   176
1070
   250
1070
   177
1070
   250
1070
   178
1070
     7
1070
   271
1070
     0
1070
   272
1070
     0
1070
   274
1070
     3
1070
   278
1070
    44
1070
   279
1070
     1
1070
   283
1070
     0
1070
   284
1070
     8
1070
   340
1005
AF
1070
   342
1005
35
1070
   345
1005
11
1070
   346
1005
11
1070
   347
1005
11
1070
   371
1070
     5
1070
   372
1070
     5
1002
}
  0
DIMENSION
  5
D3
330
2
100
AcDbEntity
  8
0
 62
     0
 48
200.0
370
    -3
100
AcDbDimension
280
     0
  2
*D9
 10
8564628.934900869
 20
7341964.182241466
 30
0.0
 11
8565221.434900869
 21
7341964.182241466
 31
0.0
 71
     5
 42
1185.0
 73
     0
 74
     0
 75
     0
  3
Standard
100
AcDbAlignedDimension
 13
8565813.934900869
 23
7342434.190597282
 33
0.0
 14
8564628.934900869
 24
7342434.190597272
 34
0.0
100
AcDbRotatedDimension
1001
ACAD
1000
DSTYLE
1002
{
1070
    41
1040
100.0
1070
    42
1040
100.0
1070
    43
1040
100.0
1070
    44
1040
150.0
1070
    46
1040
150.0
1070
    74
1070
     0
1070
   140
1040
150.0
1070
   141
1040
100.0
1070
   143
1040
0.03937007874016
1070
   171
1070
     3
1070
   172
1070
     1
1070
   176
1070
   250
1070
   177
1070
   250
1070
   178
1070
     7
1070
   271
1070
     0
1070
   272
1070
     0
1070
   274
1070
     3
1070
   278
1070
    44
1070
   279
1070
     1
1070
   283
1070
     0
1070
   284
1070
     8
1070
   340
1005
AF
1070
   342
1005
35
1070
   345
1005
11
1070
   346
1005
11
1070
   347
1005
11
1070
   371
1070
     5
1070
   372
1070
     5
1002
}
  0
DIMENSION
  5
F1
330
2
100
AcDbEntity
  8
0
 62
     0
 48
200.0
370
    -3
100
AcDbDimension
280
     0
  2
*D20
 10
8564002.959104057
 20
7342434.190597281
 30
0.0
 11
8564002.959104057
 21
7342734.190597274
 31
0.0
 71
     5
 42
599.9999999962747
 73
     0
 74
     0
 75
     0
  3
Standard
100
AcDbAlignedDimension
 13
8564628.934900869
 23
7343034.190597273
 33
0.0
 14
8564634.873074464
 24
7342434.190597277
 34
0.0
 50
90.0
100
AcDbRotatedDimension
1001
ACAD
1000
DSTYLE
1002
{
1070
    41
1040
100.0
1070
    42
1040
100.0
1070
    43
1040
100.0
1070
    44
1040
150.0
1070
    46
1040
150.0
1070
    74
1070
     0
1070
   140
1040
150.0
1070
   141
1040
100.0
1070
   143
1040
0.03937007874016
1070
   171
1070
     3
1070
   172
1070
     1
1070
   176
1070
   250
1070
   177
1070
   250
1070
   178
1070
     7
1070
   271
1070
     0
1070
   272
1070
     0
1070
   274
1070
     3
1070
   278
1070
    44
1070
   279
1070
     1
1070
   283
1070
     0
1070
   284
1070
     8
1070
   340
1005
AF
1070
   342
1005
35
1070
   345
1005
11
1070
   346
1005
11
1070
   347
1005
11
1070
   371
1070
     5
1070
   372
1070
     5
1002
}
  0
DIMENSION
  5
FF
102
{ACAD_REACTORS
330
101
102
}
102
{ACAD_XDICTIONARY
360
100
102
}
330
2
100
AcDbEntity
  8
0
 62
     0
 48
200.0
370
    -3
100
AcDbDimension
280
     0
  2
*D21
 10
8571613.934900869
 20
7341964.182241466
 30
0.0
 11
8572206.434900869
 21
7341964.182241466
 31
0.0
 71
     5
 42
1185.0
 73
     0
 74
     0
 75
     0
  3
Standard
100
AcDbAlignedDimension
 13
8572798.934900869
 23
7342434.190597273
 33
0.0
 14
8571613.934900869
 24
7342434.190597217
 34
0.0
100
AcDbRotatedDimension
1001
ACAD
1000
DSTYLE
1002
{
1070
    41
1040
100.0
1070
    42
1040
100.0
1070
    43
1040
100.0
1070
    44
1040
150.0
1070
    46
1040
150.0
1070
    74
1070
     0
1070
   140
1040
150.0
1070
   141
1040
100.0
1070
   143
1040
0.03937007874016
1070
   171
1070
     3
1070
   172
1070
     1
1070
   176
1070
   250
1070
   177
1070
   250
1070
   178
1070
     7
1070
   271
1070
     0
1070
   272
1070
     0
1070
   274
1070
     3
1070
   278
1070
    44
1070
   279
1070
     1
1070
   283
1070
     0
1070
   284
1070
     8
1070
   340
1005
AF
1070
   342
1005
35
1070
   345
1005
11
1070
   346
1005
11
1070
   347
1005
11
1070
   371
1070
     5
1070
   372
1070
     5
1002
}
  0
LINE
  5
10F
330
2
100
AcDbEntity
  8
BEAM OUTLINE
  6
CENTER
 62
     2
100
AcDbLine
 10
8565813.934900869
 20
7336434.190597273
 30
0.0
 11
8565813.934900869
 21
7342434.190597273
 31
0.0
  0
LINE
  5
115
330
2
100
AcDbEntity
  8
BEAM OUTLINE
  6
CENTER
 62
     2
100
AcDbLine
 10
8571613.934900869
 20
7336434.190597273
 30
0.0
 11
8571613.934900869
 21
7342434.190597273
 31
0.0
  0
LINE
  5
116
330
2
100
AcDbEntity
  8
BEAM OUTLINE
  6
CENTER
 62
     6
100
AcDbLine
 10
8564628.934900869
 20
7342434.190597273
 30
0.0
 11
8564628.934900869
 21
7343034.190597273
 31
0.0
  0
LINE
  5
117
330
2
100
AcDbEntity
  8
BEAM OUTLINE
  6
CENTER
 62
     6
100
AcDbLine
 10
8565813.934900869
 20
7342434.190597282
 30
0.0
 11
8565813.934900869
 21
7343034.190597273
 31
0.0
  0
LINE
  5
118
330
2
100
AcDbEntity
  8
BEAM OUTLINE
  6
CENTER
 62
     6
100
AcDbLine
 10
8572798.934900869
 20
7342434.190597273
 30
0.0
 11
8572798.934900869
 21
7343034.190597273
 31
0.0
  0
LINE
  5
119
102
{ACAD_REACTORS
330
101
102
}
330
2
100
AcDbEntity
  8
BEAM OUTLINE
  6
CENTER
 62
     6
100
AcDbLine
 10
8571613.934900869
 20
7342434.190597217
 30
0.0
 11
8571613.934900869
 21
7343034.190597273
 31
0.0
  0
LINE
  5
11A
102
{ACAD_REACTORS
330
101
102
}
330
2
100
AcDbEntity
  8
BEAM OUTLINE
  6
CENTER
 62
     6
100
AcDbLine
 10
8564628.934900869
 20
7342434.190597273
 30
0.0
 11
8572798.934900869
 21
7342434.190597273
 31
0.0
  0
LINE
  5
120
102
{ACAD_REACTORS
330
141
330
177
330
187
330
197
330
1A7
330
123
102
}
330
2
100
AcDbEntity
  8
BEAM OUTLINE
  6
CENTER
 62
     6
100
AcDbLine
 10
8564628.934900869
 20
7343034.190597273
 30
0.0
 11
8572798.934900869
 21
7343034.190597273
 31
0.0
  0
DIMENSION
  5
121
102
{ACAD_REACTORS
330
123
102
}
102
{ACAD_XDICTIONARY
360
122
102
}
330
2
100
AcDbEntity
  8
BEAM OUTLINE
  6
CENTER
 62
   252
420
  9672088
100
AcDbDimension
280
     0
  2
*D3
 10
8572213.934900869
 20
7343208.34569893
 30
0.0
 11
8572506.434900869
 21
7343208.34569893
 31
0.0
 71
     5
 42
585.0
 73
     0
 74
     0
 75
     0
  3
Standard
100
AcDbAlignedDimension
 13
8572798.934900869
 23
7343034.190597273
 33
0.0
 14
8572213.934900869
 24
7343034.190597273
 34
0.0
100
AcDbRotatedDimension
1001
ACAD
1000
DSTYLE
1002
{
1070
    41
1040
100.0
1070
    42
1040
100.0
1070
    43
1040
100.0
1070
    44
1040
150.0
1070
    46
1040
150.0
1070
    74
1070
     0
1070
   140
1040
150.0
1070
   141
1040
100.0
1070
   143
1040
0.03937007874016
1070
   171
1070
     3
1070
   172
1070
     1
1070
   176
1070
   250
1070
   177
1070
   250
1070
   178
1070
     7
1070
   271
1070
     0
1070
   272
1070
     0
1070
   274
1070
     3
1070
   278
1070
    44
1070
   279
1070
     1
1070
   283
1070
     0
1070
   284
1070
     8
1070
   340
1005
AF
1070
   342
1005
35
1070
   345
1005
11
1070
   346
1005
11
1070
   347
1005
11
1070
   371
1070
     5
1070
   372
1070
     5
1002
}
  0
DIMENSION
  5
131
330
2
100
AcDbEntity
  8
BEAM OUTLINE
  6
CENTER
 62
   252
420
  9672088
100
AcDbDimension
280
     0
  2
*D4
 10
8572213.934900869
 20
7343208.34569893
 30
0.0
 11
8571913.934900869
 21
7343208.34569893
 31
0.0
 71
     5
 42
600.0
 73
     0
 74
     0
 75
     0
  3
Standard
100
AcDbAlignedDimension
 13
8571613.934900869
 23
7343034.190597273
 33
0.0
 14
8572213.934900869
 24
7343034.190597273
 34
0.0
100
AcDbRotatedDimension
1001
ACAD
1000
DSTYLE
1002
{
1070
    41
1040
100.0
1070
    42
1040
100.0
1070
    43
1040
100.0
1070
    44
1040
150.0
1070
    46
1040
150.0
1070
    74
1070
     0
1070
   140
1040
150.0
1070
   141
1040
100.0
1070
   143
1040
0.03937007874016
1070
   171
1070
     3
1070
   172
1070
     1
1070
   176
1070
   250
1070
   177
1070
   250
1070
   178
1070
     7
1070
   271
1070
     0
1070
   272
1070
     0
1070
   274
1070
     3
1070
   278
1070
    44
1070
   279
1070
     1
1070
   283
1070
     0
1070
   284
1070
     8
1070
   340
1005
AF
1070
   342
1005
35
1070
   345
1005
11
1070
   346
1005
11
1070
   347
1005
11
1070
   371
1070
     5
1070
   372
1070
     5
1002
}
  0
DIMENSION
  5
13F
102
{ACAD_REACTORS
330
141
102
}
102
{ACAD_XDICTIONARY
360
140
102
}
330
2
100
AcDbEntity
  8
BEAM OUTLINE
  6
CENTER
 62
   252
420
  9672088
100
AcDbDimension
280
     0
  2
*D5
 10
8565213.934900869
 20
7343208.34569893
 30
0.0
 11
8564921.434900869
 21
7343208.34569893
 31
0.0
 71
     5
 42
585.0
 73
     0
 74
     0
 75
     0
  3
Standard
100
AcDbAlignedDimension
 13
8564628.934900869
 23
7343034.190597273
 33
0.0
 14
8565213.934900869
 24
7343034.190597273
 34
0.0
100
AcDbRotatedDimension
1001
ACAD
1000
DSTYLE
1002
{
1070
    41
1040
100.0
1070
    42
1040
100.0
1070
    43
1040
100.0
1070
    44
1040
150.0
1070
    46
1040
150.0
1070
    74
1070
     0
1070
   140
1040
150.0
1070
   141
1040
100.0
1070
   143
1040
0.03937007874016
1070
   171
1070
     3
1070
   172
1070
     1
1070
   176
1070
   250
1070
   177
1070
   250
1070
   178
1070
     7
1070
   271
1070
     0
1070
   272
1070
     0
1070
   274
1070
     3
1070
   278
1070
    44
1070
   279
1070
     1
1070
   283
1070
     0
1070
   284
1070
     8
1070
   340
1005
AF
1070
   342
1005
35
1070
   345
1005
11
1070
   346
1005
11
1070
   347
1005
11
1070
   371
1070
     5
1070
   372
1070
     5
1002
}
  0
MTEXT
  5
14F
330
2
100
AcDbEntity
  8
dimension_Pen_No__92
  6
Continuous
 62
     7
370
     5
100
AcDbMText
 10
8564570.223717572
 20
7343692.611018236
 30
0.0000000000220482
 40
121.5
 41
2787.103590959558
 46
328.7240791268781
 71
     1
 72
     5
  1
A
 11
0.9999927708019416
 21
0.003802412899170749
 31
0.0
 73
     1
 44
1.0
  0
CIRCLE
  5
151
330
2
100
AcDbEntity
  8
BEAM OUTLINE
 62
     7
100
AcDbCircle
 10
8564632.18851091
 20
7343626.803857113
 30
0.0
 40
92.67039374304939
  0
CIRCLE
  5
152
330
2
100
AcDbEntity
  8
BEAM OUTLINE
 62
     7
100
AcDbCircle
 10
8565817.18851091
 20
7343626.803857122
 30
0.0
 40
92.67039374304939
  0
MTEXT
  5
153
330
2
100
AcDbEntity
  8
dimension_Pen_No__92
  6
Continuous
 62
     7
370
     5
100
AcDbMText
 10
8571579.804695493
 20
7343692.611018179
 30
0.0000000000220482
 40
121.5
 41
2787.103590959558
 46
328.7240791268781
 71
     1
 72
     5
  1
K 
 11
0.9999927708019416
 21
0.003802412899170749
 31
0.0
 73
     1
 44
1.0
  0
CIRCLE
  5
154
330
2
100
AcDbEntity
  8
BEAM OUTLINE
 62
     7
100
AcDbCircle
 10
8571617.18851091
 20
7343626.803857056
 30
0.0
 40
92.67039374304939
  0
MTEXT
  5
155
330
2
100
AcDbEntity
  8
dimension_Pen_No__92
  6
Continuous
 62
     7
370
     5
100
AcDbMText
 10
8572731.28162072
 20
7343692.611018236
 30
0.0000000000220482
 40
121.5
 41
2787.103590959558
 46
328.7240791268781
 71
     1
 72
     5
  1
M
 11
0.9999927708019416
 21
0.003802412899170749
 31
0.0
 73
     1
 44
1.0
  0
CIRCLE
  5
156
330
2
100
AcDbEntity
  8
BEAM OUTLINE
 62
     7
100
AcDbCircle
 10
8572802.18851091
 20
7343626.803857113
 30
0.0
 40
92.67039374304939
  0
LINE
  5
159
330
2
100
AcDbEntity
  8
BEAM OUTLINE
  6
CENTER
 62
     6
100
AcDbLine
 10
8570888.934900869
 20
7342434.190597217
 30
0.0
 11
8570888.934900869
 21
7343034.190597273
 31
0.0
  0
MTEXT
  5
15A
330
2
100
AcDbEntity
  8
dimension_Pen_No__92
  6
Continuous
 62
     7
370
     5
100
AcDbMText
 10
8570869.207975375
 20
7343692.611018179
 30
0.0000000000220482
 40
121.5
 41
2787.103590959558
 46
328.7240791268781
 71
     1
 72
     5
  1
J
 11
0.9999927708019416
 21
0.003802412899170749
 31
0.0
 73
     1
 44
1.0
  0
CIRCLE
  5
15B
330
2
100
AcDbEntity
  8
BEAM OUTLINE
 62
     7
100
AcDbCircle
 10
8570892.18851091
 20
7343626.803857056
 30
0.0
 40
92.67039374304939
  0
LINE
  5
15C
330
2
100
AcDbEntity
  8
BEAM OUTLINE
  6
CENTER
 62
     6
100
AcDbLine
 10
8570163.934900869
 20
7342434.190597217
 30
0.0
 11
8570163.934900869
 21
7343034.190597273
 31
0.0
  0
MTEXT
  5
15D
330
2
100
AcDbEntity
  8
dimension_Pen_No__92
  6
Continuous
 62
     7
370
     5
100
AcDbMText
 10
8570156.832278723
 20
7343692.611018179
 30
0.0000000000220482
 40
121.5
 41
2787.103590959558
 46
328.7240791268781
 71
     1
 72
     5
  1
I
 11
0.9999927708019416
 21
0.003802412899170749
 31
0.0
 73
     1
 44
1.0
  0
CIRCLE
  5
15E
330
2
100
AcDbEntity
  8
BEAM OUTLINE
 62
     7
100
AcDbCircle
 10
8570167.18851091
 20
7343626.803857056
 30
0.0
 40
92.67039374304939
  0
LINE
  5
15F
330
2
100
AcDbEntity
  8
BEAM OUTLINE
  6
CENTER
 62
     6
100
AcDbLine
 10
8569438.934900869
 20
7342434.190597217
 30
0.0
 11
8569438.934900869
 21
7343034.190597273
 31
0.0
  0
MTEXT
  5
160
330
2
100
AcDbEntity
  8
dimension_Pen_No__92
  6
Continuous
 62
     7
370
     5
100
AcDbMText
 10
8569395.556160863
 20
7343692.611018179
 30
0.0000000000220482
 40
121.5
 41
2787.103590959558
 46
328.7240791268781
 71
     1
 72
     5
  1
H
 11
0.9999927708019416
 21
0.003802412899170749
 31
0.0
 73
     1
 44
1.0
  0
CIRCLE
  5
161
330
2
100
AcDbEntity
  8
BEAM OUTLINE
 62
     7
100
AcDbCircle
 10
8569442.18851091
 20
7343626.803857056
 30
0.0
 40
92.67039374304939
  0
LINE
  5
162
330
2
100
AcDbEntity
  8
BEAM OUTLINE
  6
CENTER
 62
     6
100
AcDbLine
 10
8568713.934900869
 20
7342434.190597217
 30
0.0
 11
8568713.934900869
 21
7343034.190597273
 31
0.0
  0
MTEXT
  5
163
330
2
100
AcDbEntity
  8
dimension_Pen_No__92
  6
Continuous
 62
     7
370
     5
100
AcDbMText
 10
8568653.666600525
 20
7343692.611018179
 30
0.0000000000220482
 40
121.5
 41
2787.103590959558
 46
328.7240791268781
 71
     1
 72
     5
  1
G
 11
0.9999927708019416
 21
0.003802412899170749
 31
0.0
 73
     1
 44
1.0
  0
CIRCLE
  5
164
330
2
100
AcDbEntity
  8
BEAM OUTLINE
 62
     7
100
AcDbCircle
 10
8568717.18851091
 20
7343626.803857056
 30
0.0
 40
92.67039374304939
  0
LINE
  5
165
102
{ACAD_REACTORS
330
1A7
102
}
330
2
100
AcDbEntity
  8
BEAM OUTLINE
  6
CENTER
 62
     6
100
AcDbLine
 10
8567988.934900869
 20
7342434.190597217
 30
0.0
 11
8567988.934900869
 21
7343034.190597273
 31
0.0
  0
MTEXT
  5
166
330
2
100
AcDbEntity
  8
dimension_Pen_No__92
  6
Continuous
 62
     7
370
     5
100
AcDbMText
 10
8567969.207975375
 20
7343692.611018179
 30
0.0000000000220482
 40
121.5
 41
2787.103590959558
 46
328.7240791268781
 71
     1
 72
     5
  1
F
 11
0.9999927708019416
 21
0.003802412899170749
 31
0.0
 73
     1
 44
1.0
  0
CIRCLE
  5
167
330
2
100
AcDbEntity
  8
BEAM OUTLINE
 62
     7
100
AcDbCircle
 10
8567992.18851091
 20
7343626.803857056
 30
0.0
 40
92.67039374304939
  0
LINE
  5
168
102
{ACAD_REACTORS
330
197
102
}
330
2
100
AcDbEntity
  8
BEAM OUTLINE
  6
CENTER
 62
     6
100
AcDbLine
 10
8567263.934900869
 20
7342434.190597217
 30
0.0
 11
8567263.934900869
 21
7343034.190597273
 31
0.0
  0
MTEXT
  5
169
330
2
100
AcDbEntity
  8
dimension_Pen_No__92
  6
Continuous
 62
     7
370
     5
100
AcDbMText
 10
8567244.207975375
 20
7343692.611018179
 30
0.0000000000220482
 40
121.5
 41
2787.103590959558
 46
328.7240791268781
 71
     1
 72
     5
  1
E
 11
0.9999927708019416
 21
0.003802412899170749
 31
0.0
 73
     1
 44
1.0
  0
CIRCLE
  5
16A
330
2
100
AcDbEntity
  8
BEAM OUTLINE
 62
     7
100
AcDbCircle
 10
8567267.18851091
 20
7343626.803857056
 30
0.0
 40
92.67039374304939
  0
LINE
  5
16B
102
{ACAD_REACTORS
330
187
330
197
102
}
330
2
100
AcDbEntity
  8
BEAM OUTLINE
  6
CENTER
 62
     6
100
AcDbLine
 10
8566538.934900869
 20
7342434.190597217
 30
0.0
 11
8566538.934900869
 21
7343034.190597273
 31
0.0
  0
MTEXT
  5
16C
330
2
100
AcDbEntity
  8
dimension_Pen_No__92
  6
Continuous
 62
     7
370
     5
100
AcDbMText
 10
8566519.207975375
 20
7343692.611018179
 30
0.0000000000220482
 40
121.5
 41
2787.103590959558
 46
328.7240791268781
 71
     1
 72
     5
  1
D
 11
0.9999927708019416
 21
0.003802412899170749
 31
0.0
 73
     1
 44
1.0
  0
CIRCLE
  5
16D
330
2
100
AcDbEntity
  8
BEAM OUTLINE
 62
     7
100
AcDbCircle
 10
8566542.18851091
 20
7343626.803857056
 30
0.0
 40
92.67039374304939
  0
MTEXT
  5
16E
330
2
100
AcDbEntity
  8
dimension_Pen_No__92
  6
Continuous
 62
     7
370
     5
100
AcDbMText
 10
8565751.491105126
 20
7343692.611018179
 30
0.0000000000220482
 40
121.5
 41
2787.103590959558
 46
328.7240791268781
 71
     1
 72
     5
  1
C
 11
0.9999927708019416
 21
0.003802412899170749
 31
0.0
 73
     1
 44
1.0
  0
LINE
  5
16F
330
2
100
AcDbEntity
  8
BEAM OUTLINE
  6
CENTER
 62
     6
100
AcDbLine
 10
8572213.934900869
 20
7342434.190597217
 30
0.0
 11
8572213.934900869
 21
7343034.190597273
 31
0.0
  0
MTEXT
  5
170
330
2
100
AcDbEntity
  8
dimension_Pen_No__92
  6
Continuous
 62
     7
370
     5
100
AcDbMText
 10
8572194.207975375
 20
7343692.611018179
 30
0.0000000000220482
 40
121.5
 41
2787.103590959558
 46
328.7240791268781
 71
     1
 72
     5
  1
L 
 11
0.9999927708019416
 21
0.003802412899170749
 31
0.0
 73
     1
 44
1.0
  0
CIRCLE
  5
171
330
2
100
AcDbEntity
  8
BEAM OUTLINE
 62
     7
100
AcDbCircle
 10
8572217.18851091
 20
7343626.803857056
 30
0.0
 40
92.67039374304939
  0
LINE
  5
172
330
2
100
AcDbEntity
  8
BEAM OUTLINE
  6
CENTER
 62
     6
100
AcDbLine
 10
8565213.934900869
 20
7342434.190597282
 30
0.0
 11
8565213.934900869
 21
7343034.190597273
 31
0.0
  0
CIRCLE
  5
173
330
2
100
AcDbEntity
  8
BEAM OUTLINE
 62
     7
100
AcDbCircle
 10
8565217.18851091
 20
7343626.803857122
 30
0.0
 40
92.67039374304939
  0
MTEXT
  5
174
330
2
100
AcDbEntity
  8
dimension_Pen_No__92
  6
Continuous
 62
     7
370
     5
100
AcDbMText
 10
8565194.207975375
 20
7343692.611018179
 30
0.0000000000220482
 40
121.5
 41
2787.103590959558
 46
328.7240791268781
 71
     1
 72
     5
  1
B
 11
0.9999927708019416
 21
0.003802412899170749
 31
0.0
 73
     1
 44
1.0
  0
DIMENSION
  5
175
102
{ACAD_REACTORS
330
177
102
}
102
{ACAD_XDICTIONARY
360
176
102
}
330
2
100
AcDbEntity
  8
BEAM OUTLINE
  6
CENTER
 62
   252
420
  9672088
100
AcDbDimension
280
     0
  2
*D10
 10
8565213.934900869
 20
7343208.34569893
 30
0.0
 11
8565513.934900869
 21
7343208.34569893
 31
0.0
 71
     5
 42
600.0
 73
     0
 74
     0
 75
     0
  3
Standard
100
AcDbAlignedDimension
 13
8565813.934900869
 23
7343034.190597273
 33
0.0
 14
8565213.934900869
 24
7343034.190597273
 34
0.0
100
AcDbRotatedDimension
1001
ACAD
1000
DSTYLE
1002
{
1070
    41
1040
100.0
1070
    42
1040
100.0
1070
    43
1040
100.0
1070
    44
1040
150.0
1070
    46
1040
150.0
1070
    74
1070
     0
1070
   140
1040
150.0
1070
   141
1040
100.0
1070
   143
1040
0.03937007874016
1070
   171
1070
     3
1070
   172
1070
     1
1070
   176
1070
   250
1070
   177
1070
   250
1070
   178
1070
     7
1070
   271
1070
     0
1070
   272
1070
     0
1070
   274
1070
     3
1070
   278
1070
    44
1070
   279
1070
     1
1070
   283
1070
     0
1070
   284
1070
     8
1070
   340
1005
AF
1070
   342
1005
35
1070
   345
1005
11
1070
   346
1005
11
1070
   347
1005
11
1070
   371
1070
     5
1070
   372
1070
     5
1002
}
  0
DIMENSION
  5
185
102
{ACAD_REACTORS
330
187
102
}
102
{ACAD_XDICTIONARY
360
186
102
}
330
2
100
AcDbEntity
  8
BEAM OUTLINE
  6
CENTER
 62
   252
420
  9672088
100
AcDbDimension
280
     0
  2
*D11
 10
8565813.934900869
 20
7343208.34569893
 30
0.0
 11
8566176.434900869
 21
7343208.34569893
 31
0.0
 71
     5
 42
725.0
 73
     0
 74
     0
 75
     0
  3
Standard
100
AcDbAlignedDimension
 13
8566538.934900869
 23
7343034.190597273
 33
0.0
 14
8565813.934900869
 24
7343034.190597273
 34
0.0
100
AcDbRotatedDimension
1001
ACAD
1000
DSTYLE
1002
{
1070
    41
1040
100.0
1070
    42
1040
100.0
1070
    43
1040
100.0
1070
    44
1040
150.0
1070
    46
1040
150.0
1070
    74
1070
     0
1070
   140
1040
150.0
1070
   141
1040
100.0
1070
   143
1040
0.03937007874016
1070
   171
1070
     3
1070
   172
1070
     1
1070
   176
1070
   250
1070
   177
1070
   250
1070
   178
1070
     7
1070
   271
1070
     0
1070
   272
1070
     0
1070
   274
1070
     3
1070
   278
1070
    44
1070
   279
1070
     1
1070
   283
1070
     0
1070
   284
1070
     8
1070
   340
1005
AF
1070
   342
1005
35
1070
   345
1005
11
1070
   346
1005
11
1070
   347
1005
11
1070
   371
1070
     5
1070
   372
1070
     5
1002
}
  0
DIMENSION
  5
195
102
{ACAD_REACTORS
330
197
102
}
102
{ACAD_XDICTIONARY
360
196
102
}
330
2
100
AcDbEntity
  8
BEAM OUTLINE
  6
CENTER
 62
   252
420
  9672088
100
AcDbDimension
280
     0
  2
*D12
 10
8566538.934900869
 20
7343208.34569893
 30
0.0
 11
8566901.434900869
 21
7343208.34569893
 31
0.0
 71
     5
 42
725.0
 73
     0
 74
     0
 75
     0
  3
Standard
100
AcDbAlignedDimension
 13
8567263.934900869
 23
7343034.190597273
 33
0.0
 14
8566538.934900869
 24
7343034.190597272
 34
0.0
100
AcDbRotatedDimension
1001
ACAD
1000
DSTYLE
1002
{
1070
    41
1040
100.0
1070
    42
1040
100.0
1070
    43
1040
100.0
1070
    44
1040
150.0
1070
    46
1040
150.0
1070
    74
1070
     0
1070
   140
1040
150.0
1070
   141
1040
100.0
1070
   143
1040
0.03937007874016
1070
   171
1070
     3
1070
   172
1070
     1
1070
   176
1070
   250
1070
   177
1070
   250
1070
   178
1070
     7
1070
   271
1070
     0
1070
   272
1070
     0
1070
   274
1070
     3
1070
   278
1070
    44
1070
   279
1070
     1
1070
   283
1070
     0
1070
   284
1070
     8
1070
   340
1005
AF
1070
   342
1005
35
1070
   345
1005
11
1070
   346
1005
11
1070
   347
1005
11
1070
   371
1070
     5
1070
   372
1070
     5
1002
}
  0
DIMENSION
  5
1A5
102
{ACAD_REACTORS
330
1A7
102
}
102
{ACAD_XDICTIONARY
360
1A6
102
}
330
2
100
AcDbEntity
  8
BEAM OUTLINE
  6
CENTER
 62
   252
420
  9672088
100
AcDbDimension
280
     0
  2
*D13
 10
8567263.934900869
 20
7343208.34569893
 30
0.0
 11
8567626.434900869
 21
7343208.34569893
 31
0.0
 71
     5
 42
725.0
 73
     0
 74
     0
 75
     0
  3
Standard
100
AcDbAlignedDimension
 13
8567988.934900869
 23
7343034.190597273
 33
0.0
 14
8567263.934900869
 24
7343034.190597273
 34
0.0
100
AcDbRotatedDimension
1001
ACAD
1000
DSTYLE
1002
{
1070
    41
1040
100.0
1070
    42
1040
100.0
1070
    43
1040
100.0
1070
    44
1040
150.0
1070
    46
1040
150.0
1070
    74
1070
     0
1070
   140
1040
150.0
1070
   141
1040
100.0
1070
   143
1040
0.03937007874016
1070
   171
1070
     3
1070
   172
1070
     1
1070
   176
1070
   250
1070
   177
1070
   250
1070
   178
1070
     7
1070
   271
1070
     0
1070
   272
1070
     0
1070
   274
1070
     3
1070
   278
1070
    44
1070
   279
1070
     1
1070
   283
1070
     0
1070
   284
1070
     8
1070
   340
1005
AF
1070
   342
1005
35
1070
   345
1005
11
1070
   346
1005
11
1070
   347
1005
11
1070
   371
1070
     5
1070
   372
1070
     5
1002
}
  0
DIMENSION
  5
1B5
330
2
100
AcDbEntity
  8
BEAM OUTLINE
  6
CENTER
 62
   252
420
  9672088
100
AcDbDimension
280
     0
  2
*D14
 10
8567988.934900869
 20
7343208.34569893
 30
0.0
 11
8568351.434900869
 21
7343208.34569893
 31
0.0
 71
     5
 42
725.0
 73
     0
 74
     0
 75
     0
  3
Standard
100
AcDbAlignedDimension
 13
8568713.934900869
 23
7343034.190597273
 33
0.0
 14
8567988.934900869
 24
7343034.190597273
 34
0.0
100
AcDbRotatedDimension
1001
ACAD
1000
DSTYLE
1002
{
1070
    41
1040
100.0
1070
    42
1040
100.0
1070
    43
1040
100.0
1070
    44
1040
150.0
1070
    46
1040
150.0
1070
    74
1070
     0
1070
   140
1040
150.0
1070
   141
1040
100.0
1070
   143
1040
0.03937007874016
1070
   171
1070
     3
1070
   172
1070
     1
1070
   176
1070
   250
1070
   177
1070
   250
1070
   178
1070
     7
1070
   271
1070
     0
1070
   272
1070
     0
1070
   274
1070
     3
1070
   278
1070
    44
1070
   279
1070
     1
1070
   283
1070
     0
1070
   284
1070
     8
1070
   340
1005
AF
1070
   342
1005
35
1070
   345
1005
11
1070
   346
1005
11
1070
   347
1005
11
1070
   371
1070
     5
1070
   372
1070
     5
1002
}
  0
DIMENSION
  5
1C3
330
2
100
AcDbEntity
  8
BEAM OUTLINE
  6
CENTER
 62
   252
420
  9672088
100
AcDbDimension
280
     0
  2
*D15
 10
8568713.934900869
 20
7343208.34569893
 30
0.0
 11
8569076.434900869
 21
7343208.34569893
 31
0.0
 71
     5
 42
725.0
 73
     0
 74
     0
 75
     0
  3
Standard
100
AcDbAlignedDimension
 13
8569438.934900869
 23
7343034.190597273
 33
0.0
 14
8568713.934900869
 24
7343034.190597273
 34
0.0
100
AcDbRotatedDimension
1001
ACAD
1000
DSTYLE
1002
{
1070
    41
1040
100.0
1070
    42
1040
100.0
1070
    43
1040
100.0
1070
    44
1040
150.0
1070
    46
1040
150.0
1070
    74
1070
     0
1070
   140
1040
150.0
1070
   141
1040
100.0
1070
   143
1040
0.03937007874016
1070
   171
1070
     3
1070
   172
1070
     1
1070
   176
1070
   250
1070
   177
1070
   250
1070
   178
1070
     7
1070
   271
1070
     0
1070
   272
1070
     0
1070
   274
1070
     3
1070
   278
1070
    44
1070
   279
1070
     1
1070
   283
1070
     0
1070
   284
1070
     8
1070
   340
1005
AF
1070
   342
1005
35
1070
   345
1005
11
1070
   346
1005
11
1070
   347
1005
11
1070
   371
1070
     5
1070
   372
1070
     5
1002
}
  0
DIMENSION
  5
1D1
330
2
100
AcDbEntity
  8
BEAM OUTLINE
  6
CENTER
 62
   252
420
  9672088
100
AcDbDimension
280
     0
  2
*D16
 10
8569438.934900869
 20
7343208.34569893
 30
0.0
 11
8569801.434900869
 21
7343208.34569893
 31
0.0
 71
     5
 42
725.0
 73
     0
 74
     0
 75
     0
  3
Standard
100
AcDbAlignedDimension
 13
8570163.934900869
 23
7343034.190597273
 33
0.0
 14
8569438.934900869
 24
7343034.190597273
 34
0.0
100
AcDbRotatedDimension
1001
ACAD
1000
DSTYLE
1002
{
1070
    41
1040
100.0
1070
    42
1040
100.0
1070
    43
1040
100.0
1070
    44
1040
150.0
1070
    46
1040
150.0
1070
    74
1070
     0
1070
   140
1040
150.0
1070
   141
1040
100.0
1070
   143
1040
0.03937007874016
1070
   171
1070
     3
1070
   172
1070
     1
1070
   176
1070
   250
1070
   177
1070
   250
1070
   178
1070
     7
1070
   271
1070
     0
1070
   272
1070
     0
1070
   274
1070
     3
1070
   278
1070
    44
1070
   279
1070
     1
1070
   283
1070
     0
1070
   284
1070
     8
1070
   340
1005
AF
1070
   342
1005
35
1070
   345
1005
11
1070
   346
1005
11
1070
   347
1005
11
1070
   371
1070
     5
1070
   372
1070
     5
1002
}
  0
DIMENSION
  5
1DF
330
2
100
AcDbEntity
  8
BEAM OUTLINE
  6
CENTER
 62
   252
420
  9672088
100
AcDbDimension
280
     0
  2
*D17
 10
8570163.934900869
 20
7343208.34569893
 30
0.0
 11
8570526.434900869
 21
7343208.34569893
 31
0.0
 71
     5
 42
725.0
 73
     0
 74
     0
 75
     0
  3
Standard
100
AcDbAlignedDimension
 13
8570888.934900869
 23
7343034.190597273
 33
0.0
 14
8570163.934900869
 24
7343034.190597273
 34
0.0
100
AcDbRotatedDimension
1001
ACAD
1000
DSTYLE
1002
{
1070
    41
1040
100.0
1070
    42
1040
100.0
1070
    43
1040
100.0
1070
    44
1040
150.0
1070
    46
1040
150.0
1070
    74
1070
     0
1070
   140
1040
150.0
1070
   141
1040
100.0
1070
   143
1040
0.03937007874016
1070
   171
1070
     3
1070
   172
1070
     1
1070
   176
1070
   250
1070
   177
1070
   250
1070
   178
1070
     7
1070
   271
1070
     0
1070
   272
1070
     0
1070
   274
1070
     3
1070
   278
1070
    44
1070
   279
1070
     1
1070
   283
1070
     0
1070
   284
1070
     8
1070
   340
1005
AF
1070
   342
1005
35
1070
   345
1005
11
1070
   346
1005
11
1070
   347
1005
11
1070
   371
1070
     5
1070
   372
1070
     5
1002
}
  0
DIMENSION
  5
1ED
330
2
100
AcDbEntity
  8
BEAM OUTLINE
  6
CENTER
 62
   252
420
  9672088
100
AcDbDimension
280
     0
  2
*D18
 10
8570888.934900869
 20
7343208.345698929
 30
0.0
 11
8571251.434900869
 21
7343208.345698929
 31
0.0
 71
     5
 42
725.0
 73
     0
 74
     0
 75
     0
  3
Standard
100
AcDbAlignedDimension
 13
8571613.934900869
 23
7343034.190597272
 33
0.0
 14
8570888.934900869
 24
7343034.190597272
 34
0.0
100
AcDbRotatedDimension
1001
ACAD
1000
DSTYLE
1002
{
1070
    41
1040
100.0
1070
    42
1040
100.0
1070
    43
1040
100.0
1070
    44
1040
150.0
1070
    46
1040
150.0
1070
    74
1070
     0
1070
   140
1040
150.0
1070
   141
1040
100.0
1070
   143
1040
0.03937007874016
1070
   171
1070
     3
1070
   172
1070
     1
1070
   176
1070
   250
1070
   177
1070
   250
1070
   178
1070
     7
1070
   271
1070
     0
1070
   272
1070
     0
1070
   274
1070
     3
1070
   278
1070
    44
1070
   279
1070
     1
1070
   283
1070
     0
1070
   284
1070
     8
1070
   340
1005
AF
1070
   342
1005
35
1070
   345
1005
11
1070
   346
1005
11
1070
   347
1005
11
1070
   371
1070
     5
1070
   372
1070
     5
1002
}
  0
LINE
  5
1FB
330
2
100
AcDbEntity
  8
BEAM OUTLINE
  6
CENTER
 62
     6
100
AcDbLine
 10
8564628.934900869
 20
7342434.190597272
 30
0.0
 11
8565213.934900869
 21
7343034.190597273
 31
0.0
  0
LINE
  5
1FC
330
2
100
AcDbEntity
  8
BEAM OUTLINE
  6
CENTER
 62
     6
100
AcDbLine
 10
8565213.934900869
 20
7342434.190597282
 30
0.0
 11
8565813.934900869
 21
7343034.190597273
 31
0.0
  0
LINE
  5
1FD
330
2
100
AcDbEntity
  8
BEAM OUTLINE
  6
CENTER
 62
     6
100
AcDbLine
 10
8565813.934900869
 20
7342434.190597282
 30
0.0
 11
8566538.934900869
 21
7343034.190597273
 31
0.0
  0
LINE
  5
1FE
330
2
100
AcDbEntity
  8
BEAM OUTLINE
  6
CENTER
 62
     6
100
AcDbLine
 10
8566538.934900869
 20
7342434.190597282
 30
0.0
 11
8567263.934900869
 21
7343034.190597273
 31
0.0
  0
LINE
  5
1FF
330
2
100
AcDbEntity
  8
BEAM OUTLINE
  6
CENTER
 62
     6
100
AcDbLine
 10
8567263.934900869
 20
7342434.190597282
 30
0.0
 11
8567988.934900869
 21
7343034.190597273
 31
0.0
  0
LINE
  5
200
330
2
100
AcDbEntity
  8
BEAM OUTLINE
  6
CENTER
 62
     6
100
AcDbLine
 10
8567988.934900869
 20
7342434.190597282
 30
0.0
 11
8568713.934900869
 21
7343034.190597273
 31
0.0
  0
LINE
  5
201
330
2
100
AcDbEntity
  8
BEAM OUTLINE
  6
CENTER
 62
     6
100
AcDbLine
 10
8568713.934900869
 20
7342434.190597282
 30
0.0
 11
8569438.934900869
 21
7343034.190597273
 31
0.0
  0
LINE
  5
202
330
2
100
AcDbEntity
  8
BEAM OUTLINE
  6
CENTER
 62
     6
100
AcDbLine
 10
8569438.934900869
 20
7342434.190597282
 30
0.0
 11
8570163.934900869
 21
7343034.190597273
 31
0.0
  0
LINE
  5
203
330
2
100
AcDbEntity
  8
BEAM OUTLINE
  6
CENTER
 62
     6
100
AcDbLine
 10
8570163.934900869
 20
7342434.190597282
 30
0.0
 11
8570888.934900869
 21
7343034.190597273
 31
0.0
  0
LINE
  5
204
330
2
100
AcDbEntity
  8
BEAM OUTLINE
  6
CENTER
 62
     6
100
AcDbLine
 10
8570888.934900869
 20
7342434.190597282
 30
0.0
 11
8571613.934900869
 21
7343034.190597273
 31
0.0
  0
LINE
  5
205
330
2
100
AcDbEntity
  8
BEAM OUTLINE
  6
CENTER
 62
     6
100
AcDbLine
 10
8571613.934900869
 20
7342434.190597282
 30
0.0
 11
8572213.934900869
 21
7343034.190597272
 31
0.0
  0
LINE
  5
206
330
2
100
AcDbEntity
  8
BEAM OUTLINE
  6
CENTER
 62
     6
100
AcDbLine
 10
8572213.934900869
 20
7342434.190597332
 30
0.0
 11
8572798.934900869
 21
7343034.190597273
 31
0.0
  0
ENDSEC
  0
SECTION
  2
OBJECTS
  0
DICTIONARY
  5
C
330
0
100
AcDbDictionary
281
     1
  3
ACAD_CIP_PREVIOUS_PRODUCT_INFO
350
22F
  3
ACAD_COLOR
350
59
  3
ACAD_DETAILVIEWSTYLE
350
226
  3
ACAD_GROUP
350
54
  3
ACAD_LAYOUT
350
14
  3
ACAD_MATERIAL
350
E
  3
ACAD_MLEADERSTYLE
350
5C
  3
ACAD_MLINESTYLE
350
55
  3
ACAD_PLOTSETTINGS
350
56
  3
ACAD_PLOTSTYLENAME
350
B
  3
ACAD_SCALELIST
350
5A
  3
ACAD_SECTIONVIEWSTYLE
350
224
  3
ACAD_TABLESTYLE
350
5B
  3
ACAD_VISUALSTYLE
350
2E
  3
ACDB_RECOMPOSE_DATA
350
254
  3
ACDBVARIABLEDICTIONARY
350
5D
  0
DICTIONARY
  5
30
330
2B
100
AcDbDictionary
280
     1
281
     1
  0
DICTIONARY
  5
1E
330
1D
100
AcDbDictionary
280
     1
281
     1
  3
ACAD_LAYERFILTERS
360
1F
  3
ACAD_LAYERSTATES
360
20
  3
ACLYDICTIONARY
360
21
  0
DICTIONARY
  5
8
330
7
100
AcDbDictionary
280
     1
281
     1
  3
ADSK_XREC_LAYER_RECONCILED
360
9
  0
DICTIONARY
  5
39
330
38
100
AcDbDictionary
280
     1
281
     1
  3
ADSK_XREC_LAYER_RECONCILED
360
3A
  0
DICTIONARY
  5
3
330
2
100
AcDbDictionary
280
     1
281
     1
  3
ACAD_ASSOCNETWORK
360
4
  3
ACAD_SORTENTS
360
208
  0
DICTIONARY
  5
18
330
17
100
AcDbDictionary
280
     1
281
     1
  3
ACAD_SORTENTS
360
19
  0
DICTIONARY
  5
100
330
FF
100
AcDbDictionary
280
     1
281
     1
  3
ACAD_DIMASSOC
360
101
  0
DICTIONARY
  5
122
330
121
100
AcDbDictionary
280
     1
281
     1
  3
ACAD_DIMASSOC
360
123
  0
DICTIONARY
  5
140
330
13F
100
AcDbDictionary
280
     1
281
     1
  3
ACAD_DIMASSOC
360
141
  0
DICTIONARY
  5
176
330
175
100
AcDbDictionary
280
     1
281
     1
  3
ACAD_DIMASSOC
360
177
  0
DICTIONARY
  5
186
330
185
100
AcDbDictionary
280
     1
281
     1
  3
ACAD_DIMASSOC
360
187
  0
DICTIONARY
  5
196
330
195
100
AcDbDictionary
280
     1
281
     1
  3
ACAD_DIMASSOC
360
197
  0
DICTIONARY
  5
1A6
330
1A5
100
AcDbDictionary
280
     1
281
     1
  3
ACAD_DIMASSOC
360
1A7
  0
XRECORD
  5
22F
102
{ACAD_REACTORS
330
C
102
}
330
C
100
AcDbXrecord
280
     1
300
ACD
300
2022
300

  0
DICTIONARY
  5
59
102
{ACAD_REACTORS
330
C
102
}
330
C
100
AcDbDictionary
281
     1
  0
DICTIONARY
  5
226
102
{ACAD_REACTORS
330
C
102
}
330
C
100
AcDbDictionary
281
     1
  3
Imperial24
350
227
  0
DICTIONARY
  5
54
102
{ACAD_REACTORS
330
C
102
}
330
C
100
AcDbDictionary
281
     1
  0
DICTIONARY
  5
14
102
{ACAD_REACTORS
330
C
102
}
330
C
100
AcDbDictionary
281
     1
  3
Layout1
350
1C
  3
Model
350
13
  0
DICTIONARY
  5
E
102
{ACAD_REACTORS
330
C
102
}
330
C
100
AcDbDictionary
281
     1
  3
ByBlock
350
58
  3
ByLayer
350
57
  3
Global
350
D
  0
DICTIONARY
  5
5C
102
{ACAD_REACTORS
330
C
102
}
330
C
100
AcDbDictionary
281
     1
  3
Standard
350
223
  0
DICTIONARY
  5
55
102
{ACAD_REACTORS
330
C
102
}
330
C
100
AcDbDictionary
281
     1
  3
Standard
350
78
  0
DICTIONARY
  5
56
102
{ACAD_REACTORS
330
C
102
}
330
C
100
AcDbDictionary
281
     1
  0
ACDBDICTIONARYWDFLT
  5
B
102
{ACAD_REACTORS
330
C
102
}
330
C
100
AcDbDictionary
281
     1
  3
Normal
350
A
100
AcDbDictionaryWithDefault
340
A
  0
DICTIONARY
  5
5A
102
{ACAD_REACTORS
330
C
102
}
330
C
100
AcDbDictionary
281
     1
  3
*A1
350
7D
  3
*A2
350
7E
  3
A0
350
7F
  3
A1
350
80
  3
A2
350
81
  3
A3
350
82
  3
A4
350
83
  3
A5
350
84
  3
A6
350
85
  3
A7
350
86
  3
A8
350
87
  3
A9
350
88
  3
B0
350
89
  3
B1
350
8A
  3
B2
350
8B
  3
B3
350
8C
  3
B4
350
8D
  3
B5
350
8E
  3
B6
350
8F
  3
B7
350
90
  3
B8
350
91
  3
B9
350
92
  3
C0
350
93
  3
C1
350
94
  3
C2
350
95
  3
C3
350
96
  3
C4
350
97
  3
C5
350
98
  3
C6
350
99
  3
C7
350
9A
  3
C8
350
9B
  3
C9
350
9C
  3
D0
350
9D
  3
D1
350
9E
  3
D2
350
9F
  3
D3
350
A0
  3
D4
350
A1
  3
D5
350
A2
  0
DICTIONARY
  5
224
102
{ACAD_REACTORS
330
C
102
}
330
C
100
AcDbDictionary
281
     1
  3
Imperial24
350
225
  0
DICTIONARY
  5
5B
102
{ACAD_REACTORS
330
C
102
}
330
C
100
AcDbDictionary
281
     1
  3
Standard
350
79
  0
DICTIONARY
  5
2E
102
{ACAD_REACTORS
330
C
102
}
330
C
100
AcDbDictionary
281
     1
  3
2dWireframe
350
2D
  3
3dWireframe
350
7C
  3
Basic
350
211
  3
Brighten
350
216
  3
ColorChange
350
21A
  3
Conceptual
350
214
  3
Dim
350
215
  3
EdgeColorOff
350
222
  3
Facepattern
350
219
  3
Flat
350
20D
  3
FlatWithEdges
350
20E
  3
Gouraud
350
20F
  3
GouraudWithEdges
350
210
  3
Hidden
350
213
  3
JitterOff
350
220
  3
Linepattern
350
218
  3
OverhangOff
350
221
  3
Realistic
350
7B
  3
Shaded
350
21F
  3
Shaded with edges
350
21E
  3
Shades of Gray
350
21B
  3
Sketchy
350
21C
  3
Thicken
350
217
  3
Wireframe
350
212
  3
X-Ray
350
21D
  0
XRECORD
  5
254
102
{ACAD_REACTORS
330
C
102
}
330
C
100
AcDbXrecord
280
     1
 90
        1
330
79
  0
DICTIONARY
  5
5D
102
{ACAD_REACTORS
330
C
102
}
330
C
100
AcDbDictionary
281
     2
  3
#REVCLOUDAPPROXARCLEN
350
5E
  3
ANNOALLVISIBLE
350
5F
  3
CANNOSCALE
350
60
  3
CETRANSPARENCY
350
61
  3
CMLEADERSTYLE
350
62
  3
CTABLESTYLE
350
63
  3
CVIEWDETAILSTYLE
350
64
  3
CVIEWSECTIONSTYLE
350
65
  3
DIMADEC
350
66
  3
DIMASSOC
350
67
  3
EXPORTPAPERSPACE
350
68
  3
HIDETEXT
350
69
  3
HPCOLOR
350
6A
  3
HPINHERIT
350
6B
  3
HPLAYER
350
6C
  3
HPTRANSPARENCY
350
6D
  3
INDEXCTL
350
6E
  3
LAYEREVAL
350
6F
  3
LAYERNOTIFY
350
70
  3
LIGHTINGUNITS
350
71
  3
MLEADERSCALE
350
72
  3
MSLTSCALE
350
73
  3
OLEFRAME
350
74
  3
PDFFRAME
350
75
  3
SOLIDHIST
350
76
  3
SORTENTS
350
77
  0
DICTIONARY
  5
1F
102
{ACAD_REACTORS
330
1E
102
}
330
1E
100
AcDbDictionary
281
     1
  0
DICTIONARY
  5
20
102
{ACAD_REACTORS
330
1E
102
}
330
1E
100
AcDbDictionary
281
     1
  0
DICTIONARY
  5
21
102
{ACAD_REACTORS
330
1E
102
}
330
1E
100
AcDbDictionary
281
     1
1001
ACAD
1000
<All
  0
XRECORD
  5
9
102
{ACAD_REACTORS
330
8
102
}
330
8
100
AcDbXrecord
280
     1
290
     1
  0
XRECORD
  5
3A
102
{ACAD_REACTORS
330
39
102
}
330
39
100
AcDbXrecord
280
     1
290
     1
  0
DICTIONARY
  5
4
102
{ACAD_REACTORS
330
3
102
}
330
3
100
AcDbDictionary
281
     1
  0
SORTENTSTABLE
  5
208
102
{ACAD_REACTORS
330
3
102
}
330
3
100
AcDbSortentsTable
330
2
  0
SORTENTSTABLE
  5
19
102
{ACAD_REACTORS
330
18
102
}
330
18
100
AcDbSortentsTable
330
17
  0
DIMASSOC
  5
101
102
{ACAD_REACTORS
330
100
102
}
330
100
100
AcDbDimAssoc
330
FF
 90
        3
 70
     0
 71
     0
  1
AcDbOsnapPointRef
 72
     1
331
11A
 73
     2
 91
        0
 40
1.0
 10
0.0
 20
0.0
 30
2.000000000000000E+50
 75
     0
  1
AcDbOsnapPointRef
 72
    13
331
119
 73
     2
 91
        0
 40
0.0
 10
0.0
 20
0.0
 30
2.000000000000000E+50
 75
     0
  0
DIMASSOC
  5
123
102
{ACAD_REACTORS
330
122
102
}
330
122
100
AcDbDimAssoc
330
121
 90
        1
 70
     0
 71
     0
  1
AcDbOsnapPointRef
 72
     1
331
120
 73
     2
 91
        0
 40
1.0
 10
0.0
 20
0.0
 30
2.000000000000000E+50
 75
     0
  0
DIMASSOC
  5
141
102
{ACAD_REACTORS
330
140
102
}
330
140
100
AcDbDimAssoc
330
13F
 90
        1
 70
     0
 71
     0
  1
AcDbOsnapPointRef
 72
    13
331
120
 73
     2
 91
        0
 40
0.0
 10
0.0
 20
0.0
 30
2.000000000000000E+50
 75
     0
  0
DIMASSOC
  5
177
102
{ACAD_REACTORS
330
176
102
}
330
176
100
AcDbDimAssoc
330
175
 90
        1
 70
     0
 71
     0
  1
AcDbOsnapPointRef
 72
     8
331
120
 73
     2
 91
        0
 40
0.1450428396572827
 10
0.0
 20
0.0
 30
0.0
 75
     1
  1
AcDbOsnapPointRef
 72
     0
 40
0.0
 10
8565813.934900869
 20
7342185.050593363
 30
0.0
 75
     0
  0
DIMASSOC
  5
187
102
{ACAD_REACTORS
330
186
102
}
330
186
100
AcDbDimAssoc
330
185
 90
        1
 70
     0
 71
     0
  1
AcDbOsnapPointRef
 72
    11
331
16B
 73
     2
 91
        0
 40
0.5454545455061915
 10
0.0
 20
0.0
 30
0.0
332
120
 74
     2
 92
        0
 75
     0
  0
DIMASSOC
  5
197
102
{ACAD_REACTORS
330
196
102
}
330
196
100
AcDbDimAssoc
330
195
 90
        3
 70
     0
 71
     0
  1
AcDbOsnapPointRef
 72
    11
331
168
 73
     2
 91
        0
 40
0.5454545455061915
 10
0.0
 20
0.0
 30
0.0
332
120
 74
     2
 92
        0
 75
     0
  1
AcDbOsnapPointRef
 72
     8
331
16B
 73
     2
 91
        0
 40
0.5454545455053449
 10
0.0
 20
0.0
 30
0.0
 75
     1
  1
AcDbOsnapPointRef
 72
    11
331
168
 73
     2
 91
        0
 40
0.5454545455061915
 10
0.0
 20
0.0
 30
0.0
332
120
 74
     2
 92
        0
 75
     0
  0
DIMASSOC
  5
1A7
102
{ACAD_REACTORS
330
1A6
102
}
330
1A6
100
AcDbDimAssoc
330
1A5
 90
        1
 70
     0
 71
     0
  1
AcDbOsnapPointRef
 72
    11
331
165
 73
     2
 91
        0
 40
0.5454545455061915
 10
0.0
 20
0.0
 30
0.0
332
120
 74
     2
 92
        0
 75
     0
  0
ACDBDETAILVIEWSTYLE
  5
227
102
{ACAD_REACTORS
330
226
102
}
330
226
100
AcDbModelDocViewStyle
 70
     0
  3
Imperial24
290
     0
300
Imperial24
 90
        0
100
AcDbDetailViewStyle
 70
     0
 71
     0
 90
        3
 71
     1
340
24
 62
   256
 40
0.24
340
0
 62
   256
 40
0.24
300

 40
0.36
280
     3
 71
     2
340
11
 90
       25
 62
   256
 71
     3
340
24
 62
   256
 40
0.24
 90
        1
 40
0.75
 90
        1
300
%<\AcVar ViewType \f "%tc1">% %<\AcVar ViewDetailId>%\PSCALE %<\AcVar ViewScale \f "%sn">%
 71
     4
340
11
 90
       25
 62
   256
340
11
 90
       25
 62
   256
280
     0
  0
LAYOUT
  5
1C
102
{ACAD_REACTORS
330
14
102
}
330
14
100
AcDbPlotSettings
  1

  2
none_device
  4
Letter_(8.50_x_11.00_Inches)
  6

 40
6.349999904632568
 41
6.349999904632568
 42
6.350006103515625
 43
6.350006103515625
 44
215.8999938964844
 45
279.3999938964844
 46
0.0
 47
0.0
 48
0.0
 49
0.0
140
0.0
141
0.0
142
1.0
143
1.0
 70
   688
 72
     0
 73
     1
 74
     5
  7

 75
    16
 76
     0
 77
     2
 78
   300
147
1.0
148
0.0
149
0.0
100
AcDbLayout
  1
Layout1
 70
     1
 71
     1
 10
-0.2500002402958907
 20
-0.2499999962453767
 11
10.74999951940822
 21
8.249999763458733
 12
0.0
 22
0.0
 32
0.0
 14
-103336.5573009494
 24
12741.00050136994
 34
0.0
 15
205594.0482880492
 25
139758.9495929017
 35
0.0
146
0.0
 13
0.0
 23
0.0
 33
0.0
 16
1.0
 26
0.0
 36
0.0
 17
0.0
 27
1.0
 37
0.0
 76
     0
330
17
1001
ACAD_PSEXT
1000
None
1000
None
1000
Not applicable
1000
The layout will not be plotted unless a new plotter configuration name is selected.
1070
     0
  0
LAYOUT
  5
13
102
{ACAD_REACTORS
330
14
102
}
102
{ACAD_XDICTIONARY
360
15
102
}
330
14
100
AcDbPlotSettings
  1

  2
AutoCAD PDF (High Quality Print).pc3
  4
ISO_full_bleed_A3_(297.00_x_420.00_MM)
  6

 40
0.0
 41
0.0
 42
0.0
 43
0.0
 44
297.0
 45
420.0
 46
0.0
 47
21.86365865526395
 48
-1315737.901702173
 49
88339.88683265075
140
-1147822.057121843
141
220879.4203536511
142
1.0
143
446.2610556262637
 70
 11956
 72
     1
 73
     1
 74
     4
  7

 75
     0
 76
     0
 77
     2
 78
   300
147
0.0022408408428036
148
1315737.901702173
149
-88339.88683265075
100
AcDbLayout
  1
Model
 70
     1
 71
     0
 10
0.0
 20
0.0
 11
12.0
 21
9.0
 12
0.0
 22
0.0
 32
0.0
 14
0.0
 24
0.0
 34
0.0
 15
0.0
 25
0.0
 35
0.0
146
0.0
 13
0.0
 23
0.0
 33
0.0
 16
1.0
 26
0.0
 36
0.0
 17
0.0
 27
1.0
 37
0.0
 76
     0
330
2
331
2C
1001
ACAD_PSEXT
1000
AutoCAD PDF (High Quality Print).pc3
1000
DWG To PDF
1000
File
1000

1070
     0
  0
MATERIAL
  5
58
102
{ACAD_REACTORS
330
E
102
}
330
E
100
AcDbMaterial
  1
ByBlock
 72
     1
 94
       63
  0
MATERIAL
  5
57
102
{ACAD_REACTORS
330
E
102
}
330
E
100
AcDbMaterial
  1
ByLayer
 72
     1
 94
       63
  0
MATERIAL
  5
D
102
{ACAD_REACTORS
330
E
102
}
102
{ACAD_XDICTIONARY
360
F
102
}
330
E
100
AcDbMaterial
  1
Global
 72
     1
 94
       63
  0
MLEADERSTYLE
  5
223
102
{ACAD_REACTORS
330
5C
102
}
330
5C
100
AcDbMLeaderStyle
179
     2
170
     2
171
     1
172
     0
 90
        2
 40
0.0
 41
0.0
173
     1
 91
-1056964608
340
27
 92
       -2
290
     1
 42
0.09
291
     1
 43
0.36
  3
Standard
341
0
 44
0.18
300

342
24
174
     1
178
     6
175
     1
176
     0
 93
-1056964608
 45
0.18
292
     0
297
     0
 46
0.18
343
0
 94
-1056964608
 47
1.0
 49
1.0
140
1.0
293
     1
141
0.0
294
     1
177
     0
142
1.0
295
     1
296
     0
143
0.125
271
     0
272
     9
273
     9
298
     1
  0
MLINESTYLE
  5
78
102
{ACAD_REACTORS
330
55
102
}
330
55
100
AcDbMlineStyle
  2
STANDARD
 70
     0
  3

 62
   256
 51
90.0
 52
90.0
 71
     2
 49
0.5
 62
   256
  6
BYLAYER
 49
-0.5
 62
   256
  6
BYLAYER
  0
ACDBPLACEHOLDER
  5
A
102
{ACAD_REACTORS
330
B
102
}
330
B
  0
SCALE
  5
7D
102
{ACAD_REACTORS
330
5A
102
}
330
5A
100
AcDbScale
 70
     0
300
1:2_1
140
1.0
141
2.0
290
     0
  0
SCALE
  5
7E
102
{ACAD_REACTORS
330
5A
102
}
330
5A
100
AcDbScale
 70
     0
300
1:1000
140
1.0
141
1.0
290
     0
  0
SCALE
  5
7F
102
{ACAD_REACTORS
330
5A
102
}
330
5A
100
AcDbScale
 70
     0
300
0.12500000 = 1'-0"
140
0.125
141
12.0
290
     0
  0
SCALE
  5
80
102
{ACAD_REACTORS
330
5A
102
}
330
5A
100
AcDbScale
 70
     0
300
1:1
140
1.0
141
1.0
290
     1
  0
SCALE
  5
81
102
{ACAD_REACTORS
330
5A
102
}
330
5A
100
AcDbScale
 70
     0
300
1:2
140
1.0
141
2.0
290
     0
  0
SCALE
  5
82
102
{ACAD_REACTORS
330
5A
102
}
330
5A
100
AcDbScale
 70
     0
300
1:4
140
1.0
141
4.0
290
     0
  0
SCALE
  5
83
102
{ACAD_REACTORS
330
5A
102
}
330
5A
100
AcDbScale
 70
     0
300
1:5
140
1.0
141
5.0
290
     0
  0
SCALE
  5
84
102
{ACAD_REACTORS
330
5A
102
}
330
5A
100
AcDbScale
 70
     0
300
1:8
140
1.0
141
8.0
290
     0
  0
SCALE
  5
85
102
{ACAD_REACTORS
330
5A
102
}
330
5A
100
AcDbScale
 70
     0
300
1:10
140
1.0
141
10.0
290
     0
  0
SCALE
  5
86
102
{ACAD_REACTORS
330
5A
102
}
330
5A
100
AcDbScale
 70
     0
300
1:16
140
1.0
141
16.0
290
     0
  0
SCALE
  5
87
102
{ACAD_REACTORS
330
5A
102
}
330
5A
100
AcDbScale
 70
     0
300
1:20
140
1.0
141
20.0
290
     0
  0
SCALE
  5
88
102
{ACAD_REACTORS
330
5A
102
}
330
5A
100
AcDbScale
 70
     0
300
1:30
140
1.0
141
30.0
290
     0
  0
SCALE
  5
89
102
{ACAD_REACTORS
330
5A
102
}
330
5A
100
AcDbScale
 70
     0
300
1:40
140
1.0
141
40.0
290
     0
  0
SCALE
  5
8A
102
{ACAD_REACTORS
330
5A
102
}
330
5A
100
AcDbScale
 70
     0
300
1:50
140
1.0
141
50.0
290
     0
  0
SCALE
  5
8B
102
{ACAD_REACTORS
330
5A
102
}
330
5A
100
AcDbScale
 70
     0
300
1:55
140
1.0
141
55.0
290
     0
  0
SCALE
  5
8C
102
{ACAD_REACTORS
330
5A
102
}
330
5A
100
AcDbScale
 70
     0
300
1:60
140
1.0
141
60.0
290
     0
  0
SCALE
  5
8D
102
{ACAD_REACTORS
330
5A
102
}
330
5A
100
AcDbScale
 70
     0
300
1:100
140
1.0
141
100.0
290
     0
  0
SCALE
  5
8E
102
{ACAD_REACTORS
330
5A
102
}
330
5A
100
AcDbScale
 70
     0
300
2:1
140
2.0
141
1.0
290
     0
  0
SCALE
  5
8F
102
{ACAD_REACTORS
330
5A
102
}
330
5A
100
AcDbScale
 70
     0
300
4:1
140
4.0
141
1.0
290
     0
  0
SCALE
  5
90
102
{ACAD_REACTORS
330
5A
102
}
330
5A
100
AcDbScale
 70
     0
300
8:1
140
8.0
141
1.0
290
     0
  0
SCALE
  5
91
102
{ACAD_REACTORS
330
5A
102
}
330
5A
100
AcDbScale
 70
     0
300
10:1
140
10.0
141
1.0
290
     0
  0
SCALE
  5
92
102
{ACAD_REACTORS
330
5A
102
}
330
5A
100
AcDbScale
 70
     0
300
100:1
140
100.0
141
1.0
290
     0
  0
SCALE
  5
93
102
{ACAD_REACTORS
330
5A
102
}
330
5A
100
AcDbScale
 70
     0
300
1/128" = 1'-0"
140
0.0078125
141
12.0
290
     0
  0
SCALE
  5
94
102
{ACAD_REACTORS
330
5A
102
}
330
5A
100
AcDbScale
 70
     0
300
1/64" = 1'-0"
140
0.015625
141
12.0
290
     0
  0
SCALE
  5
95
102
{ACAD_REACTORS
330
5A
102
}
330
5A
100
AcDbScale
 70
     0
300
1/32" = 1'-0"
140
0.03125
141
12.0
290
     0
  0
SCALE
  5
96
102
{ACAD_REACTORS
330
5A
102
}
330
5A
100
AcDbScale
 70
     0
300
1/16" = 1'-0"
140
0.0625
141
12.0
290
     0
  0
SCALE
  5
97
102
{ACAD_REACTORS
330
5A
102
}
330
5A
100
AcDbScale
 70
     0
300
3/32" = 1'-0"
140
0.09375
141
12.0
290
     0
  0
SCALE
  5
98
102
{ACAD_REACTORS
330
5A
102
}
330
5A
100
AcDbScale
 70
     0
300
1/8" = 1'-0"
140
0.125
141
12.0
290
     0
  0
SCALE
  5
99
102
{ACAD_REACTORS
330
5A
102
}
330
5A
100
AcDbScale
 70
     0
300
3/16" = 1'-0"
140
0.1875
141
12.0
290
     0
  0
SCALE
  5
9A
102
{ACAD_REACTORS
330
5A
102
}
330
5A
100
AcDbScale
 70
     0
300
1/4" = 1'-0"
140
0.25
141
12.0
290
     0
  0
SCALE
  5
9B
102
{ACAD_REACTORS
330
5A
102
}
330
5A
100
AcDbScale
 70
     0
300
3/8" = 1'-0"
140
0.375
141
12.0
290
     0
  0
SCALE
  5
9C
102
{ACAD_REACTORS
330
5A
102
}
330
5A
100
AcDbScale
 70
     0
300
1/2" = 1'-0"
140
0.5
141
12.0
290
     0
  0
SCALE
  5
9D
102
{ACAD_REACTORS
330
5A
102
}
330
5A
100
AcDbScale
 70
     0
300
3/4" = 1'-0"
140
0.75
141
12.0
290
     0
  0
SCALE
  5
9E
102
{ACAD_REACTORS
330
5A
102
}
330
5A
100
AcDbScale
 70
     0
300
1" = 1'-0"
140
1.0
141
12.0
290
     0
  0
SCALE
  5
9F
102
{ACAD_REACTORS
330
5A
102
}
330
5A
100
AcDbScale
 70
     0
300
1-1/2" = 1'-0"
140
1.5
141
12.0
290
     0
  0
SCALE
  5
A0
102
{ACAD_REACTORS
330
5A
102
}
330
5A
100
AcDbScale
 70
     0
300
3" = 1'-0"
140
3.0
141
12.0
290
     0
  0
SCALE
  5
A1
102
{ACAD_REACTORS
330
5A
102
}
330
5A
100
AcDbScale
 70
     0
300
6" = 1'-0"
140
6.0
141
12.0
290
     0
  0
SCALE
  5
A2
102
{ACAD_REACTORS
330
5A
102
}
330
5A
100
AcDbScale
 70
     0
300
1'-0" = 1'-0"
140
12.0
141
12.0
290
     0
  0
ACDBSECTIONVIEWSTYLE
  5
225
102
{ACAD_REACTORS
330
224
102
}
330
224
100
AcDbModelDocViewStyle
 70
     0
  3
Imperial24
290
     0
300
Imperial24
 90
        0
100
AcDbSectionViewStyle
 70
     0
 71
     0
 90
       78
 71
     1
340
24
 62
   256
 40
0.24
340
0
340
0
 62
   256
 40
0.24
300
I, O, Q, S, X, Z
 40
0.48
 90
        3
 40
0.18
 90
        1
 71
     2
340
11
 90
       25
 62
   256
340
11
 90
       50
 62
   256
 40
0.24
 40
0.0
 40
0.24
 71
     3
340
24
 62
   256
 40
0.24
 90
        1
 40
0.75
 90
        1
300
%<\AcVar ViewType \f "%tc1">% %<\AcVar ViewSectionStartId>%-%<\AcVar ViewSectionEndId>%\PSCALE %<\AcVar ViewScale \f "%sn">%
 71
     4
 62
   256
 62
   257
300
ANSI31
 40
1.0
 90
        0
290
     0
290
     0
 90
        6
 40
0.0
 40
1.570796326794897
 40
0.2617993877991494
 40
1.308996938995747
 40
-0.2617993877991494
 40
1.832595714594046
  0
TABLESTYLE
  5
79
102
{ACAD_REACTORS
330
5B
102
}
102
{ACAD_XDICTIONARY
360
252
102
}
330
5B
100
AcDbTableStyle
  3
Standard
 70
     0
 71
     0
 40
0.06
 41
0.06
280
     0
281
     0
  7
Standard
140
0.18
170
     2
 62
     0
 63
   257
283
     0
 90
      512
 91
        0
  1

274
    -2
284
     1
 64
     0
275
    -2
285
     1
 65
     0
276
    -2
286
     1
 66
     0
277
    -2
287
     1
 67
     0
278
    -2
288
     1
 68
     0
279
    -2
289
     1
 69
     0
  7
Standard
140
0.25
170
     5
 62
     0
 63
   257
283
     0
 90
      512
 91
        0
  1

274
    -2
284
     1
 64
     0
275
    -2
285
     1
 65
     0
276
    -2
286
     1
 66
     0
277
    -2
287
     1
 67
     0
278
    -2
288
     1
 68
     0
279
    -2
289
     1
 69
     0
  7
Standard
140
0.18
170
     5
 62
     0
 63
   257
283
     0
 90
      512
 91
        0
  1

274
    -2
284
     1
 64
     0
275
    -2
285
     1
 65
     0
276
    -2
286
     1
 66
     0
277
    -2
287
     1
 67
     0
278
    -2
288
     1
 68
     0
279
    -2
289
     1
 69
     0
  0
VISUALSTYLE
  5
2D
102
{ACAD_REACTORS
330
2E
102
}
330
2E
100
AcDbVisualStyle
  2
2dWireframe
 70
     4
177
     3
291
     0
 70
    58
 90
        0
176
     1
 90
        2
176
     1
 90
        1
176
     1
 90
        0
176
     1
 40
0.6
176
     1
 40
30.0
176
     1
 62
     7
176
     1
 90
        1
176
     1
 90
        4
176
     1
 62
     7
176
     1
 62
   257
176
     1
 90
        1
176
     1
 90
        1
176
     1
 40
1.0
176
     1
 90
        0
176
     1
 62
   257
176
     1
 40
1.0
176
     1
 90
        1
176
     1
 90
        6
176
     1
 90
        2
176
     1
 62
     7
176
     1
 90
        5
176
     1
 90
        0
176
     1
 90
        0
176
     1
290
     0
176
     1
 90
        1
176
     1
 40
0.0
176
     1
 90
        0
176
     1
290
     1
176
     1
290
     1
176
     1
290
     0
176
     1
290
     0
176
     1
290
     0
176
     1
290
     0
176
     1
290
     0
176
     1
290
     0
176
     1
290
     0
176
     1
 90
       50
176
     1
 40
0.0
176
     1
 40
1.0
176
     1
 90
        0
176
     1
 62
    18
420
        0
176
     1
 90
       50
176
     1
 90
        3
176
     1
 62
     5
420
      255
176
     1
290
     0
176
     1
 90
       50
176
     1
 90
       50
176
     1
 90
       50
176
     1
290
     0
176
     1
 90
       50
176
     1
 62
   256
176
     0
 40
1.0
176
     0
 90
        2
176
     1
  1
strokes_ogs.tif
176
     1
290
     0
176
     1
 40
1.0
176
     1
 40
1.0
176
     1
  0
VISUALSTYLE
  5
7C
102
{ACAD_REACTORS
330
2E
102
}
330
2E
100
AcDbVisualStyle
  2
3dWireframe
 70
     5
177
     3
291
     0
 70
    58
 90
        0
176
     1
 90
        2
176
     1
 90
        1
176
     1
 90
        0
176
     1
 40
0.6
176
     1
 40
30.0
176
     1
 62
     7
176
     1
 90
        1
176
     1
 90
        4
176
     1
 62
     7
176
     1
 62
   257
176
     1
 90
        1
176
     1
 90
        1
176
     1
 40
1.0
176
     1
 90
        0
176
     1
 62
   257
176
     1
 40
1.0
176
     1
 90
        1
176
     1
 90
        6
176
     1
 90
        2
176
     1
 62
     7
176
     1
 90
        5
176
     1
 90
        0
176
     1
 90
        0
176
     1
290
     0
176
     1
 90
        1
176
     1
 40
0.0
176
     1
 90
        0
176
     1
290
     0
176
     1
290
     1
176
     1
290
     1
176
     1
290
     0
176
     1
290
     0
176
     1
290
     0
176
     1
290
     0
176
     1
290
     0
176
     1
290
     0
176
     1
 90
       50
176
     1
 40
0.0
176
     1
 40
1.0
176
     1
 90
        0
176
     1
 62
    18
420
        0
176
     1
 90
       50
176
     1
 90
        3
176
     1
 62
     5
420
      255
176
     1
290
     0
176
     1
 90
       50
176
     1
 90
       50
176
     1
 90
       50
176
     1
290
     0
176
     1
 90
       50
176
     1
 62
   256
176
     0
 40
1.0
176
     0
 90
        2
176
     1
  1
strokes_ogs.tif
176
     1
290
     0
176
     1
 40
1.0
176
     1
 40
1.0
176
     1
  0
VISUALSTYLE
  5
211
102
{ACAD_REACTORS
330
2E
102
}
330
2E
100
AcDbVisualStyle
  2
Basic
 70
     7
177
     3
291
     1
 70
    58
 90
        1
176
     1
 90
        0
176
     1
 90
        1
176
     1
 90
        0
176
     1
 40
0.6
176
     1
 40
30.0
176
     1
 62
     7
420
 16777215
176
     1
 90
        0
176
     1
 90
        4
176
     1
 62
     7
176
     1
 62
   257
176
     1
 90
        1
176
     1
 90
        1
176
     1
 40
1.0
176
     1
 90
        8
176
     1
 62
     7
176
     1
 40
1.0
176
     1
 90
        1
176
     1
 90
        6
176
     1
 90
        2
176
     1
 62
     7
176
     1
 90
        5
176
     1
 90
        0
176
     1
 90
        0
176
     1
290
     0
176
     1
 90
        1
176
     1
 40
0.0
176
     1
 90
        0
176
     1
290
     0
176
     1
290
     1
176
     1
290
     1
176
     1
290
     0
176
     1
290
     0
176
     1
290
     0
176
     1
290
     0
176
     1
290
     0
176
     1
290
     0
176
     1
 90
       50
176
     1
 40
0.0
176
     1
 40
1.0
176
     1
 90
        0
176
     1
 62
    18
420
        0
176
     1
 90
       50
176
     1
 90
        3
176
     1
 62
     5
420
      255
176
     1
290
     0
176
     1
 90
       50
176
     1
 90
       50
176
     1
 90
       50
176
     1
290
     0
176
     1
 90
       50
176
     1
 62
   256
176
     0
 40
1.0
176
     0
 90
        2
176
     1
  1
strokes_ogs.tif
176
     1
290
     0
176
     1
 40
1.0
176
     1
 40
1.0
176
     1
  0
VISUALSTYLE
  5
216
102
{ACAD_REACTORS
330
2E
102
}
330
2E
100
AcDbVisualStyle
  2
Brighten
 70
    12
177
     3
291
     1
 70
    58
 90
        2
176
     1
 90
        2
176
     1
 90
        0
176
     1
 90
        0
176
     1
 40
0.6
176
     1
 40
30.0
176
     1
 62
     7
420
 16777215
176
     1
 90
        1
176
     1
 90
        4
176
     1
 62
     7
176
     1
 62
   257
176
     1
 90
        1
176
     1
 90
        1
176
     1
 40
1.0
176
     1
 90
        8
176
     1
 62
     7
176
     1
 40
1.0
176
     1
 90
        1
176
     1
 90
        6
176
     1
 90
        2
176
     1
 62
     7
176
     1
 90
        5
176
     1
 90
        0
176
     1
 90
        0
176
     1
290
     0
176
     1
 90
        1
176
     1
 40
50.0
176
     1
 90
        0
176
     1
290
     0
176
     1
290
     1
176
     1
290
     1
176
     1
290
     0
176
     1
290
     0
176
     1
290
     0
176
     1
290
     0
176
     1
290
     0
176
     1
290
     0
176
     1
 90
       50
176
     1
 40
0.0
176
     1
 40
1.0
176
     1
 90
        0
176
     1
 62
    18
420
        0
176
     1
 90
       50
176
     1
 90
        3
176
     1
 62
     5
420
      255
176
     1
290
     0
176
     1
 90
       50
176
     1
 90
       50
176
     1
 90
       50
176
     1
290
     0
176
     1
 90
       50
176
     1
 62
   256
176
     0
 40
1.0
176
     0
 90
        2
176
     1
  1
strokes_ogs.tif
176
     1
290
     0
176
     1
 40
1.0
176
     1
 40
1.0
176
     1
  0
VISUALSTYLE
  5
21A
102
{ACAD_REACTORS
330
2E
102
}
330
2E
100
AcDbVisualStyle
  2
ColorChange
 70
    16
177
     3
291
     1
 70
    58
 90
        2
176
     1
 90
        2
176
     1
 90
        3
176
     1
 90
        0
176
     1
 40
0.6
176
     1
 40
30.0
176
     1
 62
     8
420
  8421504
176
     1
 90
        1
176
     1
 90
        4
176
     1
 62
     7
176
     1
 62
   257
176
     1
 90
        1
176
     1
 90
        1
176
     1
 40
1.0
176
     1
 90
        8
176
     1
 62
     8
420
  8421504
176
     1
 40
1.0
176
     1
 90
        1
176
     1
 90
        6
176
     1
 90
        2
176
     1
 62
     7
176
     1
 90
        5
176
     1
 90
        0
176
     1
 90
        0
176
     1
290
     0
176
     1
 90
        1
176
     1
 40
0.0
176
     1
 90
        0
176
     1
290
     0
176
     1
290
     1
176
     1
290
     1
176
     1
290
     0
176
     1
290
     0
176
     1
290
     0
176
     1
290
     0
176
     1
290
     0
176
     1
290
     0
176
     1
 90
       50
176
     1
 40
0.0
176
     1
 40
1.0
176
     1
 90
        0
176
     1
 62
    18
420
        0
176
     1
 90
       50
176
     1
 90
        3
176
     1
 62
     5
420
      255
176
     1
290
     0
176
     1
 90
       50
176
     1
 90
       50
176
     1
 90
       50
176
     1
290
     0
176
     1
 90
       50
176
     1
 62
   256
176
     0
 40
1.0
176
     0
 90
        2
176
     1
  1
strokes_ogs.tif
176
     1
290
     0
176
     1
 40
1.0
176
     1
 40
1.0
176
     1
  0
VISUALSTYLE
  5
214
102
{ACAD_REACTORS
330
2E
102
}
330
2E
100
AcDbVisualStyle
  2
Conceptual
 70
     9
177
     3
291
     0
 70
    58
 90
        3
176
     1
 90
        2
176
     1
 90
        0
176
     1
 90
        0
176
     1
 40
0.6
176
     1
 40
30.0
176
     1
 62
     7
420
 16777215
176
     1
 90
        2
176
     1
 90
        2
176
     1
 62
     7
176
     1
 62
   257
176
     1
 90
        1
176
     1
 90
        1
176
     1
 40
179.0
176
     1
 90
        8
176
     1
 62
     7
176
     1
 40
1.0
176
     1
 90
        1
176
     1
 90
        6
176
     1
 90
        2
176
     1
 62
     7
176
     1
 90
        3
176
     1
 90
        0
176
     1
 90
        0
176
     1
290
     0
176
     1
 90
        1
176
     1
 40
0.0
176
     1
 90
        0
176
     1
290
     0
176
     1
290
     1
176
     1
290
     1
176
     1
290
     0
176
     1
290
     0
176
     1
290
     0
176
     1
290
     0
176
     1
290
     0
176
     1
290
     0
176
     1
 90
       50
176
     1
 40
0.0
176
     1
 40
1.0
176
     1
 90
        0
176
     1
 62
    18
420
        0
176
     1
 90
       50
176
     1
 90
        3
176
     1
 62
     5
420
      255
176
     1
290
     0
176
     1
 90
       50
176
     1
 90
       50
176
     1
 90
       50
176
     1
290
     0
176
     1
 90
       50
176
     1
 62
   256
176
     0
 40
1.0
176
     0
 90
        2
176
     1
  1
strokes_ogs.tif
176
     1
290
     0
176
     1
 40
1.0
176
     1
 40
1.0
176
     1
  0
VISUALSTYLE
  5
215
102
{ACAD_REACTORS
330
2E
102
}
330
2E
100
AcDbVisualStyle
  2
Dim
 70
    11
177
     3
291
     1
 70
    58
 90
        2
176
     1
 90
        2
176
     1
 90
        0
176
     1
 90
        0
176
     1
 40
0.6
176
     1
 40
30.0
176
     1
 62
     7
420
 16777215
176
     1
 90
        1
176
     1
 90
        4
176
     1
 62
     7
176
     1
 62
   257
176
     1
 90
        1
176
     1
 90
        1
176
     1
 40
1.0
176
     1
 90
        8
176
     1
 62
     7
176
     1
 40
1.0
176
     1
 90
        1
176
     1
 90
        6
176
     1
 90
        2
176
     1
 62
     7
176
     1
 90
        5
176
     1
 90
        0
176
     1
 90
        0
176
     1
290
     0
176
     1
 90
        1
176
     1
 40
-50.0
176
     1
 90
        0
176
     1
290
     0
176
     1
290
     1
176
     1
290
     1
176
     1
290
     0
176
     1
290
     0
176
     1
290
     0
176
     1
290
     0
176
     1
290
     0
176
     1
290
     0
176
     1
 90
       50
176
     1
 40
0.0
176
     1
 40
1.0
176
     1
 90
        0
176
     1
 62
    18
420
        0
176
     1
 90
       50
176
     1
 90
        3
176
     1
 62
     5
420
      255
176
     1
290
     0
176
     1
 90
       50
176
     1
 90
       50
176
     1
 90
       50
176
     1
290
     0
176
     1
 90
       50
176
     1
 62
   256
176
     0
 40
1.0
176
     0
 90
        2
176
     1
  1
strokes_ogs.tif
176
     1
290
     0
176
     1
 40
1.0
176
     1
 40
1.0
176
     1
  0
VISUALSTYLE
  5
222
102
{ACAD_REACTORS
330
2E
102
}
330
2E
100
AcDbVisualStyle
  2
EdgeColorOff
 70
    22
177
     3
291
     1
 70
    58
 90
        2
176
     0
 90
        2
176
     0
 90
        0
176
     0
 90
        0
176
     0
 40
0.6
176
     0
 40
30.0
176
     0
 62
     7
420
 16777215
176
     0
 90
        1
176
     0
 90
        4
176
     0
 62
     7
176
     0
 62
   257
176
     0
 90
        1
176
     0
 90
        1
176
     0
 40
1.0
176
     0
 90
        8
176
     2
 62
     7
176
     0
 40
1.0
176
     0
 90
        1
176
     0
 90
        6
176
     0
 90
        2
176
     0
 62
     7
176
     0
 90
        5
176
     0
 90
        0
176
     0
 90
        0
176
     0
290
     0
176
     0
 90
        1
176
     0
 40
0.0
176
     0
 90
        0
176
     0
290
     0
176
     0
290
     1
176
     0
290
     1
176
     0
290
     0
176
     0
290
     0
176
     0
290
     0
176
     0
290
     0
176
     0
290
     0
176
     0
290
     0
176
     0
 90
       50
176
     0
 40
0.0
176
     0
 40
1.0
176
     0
 90
        0
176
     0
 62
    18
420
        0
176
     0
 90
       50
176
     0
 90
        3
176
     0
 62
     5
420
      255
176
     0
290
     0
176
     0
 90
       50
176
     0
 90
       50
176
     0
 90
       50
176
     0
290
     0
176
     0
 90
       50
176
     0
 62
   256
176
     0
 40
1.0
176
     0
 90
        2
176
     0
  1
strokes_ogs.tif
176
     0
290
     0
176
     0
 40
1.0
176
     0
 40
1.0
176
     0
  0
VISUALSTYLE
  5
219
102
{ACAD_REACTORS
330
2E
102
}
330
2E
100
AcDbVisualStyle
  2
Facepattern
 70
    15
177
     3
291
     1
 70
    58
 90
        2
176
     1
 90
        2
176
     1
 90
        0
176
     1
 90
        0
176
     1
 40
0.6
176
     1
 40
30.0
176
     1
 62
     7
420
 16777215
176
     1
 90
        1
176
     1
 90
        4
176
     1
 62
     7
176
     1
 62
   257
176
     1
 90
        1
176
     1
 90
        1
176
     1
 40
1.0
176
     1
 90
        8
176
     1
 62
     7
176
     1
 40
1.0
176
     1
 90
        1
176
     1
 90
        6
176
     1
 90
        2
176
     1
 62
     7
176
     1
 90
        5
176
     1
 90
        0
176
     1
 90
        0
176
     1
290
     0
176
     1
 90
        1
176
     1
 40
0.0
176
     1
 90
        0
176
     1
290
     0
176
     1
290
     1
176
     1
290
     1
176
     1
290
     0
176
     1
290
     0
176
     1
290
     0
176
     1
290
     0
176
     1
290
     0
176
     1
290
     0
176
     1
 90
       50
176
     1
 40
0.0
176
     1
 40
1.0
176
     1
 90
        0
176
     1
 62
    18
420
        0
176
     1
 90
       50
176
     1
 90
        3
176
     1
 62
     5
420
      255
176
     1
290
     0
176
     1
 90
       50
176
     1
 90
       50
176
     1
 90
       50
176
     1
290
     0
176
     1
 90
       50
176
     1
 62
   256
176
     0
 40
1.0
176
     0
 90
        2
176
     1
  1
strokes_ogs.tif
176
     1
290
     0
176
     1
 40
1.0
176
     1
 40
1.0
176
     1
  0
VISUALSTYLE
  5
20D
102
{ACAD_REACTORS
330
2E
102
}
330
2E
100
AcDbVisualStyle
  2
Flat
 70
     0
177
     3
291
     1
 70
    58
 90
        2
176
     1
 90
        1
176
     1
 90
        1
176
     1
 90
        2
176
     1
 40
0.6
176
     1
 40
30.0
176
     1
 62
     7
420
 16777215
176
     1
 90
        0
176
     1
 90
        0
176
     1
 62
     7
176
     1
 62
   257
176
     1
 90
        1
176
     1
 90
        1
176
     1
 40
1.0
176
     1
 90
        8
176
     1
 62
     7
176
     1
 40
1.0
176
     1
 90
        1
176
     1
 90
        6
176
     1
 90
        2
176
     1
 62
     7
176
     1
 90
        5
176
     1
 90
        0
176
     1
 90
        0
176
     1
290
     0
176
     1
 90
       13
176
     1
 40
0.0
176
     1
 90
        0
176
     1
290
     0
176
     1
290
     1
176
     1
290
     1
176
     1
290
     0
176
     1
290
     0
176
     1
290
     0
176
     1
290
     0
176
     1
290
     0
176
     1
290
     0
176
     1
 90
       50
176
     1
 40
0.0
176
     1
 40
1.0
176
     1
 90
        0
176
     1
 62
    18
420
        0
176
     1
 90
       50
176
     1
 90
        3
176
     1
 62
     5
420
      255
176
     1
290
     0
176
     1
 90
       50
176
     1
 90
       50
176
     1
 90
       50
176
     1
290
     0
176
     1
 90
       50
176
     1
 62
   256
176
     0
 40
1.0
176
     0
 90
        2
176
     1
  1
strokes_ogs.tif
176
     1
290
     0
176
     1
 40
1.0
176
     1
 40
1.0
176
     1
  0
VISUALSTYLE
  5
20E
102
{ACAD_REACTORS
330
2E
102
}
330
2E
100
AcDbVisualStyle
  2
FlatWithEdges
 70
     1
177
     3
291
     1
 70
    58
 90
        2
176
     1
 90
        1
176
     1
 90
        1
176
     1
 90
        2
176
     1
 40
0.6
176
     1
 40
30.0
176
     1
 62
     7
420
 16777215
176
     1
 90
        1
176
     1
 90
        0
176
     1
 62
     7
176
     1
 62
   257
176
     1
 90
        1
176
     1
 90
        1
176
     1
 40
1.0
176
     1
 90
        0
176
     1
 62
   257
176
     1
 40
1.0
176
     1
 90
        1
176
     1
 90
        6
176
     1
 90
        2
176
     1
 62
     7
176
     1
 90
        5
176
     1
 90
        0
176
     1
 90
        0
176
     1
290
     0
176
     1
 90
       13
176
     1
 40
0.0
176
     1
 90
        0
176
     1
290
     0
176
     1
290
     1
176
     1
290
     1
176
     1
290
     0
176
     1
290
     0
176
     1
290
     0
176
     1
290
     0
176
     1
290
     0
176
     1
290
     0
176
     1
 90
       50
176
     1
 40
0.0
176
     1
 40
1.0
176
     1
 90
        0
176
     1
 62
    18
420
        0
176
     1
 90
       50
176
     1
 90
        3
176
     1
 62
     5
420
      255
176
     1
290
     0
176
     1
 90
       50
176
     1
 90
       50
176
     1
 90
       50
176
     1
290
     0
176
     1
 90
       50
176
     1
 62
   256
176
     0
 40
1.0
176
     0
 90
        2
176
     1
  1
strokes_ogs.tif
176
     1
290
     0
176
     1
 40
1.0
176
     1
 40
1.0
176
     1
  0
VISUALSTYLE
  5
20F
102
{ACAD_REACTORS
330
2E
102
}
330
2E
100
AcDbVisualStyle
  2
Gouraud
 70
     2
177
     3
291
     1
 70
    58
 90
        2
176
     1
 90
        2
176
     1
 90
        1
176
     1
 90
        2
176
     1
 40
0.6
176
     1
 40
30.0
176
     1
 62
     7
420
 16777215
176
     1
 90
        0
176
     1
 90
        0
176
     1
 62
     7
176
     1
 62
   257
176
     1
 90
        1
176
     1
 90
        1
176
     1
 40
1.0
176
     1
 90
        0
176
     1
 62
     7
176
     1
 40
1.0
176
     1
 90
        1
176
     1
 90
        6
176
     1
 90
        2
176
     1
 62
     7
176
     1
 90
        5
176
     1
 90
        0
176
     1
 90
        0
176
     1
290
     0
176
     1
 90
       13
176
     1
 40
0.0
176
     1
 90
        0
176
     1
290
     0
176
     1
290
     1
176
     1
290
     1
176
     1
290
     0
176
     1
290
     0
176
     1
290
     0
176
     1
290
     0
176
     1
290
     0
176
     1
290
     0
176
     1
 90
       50
176
     1
 40
0.0
176
     1
 40
1.0
176
     1
 90
        0
176
     1
 62
    18
420
        0
176
     1
 90
       50
176
     1
 90
        3
176
     1
 62
     5
420
      255
176
     1
290
     0
176
     1
 90
       50
176
     1
 90
       50
176
     1
 90
       50
176
     1
290
     0
176
     1
 90
       50
176
     1
 62
   256
176
     0
 40
1.0
176
     0
 90
        2
176
     1
  1
strokes_ogs.tif
176
     1
290
     0
176
     1
 40
1.0
176
     1
 40
1.0
176
     1
  0
VISUALSTYLE
  5
210
102
{ACAD_REACTORS
330
2E
102
}
330
2E
100
AcDbVisualStyle
  2
GouraudWithEdges
 70
     3
177
     3
291
     1
 70
    58
 90
        2
176
     1
 90
        2
176
     1
 90
        1
176
     1
 90
        2
176
     1
 40
0.6
176
     1
 40
30.0
176
     1
 62
     7
420
 16777215
176
     1
 90
        1
176
     1
 90
        0
176
     1
 62
     7
176
     1
 62
   257
176
     1
 90
        1
176
     1
 90
        1
176
     1
 40
1.0
176
     1
 90
        0
176
     1
 62
   257
176
     1
 40
1.0
176
     1
 90
        1
176
     1
 90
        6
176
     1
 90
        2
176
     1
 62
     7
176
     1
 90
        5
176
     1
 90
        0
176
     1
 90
        0
176
     1
290
     0
176
     1
 90
       13
176
     1
 40
0.0
176
     1
 90
        0
176
     1
290
     0
176
     1
290
     1
176
     1
290
     1
176
     1
290
     0
176
     1
290
     0
176
     1
290
     0
176
     1
290
     0
176
     1
290
     0
176
     1
290
     0
176
     1
 90
       50
176
     1
 40
0.0
176
     1
 40
1.0
176
     1
 90
        0
176
     1
 62
    18
420
        0
176
     1
 90
       50
176
     1
 90
        3
176
     1
 62
     5
420
      255
176
     1
290
     0
176
     1
 90
       50
176
     1
 90
       50
176
     1
 90
       50
176
     1
290
     0
176
     1
 90
       50
176
     1
 62
   256
176
     0
 40
1.0
176
     0
 90
        2
176
     1
  1
strokes_ogs.tif
176
     1
290
     0
176
     1
 40
1.0
176
     1
 40
1.0
176
     1
  0
VISUALSTYLE
  5
213
102
{ACAD_REACTORS
330
2E
102
}
330
2E
100
AcDbVisualStyle
  2
Hidden
 70
     6
177
     3
291
     0
 70
    58
 90
        1
176
     1
 90
        2
176
     1
 90
        2
176
     1
 90
        0
176
     1
 40
0.6
176
     1
 40
30.0
176
     1
 62
     7
420
 16777215
176
     1
 90
        2
176
     1
 90
        2
176
     1
 62
     7
176
     1
 62
   257
176
     1
 90
        2
176
     1
 90
        1
176
     1
 40
40.0
176
     1
 90
        0
176
     1
 62
   257
176
     1
 40
1.0
176
     1
 90
        1
176
     1
 90
        6
176
     1
 90
        2
176
     1
 62
     7
176
     1
 90
        3
176
     1
 90
        0
176
     1
 90
        0
176
     1
290
     0
176
     1
 90
        1
176
     1
 40
0.0
176
     1
 90
        0
176
     1
290
     0
176
     1
290
     1
176
     1
290
     1
176
     1
290
     0
176
     1
290
     0
176
     1
290
     0
176
     1
290
     0
176
     1
290
     0
176
     1
290
     0
176
     1
 90
       50
176
     1
 40
0.0
176
     1
 40
1.0
176
     1
 90
        0
176
     1
 62
    18
420
        0
176
     1
 90
       50
176
     1
 90
        3
176
     1
 62
     5
420
      255
176
     1
290
     0
176
     1
 90
       50
176
     1
 90
       50
176
     1
 90
       50
176
     1
290
     0
176
     1
 90
       50
176
     1
 62
   256
176
     0
 40
1.0
176
     0
 90
        2
176
     1
  1
strokes_ogs.tif
176
     1
290
     0
176
     1
 40
1.0
176
     1
 40
1.0
176
     1
  0
VISUALSTYLE
  5
220
102
{ACAD_REACTORS
330
2E
102
}
330
2E
100
AcDbVisualStyle
  2
JitterOff
 70
    20
177
     3
291
     1
 70
    58
 90
        2
176
     0
 90
        2
176
     0
 90
        0
176
     0
 90
        0
176
     0
 40
0.6
176
     0
 40
30.0
176
     0
 62
     7
420
 16777215
176
     0
 90
        1
176
     0
 90
        4
176
     0
 62
     7
176
     0
 62
   257
176
     0
 90
        1
176
     0
 90
        1
176
     0
 40
1.0
176
     0
 90
       10
176
     2
 62
     7
176
     0
 40
1.0
176
     0
 90
        1
176
     0
 90
        6
176
     0
 90
        2
176
     0
 62
     7
176
     0
 90
        5
176
     0
 90
        0
176
     0
 90
        0
176
     0
290
     0
176
     0
 90
        1
176
     0
 40
0.0
176
     0
 90
        0
176
     0
290
     0
176
     0
290
     1
176
     0
290
     1
176
     0
290
     0
176
     0
290
     0
176
     0
290
     0
176
     0
290
     0
176
     0
290
     0
176
     0
290
     0
176
     0
 90
       50
176
     0
 40
0.0
176
     0
 40
1.0
176
     0
 90
        0
176
     0
 62
    18
420
        0
176
     0
 90
       50
176
     0
 90
        3
176
     0
 62
     5
420
      255
176
     0
290
     0
176
     0
 90
       50
176
     0
 90
       50
176
     0
 90
       50
176
     0
290
     0
176
     0
 90
       50
176
     0
 62
   256
176
     0
 40
1.0
176
     0
 90
        2
176
     0
  1
strokes_ogs.tif
176
     0
290
     0
176
     0
 40
1.0
176
     0
 40
1.0
176
     0
  0
VISUALSTYLE
  5
218
102
{ACAD_REACTORS
330
2E
102
}
330
2E
100
AcDbVisualStyle
  2
Linepattern
 70
    14
177
     3
291
     1
 70
    58
 90
        2
176
     1
 90
        2
176
     1
 90
        0
176
     1
 90
        0
176
     1
 40
0.6
176
     1
 40
30.0
176
     1
 62
     7
420
 16777215
176
     1
 90
        1
176
     1
 90
        4
176
     1
 62
     7
176
     1
 62
   257
176
     1
 90
        7
176
     1
 90
        7
176
     1
 40
1.0
176
     1
 90
        8
176
     1
 62
     7
176
     1
 40
1.0
176
     1
 90
        1
176
     1
 90
        6
176
     1
 90
        2
176
     1
 62
     7
176
     1
 90
        5
176
     1
 90
        0
176
     1
 90
        0
176
     1
290
     0
176
     1
 90
        1
176
     1
 40
0.0
176
     1
 90
        0
176
     1
290
     0
176
     1
290
     1
176
     1
290
     1
176
     1
290
     0
176
     1
290
     0
176
     1
290
     0
176
     1
290
     0
176
     1
290
     0
176
     1
290
     0
176
     1
 90
       50
176
     1
 40
0.0
176
     1
 40
1.0
176
     1
 90
        0
176
     1
 62
    18
420
        0
176
     1
 90
       50
176
     1
 90
        3
176
     1
 62
     5
420
      255
176
     1
290
     0
176
     1
 90
       50
176
     1
 90
       50
176
     1
 90
       50
176
     1
290
     0
176
     1
 90
       50
176
     1
 62
   256
176
     0
 40
1.0
176
     0
 90
        2
176
     1
  1
strokes_ogs.tif
176
     1
290
     0
176
     1
 40
1.0
176
     1
 40
1.0
176
     1
  0
VISUALSTYLE
  5
221
102
{ACAD_REACTORS
330
2E
102
}
330
2E
100
AcDbVisualStyle
  2
OverhangOff
 70
    21
177
     3
291
     1
 70
    58
 90
        2
176
     0
 90
        2
176
     0
 90
        0
176
     0
 90
        0
176
     0
 40
0.6
176
     0
 40
30.0
176
     0
 62
     7
420
 16777215
176
     0
 90
        1
176
     0
 90
        4
176
     0
 62
     7
176
     0
 62
   257
176
     0
 90
        1
176
     0
 90
        1
176
     0
 40
1.0
176
     0
 90
        9
176
     2
 62
     7
176
     0
 40
1.0
176
     0
 90
        1
176
     0
 90
        6
176
     0
 90
        2
176
     0
 62
     7
176
     0
 90
        5
176
     0
 90
        0
176
     0
 90
        0
176
     0
290
     0
176
     0
 90
        1
176
     0
 40
0.0
176
     0
 90
        0
176
     0
290
     0
176
     0
290
     1
176
     0
290
     1
176
     0
290
     0
176
     0
290
     0
176
     0
290
     0
176
     0
290
     0
176
     0
290
     0
176
     0
290
     0
176
     0
 90
       50
176
     0
 40
0.0
176
     0
 40
1.0
176
     0
 90
        0
176
     0
 62
    18
420
        0
176
     0
 90
       50
176
     0
 90
        3
176
     0
 62
     5
420
      255
176
     0
290
     0
176
     0
 90
       50
176
     0
 90
       50
176
     0
 90
       50
176
     0
290
     0
176
     0
 90
       50
176
     0
 62
   256
176
     0
 40
1.0
176
     0
 90
        2
176
     0
  1
strokes_ogs.tif
176
     0
290
     0
176
     0
 40
1.0
176
     0
 40
1.0
176
     0
  0
VISUALSTYLE
  5
7B
102
{ACAD_REACTORS
330
2E
102
}
330
2E
100
AcDbVisualStyle
  2
Realistic
 70
     8
177
     3
291
     0
 70
    58
 90
        2
176
     1
 90
        2
176
     1
 90
        1
176
     1
 90
        0
176
     1
 40
0.6
176
     1
 40
30.0
176
     1
 62
     7
176
     1
 90
        1
176
     1
 90
        0
176
     1
 62
     7
176
     1
 62
   257
176
     1
 90
        1
176
     1
 90
        1
176
     1
 40
1.0
176
     1
 90
        8
176
     1
 62
     8
176
     1
 40
1.0
176
     1
 90
        1
176
     1
 90
        6
176
     1
 90
        2
176
     1
 62
     7
176
     1
 90
        5
176
     1
 90
        0
176
     1
 90
        0
176
     1
290
     0
176
     1
 90
       13
176
     1
 40
0.0
176
     1
 90
        0
176
     1
290
     0
176
     1
290
     1
176
     1
290
     1
176
     1
290
     0
176
     1
290
     0
176
     1
290
     0
176
     1
290
     0
176
     1
290
     0
176
     1
290
     0
176
     1
 90
       50
176
     1
 40
0.0
176
     1
 40
1.0
176
     1
 90
        0
176
     1
 62
    18
420
        0
176
     1
 90
       50
176
     1
 90
        3
176
     1
 62
     5
420
      255
176
     1
290
     0
176
     1
 90
       50
176
     1
 90
       50
176
     1
 90
       50
176
     1
290
     0
176
     1
 90
       50
176
     1
 62
   256
176
     0
 40
1.0
176
     0
 90
        2
176
     1
  1
strokes_ogs.tif
176
     1
290
     0
176
     1
 40
1.0
176
     1
 40
1.0
176
     1
  0
VISUALSTYLE
  5
21F
102
{ACAD_REACTORS
330
2E
102
}
330
2E
100
AcDbVisualStyle
  2
Shaded
 70
    27
177
     3
291
     0
 70
    58
 90
        2
176
     1
 90
        2
176
     1
 90
        1
176
     1
 90
        2
176
     1
 40
0.6
176
     1
 40
30.0
176
     1
 62
     7
420
 16777215
176
     1
 90
        0
176
     1
 90
        4
176
     1
 62
     7
176
     1
 62
   257
176
     1
 90
        1
176
     1
 90
        1
176
     1
 40
1.0
176
     1
 90
        8
176
     1
 62
   257
176
     1
 40
1.0
176
     1
 90
        1
176
     1
 90
        6
176
     1
 90
        2
176
     1
 62
     8
420
  7895160
176
     1
 90
        3
176
     1
 90
        0
176
     1
 90
        0
176
     1
290
     0
176
     1
 90
        5
176
     1
 40
0.0
176
     1
 90
        0
176
     1
290
     0
176
     1
290
     1
176
     1
290
     1
176
     1
290
     0
176
     1
290
     0
176
     1
290
     0
176
     1
290
     0
176
     1
290
     0
176
     1
290
     0
176
     1
 90
       50
176
     1
 40
0.0
176
     1
 40
1.0
176
     1
 90
        0
176
     1
 62
    18
420
        0
176
     1
 90
       50
176
     1
 90
        3
176
     1
 62
     5
420
      255
176
     1
290
     0
176
     1
 90
       50
176
     1
 90
       50
176
     1
 90
       50
176
     1
290
     0
176
     1
 90
       50
176
     1
 62
   256
176
     0
 40
1.0
176
     0
 90
        2
176
     1
  1
strokes_ogs.tif
176
     1
290
     0
176
     1
 40
1.0
176
     1
 40
1.0
176
     1
  0
VISUALSTYLE
  5
21E
102
{ACAD_REACTORS
330
2E
102
}
330
2E
100
AcDbVisualStyle
  2
Shaded with edges
 70
    26
177
     3
291
     0
 70
    58
 90
        2
176
     1
 90
        2
176
     1
 90
        1
176
     1
 90
        2
176
     1
 40
0.6
176
     1
 40
30.0
176
     1
 62
     7
420
 16777215
176
     1
 90
        1
176
     1
 90
        2
176
     1
 62
     7
176
     1
 62
   257
176
     1
 90
        2
176
     1
 90
        1
176
     1
 40
1.0
176
     1
 90
        8
176
     1
 62
   257
176
     1
 40
1.0
176
     1
 90
        1
176
     1
 90
        6
176
     1
 90
        2
176
     1
 62
     7
176
     1
 90
        3
176
     1
 90
        0
176
     1
 90
        0
176
     1
290
     0
176
     1
 90
        5
176
     1
 40
0.0
176
     1
 90
        0
176
     1
290
     0
176
     1
290
     1
176
     1
290
     1
176
     1
290
     0
176
     1
290
     0
176
     1
290
     0
176
     1
290
     0
176
     1
290
     0
176
     1
290
     0
176
     1
 90
       50
176
     1
 40
0.0
176
     1
 40
1.0
176
     1
 90
        0
176
     1
 62
    18
420
        0
176
     1
 90
       50
176
     1
 90
        3
176
     1
 62
     5
420
      255
176
     1
290
     0
176
     1
 90
       50
176
     1
 90
       50
176
     1
 90
       50
176
     1
290
     0
176
     1
 90
       50
176
     1
 62
   256
176
     0
 40
1.0
176
     0
 90
        2
176
     1
  1
strokes_ogs.tif
176
     1
290
     0
176
     1
 40
1.0
176
     1
 40
1.0
176
     1
  0
VISUALSTYLE
  5
21B
102
{ACAD_REACTORS
330
2E
102
}
330
2E
100
AcDbVisualStyle
  2
Shades of Gray
 70
    23
177
     3
291
     0
 70
    58
 90
        2
176
     1
 90
        2
176
     1
 90
        3
176
     1
 90
        0
176
     1
 40
0.6
176
     1
 40
30.0
176
     1
 62
     7
420
 16777215
176
     1
 90
        2
176
     1
 90
        2
176
     1
 62
     7
176
     1
 62
     7
176
     1
 90
        1
176
     1
 90
        1
176
     1
 40
40.0
176
     1
 90
        8
176
     1
 62
     7
176
     1
 40
1.0
176
     1
 90
        1
176
     1
 90
        6
176
     1
 90
        2
176
     1
 62
     7
176
     1
 90
        3
176
     1
 90
        0
176
     1
 90
        0
176
     1
290
     0
176
     1
 90
        1
176
     1
 40
0.0
176
     1
 90
        0
176
     1
290
     0
176
     1
290
     1
176
     1
290
     1
176
     1
290
     0
176
     1
290
     0
176
     1
290
     0
176
     1
290
     0
176
     1
290
     0
176
     1
290
     0
176
     1
 90
       50
176
     1
 40
0.0
176
     1
 40
1.0
176
     1
 90
        0
176
     1
 62
    18
420
        0
176
     1
 90
       50
176
     1
 90
        3
176
     1
 62
     5
420
      255
176
     1
290
     0
176
     1
 90
       50
176
     1
 90
       50
176
     1
 90
       50
176
     1
290
     0
176
     1
 90
       50
176
     1
 62
   256
176
     0
 40
1.0
176
     0
 90
        2
176
     1
  1
strokes_ogs.tif
176
     1
290
     0
176
     1
 40
1.0
176
     1
 40
1.0
176
     1
  0
VISUALSTYLE
  5
21C
102
{ACAD_REACTORS
330
2E
102
}
330
2E
100
AcDbVisualStyle
  2
Sketchy
 70
    24
177
     3
291
     0
 70
    58
 90
        1
176
     1
 90
        2
176
     1
 90
        2
176
     1
 90
        0
176
     1
 40
0.6
176
     1
 40
30.0
176
     1
 62
     7
420
 16777215
176
     1
 90
        2
176
     1
 90
        2
176
     1
 62
     7
176
     1
 62
     7
176
     1
 90
        1
176
     1
 90
        1
176
     1
 40
40.0
176
     1
 90
       11
176
     1
 62
     7
176
     1
 40
1.0
176
     1
 90
        1
176
     1
 90
        6
176
     1
 90
        2
176
     1
 62
     7
176
     1
 90
        6
176
     1
 90
        0
176
     1
 90
        0
176
     1
290
     0
176
     1
 90
        1
176
     1
 40
0.0
176
     1
 90
        0
176
     1
290
     0
176
     1
290
     1
176
     1
290
     1
176
     1
290
     0
176
     1
290
     0
176
     1
290
     0
176
     1
290
     0
176
     1
290
     0
176
     1
290
     0
176
     1
 90
       50
176
     1
 40
0.0
176
     1
 40
1.0
176
     1
 90
        0
176
     1
 62
    18
420
        0
176
     1
 90
       50
176
     1
 90
        3
176
     1
 62
     5
420
      255
176
     1
290
     0
176
     1
 90
       50
176
     1
 90
       50
176
     1
 90
       50
176
     1
290
     0
176
     1
 90
       50
176
     1
 62
   256
176
     0
 40
1.0
176
     0
 90
        2
176
     1
  1
strokes_ogs.tif
176
     1
290
     0
176
     1
 40
1.0
176
     1
 40
1.0
176
     1
  0
VISUALSTYLE
  5
217
102
{ACAD_REACTORS
330
2E
102
}
330
2E
100
AcDbVisualStyle
  2
Thicken
 70
    13
177
     3
291
     1
 70
    58
 90
        2
176
     1
 90
        2
176
     1
 90
        0
176
     1
 90
        0
176
     1
 40
0.6
176
     1
 40
30.0
176
     1
 62
     7
420
 16777215
176
     1
 90
        1
176
     1
 90
        4
176
     1
 62
     7
176
     1
 62
   257
176
     1
 90
        1
176
     1
 90
        1
176
     1
 40
1.0
176
     1
 90
       12
176
     1
 62
     7
176
     1
 40
1.0
176
     1
 90
        1
176
     1
 90
        6
176
     1
 90
        2
176
     1
 62
     7
176
     1
 90
        5
176
     1
 90
        0
176
     1
 90
        0
176
     1
290
     0
176
     1
 90
        1
176
     1
 40
0.0
176
     1
 90
        0
176
     1
290
     0
176
     1
290
     1
176
     1
290
     1
176
     1
290
     0
176
     1
290
     0
176
     1
290
     0
176
     1
290
     0
176
     1
290
     0
176
     1
290
     0
176
     1
 90
       50
176
     1
 40
0.0
176
     1
 40
1.0
176
     1
 90
        0
176
     1
 62
    18
420
        0
176
     1
 90
       50
176
     1
 90
        3
176
     1
 62
     5
420
      255
176
     1
290
     0
176
     1
 90
       50
176
     1
 90
       50
176
     1
 90
       50
176
     1
290
     0
176
     1
 90
       50
176
     1
 62
   256
176
     0
 40
1.0
176
     0
 90
        2
176
     1
  1
strokes_ogs.tif
176
     1
290
     0
176
     1
 40
1.0
176
     1
 40
1.0
176
     1
  0
VISUALSTYLE
  5
212
102
{ACAD_REACTORS
330
2E
102
}
330
2E
100
AcDbVisualStyle
  2
Wireframe
 70
     5
177
     3
291
     0
 70
    58
 90
        0
176
     1
 90
        2
176
     1
 90
        0
176
     1
 90
        0
176
     1
 40
0.6
176
     1
 40
30.0
176
     1
 62
     7
420
 16777215
176
     1
 90
        1
176
     1
 90
        4
176
     1
 62
     7
176
     1
 62
   257
176
     1
 90
        1
176
     1
 90
        1
176
     1
 40
1.0
176
     1
 90
        0
176
     1
 62
   257
176
     1
 40
1.0
176
     1
 90
        1
176
     1
 90
        6
176
     1
 90
        2
176
     1
 62
     7
176
     1
 90
        3
176
     1
 90
        0
176
     1
 90
        0
176
     1
290
     0
176
     1
 90
        1
176
     1
 40
0.0
176
     1
 90
        0
176
     1
290
     0
176
     1
290
     1
176
     1
290
     1
176
     1
290
     0
176
     1
290
     0
176
     1
290
     0
176
     1
290
     0
176
     1
290
     0
176
     1
290
     0
176
     1
 90
       50
176
     1
 40
0.0
176
     1
 40
1.0
176
     1
 90
        0
176
     1
 62
    18
420
        0
176
     1
 90
       50
176
     1
 90
        3
176
     1
 62
     5
420
      255
176
     1
290
     0
176
     1
 90
       50
176
     1
 90
       50
176
     1
 90
       50
176
     1
290
     0
176
     1
 90
       50
176
     1
 62
   256
176
     0
 40
1.0
176
     0
 90
        2
176
     1
  1
strokes_ogs.tif
176
     1
290
     0
176
     1
 40
1.0
176
     1
 40
1.0
176
     1
  0
VISUALSTYLE
  5
21D
102
{ACAD_REACTORS
330
2E
102
}
330
2E
100
AcDbVisualStyle
  2
X-Ray
 70
    25
177
     3
291
     0
 70
    58
 90
        2
176
     1
 90
        2
176
     1
 90
        1
176
     1
 90
        1
176
     1
 40
0.5
176
     1
 40
30.0
176
     1
 62
     7
420
 16777215
176
     1
 90
        1
176
     1
 90
        0
176
     1
 62
     7
176
     1
 62
   257
176
     1
 90
        1
176
     1
 90
        1
176
     1
 40
1.0
176
     1
 90
        8
176
     1
 62
     7
176
     1
 40
1.0
176
     1
 90
        1
176
     1
 90
        6
176
     1
 90
        2
176
     1
 62
     7
176
     1
 90
        3
176
     1
 90
        0
176
     1
 90
        0
176
     1
290
     0
176
     1
 90
       13
176
     1
 40
0.0
176
     1
 90
        0
176
     1
290
     0
176
     1
290
     1
176
     1
290
     1
176
     1
290
     0
176
     1
290
     0
176
     1
290
     0
176
     1
290
     0
176
     1
290
     0
176
     1
290
     0
176
     1
 90
       50
176
     1
 40
0.0
176
     1
 40
1.0
176
     1
 90
        0
176
     1
 62
    18
420
        0
176
     1
 90
       50
176
     1
 90
        3
176
     1
 62
     5
420
      255
176
     1
290
     0
176
     1
 90
       50
176
     1
 90
       50
176
     1
 90
       50
176
     1
290
     0
176
     1
 90
       50
176
     1
 62
   256
176
     0
 40
1.0
176
     0
 90
        2
176
     1
  1
strokes_ogs.tif
176
     1
290
     0
176
     1
 40
1.0
176
     1
 40
1.0
176
     1
  0
DICTIONARYVAR
  5
5E
102
{ACAD_REACTORS
330
5D
102
}
330
5D
100
DictionaryVariables
280
     0
  1
100.000000
  0
DICTIONARYVAR
  5
5F
102
{ACAD_REACTORS
330
5D
102
}
330
5D
100
DictionaryVariables
280
     0
  1
1
  0
DICTIONARYVAR
  5
60
102
{ACAD_REACTORS
330
5D
102
}
330
5D
100
DictionaryVariables
280
     0
  1
1:1
  0
DICTIONARYVAR
  5
61
102
{ACAD_REACTORS
330
5D
102
}
330
5D
100
DictionaryVariables
280
     0
  1
0
  0
DICTIONARYVAR
  5
62
102
{ACAD_REACTORS
330
5D
102
}
330
5D
100
DictionaryVariables
280
     0
  1
Standard
  0
DICTIONARYVAR
  5
63
102
{ACAD_REACTORS
330
5D
102
}
330
5D
100
DictionaryVariables
280
     0
  1
Standard
  0
DICTIONARYVAR
  5
64
102
{ACAD_REACTORS
330
5D
102
}
330
5D
100
DictionaryVariables
280
     0
  1
Imperial24
  0
DICTIONARYVAR
  5
65
102
{ACAD_REACTORS
330
5D
102
}
330
5D
100
DictionaryVariables
280
     0
  1
Imperial24
  0
DICTIONARYVAR
  5
66
102
{ACAD_REACTORS
330
5D
102
}
330
5D
100
DictionaryVariables
280
     0
  1
0
  0
DICTIONARYVAR
  5
67
102
{ACAD_REACTORS
330
5D
102
}
330
5D
100
DictionaryVariables
280
     0
  1
1
  0
DICTIONARYVAR
  5
68
102
{ACAD_REACTORS
330
5D
102
}
330
5D
100
DictionaryVariables
280
     0
  1
1
  0
DICTIONARYVAR
  5
69
102
{ACAD_REACTORS
330
5D
102
}
330
5D
100
DictionaryVariables
280
     0
  1
0
  0
DICTIONARYVAR
  5
6A
102
{ACAD_REACTORS
330
5D
102
}
330
5D
100
DictionaryVariables
280
     0
  1
8
  0
DICTIONARYVAR
  5
6B
102
{ACAD_REACTORS
330
5D
102
}
330
5D
100
DictionaryVariables
280
     0
  1
0
  0
DICTIONARYVAR
  5
6C
102
{ACAD_REACTORS
330
5D
102
}
330
5D
100
DictionaryVariables
280
     0
  1
2d tarama cephe
  0
DICTIONARYVAR
  5
6D
102
{ACAD_REACTORS
330
5D
102
}
330
5D
100
DictionaryVariables
280
     0
  1
14
  0
DICTIONARYVAR
  5
6E
102
{ACAD_REACTORS
330
5D
102
}
330
5D
100
DictionaryVariables
280
     0
  1
0
  0
DICTIONARYVAR
  5
6F
102
{ACAD_REACTORS
330
5D
102
}
330
5D
100
DictionaryVariables
280
     0
  1
1
  0
DICTIONARYVAR
  5
70
102
{ACAD_REACTORS
330
5D
102
}
330
5D
100
DictionaryVariables
280
     0
  1
15
  0
DICTIONARYVAR
  5
71
102
{ACAD_REACTORS
330
5D
102
}
330
5D
100
DictionaryVariables
280
     0
  1
0
  0
DICTIONARYVAR
  5
72
102
{ACAD_REACTORS
330
5D
102
}
330
5D
100
DictionaryVariables
280
     0
  1
1.000000
  0
DICTIONARYVAR
  5
73
102
{ACAD_REACTORS
330
5D
102
}
330
5D
100
DictionaryVariables
280
     0
  1
0
  0
DICTIONARYVAR
  5
74
102
{ACAD_REACTORS
330
5D
102
}
330
5D
100
DictionaryVariables
280
     0
  1
2
  0
DICTIONARYVAR
  5
75
102
{ACAD_REACTORS
330
5D
102
}
330
5D
100
DictionaryVariables
280
     0
  1
1
  0
DICTIONARYVAR
  5
76
102
{ACAD_REACTORS
330
5D
102
}
330
5D
100
DictionaryVariables
280
     0
  1
0
  0
DICTIONARYVAR
  5
77
102
{ACAD_REACTORS
330
5D
102
}
330
5D
100
DictionaryVariables
280
     0
  1
127
  0
DICTIONARY
  5
15
330
13
100
AcDbDictionary
280
     1
281
     1
  0
DICTIONARY
  5
F
330
D
100
AcDbDictionary
280
     1
281
     1
  3
FBXASSET
360
10
  0
DICTIONARY
  5
252
330
79
100
AcDbDictionary
280
     1
281
     1
  3
ACAD_ROUNDTRIP_2008_TABLESTYLE_CELLSTYLEMAP
360
253
  0
XRECORD
  5
10
102
{ACAD_REACTORS
330
F
102
}
330
F
100
AcDbXrecord
280
     1
 70
     1
 90
2070111275
 71
     1
  1
29BF5506-56D1-465C-BE2E-B1CBB6F7B864
311
504B0304140006080800135536532060AF23D7000000200100004F00000042354445303145422D353739322D343842372D413834452D4444373342354433333341452F4173736574446174612F446566696E6974696F6E4974657261746F7250726F706572746965732E62696E454E4D4FC3300C0D1C401C38F00F26EE21FD
311
4ADA214D685E324E5CD80F98BC62BA4A693B2DADB872E45F832336CDD2B39F3F9F7F8410BF27632AAE18DFECEF39BE524FC7B6DED47BEA50DCC48A1F76E86F2FBD6BA631B5F489931FE3D65B1B6AF21E7B1AA6F070199D7538F239F44F71E98E712E8478A1F9178BFA5F8CF8528CF871787EC110685C28D0D625A903A9CB79
311
268B0A4AB9AC0A27AD2D73EEE579BE74EA9DC2301D6B0A2A9BC35AEBC4486D6C2A0BA357125CE624A42B00B32EA132851AF753B7EBB1F52A51A717B687BE99A16F312C1E9B3F504B030414000608080013553653C9DB5DBC28010000300200004500000042354445303145422D353739322D343842372D413834452D444437
311
3342354433333341452F4173736574446174612F496E7374616E636550726F706572746965732E62696EEB606060F80F0540260323103700495E20ED9E9A975A94991C9C9C919A9BA8021430B2747233353530D335357331D435313375D675723572D5753274767232733377B23033614768046931363471713532B5D43535
311
3131066A3132D475727372D13534373670367376B67474B5042A03DBCBA019D37FE8ABC6157B20CD04146B0062181F4C03F940F0C11EA29A8141C08141002C0426541C106CAC2CA046088033B02A030AC2157C6006F21A8018AAF50194E6010A610250382264E08660284CD9E98021862280A91564B406929A0FF62C401E28
311
B6F88038B83CB1243943D7A928312F2535052493C950C590CA90CF50CC60C050066465301832C400C503BCBFCD1100062EDB0AC9CB0CD260AF0145817E2CE2980B120FE8FC0A96070B028903ED50F1995FC0E200504B03041400060808001355365388E57597CD3F0000904100006B00000042354445303145422D35373932
311
2D343842372D413834452D4444373342354433333341452F5265736F75726365732F32394246353530362D353644312D343635432D424532452D4231434242364637423836342F7468756D626E61696C2F302F67656E657269635F706E67355B773CD4FF1FBF73E71C0E67EF7576C9DEF3EC995D46C6A1EC5046649CBDF79E
311
192942562825CE965D8A868C2842C8DE9FDFD1F7E7F138F7078FCF6B3F5FCFD7EBFDFEC41B196891913091804020321D6D7513FC77D8C5070EC3FFEE51B21F068154CC75D455CC028A3EA68992803810109FDDE5D5CEC5521B28A1B422BF80741695D5B529DA1C2D058AD2388BDA9F476F7C2CADC939304173DBF48A452BF8
311
A700C0C70C3D121C1AA15A5270C22E2B9E28763651F7DA0D12CE11077B2ECD0D560B5E3DE2368B1E65C5E1C87384A4CC5F2D9FB8BE39E9B77C753783A37998F5CEF1B4FEE553463245C9712270880DF339E0B882A6BA713D865F6F384C842D440934EF264F4A304F8DE4EEFA1E2BF5E2D91F5ADD9613D6E31DDB33ED31DB1D
311
7916CAF091286EA3D31B9CFECB78BB0060245B943C4C040119FF780A74DD308BA9D028678674EB5504ECF284EE814DAED07440BAF649BE4B55DA2890F4D73E2D489A59EE54FDB0A85B59F2F52C4858A02705C4815A792B0C4A996A2023ECB195073E115E3E3647F64243A8338F2000BCB58DA5692C7E7C3D413F963FEDF3CF
311
00FBB0F831A9D51360FECA43819F527B89FA260EB63C5DA676830AA3626A3693B23F1A17A0DFFCE3EE164E31B5365EDF0C89EF64D8E38AB0BA9A1117D7C3A0EC44F44F4023095E80BA610DE336D0F99593A88BFC5306E72DF98F7FD132ED95878DF2964EA7E43071359FD83B2BDF9C6B5BDF768F0F3C0FC351199526F53D94
311
60A34511F75D1B63E488178569472C91A94497807A3FD4A390C6558F26D416365C3656DE6E769DA9D8FC73774E1709812842DD8EF96AED1960F79D21B395CDDFE6F92CB4EB962A4668C76990E2EF29798C8941D67DA50F4A5F947872460F1F6FDB794E8A29FD7AC0C0D6E0714339CE258FB17AE8535221E3464A10F29A0BE5
311
EEECEFC5675926A89F49EB14E5711894F6586DB5754EB4D5DA9C6437EBA57DB97A24F8B8A8DB295FFD73266CF57E82694DF5166DDF93573AFE9C9C5EB05F8FEF8E89E0A8917B0B3724DB7BEBB53252581EFC3E38166BA131A3A5B42FE2AD00A769BBFA4458D2DE7822F8C4F63D0B8E21B285AE13325F3410A435C648C9D91F
311
DEB109E73CEDA7BC796961AF79175E1A3CE4C5E8B0D009B0C9E29EFD98BC8E97554E3D8D838424E270F7685226E5AC268E021EDE3522D583E8F20C0BDE2959EF5BBFEEDAB32FE9A3ED0E39F211A86AA9DEBFC68182EDED132AB8BB794442D2D7EA9F4D8BFF52BC4D55BB165124EE90A42D101E67BBBB292FFB4F66DE5BF230
311
0E44546757DA7CEF8932BFC9F92A0707953491A55C5A5ACEDABD9FA1AEA01BAC3DC5A24E22E7C47213493996EFBC369D086ED9397C9BA6C7F9855C7BD5E15BFC8C53DB3D2A4C5901A57ACD2FBDF4D1676E95338B2C2BCE65FDA4C64F5FEFDC7D9CA5AA1FCF11E193F2FDABF0F4916BF13FB916A224380E6462A9815F2300DC
311
49CC4DF8D055CEF76462F4B7A7ACA7365C2707891370BC1D0AA6203C44CCAB47084FEC057F27FFCD57F89B8B9852459798A675C66BD7CE572CAF71FF7E6D7ECF7BF62CAB7B3F1107DCD04DC55A3F9961700286141C94A4F771FEB2BCDA2DDEE0CB0BAE402FF1DB0100F8E475DFFFC074DDB4498AB7D186A7654DDB1CB680D7
311
03D47CEB4E72F8CB13D86A4AA68116E26387B93FD6738779B34FEDB8E517EDF2BAF28D9BE93A1D3A164320E07D42E514725C29515FF361754213EDE06B079A2E99EB1CA82A02019EADEEB87B9AF005BD04BBCECB14AACD6B24EFBE482194A97DD32400685FF1FEF1544D1B14EFB1E7F08E6D2CD2AF52DE757F35F5E62332EE
311
88EA26417AD5C3E0E319D68F25414E6D672BD4522B278C57D18F0113921C71D96527E091F00CEB15AE23D24667369BD3CEFA10C7549D930890BA4366F4EBC55F01F746109F98ABCDD5A3EE06619C6AD78AB33E48E4C9BD21BF7478B385EC05C4F8987E2C1BFA0A60EBEDAA0AE0B015C2720ECE180FB6F2DEFBEB822D96338C
311
9B63822183BBF52FB664A7AE57003AABCE512BF77E7E31BDA2E739AC4C131657DDFE5225E900FB56CC01CDE808FA4A9C9DA16AC679656BB64796283D89812B8F91136AE18EE5EBBAF47A73BE3C153EB5D4CD491B4BFB4FE690A4CF9ABA08C0D8AA64220C438C96EA6CA80B58FE5761E697B3A292EB9FBDA502FA863E49FE69
311
4ADDFFF9D62C520BDD1A22014147A0903A05B9B729F54272EF83931FEEC057BFF8C8055C279EAC5C0011804828734024F6CFA319C9CC6867C727184465CD9BB7ED386AFFD96B294A85E3802FAE47244602D8273615952B98C4F23F7EAE4463D9D638EEE374A20959E0FE519C4CFB0FBFE5DD80C2AA3F9DB961D1BDE57E67C9
311
BB47B77FDD74EE3094F5DBBE3EBC1FBDB7393F5116263009E2EFE1AF9A221B2AE234C902BF70E9F280ED23E73908361565964333A3F01D0B006AF32FB21AA1316744B489D5A198E85299241735BE559675130955C902A8ED761FC0DBE337A9F91919AF5CE32AF902ADF9AB2615E00E8A94586BA1A90839B61832FF1BFB76D2
311
EFADE6DB1BA04CCAD3DA649E7E2A0219F592E22F2AD54847EEA8E42271011E9074F8F3DD9FBA6CDF88FFC9FC7E811AD1CA8F4557CE4AFC7BBEDCF0114A48689F20A584520C74DA8127124B767E2FB91A6B186246727BE63C9445BAE02088D58B8EFDC0F1072407CD9B89A13F6303B4A928F593AD489B58E6869325790ADC40
311
6036C591729FE14021F94B7796BB11848D463536A092A26F077F94639F7CEEE2A724C66EC885F4A24F8B8A0AC321F8FD149BA529460FAA34E4663C02D41FDF80BCA222D42F0ABFF8490F4FA74C673807C2051D8E467B47B616072860069A9A303ABA9B319D58404461401B0A0F9BE5E1E151C14BC33B32ABE03DDE91708DFA
311
EB15E7C0D593C86BB7D7EC17BE56E57975F077BFD5525F3A1A361D584A75E08CF29FC7B44B2B3085014F3A5A14517377C3F6B8F37E59514C3B12F8AACDEDDA4DFC49BE5710101534CD6FB6DE15B50F11A09472AABA727F0C49D9CB906B158030065F48EB3625E010CEC1D511D0053474B11E6A4F01C0D6EF1BED3A944FDEC7
311
0E0DDCDC756C86545910E0DAE3BE3AA9A404574C2995CD5CAF9549226BC94B4F4F0F5F9086F418F6B32346464610D8BC7391D3C3A3CCF04CFC1FB2A3A3170E369511868F14EEA4E5E438CC73DB1F3248AA94B6B2FF33B222FF3D1E7BF146CAD229770158063BCE4F5391964DF62F7E52A7BE0EEA829C9E13C4C147D6F93FE5
311
9E111DAB5E4594D6F3CD1AD375EE039930EFE5AF2BB2D41C83C7DABD8C659BAFBE8FAB392CA634F3D15C1D945DB4588D2B0824A4EC928AAC565557CA2F0DAA588CA5BE30B3A8004F7BF005E96CBF891D7F18112A3619FDF530DC8AA64954258E1811789B5189B49B4EB53F5F89F7D37523894F3EB57B373763C91E502F52CC
311
99EB7BDDF933FC324C4FFC2561DFFA7339FAFDD0A4BFBE6D3A8FF9ED1FC49898139864602458968913181918F719CCF5A68B2EE9C1FF050E34E63107003B8120FA982C21B30A874E4F5E4B38D5A8290C4B8D9BE48A0BE31EA995BDC37AC6DE90BA17D259DEF53605D55922FEB1855D915B659FBEB350EE0DFB2F9F766E1C84
311
CC8964B75D08667445EAB966015F63A18A9E0A325C1B3DC628C0D3CB60F767FA93CC65F25458BD23C3B312716E5F40E5858AC06EBA9AB14F95DB99147B832069201541D09A0D856E12C629CF32683760EE855537D1901988D5EBC156676C7DD51D7207CF3267AF1D76C2AD867315E44618015313A98B19941C696FED3461CA
311
A9B5415F918556D7802EDACEFD6B2E45853A9735DFC9DBF7E440F9319F8B6805A973BCCDC76C069A9144E51F187EDCC12FC31B5DEAAF0A76137199B106EC84ADA6B6EE697D4E6A96E007417F4E880E8B1E89B4BCE9D81EF611E2ED8F0C1A6C25F620FAFAAB656A7C42D464880E8AFAB0E0FC8EA38CA9A8AEEAEE3E4648BA46
311
80270A89743CDD3E6C6CBF34B7B640EFA285ABC7EA0A1E28F3CC963D114A80123EE66D0AF7D5380EB41909B605AB4765B709B808590458157E69BA1378FEC4B48CAF6A730E3BE3C5EF2DD1A5EAF94B1DDE50CEB55DDFD7EE9A16747FA4B223359FB1FCC69E1194892BABB93A1D5C4E807AC0EA2E30180811E77A2291F6E7F7
311
FAA5E0F60215BC6024E48DE436C511F0628B8CA189982D4D83CCA17D305A7E923C37941CFDFDCD93ACAF735EF5F0E61BBD3E6C41A59B242790D3A3BAC7064DCD89AA2E37214EC839820949D5CAA31E240D2948E48F690298974A96BA9A8432BC90F5071D6537C9666EA4564796B7AFFFA548077BEEA75F63083435074BA182
311
F3699557397F71548383FDA8CA34D99B981E72835ECDA5DDDC151315173D05A21F651AAF8524E88209E2E7A737ED1045800CE3390050BCFB8BE588DF111617874C62575039CA588EEFDEFEFE319B739DE2EDC147092A262611E159650E787917885EF08F1F51B8F2D8A71D60B58B190FEF9541A1BE94BC19FEA50784DA1419
311
FE4B0FB51B8D36B5FF8E1286FD8AF42B91E59A5F1CC4D60174E764045FD8C57B18209B217F89A62252BD20BE0E63E12B8E8F029FE19E0E8D0870F58721A557082250D5424F7909369376E41666C0EE77CD87CB283F661D5FB6D0DA023CB67320A20DC7BE661E9E1BFE5463085C557DA1FF9BE835733766C3D139F2CF9E2208
311
873AD0EB4814DE9E6BF2CAF81614D4D43906ED1C05A3265CABBFE192770FC2F64F940CB6B17B5F166F133C9AEEAD2641807C3E69515171DD74C4A85311513D6EC9530B3B601B6BA3EBFF3B5C3D2F7D69765141E345F75433953D013ADDF8F6AA7DC3F4A7563FE5C7D367937E2900D7EAD0F9FC9A4A1A9B5BDF1FEF08532660
311
C01C5D6DE22199AA774383E306DAB87E301ABB7D213887F9869D4942D0D71E94B27EDF216A318BD488D45DF84529EF575AF3C3938C0AAA0215B01994153E2054A0B894DA5C784980633AAD48576957CF4AEAEAFADC7C587368551C73DBE1E57C58AC713303A8BFC258BD04B51724459FF9E24C03A81E0E0679CEB9B348C0DC
311
998FEB9C6D6EFA77D247CC8F92D3848599ED89A23218D0636465AD1CEEB7DC140D7426F83491C4E8E8281C2FB35240918FFECE880CA2A42D70E8B20B34DF5221C7DB0CF90ECCB9C745B37A47E9B716FF7A97B7A252C1F3814DC7B1E1A7F72B8751D524EF7CAE45B0C73B3BE7D08ED39781B380DDFC9AA4A4749C9493DB5BAD
311
07A6EA6C092FBD0E85DB004DF06B8C9D3089C5320187E4CE1846158C7EA7DDAE8AD9AFFF21AA3A1026BB06A259845E8232DEE62811A4DA9CEAB3A4887320B76E2AE5615EAB7BDF738CBDD01F1E64064BC13D9EC53576751CA8CACD58B3CEB0E6CA585BD089B2A59B9FC101403387AADBDBE70586B93D64BF3AD4453EF9C3B6
311
A93817E8346991798601344F79A83C51F3D50F7BF2683A3605F51A72449489E0EE6169C749C60B1035651103AEE24D24E51A759C840DD3FC6504DA6FE107510E447B43461C79D22970B75DE5E1BD3007D1AFC619A4A4A69B5626AF5E9B8374E20677F77E2F8E73DF868E8BEC7EBA7B6A75EEF7205E1AB9486CB642741D6E03
311
FF13FCCEDB1C4AC129886268B01CDF4B124AF797CF784F3C6DEC97A17D4B558070A0F1C04DA4FF9BDBF34159AEFE958479824B3F58EBD1E19088A2AFDE501B6F2052368A3FD0E650A179EFAB1561E1D27527077136E652676C3670F42DCB3352F48F6BC86D2C3B0051727E41A0A4DC6CE2BE9D47F5CAA2935A3C0539AF0806
311
65997194ABECD723B08129CC5B6B21D2E7D54CD4D12610E7E9FB8306771A89576C7A982002775ED44F3F744CF21EEBB27A631671D921938AAEE3EB0D19CD1E083727F607823E817BF599DCED5394E37EEBC2E88782E638920CA641EF74D4CDFCDEF06F4278ECB18E31E7E9876F2D783C8BF429C75395F57E98C2B495A3DA07
311
7EB3AC3C158608B6B57FE3EA48484D9A480096FCEE0DE880950E7E5A5714131C5C41AAA29FD19AE81AC145FA1B9E85C7169A5AB837B213493DF7E9AA4B5FBF9CDEB36EBD21EF1181B7CF7366AB2A951D01E37AF4EB835D1BE8C117CFBE7625D2EBCDB0B20C5A4B45CED0BCDE3EE8DA9DA78C2E21DEAAFFD1197E463C33CC6A
311
80FB785669B856EFF7A8CCCA2841B5A5369173320B1170C368B2748D81062EA0296E5E2D95D7667A4A46D98A6FF475C76AAB0A8C8D45E226FAFC9FE0133EA9F60111F99CA81ACE03A1D14C89E8B0D69079C91464FA1D99E651D0EAF606F345C42A8A1AA9BA391031582B96D5B4176A77AADB01F12FD298A75DEEBB2C82F0B8
311
650E880722F8DDD90C56A7A058E5FDEF1AC93545BA27367C76F5D8F9690CB6F8DAE141EDD7971F0FB548A2AE435F224D6E5954CA155512F7332029D5A1230854B79F258EC5FFDB09F5F6343A8EB193229B7F7E79B3E48F8E183860B38C8269D1B53738FF1E0BACF6AADA6D4869E9DE708E79B5DADCC09B1BC76F649731CFAF
311
59A83FD8BAE4C749D66FA87A3810D4D62FFE826FA400C0F325D2BC0F3CA35F5847B82A2ACC7961745C823E4D863D54460AF792CE6F79B5C7A33B25C3AEA6CDE15A919B6367D781E9D44F61BF828672594A3E1D9EDD6DF179A81F27EAC05B936575D73E05C209DDD2115CFB705DF9BBF3C911589B3640735E9E618FC9C36A73
311
26C82B2205E244C55D56FDB9D5DC93CE958D4BF8174D2B3DA54CB3C09F2C2A6DFF73D23B2197355761AD421EC581284A7EF8DE2CE3497C0C804D49B41DFD6A7360844E5BEFFB495CFCDB97A4595911CDBA623274CE852B5E278AF0BEB1770E9D37CD977B2766A7DED0E94B840E1E95E8C77DE5CB6354AF7871427C28ADBEEF
311
7BA0A28E19DE9ACD75F379FE373EAE6DDDAE3834692F9C2B03B4FCA8FCA9ABE8EEEBEBB725B88A7C90941E850682CA04061A7DF0CE82ED49BFAFFD42C309818FAE14755CAAE78B0F73243ECCCAD7DF58FCB9CDFAE7A4D3E6671A613639130D056C8383C8F4FCF4808C331E544DD26E4755D09EA05253B3049A1E32587CC25D
311
72E073E2CD96D04A71BBCB0038FEC3F53D254199C3CDC67CD66640269431860225392B2CB3ECD0B4498AAE78BA1994246AE1EE78F2EDFB79F6C6CB6B5E279C4D373FBC21CB2698C9ACBBEB6A4BB6B39E16AB0E421CCBFC7654D81ED86022F9BB522146F9F4772E2D0E4FA70120C95A85A417BF5078B232F4754363EB1750B2
311
AC2148EB46B1EA72AD9B4D23ADCBC589D70106C3EC2ABEEED84DFE28E718C6C83502C28E9FDD3B09DA0A6F6F7B72B706A31C9E2A331EE70DA56A083D2177BFD63C55B11D8D949FAFCF90B23A1E24B9B5018B9A17E99F2890EC302F330FE7936E2C23F0D237EC8916F5166AB84B62A21BB0B950146962D754F92CC2C8877BED
311
8FC7B7B25726DD19545392570B3A2C66B58F027BEF412E552D12A588C4A3CC5C3193FCB3485EFFF700D0B9EEC077754A33DC1FB9E25AF814628F91DDFECB667D3F7690803F38D13F8AE39353523BB08FC6760144AFA2CE28236F65EDBB3D5F59A57D612B99E3D7E5F8A851666BF9B5A6658EFC96EEB37A378ABB0EB3FDDF13
311
03AF32C41BD1C8560745D7BD81066B0D6313359CF488563D3BA3F8E2185D1FAA3EBA1397C9D0E3DD232180A4DCADB6AF25DB3AC3CC26589C8239E66E81547BC7E2F328F9884764CA37EB5DBE390DFC03A5246B456A7C3684C4377D0EEF9A350680FA9A077E8B2957B489E09AB1AD41316944C2254B5984830F691C93CAA767
311
EECF976FA5647538830B5E63236A6F0365C1E0F3E327F24FE35EDDBD7360B0F7374837409F7A6311BECC12B7026D4FA1AE204FA3F5FE904B1F420C7A9044AE58E403E7C4848E7DA25DC9EDAC79DD756FAA26B9EA83ACE8A214A2612A22AFA19DAE7DBAC5F8CDE1292A485F98DAC731A29FE01A3966E96BCB9FB5A4C8830E1B
311
9AF0C54B87FBE221A097036E5D28D1F869F810C06A9BB0AC0612F69AEBAF893C6E7AD59460208BAB3A6B09CA4F6BDDAB8CF0D1F84B72487498395A70DCD754796E271099A567A55CF242BBED64696378BB6CF25EF0FCDB589F3A82F1116D010A9AB9FA4358809EE0C973A2B4229BAA876A70B03AB49CBA7FBE71DB1832FFD3
311
2F9BF2C8E98075CACAFB36921235D0F552B6A67E94E094097A5D7DF681B40623DA535ADA7A9AD8E9A62407D7C9A5AE51D62A17A83A23728DE86BB56115804D3F2675F2C6B87541A0FC497BF0CA86420F558C9859EBE9FAD62747E323E3AADC03FDCDDFE7407B09DA90B44E3185723C5381EAEF589765E2F7A099BA46695BAD
311
60CEF3491B8A171F5F56444F7CE9455312C3498C74173AEA0214EC029833B34B650CBB5A5508D5091665309642791708ECF27CF11DB3D797D6CFE474453BD4BFADB768094B2147814D81C7CBAF8228DCAF5564B5891F5EF6A860EB2E323CB82AB868D8EA048880D63B0DE5341F1B3D53297B928A11E15F25E5148990F71074
311
7C3509ED14909C552EBE3973246FCE55D00564D8310BC3EBC5085D08D806799B77D6C57FDF5E55837F9E934F09C03C729271B64F12D0A9F9E938107CAF7BF1EC8CF1BB9B42363D33070F4CACB425E605DDB0A34A12BB936DE286B9887A4E2E558F0886498BFF49C311D96C277CF6A9FC0D75AD0ECC5226D7E0E3572012E56D
311
7FDE4410CEC7A6D0F997F225A2055B8B92E3956E875AE4993CB3D4C9063AF98FD45E1BAB165640A43439A2C9181A7C355B297C0A0CCFFAE19B6FA3C2BA238A885FBC98B8F6DAF4B94B97304878DF4D8BFF6A4AEDF79E90ED4E68F00CD7299F4E0D83E35601AF0CBEF18C1E870E74758FA91F5131075004DB3CFCF09AE1DABC
311
11957FD9808C92E8A678CE9DBE40DDA0E0D1D505AAFBCBA208232BFB6FB3704E8985E61ADE53DE74152F5C7DE74B1DEDCD37DC3E8FB30D7EBA8B9EFFC3606BF90B8D438279CB7709FC7C00D327F41817EEA71CD9E49FE9C8C9A81C70915D9F0F15958EC5AA4C3BBFAF46986B90F188BDB24B89DE3C6F29EC3E6F66D84856EE
311
96A35E657CA41B41EFD8DBFA16AD6E91439EA92B40B21C053249F51AE50EB0B24C770FFAF40DF12C8436366819C48E36547D4E7B72FE2BBF10828583057814A668BDF183F6B2E58DFB151103E56303E63D00F39C27C4661605DB644D19175D02E3F0241E8FC3458D17AAAADB117CE9EEA690D0DB01E634878C04C2C9310B69
311
FCAB831151E3AD293BEF6E46B0ABCECB50F5939B39C613D41E81FAE8D34CAE3C4566B761D37185FE864AC32FCB71AEF39DAA5BAB88609BB980CD2F07A8F941653B529567726E2B2A58D079DD57E1E5E31426CF184A04D7B03B985F276D47406AF276FE32E3328BA866EB1FD39BEF57863A317634AA5FE467409B3873F5069E
311
F0D71AF00AD189D17BA1974ECDB2D623E9E14086386A6AAB5807825C37B015BFE892AFD154920EC437EB945D958E18622E1E0FE2FA06557CE4BB9BBD05A2D40E774DA2B65473791E314B7D6C886820B2FCFE4AA272B3B8B15E7344A145E8AF919B5454D89D36D413E87211186BF6F645E5EC94DCCE8E1C799022E4EC9BC86D
311
7A0F2AFB1FC4B2CE48F84B3F49ECE65BAD24CADCC07EFF39AB06BE9E6B27A059938EA7208838455383DDBCFCD967DDE4650EF92A14FF933C975DB20BD7FEEBC4487576485963D757D16340D9599FEB362F775F38CA4185A86F74B629C81B133644A3B18FD056E997E0734F9BE26D11C0AAFC669E2AC9FC41D281F8B2E1C35A
311
E27BCE05F3DA295488096688719D974DF1B5D182DB7792288697F8763CFB43562C1CDEE11C4AABD5C22B6E33F6F389CFC3477C5919DC0D533F8A7A1846B7ADB60ABDC26C43D0CFC8910B7C15EE22675BD02702ED39DB77A87A192CA7A543E6205B979B9F5A6B512A3CA799E198B2D5797C0AF8D1D872CA455D4D431A7879D4
311
DD76110B5FF7F4176B54477A9EB5E4A5D11214FDA585F0382751D8E2582BA5D2075053298FEB8F1537304E32CB22C2E2B693DC0A760B1DFCA751BDC445AFDCBB12820ED85F6D5298933C7EF1211E9E057684056CDA3FEF3BB6052355E162DF27C59E965A8DDB7F9437EB72CDDA3A090DE65A5B2F50326247B7EC67B73ACC70
311
47FC9B353D6EE990F772207C6EC52B39DC2F3C0754821DAB559F7C1809C7D0DD5B0499D0442E0A6E391B3D5DB46D11E731E6794EC77523FBDAA242ED67F9FA1FB684255671F63C9BCFE6E7E896D51001A6113EF2298BA494E0B0980D1FA5B9D60796554C02256B1E0345FB7C6186B6A19D2DCA270416262845FA4F42DB5D9B
311
0A0B6F07FCA2E56C242522E001E0CEB734AF310FC8BFB57E38E03AACE93B3326A2197891E68452B26A6307FDABFEE0223D3C03C3C73D2D5BC054C8311F12004CAE488E5C29287F8156A2CAA4AD0D7BE6B97264E4139F437CE73ADF52E5134C52B819777C18B323A5924E4F67AFD13B1CDC3A61793A79FAF5C0CEB718E44107
311
1E797C6DCCB9EFCF7E4A1E9F3DF3C2F9C9E8294E9586868788C972857FB0556D7A26941A7EEB9B580AD78EC40B85DC906B4120A563CA3B87797ED612D3B035962BB75F6515A393F4CB057F564CDF54F2E5A024514E6A1F901DB80C7E70B1FC05E356A7E72FABF4775B3E3FB8F70A2A8E7B6A94542BB304157978CCC999E707
311
A29CC795E67A59CC546A5D47B368954CA7B6E75EC9E1F6FC73CE3B4F71F8CB1A6B15923D61EAAEB14626AAA9D04A26EB9C66CD1BE86CA31A5D8703DE04CD1EBCE4F5CCB62F93909AD11E55799A781A956ED27D3E738F4538CB04ADABC7DAEF20BC35BA6A90BCC1DC61BA05F20D8832FFB9BC9B15E2DB838A0AFBB7E0C82A56
311
2127E0446894F427794C3037186F622BF24DE1B00AA10A23BFA47B2A180D6DA5AD6F7326FEB8C100C2D7142EB2A0B2A9D1008A09BA343D70E054AB69E2A7EDB783CBD92537FAF4A44D1296AC2792729104B3276C276C951D0CF3CF3F1E6B017720A7B8505A5FF9589365979678C36F1BAF759EAF57C60F1FF5FE9DCF5F8E76
311
4FF25A2D06CF25117A8FED51884C13B2B750DB0E4F5E3D64124FCF11F0AD8F1CC3B3DA4B38ED22BF1CB2585EE6BFEBBA63FBFD44F9537B9B37BDD6B358720F98A8125AED4349CCFEB0E135F19E208A04CA7E2B10711185D72E381F448036EF57C9F874E54A971CA37A639E986AC0226DC5AA00D5B14FEA9192234B3DE61781
311
4FC221C92F33F1D392F297731B567FD98FD91D989379AF567A65B8ADF177591DB90FBEA99BF4ED11B16E50A0AB1DBF1156D034BBE04D69D08F939D8E92BF525A1DDAFF80ECBC95D8F45D3FDD289FD23F7D8B452F8EBB34EC082DEEE68E18EDDF072060FAD2AB1504DD4879BF67099FC58F6E9DEFBF645D16334A3E9A127C6F
311
1AF6132CF287E433B43A0EE93812B4AA0B194E03EE3FF91EF9C6ED0074A2F6EB18A96A7C9890B1FCDA1F2095E944DB911ED54C60DF16FB74C8CE9BDC7C54C4F14078CF73C2FFF1F1BBCCD7CF64F71407EA1683DBC410D226627F66E509060D5C0AFD611DE681D509DB8DD12FB1265B03C6F5C55FF4C30BD94187FF692B4F15
311
2982502F193098A789526A038AB529A52BC0DC4FB6285CBAC10A8B8DB75DCD9BDABBB221E27D1F8DA9F5EE5926A1C8AA9BA9BC09239C6A7F12914EA3B59EFF7AAEC3FFCCE56F1C5C2980AD072793527565E774F4631DB178CEEC691B1F367BEA0CF2907E1D6B854D527065979DDEF002D8B2ACEA7CE21AE297737EDE1D45B3
311
1233B73FEA35BCFDD0B09721FDBAF6432681F2FD10C3E9EFB246FD6E854B344ACC9D8A0EEF876A7314B49B6A499FC650B099D650DBFEC7638ADFD245E2B7839DA5AC5F7D5623FC0ECEEC8653FC9B2BDD1AD4D00A566FBA7186DD3C9CD26512551637498CADB950FEC71ADB9A5524285DE328B8EC7EC75D2345AEC6A27C42AF
311
6D9B92155315C80DBFCABBB7DA0FAE425C4FB896B15C9BFAC4FE67DF5A23D30C93DA4D8F36FB15D100050DA6062E22AEC5F4DAC4F6FEEF97AE05DE63C6D38F9E068A20BC5E3B6BCD75320C5090924E7F93640A7735B1A43451C2D91EE62C6238B797349E59890AF3A520DF4A87095F3ABEC2E61F0593416CE46CDCBE0E00E2
311
523FCCD04408588B5B6C9DB6459C786CE378770B54F51DA3A5E1DF2A3349BEAAC234A6CF8993B598B3B25B4B113E353A4D750FA7534749430F3EBF2512E7EA3FD43C6AB9A1F765A58463B306721A15D224FAFE8C6F5E3432D57EE697DA0DD5A9D4866A8BCCAAA9DFF1F06047851408FEC060471D0E3EB86BFAF46E4B5E6031
311
1DC3E3CEA147C75CF971BE74689507154FF2D2E92F15CDB2B9182B11459FD8ACAC5A85F174BC94A7F4EE4C4F5CAFA7C02E37BF0BC77B7DCD0C047BC316F562A01A441AFA7931CC84A28CB9F4AA367EB515778F29BFE61195FA671F4352E5E46E3A64773F1F76EE5EB36D7BCE9BCEAD837A4D77F8DB8C92AEEF6711920D7C7D
311
0F76B0FD0EB7AB83724CD35BCA7D36DDDF5FBB7FF6F04A91F3E2BB3B8F1A43CD659639507FF6331C5F697BCC782AE57D757A27D97F1AB9E0AEDB43F92F1B2AACDF5FEC8ADBAF9F814E2027003BA2F9E144B1938A7A04050AE5D953B82C45619165C813A10E76DD6906B3C16438064D14CDA713AEC420034613E1AC7241904A
311
49FBF87409AFB1FCB9B72FE7933A87D8FBEDACECE4EDCF6A4FE9FB94D5DEB74FAB7CFEAE17EE965DF980DCCA2D04134994F9A2E94D2265DA4FE6AA7B7AC15FACAC2B5ABBCD7DFF542C5314FDAB2E1B9D8B65220B8E2B638BE008E8DCA22678C820C5053664D15E89F2D735B51A84955E81A443545E9FF787BE0FA700A76D13
311
6C27DA179A7C6E8939E01BE756E19CB292798063D8B97F44E8A27BCF3A614FEB8BE974A718E86F7EC99B53CA35FA24F61F2B07266684623A3D4CF073E511F3A10A8FDAFAF0078C577F4DF9D339FE7862E5FA47CF4344209E5BF76D783B1B48E152AD281B15FCB934DCDA49CEC5706B1EE8B460F435324A5CAD154725E21AB8
311
044B75A557A79F6C807B9340AA3D92503E866F4274412926C8C504E4D5EF8C0E68DD0B028781A6B4054F11CF18941F101C57CCC796773ABC8DED9CD91FE5788806C05E548895354AEAC96546D55B0E94A59F148D061F42AA398D822CDECA4CDE79E13469BDCC44FDC990F366BA5978C15F97ED80CBFD73B0CD9B8B83A4F684
311
5BDFBFAF034019473FB9A63BD55D3A4A7284757071574029A4D016DCCBE95DD679EF3C4880BF169422F8C89B68A988D2B13793CAED4F74DE7486C72DC94DF46B8E93D8E02EFCB1FF9B3BA10C8AE7F653DF94F4AF466CDDCEF5776687F7C4C14B63E4EED1719DC2EC482D7DBCC7AE518CDE3D5FF86D39000EC3673C0044E1D3
311
08BF05F74D1B5F033A7D1BE7F74BC55BBE3E4A20F920946CA0271EB17BD2B80E5660ACB8A29A79F5E4BBA49D4D945B6EEF4A7EFEAA65E5555BBB57A7E15D2F83C69F30BBB978D2B39F1F26FC097424D39BB33CA3D87ABF64E307938B685BAD44F71556A30B7E712CA4FE600613C3E554B69ADE949A7CFE214DF1FFF05CB821
311
51EC6FC31950239F94CF7AD39DC473F6EA356E5EC2C4EFA04383CEFE985A127484366FBEE3C0EC4FEA363E4F6632AE781392FD45D67B63FB8DF70E82734F431FD3443172A0E30A83D60982D55FA6A2CF86DBA8382502ACC6CDEF3B907982EED1160E14863FA242F9757347E1544275CCDCF71ECD5F8621CBEA326B8BA884AD
311
7F825781923E66971F04010D574C541D8427A438A37EEF8AF88240EED7362C953F5A81DE2D56109CDE2524EA0F5D2F87308C0C47BD97AD605878AB8589E17CA83930CB5E0DCCD75853D68B1AB136594926DE426C367428E9334AFAFF90ECE221BB5DC9E5BB53D2CDEF954EAA9CD814F0E5725F1965DD458E5F8487683AD86B
311
9D0076BE3EE91EB1CECC5331A67A3F79D8B27587C12EC2A6A70474749F27B4C0BBAFB94B34189E88DC18964BE4121B9137FD516C7755356E50D6714E31ACD222621EBBCD1CFF81D87479056A9DA0E0B8EA19D24CF937DA89F78E8650CCBDC110AAB6C4E46DCBFD0446BA9E2060E81F314AC2031E88135E5476AC0160EF5C0D
311
D2EEF1B8B5CB2D198BE9A554A9093B5F7D7E4B5407DDFCA1D9C152FD97F55BFFFDFE802954DFEC8995B983E28AC92F1971E28F531DC407A1280EB125F64A72E617EFB27DFBCEDCDA2D6F2BDADA36873EE46B9BE1782998C63DA7182BC383FB6FD15DA472B175D7E8B4FC88F38D6E07FEAA3FA3CBB8F6B449ECF14D2175E5C5
311
CCA3A42ABF24CA6C9395AF74535F4DDB38CB84F56614B0FD32D7E19CA5CF988DB4449C40E23DF2B16772594554579094450F56F253CD25EA7F77366FB1CFE79696C428BB64D5A41E986189427E5E4D7E2DAE3D5BB4972B3DC44EAABDDDD63A2264ECFA5C786EB0EE1FDC5BE34FA0F08376869FD1E61EA06CAE15191135445E
311
E8F0394161C3266A596AA035572BB0C8876180D8B9C77D307DF9DCDF7365ABDA6F3A2366436457A4DFC1F259666569A9E4A79C817BDD5610E5200FCE894A358EC72858D50EF67545DA81C6FACE3D457BAF70367E1E6BDD9A952FB4F56247F58F523B97E640246051A72F79BE42FFA0B3187F63097F91C48B868586F714B0EB
311
D5A00A8412C1236E1298F60C72BE6C96B82B404CADAA304AE9F303176B14BA53FBC2D5E86377E35542019E24D97B96A49B2C0E5006E7795954DEAF5DA58958839043C6C70BD3B1B33B6DC5C31316D8A6923F142E26F6711A2258AF977DDF1F970ECC4F1F2B434B96D81BEB6E89BF3BBB3C7C8CC80505070723D6D7D7D3C8CA
311
27CA164A26024FED94B12A86031867241DA53D929636DA600F050BC40CE48B8BA03D69224720DEE2ED2127390BDF5E6EA64527BBD4C4C63FA76BB801FEEC0E61218EC98A8A86CD8313781617877E66692839B9468CF4DB8E50A73986E558E309C0D6F676F921BE02F1185454DC75B111572FF9D27D85EA14C05AD7271225B3
311
91C4275659CA4A43759D0BA44639BE4C30A84DB7F67A41399FB95CBF923B1B1672ABC807C1590557FB18D811983FA97F5E609516D62281D38B1281F68FC75528C35E4CD7DF0F7DBB5E5DD69C414EBEA2F4A5B241B996BA77AE6C772E367408C633EA3E438B68563EA8BE7667F3A4C4FDEEA52ABD78A2820F443B7914A15F18
311
0018D231E64519C56A12F6CA7C8DAE18F06F6B769DBF92329EF6A5D18FBCE600F36BD8E8198DE5CDAA96181F3A756EBA5501CEE58F497EA4F418A2B82565B9BCC611713C0B708CCA1F398B78C5F7D03B3437CC18F13061F55C7BEDADD5ACB1DB0E36D3CE47FF6EA1A563A57E9649EA5D14D1A50EAA457463381C073777EF16
311
00607BAF6428A7DDC079D47A204EF1E1F1F0589FB054D45E02CE623B3823C317C601E589E22B1E88B448524B86A82828E32345EC18AE17214B42F8C41C6D428016D9BA31DDCB47572561E5A402E5BA4FCE55F78AF7268524AA04130F3A20BA5D1E9F9948EA48FC8F5314FDB35E21898198060034ACE5E3E2BBCA34092518F2
311
75190AF65F45867FF0900AA4B81F25427414C372BF51DC29AA855C5428EE1EEDD6B849AD60F6E73475C2D2523F8A2772C840A478DED18A8C5C91B085F255DC4F54EA7AA8947354FD17ECF8FB3B4A0DE7B483CAF3A1165EE05BBA413E5C1FEF3DE1D6B8F2F3F3251C17D9FCAB48A9AAF63AC773A0E413BBC46A9ADF84A566FC
311
920E4D8C52C9769EE3301CADEEEDD92B312E02E2A7E35B7F1E7D203FE5A7D75578B06E99D0E46FFADB8FDA17ED8880390DA29094202D6F645F76F6F96409CDA05495A96E84B04A00D1A6C6C81D7F3DE9376E828CCF144EE50E364ACCE7237EA0BFB5607ED1AC3CFE73794E5B61739D14DF1743441B1AC98F00ECEDE9E7301F
311
A29755FBEFA68C91EF2B314CF510537EF1ABFC9A762496280B546F5EDAAF8A5B387D469FC9A878A92828C88608453ACEC6094DCA54111E7AD5B2663DFE2DD151B7F123B9F4FEF8EE36AB125FD7AD52A59B1B765B3E3F73E3F73DEA93875004D2AFFE3CDE9493B87A9904DD052028949041A91DC0E1BA47BA714343FD5B25E0
311
A6A09503AFC17C790058A836A324FE31D7893512E28230332F153181C1E018E1124EBE1BA262AA428A518237D1EA7275E48C5C561BD19ED6912EDD8367DA0F31E40EEAE9683DA9257525AEA7B632B97119E17145A90231768A4F3B9120FF32E8319B015E3CBE26F1A754177D8185345817C096B0CE443A955D13AC15E1FB5D
311
EEA0239EC32A3C92241A237B0B02FFCB4F93CF2B02570C8D192E2F2A68CEEB42F12E6F8CEEFF46C251E22B4341C56FB08CCE550E7A9D6F4D6564B9EA52A83D5BF2C6E03FA19D2775E15A8A7ACF30A13C259EE7F5EF2AC3BA354F1500E1A07FC63FB4686E2F12EC69719F9ECF5FE3F35598DF2CE944008CE78F0911BA5BE5D0
311
A34E0098FF038669C26030BA9B300303039852A8F6F496341737CA7E0D2E3AAA36DE0A70AA7D9CA0D54D9AD84B18A44C9E625475E1C97B93BEBB38DCE7D227E67A2D00F531436136355F243D1FC0D712C5765754FA22FCFFAE97919161F46D6E61ACB37D83777B385889770B50765B127768443A5C4D3A4E35A3151111F146
311
B7CA116F918A049F1C272F2CD7976C69A0068773451659A97E0F4A08FE604C3FF6CE7385DB19F4D3ABC8A0D80DA8A42096AC377DB49382B36E270B6FA7570188B4B7D1DDDDA82ACA487CCA5D38BD3BD039ADBAFA4ACFF27809239B722081E2EB9F145320553D183F28471C388BC8814E5045676767AB58A8E72D1CED2CA731
311
379515D2E533E4CF0B39DFC625F97AC4836831A4DE330E87A8126FA17EBE583D614E71E22A8DBF2825599743E0640037303E8E1B1E8EA4E1ABFA4F62907B5E4E0E5DCFDAB417C36C6848A2B8D15F1E505434C0707E16B1CFC2A1C36A42BBF55734F8F4301DDC2A5110CEE8C0747F69519265012A2174BF4E955ECD4FDE095A
311
3ABC70536B7AD0B9D7892F81287D667C108703C9B66A221E9A0929D030008F77FF6F5D2108EF5706FC87A3069B976F7C9FC3239D13D283CDEA83597461079FEEE049B0F392889898B7D87D31F8D60ED7B56B91823A8E4EDDB36C6172ECEE42BD42B12CD67994FA0F0DFAE9389356F4CD4425A4B8AA55CBF7ECD585C6A2C231
311
6791E43D5C06841ADBB226A87FD61515FFBB0167B74E56BD7F3E90A57A97FEDCBDF483A0D6699A8C0849CAEB4947FAA90D8E332D9DEBD9F4738C37DA0CAF9CF3DAA68BCB67C420459C7A64498D6E848E5CADE92BB6901F607AA331104A67F7CD650EE169B1DAE94D2C31C2F993632259B6957E246EFE4C5481107B07118607
311
700040E5812A2A2A38DA0076875258C753F60E0F2662C748EDD5F3F3686B8FC3BD6FE631ECCAA1E8B1C1E565AD117E54893E79F4672E32F9E46B2A183DFDCF3EECB4D4D077DBEA0DA254D256045109670050129E9B9B1A9E4A11344D61497A992778095151510C4BB7EF2009B63AA4360635312E4CF668B7E0D3D85A8688E2
311
BD83B569439892ADB63461930D428E0DE42E4AC57CE48DA5CC1449530D8BD3D6A0F08DF20C8E8F570F2CFFFCEA286E30969B4654D498A58D9DA782E19FE3F002181838925592C4A1EF0B332D88B61A92C644547BED490D3A42CFFAB70E36D961F694F6307F72FF15A1C79D5B1B5CEFD353D9E2B52566DEC8F8F09CB3E8359C
311
0F68EBBB7898243E34E12A015B2685AB303C04D3A9E00671FF3DFF0A184E4A2ABEB2B666AF5B3A209C73D8EF29DCDB069C9F391EEE9DD0F74C7BCDE16F8F02E3B8816122BBEB50665775B600549D8BB33A54A6BF940C028118BC6878C79958D6784F9DEAA6E26748386FFAF8D0D0101E2847B6563F5D8DC1D78F787BE00E2C
311
941AE12148D4A81599FE8F68D4DA5CDED75530ADE138240300EE13B0FC13A1687FED6774662C05A2B7DFB186732F0D7A93545D8B0A6390AE5054D9CB582DA846D7A061B3358B45E2B52DDE63E114397EDB7E09233A579155D795BE76102CF277F4DF8B188C4F2879BEAE3C08347124BF9ED23B128259FE107D31E34A652F09
311
0B30B39E0D9AF917B76A2806135621A8A60681F16AF216514BBD02711585B5B1AE823F4B2D0369EA5B6BCB863072727FFC871CA6C9AB79A814D989057E9470A3D238BC87CBB4A0EA49AFE2B86F22E499793CAA9047080450166BDC357524561E258C77CB697F1ABB32562CF87C3B7AA12F911EF19FB3E5C02222E887D08202
311
A60A17151F5E053A86B437771088B4FEE14D652C43E8D939995D34545E12E2FF93D4E366EAD25F10CB7DED141563C3D0C447AF06078A91135FD4B9611583CB4BF3BD167F2399CEAB0E0100F8FFC305F00F1711717173138B4B48C83022295DE657EFEDD97F238ECA80F528AFB4F8D67AD4E2594B9A3AA86D7487EFC313BA95
311
745C186F0CDD84CC12DC9CB0424B42203D351FD9C0A3AF10CC7F388E0329279087386421F194F4A29464C1DEF7EF8BE515E4A199DCD5B909342598D8FE6A231F71336248D5CEC5454455C7BE383B3BC7B260FED27F703FDC39A170F3827239102F59D4DEE7FEF82EAA1A5E4BA94DCC4CC44E7E2EDE20F24244E4454369D2E8
311
7C3F823F193FD4FD27E1C23984B01898D15ABC20711A8A558054951A6AE280096BA36CBA439603B7B0B4C45F248C14B2383B4B5CD8ECECE4FF859AD4A6CA2326D020EF090F4041D28DB66E5256B56232CC52829DE8060BAE6BBF37D4B7469B822454FE93210A3E8D15E69FFCF01123222611C51C4FD0A041A0CFA2471CF6BE
311
38D2B20FA4C3525B5B8B586759475CF80ADFE67A284AC24651E52B8E683D24C2622642F27E7C3C22783BCF63648BC398BD6CD0D9C97E7E7E3EACB6126DB7A6C1FD9F1031302EE67ED96F22B77C7CA0239BB324207559B105E4693EB26EC46182A92C9C0DBD24F29B31C5C5AC1F84300E0E17CEEAC15F5736FA4A98971E2F14
311
23BFCD68D4BBD5F86E74B40A369F39507C88FCDB35D2DD8DEBEA4AF999E23CF2816D204200DF6E611781B9884C1AC8888B4DE397320472959434323A5A36B22A8E1F721A270DF3BD65E4A31C11FF048AFB0D8B7B6881423793963A23CFCE935FC189ED36FAE35C46DA3574C979E4394BE52084F3081837BE033396D2EBD80F
311
1F691B273F660D2B32FA27A33B1DE4ADA5F0FA4651511102DFA410DDA86E065272CA314D5249DF91B06BB92807B28EFD54F08F7B525252782CD276DD02E6B0319B13DF87B1F6361AD6B28FC0D711CF445429B9E5A433CD493051C49A9E03DDB1B147D880253514A5DED88009018620EE229101C041950E2D8AA8E1F5F5438E
311
0C0C0C60EEDEE9E3E0C051948C69F84BB7B2A48A1F3C8EB9E6864687F4F4F6F6E2FA87608ADAF9C5E117B7C1A737E710769DA1D15ECE6A84502AA855398712D5FB51BE92E4EF824969CE18278798AC303C2C7980DD2500ADF8FB1E6D6C2FAAFF9987178923334A244758BAA01A9A1B70FA5097D01E1CC2A58DAD0EC94CE643
311
0AA9B0C10D75E3C6BAC670EFBADEE1607739CE0FC18A2587E3EC3058562014C64219C69BC269082D5C2F4A659278D585755912176D78A1B641719C2A394CED495A1AC5D583FD2F5EDD93308EA7EAE8A6DD396598BDBD3D4CFED62D18A5BDFDE0DD5C80D1A89BA62697B131AE7CE9A6594138582F1B37D68F1749AC7CB67A70
311
695D48A4A056AC1FBD4E82358CEAE38F54B95A9016F9000F9879C0D9D131768635CA798895F27D6F1614F11F2838A83611AA51C9A3DDB539D42979C29F10465655C17BEC3E2760B80DCBF609198C7B171A531905F3EC218D696025975E986C6B4C666666787271F202805577DD5A3EF0CAFAF91B62DC4B2DB4217A7606282F
311
31D8DDBC290593BAA93EA6353AFA9939B877978481E15CFC9F2755CDC00C538F63A4BA3E80AE009B73CA0185687D339A507D165B74290D6EE46D5C58148F020C3668ABE9EF2F7549170DC80DB41FFC1D678FF19AEB10C7133832B104B80F691B3138F97A92D26E551F1F110400D45AC71A9B9AC41A1A1B1DAEED0B0810638E
311
FFB511D46B121C6FEA0F38CD00E03CFFEB9713FE1F9C263E4DDEC160D0497FA9A132BA608584057FB15380825DE6C7FC3C667EE947D488A09898D8E939C4953BF4EC9836344D2CC6B2971B2A21A572B06096F4982D2CC7232D46E8EA69DC83722E267754D777F97F96D5DA74E1E75178084D0E70F12AD33E5F71EF2AFA599B
311
2BEBF60A5BE475F444F240CBFE8143C334E7ED9150FEEFEF7EB020C4DBED388DD1D6A167A76F3CBF119B578AE8CFA7736ACAFA4440A1C47185638A0D2F3EB5BDDEFDA958FB13CE4AA4923D5BF840392D45544329525749734866684BF7F8D9D54D892E19BCA9F829A0F8BFCBEEA6CFDFC61D74EA1A645ED7A1FF241739F156
311
94BD835B66FEC5677E40FE69BD3F91AE402F036537218A401CB0828604AD189E575015C6F3F6BBC8AC79CF6C70653847254B31551EFCBEB5978B9DB85D58D0FA41A9DFE9C624834AA04949D24B5AE6D299E072D152D12097920F14AA92C31C3B97E28B6C2E6E9C23D63043ECBBC0A60FDF5BD0C33C127EA8A3308B8B6AFFEB
311
28B4455BF6E7AF4FC6222728357EB8E46E85053E6A8843AB23295BF838ABDA94658FEF3F832F147046B4ACD6F7D48E8FCC9618582961C898D1C7A253C91BFECBDA6BA18A1FCF70755DCCEE2222F41B76D23CA98D0CB3D95F0CF66D57FFF65E2A90F5DF40FC3187621E981BD0BC1D992787212688976B94A8F0C6EF646624B5
311
70B78E068826F87CE27041A95C9A4871FF65CC17FCB1639629AD6A9517000D63AC231F3D741CB8430777E7ECF80CE7A3F73C0F162F7E56AA71F4DA80A33CD6ACEE78E2C11FAC03DAFCE929B106F8F6B3ED2DC71FF994BD9CEF4E9A94896EF1B6E2B7B4978168BCF0847A3D2A4F1B0500B926E634B174548E9FBAD27153FB5F
311
C36799B1E6C7C38A94E1F9E996796D7B485E635D5287A2AE76FBD11A341DB3F8F810385BB7296391973DC6C37C452A9305AEBBE0CDB6C566DB59FE60C8E94B1FD090354BF51439FFD1B48D725228FFA88C84F686F547107A7A235665A4593B7C34D748C1AC8D56DD5DA861EEFBADDECBBD65117E65851F90351AEB65F0EFCF
311
F4BCFEF24CB7A5879699FAC437A7AF9099186CF006BB923A59E37D7A36A29FD8D2CBB914A5E9D0A8FD212FBF796AE9A67958FF1D5D8B85F78F96219D4714EB919929241B6C018AAE0C02069F8D919961EC5DDFBFB7573E3AC8E08BFB7C8534BE6DE045B3CD63DBD71F7638BA2309CAE398EA3A7D8F98BBBC7AEB367EFA5CFA
311
27A9F8F2F52FE878058E6209C026453F8E7E8A237DFC389E9590F6059B397CFD65183BBF936E86896612A5B5FEE49DAC8455D026218AFEBEC12B3523A45B57B82C9C97E02ACFA1184DB18E48CF615DBF39C3CC6F0B4AE6BBEEA2E39D944E290302FA3DE33FA7E40296E2EF7BF1CD855BBECFAD0FD622BEE9746FC4FDFDE545
311
AE6E3BC234CADF83A0FB76DFB145BF3828AE3436368AC24989454F8FF70A177672C711CAA1A76107218CF948CA01F873520E7A2B118EBB161ABAD432932029628B6761590C98AB590C8C8C79798CE9F715BA696E839E9131A4BB68BE923F1747FBFF165331FFDD4D05997ACD168F12CA75348DAC04C7F509FE83898A8B4211
311
81AF492861CE81E4A2DD0A30850CFA95E05F097FF70F9E777310D584A75BA7018922E271DAB1D785671157685B7D383D3E074DDB4F1E44EF04B07BAAC75A062077C54B9752C738C9D804D402E02851F3F89605AF189738C18C021D2139EAF72513824E10DDD3047BACC8521ED7E98B257D1166903B1B08FA6F918FD7E16291
311
3FEC7D0EF4787E29C35FBA8C6E2C9C20E9AB30AE42CA2A01A090E7D010C1B5BF9CEE2A304BF3A987FB40D836979B79E18D70F257DA61E808472DD85B82761825779D6B90CAEB0F23360C6F80A7D7D77545E95B3DFF0CF96A827F9B5BCECD2C9698718417EF80FEEDEE938AFF55859D0D540B7FE09435583A6F04874A0C7E8C
311
F234DF4879722000167F5872CEC6BF3EF7E5A8CC8121E6A359227C8A29C95212F9F735BC72A887D56B8F309FC525BFB4FD767AAEC4AEFF249CFBBD2DE1AB9969A6155C7D8DABC307E47324C1F916C7BCFF40ABA5644E9FFB9238D19ADADA49D9610F01ABBA57E4DFCBDCCBB2B93C8953206C91DE01B0E2651A6D6C31721915
311
B31F7B7CBCE55466F6D70402788FA91D73BE4ADCBA99A35F17D6B83383704917D6833F0FA3CD45C926ADB8BC17999A4A0AFBCE2541F7B8CF4C2F5FBA611B3E626D64407CB32C122DFF4EF8674D6EDBB86C8F7C6A16D50FA685E2CCA34F8F7D1D8265BB0042E9D7F1F666F7BE5FAA5184DF58E12122A42EF02F461B3F369AC7
311
46F96528AD208512AB56844CF75B97F352DF7995024FB02855385854F3798670D01CAC771AC3E1889EC25F61A20C1F8CAB46898817F9C47E2CDA1F286BF2F358298709FE567C91133E2638C8B53975E753EA8BFD3578B5F7186B7BF084EBA3F77BAC3132A5779902EC22AF2D2E79F42D324E083386DAEE9810D1B44A5DAA54
311
513C7A71E52A4AB9257D975B621308FE4D2141CC3DCFE946C154A3C1DFCCA7629EC69ACFA831634ADDA93C0388D2A9A2DDAFCF957C6995BCE7FBB6DC4EBAE79E63EB08E9A25F52F67076F7093CA545CA3053B5BF576DEAD4E0017143C5F759F32B2D6F145B52B67B48909B7C7FCA6586EE385A2189C16932CB6DDFD9152AE3
311
17C430492A578ED27B72D85D40C7C93C097939E1B50F4D67F05334FE9DC362C30B7FF561B95259138ECFD9274C8D695C31B14D4EAA9F3D7FA8DDF652F8C5DEFA23284C799B7D94416DEE81E05A866302DC70192A5368EA65E1CED8BF107A1E2D3119A71E85DC1A7B0C1E93274CE04DD0F2ABC8AC7C987FDB002B6F81757B43
311
502EF7A0D92E416494FAEEA4C9C090CD9557AA4D532F4996A272B94355C5A0E4974EEA9627476F30809B94D8D8D860062E02204643BEC7D0438AF800FC7E2B26955D595421E83C69E1A07E0E3122285835F014AD538188CF9737CE76D464A353FA55A001AB2526B84E985083693BC76FE211CA1D000679C889E3C009832C87
311
E1AC2EDD05C302557422DF0800E316FCAC86978A371F025A6C7DAA9F333E7BD160403A1A06EA75AA9888FF01504B03041400060808001355365328BB58AF800100009E0500003D00000042354445303145422D353739322D343842372D413834452D4444373342354433333341452F536368656D61732F436F6D6D6F6E5363
311
68656D612E786D6CBD544D4FC23018BEFB2B96DE15493C78601010A34B880709DEDFB52FD0D8B54BD70DF6EFED3AC0B12E6442E2716BFB3CEFF3D18E26FB440405EA8C2B1992E1C323095052C5B8DC842437EBFB673219DF8DA659866649B798C078B48AE6410122242F2A4994AC7F93815DF85C049C8564CA0A901499DD88
311
6B2EB9B1E02448F358701A9235880C49A0119892A20C89D1B9FD768815CAD268CB5E0355B40B1E47F3E37A2020464BED06AA57CE8FCC20C3C3446D46761A2632A8C1283D07031EFF2AE7CCB1BFEEE916E406DFAC8E36FFD99A9D60A6944090EEDC3B670C7DC13DE86B6B2C5C240D6E503BB85ACD579D513F1B9F9A69DC9CC2
311
2AFA80C426D40AF0B21EA168559156B6276F0F726A6BFF04DCD513A87A62CAD41FB24FCB2858B3952E3D852084DA25B9303C15687973CC8E8AAE11DF2836C38C6A9E765E8C1BA1BFB1DC29CDFE518C8B5A7655A4ED7E77291ABEB80DBD82EC866ADE1B8D05AF9E35CF09D7A061F38A986D9EC412B8F0F65E5D81534D9B231D
311
1E5A8FE577A241F3A5FD01504B0304140006080800135536532CCEBD668A040000E01200003E00000042354445303145422D353739322D343842372D413834452D4444373342354433333341452F536368656D61732F47656E65726963536368656D612E786D6CD5586D6FDB380CFE7EBF42F0F7A649B70E1B90744856B497
311
0F450FCD7A5F05459613EDE4174872DADCAF3F522F8ED3B88D2F1D06AC4050DBA2493EE4438AF2F8EB73AEC8466823CB62928C06C384888297A92C5693A4B6D9D9E7E4EBD51FE3A931C22EF85AE4EC6AFC38BF261BA626C9AD288496DC3F4FCEAFC63366845F7A10452AF41DB320C0D44EC26EAB2091873556558269567081
311
1A6A49643A49A6E9069FA4604A64B29016DC4B48552F95E4932463CA888468C1D2B250DB4962750DF7CE273069CE8363F1FF4EDB00E0A21999574AE4A2B00C353B93F3BD4777B8A61ED8F604ABFEDD79CE56A2B7BDFBDBC50996E0ADDE16FED26223C5D30956C29BDF4A55EA686E5E58B112DA45CE67F76F4FA27EFA3FB672
311
FD7372FC388FAECDCA5209E693CAD167BADCD272F943701B3812F8A3D852008B1D2E32DB927B2F833C6EA95879925356D254582695095A3CE982924720BE5774A3CB9CDCDB350427D2DF20DA1B5532EBE2D5D6288D75D4F7E4FD9890A0EF8E3D93EBB8F8BA4758158EF6FB90A6F9520281C93DE7AAC6D24607DA296BB96018
311
123F821A7D6A5C5884050C475DA4865442732C8B95684A50165CBB3A32F25F783A4A480ED59AD7F924B968AEA50131F46303223E6A397B0E52976030DC1DCA81D7E7C1EDEEA42C19FF27635C505E2BD5198A599020DF50A2330FCB3AAF28CB0124108429553EF1B228802E2265D8F7CC2401042B155BCC7070F1E5C55F13B4
311
A9577362CCCE46C32174E010C3C378C44841A4BDA00FE3A12006CE11EE6AEC59894D3526DDE1CD59D503ECC324017F8061B7F162162FA62EDD81AE3308617770796DCBDAD2B2625C5AE8A63DE20B2C8AA5E95E76E5730823955956E33E705425A2187C185D36489A1B44D3DCEC2172F6BA2105C3546287A7194B2331768EBB
311
E64F6E70A9930ABE0ADEA89E9E2C38523B810287AD67A54A039C1606EAFE68F8304610BB9093DBDDABC0B2AE4E290DCDA15376D7E39F72B556F0B32EAB5D3D498B4C41ABADEC3A1434C422D87E8025A84BDCB2B1417ED750FAE4DA8976863974C577C7F902D3F156AD354DEA3540DE6BEAE2BEA52F7A2EB4CA43802ECE5BF2
311
CE2EDC9347179FFB023CE412E60BE16DA0BE29B374988A553F561DC04615DD35F7D2C8979F60E5955CE93DF29DED8AFA1EE6642D53418086C03C47C377910F75F7E8F5EF665F70B60FFB22AEDF897D119E8423C773E819A3C1E55E550599EE6EDCA34D0C86FD72057DF2CD46F16A470682471C164E4346D5306BF12D7D12D8
311
2CFF673D41636C347443FEB51B50D72EA171A8E4A58623A4A16E0FA2B8B10A0D23268D87C33896EE8FB73305A74BF224EDBADFA0BD674AB354D63DB7BD5D83426761C077DE767728235446A552754EB93B755891C3C4CC6CADE37CF0E912A7BB38DBA010F9DE1282EDF470CA69A9CDA482E334C4A6EA4107987980B17E72F3
311
1730EBF88BBD39E7C629F56797A3C0009C2C5AE7951D9A05A02773440F02EEB4DE396A3B6A570C72CCFBCD823B0B8ED3F1D5CEDDFED772FA70236C83FB7D86C385D570B87107535572A60A96035F8F7C6A7192F13007246BBE0521855E6AC46F3E27689CEE7D186A6FD679D98CDCAD13333E04EBE7ED6F55FF01504B030414
311
0006080800135536536180134D5F0100006B0300004500000042354445303145422D353739322D343842372D413834452D4444373342354433333341452F536368656D61732F52656E6465724D6174657269616C536368656D612E786D6CA5934D6FC2300C86EFFB1551EEE343DBA41D1A103009551ADAD40EAE28A4A68D94
311
26284961FCFBE5A340113B2071746D3F765EBF4DC6BFB5407BD0862B49F0B037C0082453059725C18DDD3EBFE3F1E829991803366715D474942CD30FB4A782E00C64017A412D684E454CE3FE28995203B162A6EA5AC94B66997D225E109CD63B0135484BAD1B3C07E9080CA35DB3119C11BCA5C200461A68A1A438126C75E3
311
E230D40FF81FB3F03C91D1E3A3A0AF79FE28E25BC39EC3E17E4C2A2D94A0833A51AF55BCCA7D88572FCBAC529C4140B020FC3AAFA886621DCED7EAD7664CC86024E806DC297DA1BB393E4156543457A4537DB8817349A70F8ACBF09B3EEE2CB2F33E91B65D60786E4E3B39B77E3FEEEF5650424525DA657FB8B46BE6BF0646
311
46F0A0F7327C0BC1BC1B4CBBC1C419FA3CCB23500007872A2580CAAE5461865565294E4EDB4617B62FF579DF9A5B2F54E834076A597573A020912FED777F9B3F504B03041400060808001355365350EEDB9051000000570000004700000042354445303145422D353739322D343842372D413834452D444437334235443333
311
3341452F4173736574446174612F41737365745461626C654F66436F6E74656E74732E62696E5361606030B2747233353530D335357331D435313375D675723572D5753274767232733377B230331102AACB4D2C492DCA4CCC492C28484D2C4ACC4B4E050A82012F90744FCD03CA26072767A4E6260200504B030414000608
311
080013553653F865834058000000680000004500000042354445303145422D353739322D343842372D413834452D4444373342354433333341452F4173736574446174612F53747265616D56657273696F6E5461626C652E696E66558CBD0A80300C06F73E4B117FB66E451741D041DC5BF98480A492E4FDD18EAEC7DD4555
311
D89EF28DF51A0B1BD8340C4DE7DD848B988C0ACF0649566493F2408C508DDEBB99D5129FF8F1AF8CF5B9503E20FAE5A16B5AF702504B0304140006080800135536539A173E0B340100009A0400003600000042354445303145422D353739322D343842372D413834452D4444373342354433333341452F4173736574446174
311
612F636E782E786D6CCD94314FC3301085FF4AE43D7612184AE5B842B07402898A81EDEA5C8A55C78EEC0B827F8F9D6600153175E87A7E777EFEE47772F339D8E2034334DEB5ACE6152BD069DF197768D9447DB962C546C9E03DFD90B1C2C1802DCB65A6E421F8695C4A1DF630D95CB5C61D97E27D8C483BD85B7CEA1FBC23
311
741459A12DC4D8B2A8DF71000E13F90EE3917740C06B1E30FA29684C93C80CB84CD20181B063AAA99ABAACEECAA6D9D5D5FAB65ADFACDEA4C84A25F7DEDB456FD265C18F853EDDCA5425453E56720A66D1E4B730F59747BE374E8AA4543252484C960EFA1A53078CA3351A28A1135E1352994408831427B1922233F845E211
311
7BE34C6ED92663403E3C277B18C8E0D511F9CFEBE5C96C5D24701AAF97C7B9C3CB5378997FD0EB29907362AE2D27E70EB971FD055222E635924293B78AFA06504B030414000608080013553653A38E54FEE30000005E0100006700000042354445303145422D353739322D343842372D413834452D44443733423544333333
311
41452F5265736F75726365732F32394246353530362D353644312D343635432D424532452D4231434242364637423836342F7468756D626E61696C2F302F636E782E786D6C4D90C16E03210C447F0571DF85DDF490462CF9899E7AA928EB6C5100233051FBF78596434EB6669E2CCFA8EB77F0EC01B9388C1B5F66C919448B
311
BB8BC7C62BDDA6336757AD32223D619C451360E35DE65A1D196B1AD20E37537D57BD8BF7211E10213BFB91E2C199F5A6948D17FB05C1CCA612EE50EEF36EC8CCCB9CA160CD16DA017201C6019BC110EC5CAF725D26F93AADEBDB222F2FF2723ABF2BD149AD3E11FDE05D24C89898C5B6C4F68D54A2DB5AD5EC06D32370FDF4
311
9A12CDD4AA506EE907443FA9412625EFACA15692404B405383C00425FE61AD444FDBC65F156DF666F42F504B030414000608080013553653A233C2345D000000800000006500000042354445303145422D353739322D343842372D413834452D4444373342354433333341452F5265736F75726365732F3239424635353036
311
2D353644312D343635432D424532452D4231434242364637423836342F7468756D626E61696C2F636E782E786D6C4D8B490E80201004BF42E6EE76F3C0F216234B883063108CCF170C074F95AE5473F5C4C06E932E4F28601967600677D21E9D8092EDB002539227A2FCCB80E1168D80A6417297A89C5D6963B7129A0D1E8F
311
2EE73AA7B62BBEB8B27DE50B504B030414000608080013553653BE89762363000000880000005B00000042354445303145422D353739322D343842372D413834452D4444373342354433333341452F5265736F75726365732F32394246353530362D353644312D343635432D424532452D4231434242364637423836342F63
311
6E782E786D6C4DCC3B0E80201004D0AB90EDFD75167CCE820A4A845D83603CBE602CAC26799919AEEEE0D965E2E908050C6D0FCCE04C8BC355404EB6198129C92351FAD580A10E464065907C8D948F8F166375F655BDC3FDC3B4E530A176BE7057BDC43B2A593FE403504B0304140006080800135536537B40A7757E000000
311
A30000003600000042354445303145422D353739322D343842372D413834452D4444373342354433333341452F5265736F75726365732F636E782E786D6C4D8CD10A832018465F45FE7BB78C740DD4E06FF51EB12C64A6C3E5D8E34F4717BBFAE0F09D23BBCFE6C8DBC4970D5E013B55408CBF87D9FA5541DA17DA02E9B48C
311
21EC7F37207EDA8C828241CB3586F43CD06C9629B9429DF58F03D6571C39AF04E5E2C66823784F71A8078AAC4714E3055BD164E35C943CBF5EDE92D75F504B030414000608080013553653E1E29319070100004F0300003400000042354445303145422D353739322D343842372D413834452D444437334235443333334145
311
2F536368656D61732F636E782E786D6CCD93BD52032114855F65873EC0AE1631C392C2C2CA46ADEC106E2213E0EEF0E3E8DB0B2B453263A7453A387CC39C73B888FDA777C307C46431CC64A49C0C10341A1B8E3329F9B0D992612F4544CC67181982F230932613298E11CBD2250307555C539D0DA72EDEA3F7189EF53B7845
311
06ED544A3349EB96AA92D1403A51A3B2A2238D90B0440DF5866C3DF41B740495C11039F169DCF0BBCD34BD8C7C77CB7737DB57C11A29C51BA2EBBC0D19222E83C6BA08D50E17AC1D4B51A2ED4CCB40E4B9375ADB10AC1252A41C6B079DCC5F4B25D5B238AB55AE55B115FC61A4602DEA45E0070810ADBECEC417E6FE2DF213
311
0403F1B1BE52B4CA5D67F2DF3CFEAD00B6CE7E1D81F615E437504B030414000608080013553653E3603EBE7A000000C20000002C00000042354445303145422D353739322D343842372D413834452D4444373342354433333341452F636E782E786D6C6DCD410EC2201085E1AB90D9DBEACE05D09878023D01A1D34A8419C3
311
80F1F82DA68B9AB8FDFEC93C3D7C52546FCC12980C9CBA232824CF63A0D9402DD3E10C6AB03A3397DD192872090D3406ABE7CCF5B5D18893ABB1690CF4DCF02282E5EA8A5BB96FFE536F285CB347F95BEFFE81C9ED5AFF9D5B1FB575BB00504B030414000608080013553653D31933617D000000A300000007000000636E78
311
2E786D6C4D8CD10A832018855F45FE7BB79A850ED448F4416259C84CC3E5D8E34F4717BB3AF09D733E3E7C368FDE36BD5C0C02DA4B03C886479C5D5805E463C10CD020798AF1F89B010AD36605540C92AF29E6FD44B35DA6EC2BF52E3C4FA87A6D9AD628DCD3FB0D774C513CB2CE60AD29291D216434E571AD97123F5FC9AA
311
975F504B030414000608080013553653CA1DF9C9A900000073010000130000005B436F6E74656E745F54797065735D2E786D6CA590410EC2300C04BF12E5DEBA70400835E500FC800F84E0B411AD13252E2ABF27A55740421CEDDDD9B55CEFA7A117778CC979527255565220197F75D42A39B22DB652EC9BFAFC089844F652
311
52B2630E3B80643A1C742A7D40CA8AF571D09CC7D842D0E6A65B8475556DC07862242E78CE904D7D44ABC79EC569CAEBA537E3521C16DF5CA5A40EA17746733E0B6615DE7217475F386F18B9481C510F1F021CD9FF027EA0E1F5C4E609504B0304140006080800135536533DEE336E64000000790000001B0000006175746F
311
6465736B2D64657369676E2D7061636B6167652E786D6C35CBC10E83200C00D05F21DCA56CA76D41FC96062B120735B69A7DBE268BB7777961F8D5AF396893C2ADB70FE7ADA196782C2DF776D7A97B5933C430F15651E5469C55D70F80A4992A3ADC954792C525AE70A1E4D6AD9816CC044FEFDF01FE3FDE907802504B0304
311
14000608080013553653BA6077FBF9000000960100003700000042354445303145422D353739322D343842372D413834452D4444373342354433333341452F4173736574446174612F636F72652E786D6C8550416EC32010FC8AB5776C4CD2248E30116EEC17F4D41B02E2A2C46019A8FAFC42EC4AEDA9A75DCDCECCEE0EBD
311
7C4D8FE2532FDE38DB425D6228B4954E193BB610C30D9DA0B830BA38177ED1A0B062D22D6418181D1717E70D92CE066D336A9DD21B28BCD7010AF9484D0B5E7EE849942286C4F0F77216F22E465DD6E5CA633446A336A951C9CDDC8C5E8075577E7C19FA06F1D786A37DCD1BD41DF8804E7820B83B3447DEF7B4CA62468399
311
7EB6CB458BA0153082498D70830879ABF1798FCFBBD33BAD3293511F96F4F3B6347F078CE7ABAF22085AADD33FAE7156FFBB4663C38E6CAEABC203ABD391CF01A3554E29956784A9E644D937504B03041400060808001355365331869536F50000008E0100006800000042354445303145422D353739322D343842372D4138
311
34452D4444373342354433333341452F5265736F75726365732F32394246353530362D353644312D343635432D424532452D4231434242364637423836342F7468756D626E61696C2F302F636F72652E786D6C8550CB6E833010FC15B47783EDA449888C23D3C217F4D49B050EB1126CE447D5CFAF1DA8D49E7ADAD5ECCCEC
311
EEB0CBD7FC283E95F3DA9A064889A15066B0A3365303315CD1098A0B67CEDAF08B068591B36A20C3C0D9E46C5C3668B0262893516347B581D27B15A0181EA969C00F3735CB52C69018FE5E2E72B8CB4995A45C799CC5A8C74DAAC7E4A6AF5A39E0ED9B38BEF45D8DC46B2DD09E881AB507D1A313EE296E0FF551741DABB298
311
B3A0E79FED835332A81138C594205C234ADF093EEFF17977FA60556672E6834B3F6F4BF377C031AB56F48F5B5CC6FFDDA236614737B755E1819374DC73C05995D349E5195DAA3949FE0D504B030414000608080013553653DAAE46F9FB000000960100006600000042354445303145422D353739322D343842372D41383445
311
2D4444373342354433333341452F5265736F75726365732F32394246353530362D353644312D343635432D424532452D4231434242364637423836342F7468756D626E61696C2F636F72652E786D6C8550416EC32010FC8AB5776C70D2248E30114EED17F4D41B35C441B1C13250F5F985D895DA534FBB9A9D99DD1D7AF99A
311
C6EC532D4E5B5303C93164CAF4566A33D410FC0D9D20BB30BA58EB7FD120336252352418181D161BE60DEAADF1CA24D458A9365038A73C64FD189B1A5C7F5793C845F091E11EF92CFA8718544EF295C768085A6E522DA39BBE69B5006B5EF9F1A56B2BC4AF15477BC22BD41C78874EB82B7173A88EBC6D6991C48C7A3DFD6C
311
EF1725BC92C04A5C12842B54966F049FF7F8BC3BBDD3223119757E893F6F4BD377C0FC3D4C1F46E89116EBF48F6B98E5FFAE411BBF2B37D755E1809178E473C06891528AE51961AC2951F60D504B030414000608080013553653213A73350D010000B10100005C00000042354445303145422D353739322D343842372D4138
311
34452D4444373342354433333341452F5265736F75726365732F32394246353530362D353644312D343635432D424532452D4231434242364637423836342F636F72652E786D6C8590D16E832018855FC5708F0255AA0DD288D527D8D5EE88D28EB44223B0ECF107D525DBD5AE7E7238878FFFB0F3D7F2C83ED5EAB4352DC0
311
39029932939DB5B9B520F82BAC4176E66CB5D6FFB281CCC845B520C980B3DB6AC37397266BBC3249357656BB289D531E64D3231E5AE0A60FB5C85C061F1DEE9E3FE574973795E37CF37116829EF7A89EE36BFAAAD50AB8B874C76A1C1AD8F54D074BDC3550D06E84351A0912B43976C3C08A14E6CCEBE5873EAD4A7A35034E
311
10C110359090378C4E253A1DEA7756242767CEAF71E71D9AB68BF6468C558528ACE805C392563D140319A0C0BD10743C8A9A96ACD8827F80E139FF0F0CDAF803D9815BC2018EE3FF5F179C15A9C0385EEDC699CAE6DF504B0304140006080800135536532E3C10A6FB000000960100003700000042354445303145422D3537
311
39322D343842372D413834452D4444373342354433333341452F5265736F75726365732F636F72652E786D6C8550CB6E833010FC15B4778321691222E3085AF880AAA7DE2CB3A156828DFCA8FAF9B50395DA534FBB9A9D99DD1D76F99AEFD9275AA78C6EA0CC2964A8A519959E1A08FE4A4E905D38B3C6F85F34C8B498B181
311
040367933561D92069B4479D506D46DC40E11C7AC8E43D360D38F981B3C845F091E16EF922E44D4C9897F9CAE32C04356E5235463775556881772FEDF169E86BD23ED72DD9976D4DBA433B90131D2ADA1DEA63DBF7AC4862CEBC9A7FB64B8BC2E308BCA25549684DAAEAADA4E73D3DEF4EEFAC484CCE9CB7F1E76D69FA0EF8
311
2B3A13AC44C78A75FAC7352CE3FFAE4169BFAB36D755E18097F1C8C780B322A514CB23C25853A2FC1B504B0304140006080800135536538D52BCB4F8000000940100003500000042354445303145422D353739322D343842372D413834452D4444373342354433333341452F536368656D61732F636F72652E786D6C8550CB
311
6E833010FC15B477832169029171645AF881F6D49B851D6A25D8C88FAA9F5F1BA8D49E7ADAD5ECCCECEE90EBD7FCC83EA575CAE816CA1C4326F56884D2530BC1DF500DD995126B8CFF45834CF359B69060A064B2262C3B341AEDA54EA83642EE20774E7AC8C6476C5A70E3879C79CE838F0C77CF173EDEF924F332DF789484
311
A0C42E5522BAA99B921668F7C2CE4F43DF20F6DC30742C5983BA131B508D870A77A7E6CCFA9E14494C8957F3CFF6D14AEEA5005AE1AA44B84155F556E2CB115F0EF53B29129312E76DFC795F9ABE03FABADEE948B1CDFE788645FCEF1994F6876AF7DC140E68194F5C07941429A358D600634D79D26F504B03041400060808
311
0013553653A8A0E9F101010000D70100002D00000042354445303145422D353739322D343842372D413834452D4444373342354433333341452F636F72652E786D6C9591CB6E833010457F05CDDE3C0C0812194741F0075D75E7E209B5126CE447D5CFAF29546D77EDCAD69D73C7BE33ECF2BE3C9237B44E19DD4191E690A0
311
9E8C547AEE20F81B6921B970668DF13F3048B458B0834D06CE666BC27A4893D11EF5A66A23F1108573E821991EF1D2819B5E7111A9083E12EE9EAE62BA8B19D322DD39CEBC5ABEAC9345E15102A7392D487E22943E15F9B9CACF65FBCCB28DE42C28ED4B7A3C86CB0BCAC4AC3E46025EB36CAF462A2879304AC63FAA9B420B
311
BCAF87312FC69ED4CD8992AAED1B726DAB910C4353C65A5996D731368966CE9CB7713247936D067FB5EFC65FC9C22AFF996C7738E0C577A86C1B3367D9E70EE2B9AD847F00504B030414000608080013553653B9FC9EC109010000B201000008000000636F72652E786D6C8D50CB6E833010FC156BEF0643D22444C611B4F0
311
053DF5E662875A011BF911B57F5F3B50A9BDF5B4D6CCECCE78E8E5739ED05D5AA78CAEA1C80820A90723941E6B08FE8A4F802E8C5A63FC2F1920CD6759438281D1D19AB06CD060B4973AA1DA08B981DC39E9010D537CD4E0860F39F38C071F15EE962D7CB8F1516645B6EA18F56AFE591DACE45E0A6025290B4C2A5C96AF05
311
39EFC979777AA37952321A82129B9512D15D5D95B4C0DA97E6F8D477156E9EAB06EF8BA6C2EDA1E9F189F425690FD5B1E93A9AA765469DB7F1CFDB9198D323C7EFC997E62BC5E8BB31D32688A104327AFA0246689E883FA1C322FE115A69BF2BB783EB860356C4400F221AA706E378D41B676A9B7D03504B01021400140006
311
080800135536532060AF23D7000000200100004F000000000000000000000000000000000042354445303145422D353739322D343842372D413834452D4444373342354433333341452F4173736574446174612F446566696E6974696F6E4974657261746F7250726F706572746965732E62696E504B010214001400060808
311
0013553653C9DB5DBC280100003002000045000000000000000000000000004401000042354445303145422D353739322D343842372D413834452D4444373342354433333341452F4173736574446174612F496E7374616E636550726F706572746965732E62696E504B010214001400060808001355365388E57597CD3F00
311
00904100006B00000000000000000000000000CF02000042354445303145422D353739322D343842372D413834452D4444373342354433333341452F5265736F75726365732F32394246353530362D353644312D343635432D424532452D4231434242364637423836342F7468756D626E61696C2F302F67656E657269635F
311
706E67504B010214001400060808001355365328BB58AF800100009E0500003D000000000000000000000000002543000042354445303145422D353739322D343842372D413834452D4444373342354433333341452F536368656D61732F436F6D6D6F6E536368656D612E786D6C504B01021400140006080800135536532C
311
CEBD668A040000E01200003E000000000000000000000000000045000042354445303145422D353739322D343842372D413834452D4444373342354433333341452F536368656D61732F47656E65726963536368656D612E786D6C504B01021400140006080800135536536180134D5F0100006B0300004500000000000000
311
000000000000E649000042354445303145422D353739322D343842372D413834452D4444373342354433333341452F536368656D61732F52656E6465724D6174657269616C536368656D612E786D6C504B010214001400060808001355365350EEDB9051000000570000004700000000000000000000000000A84B00004235
311
4445303145422D353739322D343842372D413834452D4444373342354433333341452F4173736574446174612F41737365745461626C654F66436F6E74656E74732E62696E504B0102140014000608080013553653F8658340580000006800000045000000000000000000000000005E4C000042354445303145422D353739
311
322D343842372D413834452D4444373342354433333341452F4173736574446174612F53747265616D56657273696F6E5461626C652E696E66504B01021400140006080800135536539A173E0B340100009A0400003600000000000000000000000000194D000042354445303145422D353739322D343842372D413834452D
311
4444373342354433333341452F4173736574446174612F636E782E786D6C504B0102140014000608080013553653A38E54FEE30000005E0100006700000000000000000000000000A14E000042354445303145422D353739322D343842372D413834452D4444373342354433333341452F5265736F75726365732F32394246
311
353530362D353644312D343635432D424532452D4231434242364637423836342F7468756D626E61696C2F302F636E782E786D6C504B0102140014000608080013553653A233C2345D0000008000000065000000000000000000000000000950000042354445303145422D353739322D343842372D413834452D4444373342
311
354433333341452F5265736F75726365732F32394246353530362D353644312D343635432D424532452D4231434242364637423836342F7468756D626E61696C2F636E782E786D6C504B0102140014000608080013553653BE89762363000000880000005B00000000000000000000000000E950000042354445303145422D
311
353739322D343842372D413834452D4444373342354433333341452F5265736F75726365732F32394246353530362D353644312D343635432D424532452D4231434242364637423836342F636E782E786D6C504B01021400140006080800135536537B40A7757E000000A30000003600000000000000000000000000C55100
311
0042354445303145422D353739322D343842372D413834452D4444373342354433333341452F5265736F75726365732F636E782E786D6C504B0102140014000608080013553653E1E29319070100004F03000034000000000000000000000000009752000042354445303145422D353739322D343842372D413834452D4444
311
373342354433333341452F536368656D61732F636E782E786D6C504B0102140014000608080013553653E3603EBE7A000000C20000002C00000000000000000000000000F053000042354445303145422D353739322D343842372D413834452D4444373342354433333341452F636E782E786D6C504B010214001400060808
311
0013553653D31933617D000000A30000000700000000000000000000000000B4540000636E782E786D6C504B0102140014000608080013553653CA1DF9C9A9000000730100001300000000000000000000000000565500005B436F6E74656E745F54797065735D2E786D6C504B01021400140006080800135536533DEE336E
311
64000000790000001B00000000000000000000000000305600006175746F6465736B2D64657369676E2D7061636B6167652E786D6C504B0102140014000608080013553653BA6077FBF9000000960100003700000000000000000000000000CD56000042354445303145422D353739322D343842372D413834452D44443733
311
42354433333341452F4173736574446174612F636F72652E786D6C504B010214001400060808001355365331869536F50000008E01000068000000000000000000000000001B58000042354445303145422D353739322D343842372D413834452D4444373342354433333341452F5265736F75726365732F32394246353530
311
362D353644312D343635432D424532452D4231434242364637423836342F7468756D626E61696C2F302F636F72652E786D6C504B0102140014000608080013553653DAAE46F9FB0000009601000066000000000000000000000000009659000042354445303145422D353739322D343842372D413834452D44443733423544
311
33333341452F5265736F75726365732F32394246353530362D353644312D343635432D424532452D4231434242364637423836342F7468756D626E61696C2F636F72652E786D6C504B0102140014000608080013553653213A73350D010000B10100005C00000000000000000000000000155B000042354445303145422D35
311
3739322D343842372D413834452D4444373342354433333341452F5265736F75726365732F32394246353530362D353644312D343635432D424532452D4231434242364637423836342F636F72652E786D6C504B01021400140006080800135536532E3C10A6FB0000009601000037000000000000000000000000009C5C00
311
0042354445303145422D353739322D343842372D413834452D4444373342354433333341452F5265736F75726365732F636F72652E786D6C504B01021400140006080800135536538D52BCB4F8000000940100003500000000000000000000000000EC5D000042354445303145422D353739322D343842372D413834452D44
311
44373342354433333341452F536368656D61732F636F72652E786D6C504B0102140014000608080013553653A8A0E9F101010000D70100002D00000000000000000000000000375F000042354445303145422D353739322D343842372D413834452D4444373342354433333341452F636F72652E786D6C504B010214001400
311
0608080013553653B9FC9EC109010000B2010000080000000000000000000000000083600000636F72652E786D6C504B0506000000001A001A00210B0000B26100000000
310
504B030414000608080013553653000000000000000000000000370000006662782F46323935363333372D353545322D344641462D424645412D4331333135434641363742362F617474726962757465732E62696E504B030414000608080013553653000000000000000000000000350000006662782F4632393536333337
310
2D353545322D344641462D424645412D4331333135434641363742362F76657274696365732E62696E504B030414000608080013553653F270F1330600000004000000360000006662782F46323935363333372D353545322D344641462D424645412D4331333135434641363742362F747269616E676C65732E62696E6366
310
60600000504B03041400060808001355365388E57597CD3F000090410000420000006662782F46323935363333372D353545322D344641462D424645412D4331333135434641363742362F7265736F75726365732F322F305F67656E657269632E706E67355B773CD4FF1FBF73E71C0E67EF7576C9DEF3EC995D46C6A1EC50
310
46649CBDF79E192942562825CE965D8A868C2842C8DE9FDFD1F7E7F138F7078FCF6B3F5FCFD7EBFDFEC41B196891913091804020321D6D7513FC77D8C5070EC3FFEE51B21F068154CC75D455CC028A3EA68992803810109FDDE5D5CEC5521B28A1B422BF80741695D5B529DA1C2D058AD2388BDA9F476F7C2CADC939304173
310
DBF48A452BF8A700C0C70C3D121C1AA15A5270C22E2B9E28763651F7DA0D12CE11077B2ECD0D560B5E3DE2368B1E65C5E1C87384A4CC5F2D9FB8BE39E9B77C753783A37998F5CEF1B4FEE553463245C9712270880DF339E0B882A6BA713D865F6F384C842D440934EF264F4A304F8DE4EEFA1E2BF5E2D91F5ADD9613D6E31D
310
DB33ED31DB1D7916CAF091286EA3D31B9CFECB78BB0060245B943C4C040119FF780A74DD308BA9D028678674EB5504ECF284EE814DAED07440BAF649BE4B55DA2890F4D73E2D489A59EE54FDB0A85B59F2F52C4858A02705C4815A792B0C4A996A2023ECB195073E115E3E3647F64243A8338F2000BCB58DA5692C7E7C3D41
310
3F963FEDF3CF00FBB0F831A9D51360FECA43819F527B89FA260EB63C5DA676830AA3626A3693B23F1A17A0DFFCE3EE164E31B5365EDF0C89EF64D8E38AB0BA9A1117D7C3A0EC44F44F4023095E80BA610DE336D0F99593A88BFC5306E72DF98F7FD132ED95878DF2964EA7E43071359FD83B2BDF9C6B5BDF768F0F3C0FC351
310
199526F53D9460A34511F75D1B63E488178569472C91A94497807A3FD4A390C6558F26D416365C3656DE6E769DA9D8FC73774E1709812842DD8EF96AED1960F79D21B395CDDFE6F92CB4EB962A4668C76990E2EF29798C8941D67DA50F4A5F947872460F1F6FDB794E8A29FD7AC0C0D6E0714339CE258FB17AE8535221E346
310
4A10F29A0BE5EEECEFC5675926A89F49EB14E5711894F6586DB5754EB4D5DA9C6437EBA57DB97A24F8B8A8DB295FFD73266CF57E82694DF5166DDF93573AFE9C9C5EB05F8FEF8E89E0A8917B0B3724DB7BEBB53252581EFC3E38166BA131A3A5B42FE2AD00A769BBFA4458D2DE7822F8C4F63D0B8E21B285AE13325F3410A4
310
35C648C9D91FDEB109E73CEDA7BC796961AF79175E1A3CE4C5E8B0D009B0C9E29EFD98BC8E97554E3D8D838424E270F7685226E5AC268E021EDE3522D583E8F20C0BDE2959EF5BBFEEDAB32FE9A3ED0E39F211A86AA9DEBFC68182EDED132AB8BB794442D2D7EA9F4D8BFF52BC4D55BB165124EE90A42D101E67BBBB292FFB
310
4F66DE5BF2300E44546757DA7CEF8932BFC9F92A0707953491A55C5A5ACEDABD9FA1AEA01BAC3DC5A24E22E7C47213493996EFBC369D086ED9397C9BA6C7F9855C7BD5E15BFC8C53DB3D2A4C5901A57ACD2FBDF4D1676E95338B2C2BCE65FDA4C64F5FEFDC7D9CA5AA1FCF11E193F2FDABF0F4916BF13FB916A224380E6462
310
A9815F2300DC49CC4DF8D055CEF76462F4B7A7ACA7365C2707891370BC1D0AA6203C44CCAB47084FEC057F27FFCD57F89B8B9852459798A675C66BD7CE572CAF71FF7E6D7ECF7BF62CAB7B3F1107DCD04DC55A3F9961700286141C94A4F771FEB2BCDA2DDEE0CB0BAE402FF1DB0100F8E475DFFFC074DDB4498AB7D186A765
310
4DDB1CB680D703D47CEB4E72F8CB13D86A4AA68116E26387B93FD6738779B34FEDB8E517EDF2BAF28D9BE93A1D3A164320E07D42E514725C29515FF361754213EDE06B079A2E99EB1CA82A02019EADEEB87B9AF005BD04BBCECB14AACD6B24EFBE482194A97DD32400685FF1FEF1544D1B14EFB1E7F08E6D2CD2AF52DE757F
310
35F5E62332EE88EA26417AD5C3E0E319D68F25414E6D672BD4522B278C57D18F0113921C71D96527E091F00CEB15AE23D24667369BD3CEFA10C7549D930890BA4366F4EBC55F01F746109F98ABCDD5A3EE06619C6AD78AB33E48E4C9BD21BF7478B385EC05C4F8987E2C1BFA0A60EBEDAA0AE0B015C2720ECE180FB6F2DEFB
310
EB822D96338C9B63822183BBF52FB664A7AE57003AABCE512BF77E7E31BDA2E739AC4C131657DDFE5225E900FB56CC01CDE808FA4A9C9DA16AC679656BB64796283D89812B8F91136AE18EE5EBBAF47A73BE3C153EB5D4CD491B4BFB4FE690A4CF9ABA08C0D8AA64220C438C96EA6CA80B58FE5761E697B3A292EB9FBDA502
310
FA863E49FE694ADDFFF9D62C520BDD1A22014147A0903A05B9B729F54272EF83931FEEC057BFF8C8055C279EAC5C0011804828734024F6CFA319C9CC6867C727184465CD9BB7ED386AFFD96B294A85E3802FAE47244602D8273615952B98C4F23F7EAE4463D9D638EEE374A20959E0FE519C4CFB0FBFE5DD80C2AA3F9DB961
310
D1BDE57E67C9BB47B77FDD74EE3094F5DBBE3EBC1FBDB7393F5116263009E2EFE1AF9A221B2AE234C902BF70E9F280ED23E73908361565964333A3F01D0B006AF32FB21AA1316744B489D5A198E85299241735BE559675130955C902A8ED761FC0DBE337A9F91919AF5CE32AF902ADF9AB2615E00E8A94586BA1A90839B618
310
32FF1BFB76D2EFADE6DB1BA04CCAD3DA649E7E2A0219F592E22F2AD54847EEA8E42271011E9074F8F3DD9FBA6CDF88FFC9FC7E811AD1CA8F4557CE4AFC7BBEDCF0114A48689F20A584520C74DA8127124B767E2FB91A6B186246727BE63C9445BAE02088D58B8EFDC0F1072407CD9B89A13F6303B4A928F593AD489B58E686
310
9325790ADC406036C591729FE14021F94B7796BB11848D463536A092A26F077F94639F7CEEE2A724C66EC885F4A24F8B8A0AC321F8FD149BA529460FAA34E4663C02D41FDF80BCA222D42F0ABFF8490F4FA74C673807C2051D8E467B47B616072860069A9A303ABA9B319D58404461401B0A0F9BE5E1E151C14BC33B32ABE0
310
3DDE91708DFAEB15E7C0D593C86BB7D7EC17BE56E57975F077BFD5525F3A1A361D584A75E08CF29FC7B44B2B3085014F3A5A14517377C3F6B8F37E59514C3B12F8AACDEDDA4DFC49BE5710101534CD6FB6DE15B50F11A09472AABA727F0C49D9CB906B158030065F48EB3625E010CEC1D511D0053474B11E6A4F01C0D6EF1B
310
ED3A944FDEC70E0DDCDC756C86545910E0DAE3BE3AA9A404574C2995CD5CAF9549226BC94B4F4F0F5F9086F418F6B32346464610D8BC7391D3C3A3CCF04CFC1FB2A3A3170E369511868F14EEA4E5E438CC73DB1F3248AA94B6B2FF33B222FF3D1E7BF146CAD229770158063BCE4F5391964DF62F7E52A7BE0EEA829C9E13C4
310
C147D6F93FE59E111DAB5E4594D6F3CD1AD375EE039930EFE5AF2BB2D41C83C7DABD8C659BAFBE8FAB392CA634F3D15C1D945DB4588D2B0824A4EC928AAC565557CA2F0DAA588CA5BE30B3A8004F7BF005E96CBF891D7F18112A3619FDF530DC8AA64954258E1811789B5189B49B4EB53F5F89F7D37523894F3EB57B373763
310
C91E502F52CC99EB7BDDF933FC324C4FFC2561DFFA7339FAFDD0A4BFBE6D3A8FF9ED1FC49898139864602458968913181918F719CCF5A68B2EE9C1FF050E34E63107003B8120FA982C21B30A874E4F5E4B38D5A8290C4B8D9BE48A0BE31EA995BDC37AC6DE90BA17D259DEF53605D55922FEB1855D915B659FBEB350EE0DFB
310
2F9F766E1C84CC8964B75D08667445EAB966015F63A18A9E0A325C1B3DC628C0D3CB60F767FA93CC65F25458BD23C3B312716E5F40E5858AC06EBA9AB14F95DB99147B832069201541D09A0D856E12C629CF32683760EE855537D1901988D5EBC156676C7DD51D7207CF3267AF1D76C2AD867315E44618015313A98B19941C
310
696FED3461CAA9B5415F918556D7802EDACEFD6B2E45853A9735DFC9DBF7E440F9319F8B6805A973BCCDC76C069A9144E51F187EDCC12FC31B5DEAAF0A76137199B106EC84ADA6B6EE697D4E6A96E007417F4E880E8B1E89B4BCE9D81EF611E2ED8F0C1A6C25F620FAFAAB656A7C42D464880E8AFAB0E0FC8EA38CA9A8AEEA
310
EE3E4648BA4680270A89743CDD3E6C6CBF34B7B640EFA285ABC7EA0A1E28F3CC963D114A80123EE66D0AF7D5380EB41909B605AB4765B709B808590458157E69BA1378FEC4B48CAF6A730E3BE3C5EF2DD1A5EAF94B1DDE50CEB55DDFD7EE9A16747FA4B223359FB1FCC69E1194892BABB93A1D5C4E807AC0EA2E30180811E7
310
7A2291F6E7F7FAA5E0F60215BC6024E48DE436C511F0628B8CA189982D4D83CCA17D305A7E923C37941CFDFDCD93ACAF735EF5F0E61BBD3E6C41A59B242790D3A3BAC7064DCD89AA2E37214EC839820949D5CAA31E240D2948E48F690298974A96BA9A8432BC90F5071D6537C9666EA4564796B7AFFFA548077BEEA75F6308
310
3435074BA182F3699557397F71548383FDA8CA34D99B981E72835ECDA5DDDC151315173D05A21F651AAF8524E88209E2E7A737ED1045800CE3390050BCFB8BE588DF111617874C62575039CA588EEFDEFEFE319B739DE2EDC147092A262611E159650E787917885EF08F1F51B8F2D8A71D60B58B190FEF9541A1BE94BC19FE
310
A50784DA1419FE4B0FB51B8D36B5FF8E1286FD8AF42B91E59A5F1CC4D60174E764045FD8C57B18209B217F89A62252BD20BE0E63E12B8E8F029FE19E0E8D0870F58721A557082250D5424F7909369376E41666C0EE77CD87CB283F661D5FB6D0DA023CB67320A20DC7BE661E9E1BFE5463085C557DA1FF9BE835733766C3D1
310
39F2CF9E2208873AD0EB4814DE9E6BF2CAF81614D4D43906ED1C05A3265CABBFE192770FC2F64F940CB6B17B5F166F133C9AEEAD2641807C3E69515171DD74C4A85311513D6EC9530B3B601B6BA3EBFF3B5C3D2F7D69765141E345F75433953D013ADDF8F6AA7DC3F4A7563FE5C7D367937E2900D7EAD0F9FC9A4A1A9B5BDF
310
1FEF08532660C01C5D6DE22199AA774383E306DAB87E301ABB7D213887F9869D4942D0D71E94B27EDF216A318BD488D45DF84529EF575AF3C3938C0AAA0215B01994153E2054A0B894DA5C784980633AAD48576957CF4AEAEAFADC7C587368551C73DBE1E57C58AC713303A8BFC258BD04B51724459FF9E24C03A81E0E0679
310
CEB9B348C0DC998FEB9C6D6EFA77D247CC8F92D3848599ED89A23218D0636465AD1CEEB7DC140D7426F83491C4E8E8281C2FB35240918FFECE880CA2A42D70E8B20B34DF5221C7DB0CF90ECCB9C745B37A47E9B716FF7A97B7A252C1F3814DC7B1E1A7F72B8751D524EF7CAE45B0C73B3BE7D08ED39781B380DDFC9AA4A474
310
9C9493DB5BAD07A6EA6C092FBD0E85DB004DF06B8C9D3089C5320187E4CE1846158C7EA7DDAE8AD9AFFF21AA3A1026BB06A259845E8232DEE62811A4DA9CEAB3A4887320B76E2AE5615EAB7BDF738CBDD01F1E64064BC13D9EC53576751CA8CACD58B3CEB0E6CA585BD089B2A59B9FC101403387AADBDBE70586B93D64BF3A
310
D4453EF9C3B6A93817E8346991798601344F79A83C51F3D50F7BF2683A3605F51A72449489E0EE6169C749C60B1035651103AEE24D24E51A759C840DD3FC6504DA6FE107510E447B43461C79D22970B75DE5E1BD3007D1AFC619A4A4A69B5626AF5E9B8374E20677F77E2F8E73DF868E8BEC7EBA7B6A75EEF7205E1AB9486C
310
B642741D6E03FF13FCCEDB1C4AC129886268B01CDF4B124AF797CF784F3C6DEC97A17D4B558070A0F1C04DA4FF9BDBF34159AEFE958479824B3F58EBD1E19088A2AFDE501B6F2052368A3FD0E650A179EFAB1561E1D27527077136E652676C3670F42DCB3352F48F6BC86D2C3B0051727E41A0A4DC6CE2BE9D47F5CAA2935A
310
3C0539AF080665997194ABECD723B08129CC5B6B21D2E7D54CD4D12610E7E9FB8306771A89576C7A982002775ED44F3F744CF21EEBB27A631671D921938AAEE3EB0D19CD1E083727F607823E817BF599DCED5394E37EEBC2E88782E638920CA641EF74D4CDFCDEF06F4278ECB18E31E7E9876F2D783C8BF429C75395F57E98
310
C2B495A3DA077EB3AC3C158608B6B57FE3EA48484D9A480096FCEE0DE880950E7E5A5714131C5C41AAA29FD19AE81AC145FA1B9E85C7169A5AB837B213493DF7E9AA4B5FBF9CDEB36EBD21EF1181B7CF7366AB2A951D01E37AF4EB835D1BE8C117CFBE7625D2EBCDB0B20C5A4B45CED0BCDE3EE8DA9DA78C2E21DEAAFFD119
310
7E463C33CC6A80FB785669B856EFF7A8CCCA2841B5A5369173320B1170C368B2748D81062EA0296E5E2D95D7667A4A46D98A6FF475C76AAB0A8C8D45E226FAFC9FE0133EA9F60111F99CA81ACE03A1D14C89E8B0D69079C91464FA1D99E651D0EAF606F345C42A8A1AA9BA391031582B96D5B4176A77AADB01F12FD298A75D
310
EEBB2C82F0B8650E880722F8DDD90C56A7A058E5FDEF1AC93545BA27367C76F5D8F9690CB6F8DAE141EDD7971F0FB548A2AE435F224D6E5954CA155512F7332029D5A1230854B79F258EC5FFDB09F5F6343A8EB193229B7F7E79B3E48F8E183860B38C8269D1B53738FF1E0BACF6AADA6D4869E9DE708E79B5DADCC09B1BC7
310
6F649731CFAF59A83FD8BAE4C749D66FA87A3810D4D62FFE826FA400C0F325D2BC0F3CA35F5847B82A2ACC7961745C823E4D863D54460AF792CE6F79B5C7A33B25C3AEA6CDE15A919B6367D781E9D44F61BF828672594A3E1D9EDD6DF179A81F27EAC05B936575D73E05C209DDD2115CFB705DF9BBF3C911589B3640735E9E
310
618FC9C36A7326C82B2205E244C55D56FDB9D5DC93CE958D4BF8174D2B3DA54CB3C09F2C2A6DFF73D23B2197355761AD421EC581284A7EF8DE2CE3497C0C804D49B41DFD6A7360844E5BEFFB495CFCDB97A4595911CDBA623274CE852B5E278AF0BEB1770E9D37CD977B2766A7DED0E94B840E1E95E8C77DE5CB6354AF7871
310
427C28ADBEEF7BA0A28E19DE9ACD75F379FE373EAE6DDDAE3834692F9C2B03B4FCA8FCA9ABE8EEEBEBB725B88A7C90941E850682CA04061A7DF0CE82ED49BFAFFD42C309818FAE14755CAAE78B0F73243ECCCAD7DF58FCB9CDFAE7A4D3E6671A613639130D056C8383C8F4FCF4808C331E544DD26E4755D09EA05253B3049A
310
1E32587CC25D72E073E2CD96D04A71BBCB0038FEC3F53D254199C3CDC67CD66640269431860225392B2CB3ECD0B4498AAE78BA1994246AE1EE78F2EDFB79F6C6CB6B5E279C4D373FBC21CB2698C9ACBBEB6A4BB6B39E16AB0E421CCBFC7654D81ED86022F9BB522146F9F4772E2D0E4FA70120C95A85A417BF5078B232F475
310
4363EB1750B2AC2148EB46B1EA72AD9B4D23ADCBC589D70106C3EC2ABEEED84DFE28E718C6C83502C28E9FDD3B09DA0A6F6F7B72B706A31C9E2A331EE70DA56A083D2177BFD63C55B11D8D949FAFCF90B23A1E24B9B5018B9A17E99F2890EC302F330FE7936E2C23F0D237EC8916F5166AB84B62A21BB0B950146962D754F9
310
2CC2C8877BED8FC7B7B25726DD19545392570B3A2C66B58F027BEF412E552D12A588C4A3CC5C3193FCB3485EFFF700D0B9EEC077754A33DC1FB9E25AF814628F91DDFECB667D3F7690803F38D13F8AE39353523BB08FC6760144AFA2CE28236F65EDBB3D5F59A57D612B99E3D7E5F8A851666BF9B5A6658EFC96EEB37A378A
310
BB0EB3FDDF1303AF32C41BD1C8560745D7BD81066B0D6313359CF488563D3BA3F8E2185D1FAA3EBA1397C9D0E3DD232180A4DCADB6AF25DB3AC3CC26589C8239E66E81547BC7E2F328F9884764CA37EB5DBE390DFC03A5246B456A7C3684C4377D0EEF9A350680FA9A077E8B2957B489E09AB1AD41316944C2254B5984830F
310
691C93CAA767EECF976FA5647538830B5E63236A6F0365C1E0F3E327F24FE35EDDBD7360B0F7374837409F7A6311BECC12B7026D4FA1AE204FA3F5FE904B1F420C7A9044AE58E403E7C4848E7DA25DC9EDAC79DD756FAA26B9EA83ACE8A214A2612A22AFA19DAE7DBAC5F8CDE1292A485F98DAC731A29FE01A3966E96BCB9F
310
B5A4C8830E1B9AF0C54B87FBE221A097036E5D28D1F869F810C06A9BB0AC0612F69AEBAF893C6E7AD59460208BAB3A6B09CA4F6BDDAB8CF0D1F84B72487498395A70DCD754796E271099A567A55CF242BBED64696378BB6CF25EF0FCDB589F3A82F1116D010A9AB9FA4358809EE0C973A2B4229BAA876A70B03AB49CBA7FBE
310
71DB1832FFD32F9BF2C8E98075CACAFB36921235D0F552B6A67E94E094097A5D7DF681B40623DA535ADA7A9AD8E9A62407D7C9A5AE51D62A17A83A23728DE86BB56115804D3F2675F2C6B87541A0FC497BF0CA86420F558C9859EBE9FAD62747E323E3AADC03FDCDDFE7407B09DA90B44E3185723C5381EAEF589765E2F7A0
310
99BA46695BAD60CEF3491B8A171F5F56444F7CE9455312C3498C74173AEA0214EC029833B34B650CBB5A5508D5091665309642791708ECF27CF11DB3D797D6CFE474453BD4BFADB768094B2147814D81C7CBAF8228DCAF5564B5891F5EF6A860EB2E323CB82AB868D8EA048880D63B0DE5341F1B3D53297B928A11E15F25E5
310
148990F710747C3509ED14909C552EBE3973246FCE55D00564D8310BC3EBC5085D08D806799B77D6C57FDF5E55837F9E934F09C03C729271B64F12D0A9F9E938107CAF7BF1EC8CF1BB9B42363D33070F4CACB425E605DDB0A34A12BB936DE286B9887A4E2E558F0886498BFF49C311D96C277CF6A9FC0D75AD0ECC5226D7E0
310
E3572012E56D7FDE4410CEC7A6D0F997F225A2055B8B92E3956E875AE4993CB3D4C9063AF98FD45E1BAB165640A43439A2C9181A7C355B297C0A0CCFFAE19B6FA3C2BA238A885FBC98B8F6DAF4B94B97304878DF4D8BFF6A4AEDF79E90ED4E68F00CD7299F4E0D83E35601AF0CBEF18C1E870E74758FA91F5131075004DB3C
310
FCF09AE1DABC11957FD9808C92E8A678CE9DBE40DDA0E0D1D505AAFBCBA208232BFB6FB3704E8985E61ADE53DE74152F5C7DE74B1DEDCD37DC3E8FB30D7EBA8B9EFFC3606BF90B8D438279CB7709FC7C00D327F41817EEA71CD9E49FE9C8C9A81C70915D9F0F15958EC5AA4C3BBFAF46986B90F188BDB24B89DE3C6F29EC3E
310
6F66D84856EE96A35E657CA41B41EFD8DBFA16AD6E91439EA92B40B21C053249F51AE50EB0B24C770FFAF40DF12C8436366819C48E36547D4E7B72FE2BBF10828583057814A668BDF183F6B2E58DFB151103E56303E63D00F39C27C4661605DB644D19175D02E3F0241E8FC3458D17AAAADB117CE9EEA690D0DB01E634878C
310
04C2C9310B69FCAB831151E3AD293BEF6E46B0ABCECB50F5939B39C613D41E81FAE8D34CAE3C4566B761D37185FE864AC32FCB71AEF39DAA5BAB88609BB980CD2F07A8F941653B529567726E2B2A58D079DD57E1E5E31426CF184A04D7B03B985F276D47406AF276FE32E3328BA866EB1FD39BEF57863A317634AA5FE46740
310
9B3873F5069EF0D71AF00AD189D17BA1974ECDB2D623E9E14086386A6AAB5807825C37B015BFE892AFD154920EC437EB945D958E18622E1E0FE2FA06557CE4BB9BBD05A2D40E774DA2B65473791E314B7D6C886820B2FCFE4AA272B3B8B15E7344A145E8AF919B5454D89D36D413E87211186BF6F645E5EC94DCCE8E1C7990
310
22E4EC9BC86D7A0F2AFB1FC4B2CE48F84B3F49ECE65BAD24CADCC07EFF39AB06BE9E6B27A059938EA7208838455383DDBCFCD967DDE4650EF92A14FF933C975DB20BD7FEEBC4487576485963D757D16340D9599FEB362F775F38CA4185A86F74B629C81B133644A3B18FD056E997E0734F9BE26D11C0AAFC669E2AC9FC41D2
310
81F8B2E1C35AE27BCE05F3DA295488096688719D974DF1B5D182DB7792288697F8763CFB43562C1CDEE11C4AABD5C22B6E33F6F389CFC3477C5919DC0D533F8A7A1846B7ADB60ABDC26C43D0CFC8910B7C15EE22675BD02702ED39DB77A87A192CA7A543E6205B979B9F5A6B512A3CA799E198B2D5797C0AF8D1D872CA455D
310
4D431A7879D4DD76110B5FF7F4176B54477A9EB5E4A5D11214FDA585F0382751D8E2582BA5D2075053298FEB8F1537304E32CB22C2E2B693DC0A760B1DFCA751BDC445AFDCBB12820ED85F6D5298933C7EF1211E9E057684056CDA3FEF3BB6052355E162DF27C59E965A8DDB7F9437EB72CDDA3A090DE65A5B2F50326247B7
310
EC67B73ACC7047FC9B353D6EE990F772207C6EC52B39DC2F3C0754821DAB559F7C1809C7D0DD5B0499D0442E0A6E391B3D5DB46D11E731E6794EC77523FBDAA242ED67F9FA1FB684255671F63C9BCFE6E7E896D51001A6113EF2298BA494E0B0980D1FA5B9D60796554C02256B1E0345FB7C6186B6A19D2DCA270416262845
310
FA4F42DB5D9B0A0B6F07FCA2E56C242522E001E0CEB734AF310FC8BFB57E38E03AACE93B3326A2197891E68452B26A6307FDABFEE0223D3C03C3C73D2D5BC054C8311F12004CAE488E5C29287F8156A2CAA4AD0D7BE6B97264E4139F437CE73ADF52E5134C52B819777C18B323A5924E4F67AFD13B1CDC3A61793A79FAF5C0
310
CEB718E441071E797C6DCCB9EFCF7E4A1E9F3DF3C2F9C9E8294E9586868788C972857FB0556D7A26941A7EEB9B580AD78EC40B85DC906B4120A563CA3B87797ED612D3B035962BB75F6515A393F4CB057F564CDF54F2E5A024514E6A1F901DB80C7E70B1FC05E356A7E72FABF4775B3E3FB8F70A2A8E7B6A94542BB3041579
310
78CCC999E707A29CC795E67A59CC546A5D47B368954CA7B6E75EC9E1F6FC73CE3B4F71F8CB1A6B15923D61EAAEB14626AAA9D04A26EB9C66CD1BE86CA31A5D8703DE04CD1EBCE4F5CCB62F93909AD11E55799A781A956ED27D3E738F4538CB04ADABC7DAEF20BC35BA6A90BCC1DC61BA05F20D8832FFB9BC9B15E2DB838A0A
310
FBB7E0C82A562127E0446894F427794C3037186F622BF24DE1B00AA10A23BFA47B2A180D6DA5AD6F7326FEB8C100C2D7142EB2A0B2A9D1008A09BA343D70E054AB69E2A7EDB783CBD92537FAF4A44D1296AC2792729104B3276C276C951D0CF3CF3F1E6B017720A7B8505A5FF9589365979678C36F1BAF759EAF57C60F1FF5
310
FE9DCF5F8E764FF25A2D06CF25117A8FED51884C13B2B750DB0E4F5E3D64124FCF11F0AD8F1CC3B3DA4B38ED22BF1CB2585EE6BFEBBA63FBFD44F9537B9B37BDD6B358720F98A8125AED4349CCFEB0E135F19E208A04CA7E2B10711185D72E381F448036EF57C9F874E54A971CA37A639E986AC0226DC5AA00D5B14FEA9192
310
234B3DE617814FC221C92F33F1D392F297731B567FD98FD91D989379AF567A65B8ADF177591DB90FBEA99BF4ED11B16E50A0AB1DBF1156D034BBE04D69D08F939D8E92BF525A1DDAFF80ECBC95D8F45D3FDD289FD23F7D8B452F8EBB34EC082DEEE68E18EDDF072060FAD2AB1504DD4879BF67099FC58F6E9DEFBF645D1633
310
4A3E9A127C6F1AF6132CF287E433B43A0EE93812B4AA0B194E03EE3FF91EF9C6ED0074A2F6EB18A96A7C9890B1FCDA1F2095E944DB911ED54C60DF16FB74C8CE9BDC7C54C4F14078CF73C2FFF1F1BBCCD7CF64F71407EA1683DBC410D226627F66E509060D5C0AFD611DE681D509DB8DD12FB1265B03C6F5C55FF4C30BD941
310
87FF692B4F152982502F193098A789526A038AB529A52BC0DC4FB6285CBAC10A8B8DB75DCD9BDABBB221E27D1F8DA9F5EE5926A1C8AA9BA9BC09239C6A7F12914EA3B59EFF7AAEC3FFCCE56F1C5C2980AD072793527565E774F4631DB178CEEC691B1F367BEA0CF2907E1D6B854D527065979DDEF002D8B2ACEA7CE21AE297
310
737EDE1D45B31233B73FEA35BCFDD0B09721FDBAF6432681F2FD10C3E9EFB246FD6E854B344ACC9D8A0EEF876A7314B49B6A499FC650B099D650DBFEC7638ADFD245E2B7839DA5AC5F7D5623FC0ECEEC8653FC9B2BDD1AD4D00A566FBA7186DD3C9CD26512551637498CADB950FEC71ADB9A5524285DE328B8EC7EC75D2345
310
AEC6A27C42AF6D9B92155315C80DBFCABBB7DA0FAE425C4FB896B15C9BFAC4FE67DF5A23D30C93DA4D8F36FB15D100050DA6062E22AEC5F4DAC4F6FEEF97AE05DE63C6D38F9E068A20BC5E3B6BCD75320C5090924E7F93640A7735B1A43451C2D91EE62C6238B797349E59890AF3A520DF4A87095F3ABEC2E61F0593416CE4
310
6CDCBE0E00E2523FCCD04408588B5B6C9DB6459C786CE378770B54F51DA3A5E1DF2A3349BEAAC234A6CF8993B598B3B25B4B113E353A4D750FA7534749430F3EBF2512E7EA3FD43C6AB9A1F765A58463B306721A15D224FAFE8C6F5E3432D57EE697DA0DD5A9D4866A8BCCAAA9DFF1F06047851408FEC060471D0E3EB86BFA
310
F46E4B5E60311DC3E3CEA147C75CF971BE74689507154FF2D2E92F15CDB2B9182B11459FD8ACAC5A85F174BC94A7F4EE4C4F5CAFA7C02E37BF0BC77B7DCD0C047BC316F562A01A441AFA7931CC84A28CB9F4AA367EB515778F29BFE61195FA671F4352E5E46E3A64773F1F76EE5EB36D7BCE9BCEAD837A4D77F8DB8C92AEEF
310
6711920D7C7D0F76B0FD0EB7AB83724CD35BCA7D36DDDF5FBB7FF6F04A91F3E2BB3B8F1A43CD659639507FF6331C5F697BCC782AE57D757A27D97F1AB9E0AEDB43F92F1B2AACDF5FEC8ADBAF9F814E2027003BA2F9E144B1938A7A04050AE5D953B82C45619165C813A10E76DD6906B3C16438064D14CDA713AEC420034613
310
E1AC7241904A49FBF87409AFB1FCB9B72FE7933A87D8FBEDACECE4EDCF6A4FE9FB94D5DEB74FAB7CFEAE17EE965DF980DCCA2D04134994F9A2E94D2265DA4FE6AA7B7AC15FACAC2B5ABBCD7DFF542C5314FDAB2E1B9D8B65220B8E2B638BE008E8DCA22678C820C5053664D15E89F2D735B51A84955E81A443545E9FF787BE
310
0FA700A76D136C27DA179A7C6E8939E01BE756E19CB292798063D8B97F44E8A27BCF3A614FEB8BE974A718E86F7EC99B53CA35FA24F61F2B07266684623A3D4CF073E511F3A10A8FDAFAF0078C577F4DF9D339FE7862E5FA47CF4344209E5BF76D783B1B48E152AD281B15FCB934DCDA49CEC5706B1EE8B460F435324A5CAD
310
154725E21AB8044B75A557A79F6C807B9340AA3D92503E866F4274412926C8C504E4D5EF8C0E68DD0B028781A6B4054F11CF18941F101C57CCC796773ABC8DED9CD91FE5788806C05E548895354AEAC96546D55B0E94A59F148D061F42AA398D822CDECA4CDE79E13469BDCC44FDC990F366BA5978C15F97ED80CBFD73B0CD
310
9B8B83A4F6845BDFBFAF034019473FB9A63BD55D3A4A7284757071574029A4D016DCCBE95DD679EF3C4880BF169422F8C89B68A988D2B13793CAED4F74DE7486C72DC94DF46B8E93D8E02EFCB1FF9B3BA10C8AE7F653DF94F4AF466CDDCEF5776687F7C4C14B63E4EED1719DC2EC482D7DBCC7AE518CDE3D5FF86D39000EC3
310
673C0044E1D308BF05F74D1B5F033A7D1BE7F74BC55BBE3E4A20F920946CA0271EB17BD2B80E5660ACB8A29A79F5E4BBA49D4D945B6EEF4A7EFEAA65E5555BBB57A7E15D2F83C69F30BBB978D2B39F1F26FC097424D39BB33CA3D87ABF64E307938B685BAD44F71556A30B7E712CA4FE600613C3E554B69ADE949A7CFE214D
310
F1FFF05CB82151EC6FC31950239F94CF7AD39DC473F6EA356E5EC2C4EFA04383CEFE985A127484366FBEE3C0EC4FEA363E4F6632AE781392FD45D67B63FB8DF70E82734F431FD3443172A0E30A83D60982D55FA6A2CF86DBA8382502ACC6CDEF3B907982EED1160E14863FA242F9757347E1544275CCDCF71ECD5F8621CBEA
310
326B8BA884AD7F825781923E66971F04010D574C541D8427A438A37EEF8AF88240EED7362C953F5A81DE2D56109CDE2524EA0F5D2F87308C0C47BD97AD605878AB8589E17CA83930CB5E0DCCD75853D68B1AB136594926DE426C367428E9334AFAFF90ECE221BB5DC9E5BB53D2CDEF954EAA9CD814F0E5725F1965DD458E5F
310
8487683AD86B9D0076BE3EE91EB1CECC5331A67A3F79D8B27587C12EC2A6A70474749F27B4C0BBAFB94B34189E88DC18964BE4121B9137FD516C7755356E50D6714E31ACD222621EBBCD1CFF81D87479056A9DA0E0B8EA19D24CF937DA89F78E8650CCBDC110AAB6C4E46DCBFD0446BA9E2060E81F314AC2031E88135E5476
310
AC0160EF5C0DD2EEF1B8B5CB2D198BE9A554A9093B5F7D7E4B5407DDFCA1D9C152FD97F55BFFFDFE802954DFEC8995B983E28AC92F1971E28F531DC407A1280EB125F64A72E617EFB27DFBCEDCDA2D6F2BDADA36873EE46B9BE1782998C63DA7182BC383FB6FD15DA472B175D7E8B4FC88F38D6E07FEAA3FA3CBB8F6B449EC
310
F14D2175E5C5CCA3A42ABF24CA6C9395AF74535F4DDB38CB84F56614B0FD32D7E19CA5CF988DB4449C40E23DF2B16772594554579094450F56F253CD25EA7F77366FB1CFE79696C428BB64D5A41E986189427E5E4D7E2DAE3D5BB4972B3DC44EAABDDDD63A2264ECFA5C786EB0EE1FDC5BE34FA0F08376869FD1E61EA06CAE
310
15191135445EE8F0394161C3266A596AA035572BB0C8876180D8B9C77D307DF9DCDF7365ABDA6F3A2366436457A4DFC1F259666569A9E4A79C817BDD5610E5200FCE894A358EC72858D50EF67545DA81C6FACE3D457BAF70367E1E6BDD9A952FB4F56247F58F523B97E640246051A72F79BE42FFA0B3187F63097F91C48B86
310
8586F714B0EBD5A00A8412C1236E1298F60C72BE6C96B82B404CADAA304AE9F303176B14BA53FBC2D5E86377E35542019E24D97B96A49B2C0E5006E7795954DEAF5DA58958839043C6C70BD3B1B33B6DC5C31316D8A6923F142E26F6711A2258AF977DDF1F970ECC4F1F2B434B96D81BEB6E89BF3BBB3C7C8CC80505070723
310
D6D7D7D3C8CA27CA164A26024FED94B12A86031867241DA53D929636DA600F050BC40CE48B8BA03D69224720DEE2ED2127390BDF5E6EA64527BBD4C4C63FA76BB801FEEC0E61218EC98A8A86CD8313781617877E66692839B9468CF4DB8E50A73986E558E309C0D6F676F921BE02F1185454DC75B111572FF9D27D85EA14C0
310
5AD7271225B391C4275659CA4A43759D0BA44639BE4C30A84DB7F67A41399FB95CBF923B1B1672ABC807C1590557FB18D811983FA97F5E609516D62281D38B1281F68FC75528C35E4CD7DF0F7DBB5E5DD69C414EBEA2F4A5B241B996BA77AE6C772E367408C633EA3E438B68563EA8BE7667F3A4C4FDEEA52ABD78A2820F44
310
3B7914A15F180018D231E64519C56A12F6CA7C8DAE18F06F6B769DBF92329EF6A5D18FBCE600F36BD8E8198DE5CDAA96181F3A756EBA5501CEE58F497EA4F418A2B82565B9BCC611713C0B708CCA1F398B78C5F7D03B3437CC18F13061F55C7BEDADD5ACB1DB0E36D3CE47FF6EA1A563A57E9649EA5D14D1A50EAA45746338
310
1C073777EF1600607BAF6428A7DDC079D47A204EF1E1F1F0589FB054D45E02CE623B3823C317C601E589E22B1E88B448524B86A82828E32345EC18AE17214B42F8C41C6D428016D9BA31DDCB47572561E5A402E5BA4FCE55F78AF7268524AA04130F3A20BA5D1E9F9948EA48FC8F5314FDB35E21898198060034ACE5E3E2BB
310
CA34092518F275190AF65F45867FF0900AA4B81F25427414C372BF51DC29AA855C5428EE1EEDD6B849AD60F6E73475C2D2523F8A2772C840A478DED18A8C5C91B085F255DC4F54EA7AA8947354FD17ECF8FB3B4A0DE7B483CAF3A1165EE05BBA413E5C1FEF3DE1D6B8F2F3F3251C17D9FCAB48A9AAF63AC773A0E413BBC46A
310
9ADF84A566FC920E4D8C52C9769EE3301CADEEEDD92B312E02E2A7E35B7F1E7D203FE5A7D75578B06E99D0E46FFADB8FDA17ED8880390DA29094202D6F645F76F6F96409CDA05495A96E84B04A00D1A6C6C81D7F3DE9376E828CCF144EE50E364ACCE7237EA0BFB5607ED1AC3CFE73794E5B61739D14DF1743441B1AC98F00
310
ECEDE9E7301FA29755FBEFA68C91EF2B314CF510537EF1ABFC9A762496280B546F5EDAAF8A5B387D469FC9A878A92828C88608453ACEC6094DCA54111E7AD5B2663DFE2DD151B7F123B9F4FEF8EE36AB125FD7AD52A59B1B765B3E3F73E3F73DEA93875004D2AFFE3CDE9493B87A9904DD052028949041A91DC0E1BA47BA71
310
4343FD5B25E0A6A09503AFC17C790058A836A324FE31D7893512E28230332F153181C1E018E1124EBE1BA262AA428A518237D1EA7275E48C5C561BD19ED6912EDD8367DA0F31E40EEAE9683DA9257525AEA7B632B97119E17145A90231768A4F3B9120FF32E8319B015E3CBE26F1A754177D8185345817C096B0CE443A955D
310
13AC15E1FB5DEEA0239EC32A3C92241A237B0B02FFCB4F93CF2B02570C8D192E2F2A68CEEB42F12E6F8CEEFF46C251E22B4341C56FB08CCE550E7A9D6F4D6564B9EA52A83D5BF2C6E03FA19D2775E15A8A7ACF30A13C259EE7F5EF2AC3BA354F1500E1A07FC63FB4686E2F12EC69719F9ECF5FE3F35598DF2CE944008CE78F
310
0911BA5BE5D0A34E0098FF038669C26030BA9B300303039852A8F6F496341737CA7E0D2E3AAA36DE0A70AA7D9CA0D54D9AD84B18A44C9E625475E1C97B93BEBB38DCE7D227E67A2D00F531436136355F243D1FC0D712C5765754FA22FCFFAE97919161F46D6E61ACB37D83777B385889770B50765B127768443A5C4D3A4E35
310
A3151111F146B7CA116F918A049F1C272F2CD7976C69A0068773451659A97E0F4A08FE604C3FF6CE7385DB19F4D3ABC8A0D80DA8A42096AC377DB49382B36E270B6FA7570188B4B7D1DDDDA82ACA487CCA5D38BD3BD039ADBAFA4ACFF27809239B722081E2EB9F145320553D183F28471C388BC8814E5045676767AB58A8E7
310
2D1CED2CA731379515D2E533E4CF0B39DFC625F97AC4836831A4DE330E87A8126FA17EBE583D614E71E22A8DBF2825599743E0640037303E8E1B1E8EA4E1ABFA4F62907B5E4E0E5DCFDAB417C36C6848A2B8D15F1E505434C0707E16B1CFC2A1C36A42BBF55734F8F4301DDC2A5110CEE8C0747F69519265012A2174BF4E95
310
5ECD4FDE095A3ABC70536B7AD0B9D7892F81287D667C108703C9B66A221E9A0929D030008F77FF6F5D2108EF5706FC87A3069B976F7C9FC3239D13D283CDEA83597461079FEEE049B0F392889898B7D87D31F8D60ED7B56B91823A8E4EDDB36C6172ECEE42BD42B12CD67994FA0F0DFAE9389356F4CD4425A4B8AA55CBF7EC
310
D585C6A2C2316791E43D5C06841ADBB226A87FD61515FFBB0167B74E56BD7F3E90A57A97FEDCBDF483A0D6699A8C0849CAEB4947FAA90D8E332D9DEBD9F4738C37DA0CAF9CF3DAA68BCB67C420459C7A64498D6E848E5CADE92BB6901F607AA331104A67F7CD650EE169B1DAE94D2C31C2F993632259B6957E246EFE4C5481
310
107B07118607700040E5812A2A2A38DA0076875258C753F60E0F2662C748EDD5F3F3686B8FC3BD6FE631ECCAA1E8B1C1E565AD117E54893E79F4672E32F9E46B2A183DFDCF3EECB4D4D077DBEA0DA254D256045109670050129E9B9B1A9E4A11344D61497A992778095151510C4BB7EF2009B63AA4360635312E4CF668B7E0
310
D3D85A8688E2BD83B569439892ADB63461930D428E0DE42E4AC57CE48DA5CC1449530D8BD3D6A0F08DF20C8E8F570F2CFFFCEA286E30969B4654D498A58D9DA782E19FE3F002181838925592C4A1EF0B332D88B61A92C644547BED490D3A42CFFAB70E36D961F694F6307F72FF15A1C79D5B1B5CEFD353D9E2B52566DEC8F8
310
F09CB3E8359C0F68EBBB7898243E34E12A015B2685AB303C04D3A9E00671FF3DFF0A184E4A2ABEB2B666AF5B3A209C73D8EF29DCDB069C9F391EEE9DD0F74C7BCDE16F8F02E3B8816122BBEB50665775B600549D8BB33A54A6BF940C028118BC6878C79958D6784F9DEAA6E26748386FFAF8D0D0101E2847B6563F5D8DC1D7
310
8F787BE00E2C941AE12148D4A81599FE8F68D4DA5CDED75530ADE138240300EE13B0FC13A1687FED6774662C05A2B7DFB186732F0D7A93545D8B0A6390AE5054D9CB582DA846D7A061B3358B45E2B52DDE63E114397EDB7E09233A579155D795BE76102CF277F4DF8B188C4F2879BEAE3C08347124BF9ED23B128259FE107D
310
31E34A652F090B30B39E0D9AF917B76A2806135621A8A60681F16AF216514BBD02711585B5B1AE823F4B2D0369EA5B6BCB863072727FFC871CA6C9AB79A814D989057E9470A3D238BC87CBB4A0EA49AFE2B86F22E499793CAA9047080450166BDC357524561E258C77CB697F1ABB32562CF87C3B7AA12F911EF19FB3E5C022
310
22E887D08202A60A17151F5E053A86B437771088B4FEE14D652C43E8D939995D34545E12E2FF93D4E366EAD25F10CB7DED141563C3D0C447AF06078A91135FD4B9611583CB4BF3BD167F2399CEAB0E0100F8FFC305F00F1711717173138B4B48C83022295DE657EFEDD97F238ECA80F528AFB4F8D67AD4E2594B9A3AA86D74
310
87EFC313BA95745C186F0CDD84CC12DC9CB0424B42203D351FD9C0A3AF10CC7F388E0329279087386421F194F4A29464C1DEF7EF8BE515E4A199DCD5B909342598D8FE6A231F71336248D5CEC5454455C7BE383B3BC7B260FED27F703FDC39A170F3827239102F59D4DEE7FEF82EAA1A5E4BA94DCC4CC44E7E2EDE20F24244
310
E4454369D2E87C3F823F193FD4FD27E1C23984B01898D15ABC20711A8A558054951A6AE280096BA36CBA439603B7B0B4C45F248C14B2383B4B5CD8ECECE4FF859AD4A6CA2326D020EF090F4041D28DB66E5256B56232CC52829DE8060BAE6BBF37D4B7469B822454FE93210A3E8D15E69FFCF01123222611C51C4FD0A041A0
310
CFA2471CF6BE38D2B20FA4C3525B5B8B586759475CF80ADFE67A284AC24651E52B8E683D24C2622642F27E7C3C22783BCF63648BC398BD6CD0D9C97E7E7E3EACB6126DB7A6C1FD9F1031302EE67ED96F22B77C7CA0239BB324207559B105E4693EB26EC46182A92C9C0DBD24F29B31C5C5AC1F84300E0E17CEEAC15F5736FA
310
4A98971E2F1423BFCD68D4BBD5F86E74B40A369F39507C88FCDB35D2DD8DEBEA4AF999E23CF2816D204200DF6E611781B9884C1AC8888B4DE397320472959434323A5A36B22A8E1F721A270DF3BD65E4A31C11FF048AFB0D8B7B6881423793963A23CFCE935FC189ED36FAE35C46DA3574C979E4394BE52084F3081837BE03
310
3396D2EBD80F1F691B273F660D2B32FA27A33B1DE4ADA5F0FA4651511102DFA410DDA86E065272CA314D5249DF91B06BB92807B28EFD54F08F7B525252782CD276DD02E6B0319B13DF87B1F6361AD6B28FC0D711CF445429B9E5A433CD493051C49A9E03DDB1B147D880253514A5DED88009018620EE229101C041950E2D8A
310
A8E1F5F5438E0C0C0C60EEDEE9E3E0C051948C69F84BB7B2A48A1F3C8EB9E6864687F4F4F6F6E2FA87608ADAF9C5E117B7C1A737E710769DA1D15ECE6A84502AA855398712D5FB51BE92E4EF824969CE18278798AC303C2C7980DD2500ADF8FB1E6D6C2FAAFF9987178923334A244758BAA01A9A1B70FA5097D01E1CC2A58D
310
AD0EC94CE6430AA9B0C10D75E3C6BAC670EFBADEE1607739CE0FC18A2587E3EC3058562014C64219C69BC269082D5C2F4A659278D585755912176D78A1B641719C2A394CED495A1AC5D583FD2F5EDD93308EA7EAE8A6DD396598BDBD3D4CFED62D18A5BDFDE0DD5C80D1A89BA62697B131AE7CE9A6594138582F1B37D68F17
310
49AC7CB67A70695D48A4A056AC1FBD4E82358CEAE38F54B95A9016F9000F9879C0D9D131768635CA798895F27D6F1614F11F2838A83611AA51C9A3DDB539D42979C29F10465655C17BEC3E2760B80DCBF609198C7B171A531905F3EC218D696025975E986C6B4C666666787271F202805577DD5A3EF0CAFAF91B62DC4B2DB4
310
217A7606282F31D8DDBC290593BAA93EA6353AFA9939B877978481E15CFC9F2755CDC00C538F63A4BA3E80AE009B73CA0185687D339A507D165B74290D6EE46D5C58148F020C3668ABE9EF2F7549170DC80DB41FFC1D678FF19AEB10C7133832B104B80F691B3138F97A92D26E551F1F110400D45AC71A9B9AC41A1A1B1DAE
310
ED0B0810638EFFB511D46B121C6FEA0F38CD00E03CFFEB9713FE1F9C263E4DDEC160D0497FA9A132BA608584057FB15380825DE6C7FC3C667EE947D488A09898D8E939C4953BF4EC9836344D2CC6B2971B2A21A572B06096F4982D2CC7232D46E8EA69DC83722E267754D777F97F96D5DA74E1E75178084D0E70F12AD33E5F
310
71EF2AFA599B2BEBF60A5BE475F444F240CBFE8143C334E7ED9150FEEFEF7EB020C4DBED388DD1D6A167A76F3CBF119B578AE8CFA7736ACAFA4440A1C47185638A0D2F3EB5BDDEFDA958FB13CE4AA4923D5BF840392D45544329525749734866684BF7F8D9D54D892E19BCA9F829A0F8BFCBEEA6CFDFC61D74EA1A645ED7A1
310
FF241739F15694BD835B66FEC5677E40FE69BD3F91AE402F036537218A401CB0828604AD189E575015C6F3F6BBC8AC79CF6C70653847254B31551EFCBEB5978B9DB85D58D0FA41A9DFE9C624834AA04949D24B5AE6D299E072D152D12097920F14AA92C31C3B97E28B6C2E6E9C23D63043ECBBC0A60FDF5BD0C33C127EA8A3
310
308B8B6AFFEB28B4455BF6E7AF4FC6222728357EB8E46E85053E6A8843AB23295BF838ABDA94658FEF3F832F147046B4ACD6F7D48E8FCC9618582961C898D1C7A253C91BFECBDA6BA18A1FCF70755DCCEE2222F41B76D23CA98D0CB3D95F0CF66D57FFF65E2A90F5DF40FC3187621E981BD0BC1D992787212688976B94A8F0
310
C6EF646624B570B78E068826F87CE27041A95C9A4871FF65CC17FCB1639629AD6A9517000D63AC231F3D741CB8430777E7ECF80CE7A3F73C0F162F7E56AA71F4DA80A33CD6ACEE78E2C11FAC03DAFCE929B106F8F6B3ED2DC71FF994BD9CEF4E9A94896EF1B6E2B7B4978168BCF0847A3D2A4F1B0500B926E634B174548E9F
310
BAD27153FB5FC36799B1E6C7C38A94E1F9E996796D7B485E635D5287A2AE76FBD11A341DB3F8F810385BB7296391973DC6C37C452A9305AEBBE0CDB6C566DB59FE60C8E94B1FD090354BF51439FFD1B48D725228FFA88C84F686F547107A7A235665A4593B7C34D748C1AC8D56DD5DA861EEFBADDECBBD65117E65851F9035
310
1AEB65F0EFCFF4BCFEF24CB7A5879699FAC437A7AF9099186CF006BB923A59E37D7A36A29FD8D2CBB914A5E9D0A8FD212FBF796AE9A67958FF1D5D8B85F78F96219D4714EB919929241B6C018AAE0C02069F8D919961EC5DDFBFB7573E3AC8E08BFB7C8534BE6DE045B3CD63DBD71F7638BA2309CAE398EA3A7D8F98BBBC7A
310
EB367EFA5CFA27A9F8F2F52FE878058E6209C026453F8E7E8A237DFC389E9590F6059B397CFD65183BBF936E86896612A5B5FEE49DAC8455D026218AFEBEC12B3523A45B57B82C9C97E02ACFA1184DB18E48CF615DBF39C3CC6F0B4AE6BBEEA2E39D944E290302FA3DE33FA7E40296E2EF7BF1CD855BBECFAD0FD622BEE974
310
6FC4FDFDE545AE6E3BC234CADF83A0FB76DFB145BF3828AE3436368AC24989454F8FF70A177672C711CAA1A76107218CF948CA01F873520E7A2B118EBB161ABAD432932029628B6761590C98AB590C8C8C79798CE9F715BA696E839E9131A4BB68BE923F1747FBFF165331FFDD4D05997ACD168F12CA75348DAC04C7F509FE
310
83898A8B421181AF492861CE81E4A2DD0A30850CFA95E05F097FF70F9E777310D584A75BA7018922E271DAB1D785671157685B7D383D3E074DDB4F1E44EF04B07BAAC75A062077C54B9752C738C9D804D402E02851F3F89605AF189738C18C021D2139EAF72513824E10DDD3047BACC8521ED7E98B257D1166903B1B08FA6F
310
918FD7E162913FEC7D0EF4787E29C35FBA8C6E2C9C20E9AB30AE42CA2A01A090E7D010C1B5BF9CEE2A304BF3A987FB40D836979B79E18D70F257DA61E808472DD85B82761825779D6B90CAEB0F23360C6F80A7D7D77545E95B3DFF0CF96A827F9B5BCECD2C9698718417EF80FEEDEE938AFF55859D0D540B7FE09435583A6F
310
04874A0C7E8CF234DF4879722000167F5872CEC6BF3EF7E5A8CC8121E6A359227C8A29C95212F9F735BC72A887D56B8F309FC525BFB4FD767AAEC4AEFF249CFBBD2DE1AB9969A6155C7D8DABC307E47324C1F916C7BCFF40ABA5644E9FFB9238D19ADADA49D9610F01ABBA57E4DFCBDCCBB2B93C8953206C91DE01B0E2651A
310
6D6C31721915B31F7B7CBCE55466F6D70402788FA91D73BE4ADCBA99A35F17D6B83383704917D6833F0FA3CD45C926ADB8BC17999A4A0AFBCE2541F7B8CF4C2F5FBA611B3E626D64407CB32C122DFF4EF8674D6EDBB86C8F7C6A16D50FA685E2CCA34F8F7D1D8265BB0042E9D7F1F666F7BE5FAA5184DF58E12122A42EF02F
310
461B3F369AC746F96528AD208512AB56844CF75B97F352DF7995024FB02855385854F3798670D01CAC771AC3E1889EC25F61A20C1F8CAB46898817F9C47E2CDA1F286BF2F358298709FE567C91133E2638C8B53975E753EA8BFD3578B5F7186B7BF084EBA3F77BAC3132A5779902EC22AF2D2E79F42D324E083386DAEE9810
310
D1B44A5DAA54513C7A71E52A4AB9257D975B621308FE4D2141CC3DCFE946C154A3C1DFCCA7629EC69ACFA831634ADDA93C0388D2A9A2DDAFCF957C6995BCE7FBB6DC4EBAE79E63EB08E9A25F52F67076F7093CA545CA3053B5BF576DEAD4E0017143C5F759F32B2D6F145B52B67B48909B7C7FCA6586EE385A2189C16932CB
310
6DDFD9152AE317C430492A578ED27B72D85D40C7C93C097939E1B50F4D67F05334FE9DC362C30B7FF561B95259138ECFD9274C8D695C31B14D4EAA9F3D7FA8DDF652F8C5DEFA23284C799B7D94416DEE81E05A866302DC70192A5368EA65E1CED8BF107A1E2D3119A71E85DC1A7B0C1E93274CE04DD0F2ABC8AC7C987FDB00
310
2B6F81757B43502EF7A0D92E416494FAEEA4C9C090CD9557AA4D532F4996A272B94355C5A0E4974EEA9627476F30809B94D8D8D860062E02204643BEC7D0438AF800FC7E2B26955D595421E83C69E1A07E0E3122285835F014AD538188CF9737CE76D464A353FA55A001AB2526B84E985083693BC76FE211CA1D000679C889
310
E3C009832C87E1AC2EDD05C302557422DF0800E316FCAC86978A371F025A6C7DAA9F333E7BD160403A1A06EA75AA9888FF01504B03041400060808001355365351464CB48900000043010000360000006662782F46323935363333372D353545322D344641462D424645412D4331333135434641363742362F646972656374
310
6F72792E786D6C9D8F310EC2300C45AF127987122606C71DD918B841D4B851A43646695A717C52A85029031293A5A76FBF6FACEF7DA7264E43906840EF0FA03836E242F406C6DCEE4EA06AC22492573150D1F66C60C640E8938CB705396EEDD86DE9B5042FE27813D640EA63BB001C722AF6E55CB61E4863F58284D5D3F53D
310
D715CE1C3985E63FD7F1B7EBDD617E9F1E504B030414000608080013553653079DC9E240070000201C0000340000006662782F46323935363333372D353545322D344641462D424645412D4331333135434641363742362F6F626A656374732E786D6CDD595B6FE23814FE2B56F665F78184706B19514605CA088D3A331A34
310
AB7D8B4C70526F9D8B9CA4A5FBEBF7D8B1439C0648E722AD964A903ACEF139DFB99FCCDE1F22869E08CF6812DF58AEDDB71089FD644FE3F0C62AF2A0776DA1F77334E34992D7F65928C611B9B1C4B2359F853C2952B5B427012E587375BDF80B653E8989857C86B3ECC6CAFC0712611B1779B227D9A3BDC739B6C3E060BB76
310
B9D1241B729C3E348E4A3127710EACC27A0C541407AEF92F88E4CC678ED8606C1B76DB3638B3CD91829B8CD238CB71ECBFE2AA71DCE004578DE386EE687537184F7BE3D168D81B4D066E6FB15EAC7AEED5B0BF9C2C97D3DBBBA985E6B35D92B04A012989F7A0C5176BEECE1C71A7125FA1D0C6B79FC431F1159A6D1BF644D1
310
A5246B626200EB4AD16A0A2965AD2D0C3B0A7F625B27500C960CB4B570FAB76EBDC9EE6F0021EB62A53C23C2CAB39C83AE15F6A53FF4674EB96AE8856628C239E11433C4E88E630E0A82ADA5820C32C25B04292430935AD4F4EABC82615FF6A5362E838231E1BFD65C7A9A07FE48F24C7246FF21FCC87DFD34E009A42D689C
310
5F2B61F39714484C678E5C2CEF0D07EA6609240A180EC15A404CB1693868E0B514B160B3B2E61FD7BBC356C487F6C3539EA484E7C2F2A4332BBFD31AAC9916185F07504A5C4DDD1D51F90AD07F02E42B5ED00C34C7E961741869D9398EB320E1116807F551AF0F5F7D242E5F5DCD9CEAE1394246AC3C8529B8ED4FC2D410C3
310
38BB06E97CF604469FF0A1126EEB6306367D4F63E1E760288825B004F13ED81DACF90682292CC2539881F4F03773C425829F920EC49B8686DAC26F0745698769FAD951571FC06638F52B5519329EC277FC53F0BD5D6D3F6E0B1E609FDC2BC75E9180C6348764DACE9001BAE1F2DF369FA4477E60C90EB3E3D3C6261F8E0913
310
11375AD4B2556A41522FC08948C3A566E4CA3D056F670CC7242932B5DE16A7FC8425DCDBBD78A50BB79EF5A7B681F2306500ADB10C92BBCF692A30B1E64A5B5520B46B82828561AE2C302CB5EAED8A28F5709414B108B5AF4DB1C907C4196189405552D386ADBD5693DDD3202832085EAD24970690CA9F35E1D2C24710C7DA
310
F8E524E0189268127B147230384BEB09C6011578E779CE080B3CCA58117901659047BC08A727E87794A09EB91EC9CB73C2F7AD044DCBD23EA96D4800AE80D520E96C55C67CA5534E9EA82833653ED3D9C0D8A1EA506B3E3A912E44A66801541BA334F3C174B11E8FFB93DE78B272A1621A2F7B8BBBC15D6FE12E178BC9FA6A
310
713D01F2CA4A2402C76855CF77A04A51E618FE973F14D12EC694C10D4101EFD377EF65F6BC7120343AEBC1743C190EAF7AE3F1DDA0375ADFAEA15ABBBBED2DDDA13B5EAE6F27578B89C3499614DC27993370FA9E36C9340E4F7155C55291B5407EF8569042597339D9697D3585F91FC7D0664E3094F85F0DA255EC6A2908BB
310
0651F168338462FF51A428CF87AAAFD57D1A41B4C9475B9C7B635CEEDBC3BEFCB8EE74D09F0EAEA793CAD8CF066A79CE0FC7B936097CE83B8BDC4B52ECD3BC3DA13670E918A7DF945B6C880B08D0A9BEAB43CEE719758847231C122FC0A24B68098C972468CD61214BB28CC624935DDEABEAAF41B36F433165E6DC1623A499
310
17911C7F8FFDC9B6A161D3109B9907FD682E260217AB82CAA05507728AA2E87E21714BF95FBC0C47292B3BDD4B18B8030D81EE71DA2C4E302D8E78027BF370EEF5F7440E2E2E51AFD8D7F541ABD69AD4A7DF4DFE043CBAAEF985F0E823BA974EF6D89D8ACF350495C9D81D5E69455CC24A1F958B3E8E15D079FA2FDE33A1E1
310
43A742B39B4E6A255B5954E724823616E705EFE4AF9371FFD5412A2E341CA276D21B8B43D9BFE90E0ED0930DDCA9F2B6760CD4A13486395727415E49D16AC2521772A62746576FF0EBB3CAAE53FDE178F9CB2BE6BAF34550E875C1A12A6755F4316AEAD6AADBA887B2679CFB1048B7F2B7B7008FD893FDB13133C8B595E8BA
310
3EBD543D6F44408D60628B459CBD1717EC2B065543F79C391FCAA2CD29D73722B1D9309C3EF261306DD2FAFC61DBA0022B9D9FFE223022CF0D0A6A7529BAE133A4BE6D8E3D7F838292E8DBE6CCE3FF898E422BB0D659C034384B1885A13CD9A3902490BD61ECD0A1DBE011C964563E7629FA8D4087A79FCA996A8E774CF738
310
FE0386C13453BD58E1C3501432E68DA5D6D16F3006159348399CB21FA10D5331CC4205A73716586C4EA1DBB27730CE92C34349BD31AE04C7C67128F27DF954F5FFF1B157DD57B5A70B2E4A32C399A0B04DE57B02A8FACA1BF3D9F78BAED9413887CB5D9157C21C178ED22810F40B81523898FA3D2A780F50509C97CBB5E51E
310
A321ED34993F6B0725D55E8E7928C7EB359BBC5D7D71C4647CF319A5AC08853ACF75BF06A59EE8BA59514EA16660184ACC148B1A72F9CEF9C21378C514A135052340BF1FAE277F38CB248A92B85C726ED58B2AB47D80D74E7B478FFCA08DEFBB63474E01D458DFDBE18CD8789F3DC202A89653311B2D21360CA08AA63503D0
310
1A11BA80C78CFD9B1552B5516D42520FBB021E39D347E048E25D8E709BFA86DA00127C01B892378F177A61E6701882CFFF05504B0304140006080800135536533C95E114DD000000530100003C0000006662782F46323935363333372D353545322D344641462D424645412D4331333135434641363742362F7265736F7572
310
6365732F322F636E782E786D6C4D90CD4E042110845F85701F60460FEB86615FC293970D422F92057AC28FD1B717564C3C75A7EA4BA7AAE5E52B06F209B9784C3B5D99A0049241EB93DB69ABB7E544C945C98C58FF6194241D61A743A64ABA8CED9892859B6E61A8C1A7FB14C5D54182ECCDF5488E121374293B2DE603A266
310
BA55B450EECCEAAAD9CA32146CD9403F517D8479C264D0152C559BD8D645BC2CDBF6BA8AF3B3383F9DDE241FA492EF8861F23E55C87810837D493D8F907CD84AB6EC27334A74E32F1CEBE124EFB692A5E6FE8189D5EFA3633E6A07FC81FCBA4AF251B18F47FF3EC73BD40F504B030414000608080013553653FF15A4A45D00
310
0000800000003A0000006662782F46323935363333372D353545322D344641462D424645412D4331333135434641363742362F7265736F75726365732F636E782E786D6C4D8B3B0E80201005AF42B6F75B59F0390B113044D83508C6E30BC6C26AF226F3B8BA6360974DA7271430F523308B2B198F9B80925DB700539227A2
310
FCCB80A18E5640D320F996A81C9F32D6E9129A0D1EF74FCE750E6D57BC7165FBCA07504B030414000608080013553653B44743473E01000046050000300000006662782F46323935363333372D353545322D344641462D424645412D4331333135434641363742362F636E782E786D6CCD94414EC3301045AF12791F3B092C
310
4AE5B8120B4EC002B1739C69304DECC81E237A7BECE214102A6251A9DD59E33FD27F335FC337EFD358BC81F3DA9A96D4B4220518657B6D869604DC962B526C0477D6E23719298C9CA025A94C041F9C0D732EF5B095614CD5519B5D2E4A44A7BB80E049A146E97D4BBC7A81495219D0F6E077B49728694D1D781B9C82D88F7A
310
82DCAF1C48849E88A66AEAB2BA2B9BE6B1AED6B7D5FA66F5CC59520ADE593B66BD3608CECE85B2F161A2998AB3F42D78703A6B1201115FCE68A70D67F15F701FDD9A21EB703F27DD3C8F5A498C636256216019452027CE3EC582B3C4FB83FAE1FE697150F4DA8142EBF6171A407D6A0047633426E17FFC07E1DFD8B67B8DB8
310
97DAF649D86CEB6CA84B5A7D8CEBEFFDC71449338CD717FAA3B1F3673E9E12D4EAFA90175F672266879317979E2EA0F800504B0304140006080800135536534507B8537F000000A30000000B0000006662782F636E782E786D6C4D8CD10E822018465F85FDF75448606D824327EFE1121D13A191B41E3F685E74F56D67DF39
310
4DFBD91C7A9BF8B2C10B20A70B20E31F61B27E1190F619DF00B5B28921EC7F37407EDC8C808241364B0CE979A0C9CC6372853AEBD703EAEACE38A535666CA8F0552B8D3B3D28DC134A58AF15AF3B9E8D7351F2FC7A794B5E7E01504B030414000608080013553653A6D797065F0000008200000007000000636E782E786D6C
310
4DCB3B0E80201045D1AD90E9FD7516806B51190811670C8A61F982B1B0BAC9C97B72CA7B1037C6D3332918DA1E04D2CAC69353902EDB8C20262D23F3F59B81A079470595414B17391D1F19B4730A5583A7ED43BBE4025D9592775E5ADFFA01504B030414000608080013553653ECFD112DA800000026010000130000005B43
310
6F6E74656E745F54797065735D2E786D6C7D4F4B0EC22010BD0A61DF525D18634ABB506FE00510A79458060253536F2FD89D5197F3FED3F68B9BD80362B21E25DFD40D6780DADF2C1AC9671AAA3D677DD75E9E0112CB5A4C928F44E12044D22338956A1F003333F8E814E5331A1194BE2B0362DB343BA13D122055543278D7
310
9E6050F344ECBC6478EDCD76CE8EABAE5449AE4298AC56946789C28AAFBEABC53F3EAF09A84A1441B91F0101CD4780756578C173A578FFDDBD00504B0304140006080800135536533DEE336E64000000790000001B0000006175746F6465736B2D64657369676E2D7061636B6167652E786D6C35CBC10E83200C00D05F21DC
310
A56CA76D41FC96062B120735B69A7DBE268BB7777961F8D5AF396893C2ADB70FE7ADA196782C2DF776D7A97B5933C430F15651E5469C55D70F80A4992A3ADC954792C525AE70A1E4D6AD9816CC044FEFDF01FE3FDE907802504B030414000608080013553653ED81EB31F40000008E0100003D0000006662782F4632393536
310
3333372D353545322D344641462D424645412D4331333135434641363742362F7265736F75726365732F322F636F72652E786D6C8550CB6E833010FC15B47783ED40039171D4A6F0053DF56619875A0936F2A3EAE7D70E546A4F3DED6A76667677D8F96BB9179FCA796D4D0FA4C4502823EDA4CDDC430C57D44271E6CC591B
310
7ED1A03062513D6418389B9D8DEB0E496B8232193576523B28BC57010A794F4D0F5E7EA845942286C4F0B77215F22666559272E37116A39E76A99E929BBE6AE5800FC78EBCB6DD0535787C46F5781CD00B192F88B6A4A987F10937746455167316F4F2B35D3A25829A80534C09C21DA2F48DE0538D4F87F69D5599C9990F2E
310
FDBC2FCDDF253AAB36F48F5B5CA7FFDDA236E14077B74DE1819374DC63C05995D349E5115DAA3949FE0D504B03041400060808001355365393D3D69AFA000000960100003B0000006662782F46323935363333372D353545322D344641462D424645412D4331333135434641363742362F7265736F75726365732F636F7265
310
2E786D6C8550CB4EC33010FC9568EF4E6CB7A169E5B882927C01276E96B30D561BBBF203F1F9D86D90E0C46957B333B3BB238E5FCBB5FA441F8CB33DB09A428556BBC9D8B98714CFA483EA2885772EFEA24165D5823D1418A498BD4BB715D2CE46B405B56EC215542160844A5F73D343D01FB8A85AA59819E152DF94BEA819
310
6B563F7852A464A6556AA6EC66CE063DC861B767AFDDFE445A3A3E93EDB81BC80B1B4F8477ACDD0EE3136DF9289A2296229AE567BBF6A8224E2039E58CD03DE1FC8DD1C3961E36DDBB680A538A107DFE795D5ABE03E931B8E43506D13CA67F5CD36DFADF35191B377C757D280248968FBC0FA4684A4AB9DC23CCB5242ABF01
310
504B030414000608080013553653C3BE106DF3000000B1010000310000006662782F46323935363333372D353545322D344641462D424645412D4331333135434641363742362F636F72652E786D6C8D50CB6EC32010FC156BEFD806C7CE4398C889E22FE8A93704C44189C1E251F5F30B892BB5B79C16CDCE30B3438FDFF3
310
A3F852CE6B6B7AC0650D8532C24A6DA61E62B8A21D1447469DB5E10F0D0AC367D5438681D1C9D9B8AC90B02628935163A55A41EEBD0A5088477AF4E0C54DCDBCE4312486BF970B17773EA912972F1EA341CFBF52E1140F4A022335C1A8DE23423E707DD8D48766F749ABCC6434462D572B2D93BBBE6AE5808D64DF764DB345
310
6D7B2168330E233A8D97019D7183DBF33874DB5347AB2C66D407976E5E3FC9D7BD2B7F09FF658E8B7C23B336A121ABE14BE181E194E7B960B4CA05A6F16C37CD5C36FB01504B0304140006080800135536539A4DE7BA54010000DD0200000C0000006662782F636F72652E786D6C8D525D6F832014FD2B867714A95D3F8234
310
5B577FC19EF646913A52058360FAF3077EC4F9B06E314172EEBDE7DC7302393D9A3AEA85E9A4563948630422A1B82EA5AA72E0EC0DEE4174A2C4686D7FB48148B146E420C08092CA68D74E10D7CA0A1550A54B3181ACEB840511AFFD25071DFF120D8B99B3BEA3BBC72DE3775689388DC73E4A9C93E5342A4BCF266F521840
310
2FBB43FABE3F9CE11615AF302B7617F896166788F7E936BB142F688B0B9284614AAC6C66756E04B3A20414239C427480187FA4E898A1E366FF4992D04949678DF73C89067780DEAE0F928CF88ACFB5E5DF7C4E2ABBC113DF38D1019AFAF586022549C8C7FF86F0D6197A619F9F65D77AB670F7502FB8D526F39552BBA5D4B3
310
DA094F8DA2E123C958F5CC03C16F3CF809CF730E1F1453955F8D597FBD3A1BD4D73BB5C2C0DE3E22A54DC3EA65B971C5E55C845696E671AE6B6DFE333D5B9DC34CC2C3A4DF504B0304140006080800135536537F8A4D8708010000B201000008000000636F72652E786D6C8D50C172832014FC15E6DD5120DA980C926953FD
310
829E7AA3420C13054730D3FE7D21DA99F6D6D36376F7BD5D969F3EC701DDF5EC8DB335D08C00D2B673CAD8BE86255C7005E824F8EC5CF8250364E5A86B483008DECF6E9936A87336689B50EB94DE40E9BD0E80BA213E6AF0DD558F32934B880A7FCB26D9DD64AF339AAD3AC183197F56BB59CBA015084618C5E480197BA3E4
310
5890E3AE7AE779520ABE2C466D5646457773317A06D1EC0FF4B53A9C7149DA675CB4FB06BFD0F68C5945CBA2699F48C95A9EA765C17D98E39FB7233167405EDE932FCF574AF00FE7864D104329E4ECF00582F03C117F422F93FA476863C38E6D07D70D0F82C6400F221AA706E378D41B676A5B7C03504B0102140014000608
310
0800135536530000000000000000000000003700000000000000000000000000000000006662782F46323935363333372D353545322D344641462D424645412D4331333135434641363742362F617474726962757465732E62696E504B01021400140006080800135536530000000000000000000000003500000000000000
310
000000000000550000006662782F46323935363333372D353545322D344641462D424645412D4331333135434641363742362F76657274696365732E62696E504B0102140014000608080013553653F270F13306000000040000003600000000000000000000000000A80000006662782F46323935363333372D353545322D
310
344641462D424645412D4331333135434641363742362F747269616E676C65732E62696E504B010214001400060808001355365388E57597CD3F0000904100004200000000000000000000000000020100006662782F46323935363333372D353545322D344641462D424645412D4331333135434641363742362F7265736F
310
75726365732F322F305F67656E657269632E706E67504B010214001400060808001355365351464CB4890000004301000036000000000000000000000000002F4100006662782F46323935363333372D353545322D344641462D424645412D4331333135434641363742362F6469726563746F72792E786D6C504B01021400
310
14000608080013553653079DC9E240070000201C000034000000000000000000000000000C4200006662782F46323935363333372D353545322D344641462D424645412D4331333135434641363742362F6F626A656374732E786D6C504B01021400140006080800135536533C95E114DD000000530100003C000000000000
310
000000000000009E4900006662782F46323935363333372D353545322D344641462D424645412D4331333135434641363742362F7265736F75726365732F322F636E782E786D6C504B0102140014000608080013553653FF15A4A45D000000800000003A00000000000000000000000000D54A00006662782F463239353633
310
33372D353545322D344641462D424645412D4331333135434641363742362F7265736F75726365732F636E782E786D6C504B0102140014000608080013553653B44743473E0100004605000030000000000000000000000000008A4B00006662782F46323935363333372D353545322D344641462D424645412D4331333135
310
434641363742362F636E782E786D6C504B01021400140006080800135536534507B8537F000000A30000000B00000000000000000000000000164D00006662782F636E782E786D6C504B0102140014000608080013553653A6D797065F000000820000000700000000000000000000000000BE4D0000636E782E786D6C504B
310
0102140014000608080013553653ECFD112DA8000000260100001300000000000000000000000000424E00005B436F6E74656E745F54797065735D2E786D6C504B01021400140006080800135536533DEE336E64000000790000001B000000000000000000000000001B4F00006175746F6465736B2D64657369676E2D7061
310
636B6167652E786D6C504B0102140014000608080013553653ED81EB31F40000008E0100003D00000000000000000000000000B84F00006662782F46323935363333372D353545322D344641462D424645412D4331333135434641363742362F7265736F75726365732F322F636F72652E786D6C504B010214001400060808
310
001355365393D3D69AFA000000960100003B00000000000000000000000000075100006662782F46323935363333372D353545322D344641462D424645412D4331333135434641363742362F7265736F75726365732F636F72652E786D6C504B0102140014000608080013553653C3BE106DF3000000B10100003100000000
310
0000000000000000005A5200006662782F46323935363333372D353545322D344641462D424645412D4331333135434641363742362F636F72652E786D6C504B01021400140006080800135536539A4DE7BA54010000DD0200000C000000000000000000000000009C5300006662782F636F72652E786D6C504B0102140014
310
0006080800135536537F8A4D8708010000B201000008000000000000000000000000001A550000636F72652E786D6C504B050600000000120012002D060000485600000000
  0
CELLSTYLEMAP
  5
253
102
{ACAD_REACTORS
330
252
102
}
330
252
100
AcDbCellStyleMap
 90
        3
300
CELLSTYLE
  1
TABLEFORMAT_BEGIN
 90
        5
170
     1
 91
        0
 92
    32768
 62
   257
 93
        1
300
CONTENTFORMAT
  1
CONTENTFORMAT_BEGIN
 90
        0
 91
        0
 92
      512
 93
        0
300

 40
0.0
140
1.0
 94
        5
 62
     0
340
24
144
0.25
309
CONTENTFORMAT_END
171
     0
 94
        6
 95
        1
302
GRIDFORMAT
  1
GRIDFORMAT_BEGIN
 90
        0
 91
        1
 62
     0
 92
       -2
340
0
 93
        0
 40
0.045
309
GRIDFORMAT_END
 95
        2
302
GRIDFORMAT
  1
GRIDFORMAT_BEGIN
 90
        0
 91
        1
 62
     0
 92
       -2
340
0
 93
        0
 40
0.045
309
GRIDFORMAT_END
 95
        4
302
GRIDFORMAT
  1
GRIDFORMAT_BEGIN
 90
        0
 91
        1
 62
     0
 92
       -2
340
0
 93
        0
 40
0.045
309
GRIDFORMAT_END
 95
        8
302
GRIDFORMAT
  1
GRIDFORMAT_BEGIN
 90
        0
 91
        1
 62
     0
 92
       -2
340
0
 93
        0
 40
0.045
309
GRIDFORMAT_END
 95
       16
302
GRIDFORMAT
  1
GRIDFORMAT_BEGIN
 90
        0
 91
        1
 62
     0
 92
       -2
340
0
 93
        0
 40
0.045
309
GRIDFORMAT_END
 95
       32
302
GRIDFORMAT
  1
GRIDFORMAT_BEGIN
 90
        0
 91
        1
 62
     0
 92
       -2
340
0
 93
        0
 40
0.045
309
GRIDFORMAT_END
309
TABLEFORMAT_END
  1
CELLSTYLE_BEGIN
 90
        1
 91
        1
300
_TITLE
309
CELLSTYLE_END
300
CELLSTYLE
  1
TABLEFORMAT_BEGIN
 90
        5
170
     1
 91
        0
 92
        0
 62
   257
 93
        1
300
CONTENTFORMAT
  1
CONTENTFORMAT_BEGIN
 90
        0
 91
        0
 92
      512
 93
        0
300

 40
0.0
140
1.0
 94
        5
 62
     0
340
24
144
0.18
309
CONTENTFORMAT_END
171
     0
 94
        6
 95
        1
302
GRIDFORMAT
  1
GRIDFORMAT_BEGIN
 90
        0
 91
        1
 62
     0
 92
       -2
340
0
 93
        0
 40
0.045
309
GRIDFORMAT_END
 95
        2
302
GRIDFORMAT
  1
GRIDFORMAT_BEGIN
 90
        0
 91
        1
 62
     0
 92
       -2
340
0
 93
        0
 40
0.045
309
GRIDFORMAT_END
 95
        4
302
GRIDFORMAT
  1
GRIDFORMAT_BEGIN
 90
        0
 91
        1
 62
     0
 92
       -2
340
0
 93
        0
 40
0.045
309
GRIDFORMAT_END
 95
        8
302
GRIDFORMAT
  1
GRIDFORMAT_BEGIN
 90
        0
 91
        1
 62
     0
 92
       -2
340
0
 93
        0
 40
0.045
309
GRIDFORMAT_END
 95
       16
302
GRIDFORMAT
  1
GRIDFORMAT_BEGIN
 90
        0
 91
        1
 62
     0
 92
       -2
340
0
 93
        0
 40
0.045
309
GRIDFORMAT_END
 95
       32
302
GRIDFORMAT
  1
GRIDFORMAT_BEGIN
 90
        0
 91
        1
 62
     0
 92
       -2
340
0
 93
        0
 40
0.045
309
GRIDFORMAT_END
309
TABLEFORMAT_END
  1
CELLSTYLE_BEGIN
 90
        2
 91
        1
300
_HEADER
309
CELLSTYLE_END
300
CELLSTYLE
  1
TABLEFORMAT_BEGIN
 90
        5
170
     1
 91
        0
 92
        0
 62
   257
 93
        1
300
CONTENTFORMAT
  1
CONTENTFORMAT_BEGIN
 90
        0
 91
        0
 92
      512
 93
        0
300

 40
0.0
140
1.0
 94
        2
 62
     0
340
24
144
0.18
309
CONTENTFORMAT_END
171
     0
 94
        6
 95
        1
302
GRIDFORMAT
  1
GRIDFORMAT_BEGIN
 90
        0
 91
        1
 62
     0
 92
       -2
340
0
 93
        0
 40
0.045
309
GRIDFORMAT_END
 95
        2
302
GRIDFORMAT
  1
GRIDFORMAT_BEGIN
 90
        0
 91
        1
 62
     0
 92
       -2
340
0
 93
        0
 40
0.045
309
GRIDFORMAT_END
 95
        4
302
GRIDFORMAT
  1
GRIDFORMAT_BEGIN
 90
        0
 91
        1
 62
     0
 92
       -2
340
0
 93
        0
 40
0.045
309
GRIDFORMAT_END
 95
        8
302
GRIDFORMAT
  1
GRIDFORMAT_BEGIN
 90
        0
 91
        1
 62
     0
 92
       -2
340
0
 93
        0
 40
0.045
309
GRIDFORMAT_END
 95
       16
302
GRIDFORMAT
  1
GRIDFORMAT_BEGIN
 90
        0
 91
        1
 62
     0
 92
       -2
340
0
 93
        0
 40
0.045
309
GRIDFORMAT_END
 95
       32
302
GRIDFORMAT
  1
GRIDFORMAT_BEGIN
 90
        0
 91
        1
 62
     0
 92
       -2
340
0
 93
        0
 40
0.045
309
GRIDFORMAT_END
309
TABLEFORMAT_END
  1
CELLSTYLE_BEGIN
 90
        3
 91
        2
300
_DATA
309
CELLSTYLE_END
  0
ENDSEC
  0
SECTION
  2
ACDSDATA
 70
     2
 71
     2
  0
ACDSSCHEMA
 90
        0
  1
AcDb_Thumbnail_Schema
  2
AcDbDs::ID
280
    10
 91
        8
  2
Thumbnail_Data
280
    15
 91
        0
101
ACDSRECORD
 95
        0
 90
        2
  2
AcDbDs::TreatedAsObjectData
280
     1
291
     1
101
ACDSRECORD
 95
        0
 90
        3
  2
AcDbDs::Legacy
280
     1
291
     1
101
ACDSRECORD
  1
AcDbDs::ID
 90
        4
  2
AcDs:Indexable
280
     1
291
     1
101
ACDSRECORD
  1
AcDbDs::ID
 90
        5
  2
AcDbDs::HandleAttribute
280
     7
282
     1
  0
ACDSSCHEMA
 90
        1
  1
AcDb3DSolid_ASM_Data
  2
AcDbDs::ID
280
    10
 91
        8
  2
ASM_Data
280
    15
 91
        0
101
ACDSRECORD
 95
        1
 90
        2
  2
AcDbDs::TreatedAsObjectData
280
     1
291
     1
101
ACDSRECORD
 95
        1
 90
        3
  2
AcDbDs::Legacy
280
     1
291
     1
101
ACDSRECORD
  1
AcDbDs::ID
 90
        4
  2
AcDs:Indexable
280
     1
291
     1
101
ACDSRECORD
  1
AcDbDs::ID
 90
        5
  2
AcDbDs::HandleAttribute
280
     7
282
     1
  0
ACDSSCHEMA
 90
        2
  1
AcDbDs::TreatedAsObjectDataSchema
  2
AcDbDs::TreatedAsObjectData
280
     1
 91
        0
  0
ACDSSCHEMA
 90
        3
  1
AcDbDs::LegacySchema
  2
AcDbDs::Legacy
280
     1
 91
        0
  0
ACDSSCHEMA
 90
        4
  1
AcDbDs::IndexedPropertySchema
  2
AcDs:Indexable
280
     1
 91
        0
  0
ACDSSCHEMA
 90
        5
  1
AcDbDs::HandleAttributeSchema
  2
AcDbDs::HandleAttribute
280
     7
 91
        1
284
     1
  0
ACDSRECORD
 90
        0
  2
AcDbDs::ID
280
    10
320
13
  2
Thumbnail_Data
280
    15
 94
     1517
310
89504E470D0A1A0A0000000D49484452000001000000007408030000005D681C3700000300504C5445000000FFFFFF0000000000000000000000000000000000000000000000000000000000330000660000990000CC0000FF0033000033330033660033990033CC0033FF0066000066330066660066990066CC0066FF0099
310
000099330099660099990099CC0099FF00CC0000CC3300CC6600CC9900CCCC00CCFF00FF0000FF3300FF6600FF9900FFCC00FFFF3300003300333300663300993300CC3300FF3333003333333333663333993333CC3333FF3366003366333366663366993366CC3366FF3399003399333399663399993399CC3399FF33CC00
310
33CC3333CC6633CC9933CCCC33CCFF33FF0033FF3333FF6633FF9933FFCC33FFFF6600006600336600666600996600CC6600FF6633006633336633666633996633CC6633FF6666006666336666666666996666CC6666FF6699006699336699666699996699CC6699FF66CC0066CC3366CC6666CC9966CCCC66CCFF66FF0066
310
FF3366FF6666FF9966FFCC66FFFF9900009900339900669900999900CC9900FF9933009933339933669933999933CC9933FF9966009966339966669966999966CC9966FF9999009999339999669999999999CC9999FF99CC0099CC3399CC6699CC9999CCCC99CCFF99FF0099FF3399FF6699FF9999FFCC99FFFFCC0000CC00
310
33CC0066CC0099CC00CCCC00FFCC3300CC3333CC3366CC3399CC33CCCC33FFCC6600CC6633CC6666CC6699CC66CCCC66FFCC9900CC9933CC9966CC9999CC99CCCC99FFCCCC00CCCC33CCCC66CCCC99CCCCCCCCCCFFCCFF00CCFF33CCFF66CCFF99CCFFCCCCFFFFFF0000FF0033FF0066FF0099FF00CCFF00FFFF3300FF3333
310
FF3366FF3399FF33CCFF33FFFF6600FF6633FF6666FF6699FF66CCFF66FFFF9900FF9933FF9966FF9999FF99CCFF99FFFFCC00FFCC33FFCC66FFCC99FFCCCCFFCCFFFFFF00FFFF33FFFF66FFFF99FFFFCCFFFFFF0000000D0D0D1A1A1A2828283535354343435050505D5D5D6B6B6B787878868686939393A1A1A1AEAEAEBB
310
BBBBC9C9C9D6D6D6E4E4E4F1F1F1FFFFFF0000000000000000000000000000000000000000000000000000000000003AE5ACE9000001A34944415478DAEDDA416E8330108561DF9F63F91A5EFB06B36F43C10933D03AD188BEC5FFA4D653943AF0D9262E6A2984104208218410420821841042C8C7313B6FB3ABD8BFCAF5DB
310
699B5DC5FE0150038873F7EC72CEE6B8BDB5020010BB09F68B36BB8AFDCB00D83A2A7D1B9D3E86E9E7484E75EC5F68E0FB771E67DAFB32DAF548CFAAF662791ED09AF9DB0C7869F7A1FAA8B258C5FE15AE5F6E29DE7DFD7BCA528FF13F5F6579B31A47C46EFE653BA1EADA527FAFCA9B55E85F0CA0BAF6D16456A17F95FDCF
310
7682D5B5EB402556A17F3100FF95FD2DF42FB604FC208DE99A5485FEC500C22A1D0B38A972ADD83EA086DBF4E4E7C074E55A91EBB77D2350EF8EDA12F05BC296FC46EDEA8D0100000021001B3BA336758636FD68ABB9D7CBFC3D7CFC38B0F1F4A2F599D8F317FE4873FD0B3E10398C509F5B02D333A0BB19D0B907A801949B
310
010A00000000000000000000000000000000000000000000000000000000000000000000000000DC14BBFE07070058020000000000000000000000000000000000000000000000000000000000000000000000000000000000FC2BC0177E064AFAE0F6B2900000000049454E44AE42608248B6093EBF82A30680F0F5055FFF
310
0D0022817229D0B6B66D5BB44B4500CBCFC3B9B63D2905804C007087A44035021EBE8009A629803D1E008B934640BE0700CD4BC321ECF3E053C5224C8B2A0228E00113132C30026A3EA8956D82D257820552E09895A0110540F066283F0584AF04516F25785500C2AF07640310BF12D49E02A6C04A50F6F500ED2648002500
310
88BE39AA3D06B30188BF2CCE142800E00013640C56F4806FCC01A4DE7B754B9C0000000049454E44AE426082AD8EDA05500F80000880007C33F26902E8D3FB0F000000000000000000000000000000000000000000000000000000000000000000BC073F907C1FB5C5D49E1F0000000049454E44AE426082
  0
ENDSEC
  0
EOF
